No.;Timecode In;Timecode Out;Subtitle
"1";"00:00:03:00";"00:00:03:00";"FABst6 * Gong *ÿÿZZZZZZZZZZ¥¥ã¥¥¥¥¥6"
"2";"00:00:03:00";"00:00:03:00";"FABst¥¥¥ä¥¥¥¥ç¥¥ç¥§ª¦ªîªªªG</i>´"
"3";"00:00:03:00";"00:00:04:05";"* Gong *"
"4";"00:00:04:10";"00:00:04:10";"FABstdHier ist das Erste Deutsche Fernsehen( ( 9"
"5";"00:00:04:10";"00:00:04:10";"FABst8 mit der tageschau.ÿÿ)
¾"
"6";"00:00:04:10";"00:00:07:23";"Hier ist das Erste Deutsche Fernsehen

mit der tageschau."
"7";"00:00:08:00";"00:00:08:00";"FABstd Diese Sendung wurde vom NDR( ( live Af"
"8";"00:00:08:00";"00:00:08:00";"FABst6untertitelt (14.06.2023)ÿÿ+½¨"
"9";"00:00:08:00";"00:00:12:07";"Diese Sendung wurde vom NDR

live untertitelt (14.06.2023)"
"10";"00:00:14:19";"00:00:14:19";"FABstP Heute im Studio: Susanne Daubner.ÿÿïD"
"11";"00:00:14:19";"00:00:17:04";"Heute im Studio: Susanne Daubner."
"12";"00:00:18:09";"00:00:18:09";"FABstd Guten Abend,( ( ich begrüße Si3¦"
"13";"00:00:18:09";"00:00:18:09";"FABst(e zur tagesschau.A¯R"
"14";"00:00:18:09";"00:00:21:10";"Guten Abend,

ich begrÈuûe Sie zur tagesschau."
"15";"00:00:22:20";"00:00:22:20";"FABstd Für Deutschland gibt es erstmals( ( eine ¬x"
"16";"00:00:22:20";"00:00:22:20";"FABstDNationale Sicherheitsstrategie.ÿÿÊd"
"17";"00:00:22:20";"00:00:26:19";"FÈur Deutschland gibt es erstmals

eine Nationale Sicherheitsstrategie."
"18";"00:00:26:21";"00:00:26:21";"FABstd Gemeinsam mit vier( ( Ministeri`F"
"19";"00:00:26:21";"00:00:26:21";"FABst*nnen und Ministernÿÿ7Ù"
"20";"00:00:26:21";"00:00:29:11";"Gemeinsam mit vier

Ministerinnen und Ministern"
"21";"00:00:29:13";"00:00:29:13";"FABstd stellte Kanzler Scholz( ( das Kð"
"22";"00:00:29:13";"00:00:29:13";"FABst(onzept heute vor.ÿÿ9Êl"
"23";"00:00:29:13";"00:00:32:05";"stellte Kanzler Scholz

das Konzept heute vor."
"24";"00:00:32:07";"00:00:32:07";"FABstd Es zielt auf einen( ( umfassenden Su¢"
"25";"00:00:32:07";"00:00:32:07";"FABst2chutz der Bevölkerung.ÿÿ/T"
"26";"00:00:32:07";"00:00:35:13";"Es zielt auf einen

umfassenden Schutz der BevÈolkerung."
"27";"00:00:35:15";"00:00:35:15";"FABstd Dabei geht es nicht( ( nur um militJ"
"28";"00:00:35:15";"00:00:35:15";"FABst.ärische Bedrohungen,ÿÿ3_"
"29";"00:00:35:15";"00:00:38:20";"Dabei geht es nicht

nur um militÈarische Bedrohungen,"
"30";"00:00:38:22";"00:00:38:22";"FABst> sondern auch um:ÿÿ½:"
"31";"00:00:38:22";"00:00:40:02";"sondern auch um:"
"32";"00:00:40:04";"00:00:40:04";"FABstd Gefahren durch Cyberattacken,( ( AnschPì"
"33";"00:00:40:04";"00:00:40:04";"FABst:läge auf die Infrastrukturÿÿ'L"
"34";"00:00:40:04";"00:00:43:16";"Gefahren durch Cyberattacken,

AnschlÈage auf die Infrastruktur"
"35";"00:00:43:18";"00:00:43:18";"FABstF oder Naturkatastrophen.ÿÿáÌ"
"36";"00:00:43:18";"00:00:45:15";"oder Naturkatastrophen."
"37";"00:00:46:20";"00:00:46:20";"FABstd Landesverteidigung( ( mit Panzr0"
"38";"00:00:46:20";"00:00:46:20";"FABst(ern und Soldaten:A"
"39";"00:00:46:20";"00:00:49:10";"Landesverteidigung

mit Panzern und Soldaten:"
"40";"00:00:49:12";"00:00:49:12";"FABstdDurch den Krieg gegen die Ukraine ( ( wiede^V"
"41";"00:00:49:12";"00:00:49:12";"FABst@r in den Mittelpunkt gerückt.)n"
"42";"00:00:49:12";"00:00:53:09";"Durch den Krieg gegen die Ukraine

wieder in den Mittelpunkt gerÈuckt."
"43";"00:00:53:11";"00:00:53:11";"FABstd Für die Bundesregierung( ( gehört zur9Î"
"44";"00:00:53:11";"00:00:53:11";"FABst2 Sicherheit viel mehr.ÿÿ/Ì"
"45";"00:00:53:11";"00:00:56:16";"FÈur die Bundesregierung

gehÈort zur Sicherheit viel mehr."
"46";"00:00:56:18";"00:00:56:18";"FABstd Deshalb Kanzler( ( plus vier Minin"
"47";"00:00:56:18";"00:00:56:18";"FABst2sterinnen und Ministerÿÿ/ÎÖ"
"48";"00:00:56:18";"00:01:00:02";"Deshalb Kanzler

plus vier Ministerinnen und Minister"
"49";"00:01:00:04";"00:01:00:04";"FABstdbei der Präsentation der Strategie( ("
"50";"00:01:00:04";"00:01:00:04";"FABst4mit vielen Bausteinen:ÿÿ-z"
"51";"00:01:00:04";"00:01:03:15";"bei der PrÈasentation der Strategie

mit vielen Bausteinen:"
"52";"00:01:03:17";"00:01:03:17";"FABstd Diplomatie, Lieferketten,( ( :"
"53";"00:01:03:17";"00:01:03:17";"FABst"Klimaschutz.ÿÿ?ê"
"54";"00:01:03:17";"00:01:06:14";"Diplomatie, Lieferketten,

Klimaschutz."
"55";"00:01:07:01";"00:01:07:01";"FABstd Sicherheit im 21. Jahrhundert( ( y¬"
"56";"00:01:07:01";"00:01:07:01";"FABst$ bedeutet:EµJ"
"57";"00:01:07:01";"00:01:09:15";"Sicherheit im 21. Jahrhundert

bedeutet:"
"58";"00:01:09:17";"00:01:09:17";"FABstd In der Apotheke( ( verlässlich ¸þ"
"59";"00:01:09:17";"00:01:09:17";"FABst6Medikamente zu bekommen.3"
"60";"00:01:09:17";"00:01:13:00";"In der Apotheke

verlÈasslich Medikamente zu bekommen."
"61";"00:01:13:02";"00:01:13:02";"FABstPSicherheit bedeutet beim Chatten,ÿÿÃ"
"62";"00:01:13:02";"00:01:15:16";"Sicherheit bedeutet beim Chatten,"
"63";"00:01:15:18";"00:01:15:18";"FABstd nicht von China( ( ausspionN"
"64";"00:01:15:18";"00:01:15:18";"FABst$iert zu werden.ÿÿ=Ð"
"65";"00:01:15:18";"00:01:18:11";"nicht von China

ausspioniert zu werden."
"66";"00:01:19:03";"00:01:19:03";"FABstd Oder beim Scrollen( ( durch s-"
"67";"00:01:19:03";"00:01:19:03";"FABst&oziale Netzwerkeÿÿ;¦"
"68";"00:01:19:03";"00:01:21:22";"Oder beim Scrollen

durch soziale Netzwerke"
"69";"00:01:21:24";"00:01:21:24";"FABstd nicht von russischen Bots( ( manT@"
"70";"00:01:21:24";"00:01:21:24";"FABst.ipuliert zu werden. ÿÿ3ô¬"
"71";"00:01:21:24";"00:01:25:00";"nicht von russischen Bots

manipuliert zu werden."
"72";"00:01:25:05";"00:01:25:05";"FABstN Zentrale Elemente der Strategie:ÿÿ½"
"73";"00:01:25:05";"00:01:27:13";"Zentrale Elemente der Strategie:"
"74";"00:01:42:00";"00:01:42:00";"FABstd Diese Mittel und Instrumente( ( müssÁH"
"75";"00:01:42:00";"00:01:42:00";"FABst2en ineinandergreifen. 7µ"
"76";"00:01:42:00";"00:01:45:14";"Diese Mittel und Instrumente

mÈussen ineinandergreifen."
"77";"00:01:45:16";"00:01:45:16";"FABstd Um die Sicherheit( ( unseres $"
"78";"00:01:45:16";"00:01:45:16";"FABst(Landes zu stärkenA^þ"
"79";"00:01:45:16";"00:01:49:00";"Um die Sicherheit

unseres Landes zu stÈarken"
"80";"00:01:49:03";"00:01:49:03";"FABstd und gegen Bedrohungen von außen( ( í¤"
"81";"00:01:49:03";"00:01:49:03";"FABst( zu sichern.ÿÿ9b"
"82";"00:01:49:03";"00:01:52:11";"und gegen Bedrohungen von auûen

zu sichern."
"83";"00:01:53:21";"00:01:53:21";"FABstd Mehr Sicherheit kostet mehr Geld.( ( Für á "
"84";"00:01:53:21";"00:01:53:21";"FABst@den Finanzminister heißt das:ÿÿ!gT"
"85";"00:01:53:21";"00:01:58:09";"Mehr Sicherheit kostet mehr Geld.

FÈur den Finanzminister heiût das:"
"86";"00:01:59:08";"00:01:59:08";"FABstd Prioritäten setzen,( ( andere Projù\"
"87";"00:01:59:08";"00:01:59:08";"FABst,ekte zurückstellen.ÿÿ5Ô"
"88";"00:01:59:08";"00:02:02:16";"PrioritÈaten setzen,

andere Projekte zurÈuckstellen."
"89";"00:02:04:10";"00:02:04:10";"FABst P Die Union - insgesamt enttäuscht.ÿÿK"
"90";"00:02:04:10";"00:02:06:19";"Die Union - insgesamt enttÈauscht."
"91";"00:02:06:21";"00:02:06:21";"FABst!d Es wird kein neues Gremium geben,( ( keinK"
"92";"00:02:06:21";"00:02:06:21";"FABst@en Nationalen Sicherheitsrat.ÿÿ!¾T"
"93";"00:02:06:21";"00:02:10:20";"Es wird kein neues Gremium geben,

keinen Nationalen Sicherheitsrat."
"94";"00:02:10:22";"00:02:10:22";"FABst"< Und überhaupt:ÿÿ!nR"
"95";"00:02:10:22";"00:02:12:01";"Und Èuberhaupt:"
"96";"00:02:12:03";"00:02:12:03";"FABst#d Was hier vorliegt als Nationale( ( SichkÂ"
"97";"00:02:12:03";"00:02:12:03";"FABstDerheitsstrategie, ist blutleer,%ü"
"98";"00:02:12:03";"00:02:16:15";"Was hier vorliegt als Nationale

Sicherheitsstrategie, ist blutleer,"
"99";"00:02:16:17";"00:02:16:17";"FABst$dstrategisch irrelevant, folgenlos( ( und BÒ"
"100";"00:02:16:17";"00:02:16:17";"FABst@außenpolitisch unabgestimmt. )ð"
"101";"00:02:16:17";"00:02:21:07";"strategisch irrelevant, folgenlos

und auûenpolitisch unabgestimmt."
"102";"00:02:21:22";"00:02:21:22";"FABst%d Die Strategie sei sehr wohl mit ( ( Partne7`"
"103";"00:02:21:22";"00:02:21:22";"FABst>rn in EU und USA abgestimmt,ÿÿ#Ô²"
"104";"00:02:21:22";"00:02:26:09";"Die Strategie sei sehr wohl mit

Partnern in EU und USA abgestimmt,"
"105";"00:02:26:11";"00:02:26:11";"FABst&P heißt es aus der Bundesregierung.ÿÿ"
"106";"00:02:26:11";"00:02:28:22";"heiût es aus der Bundesregierung."
"107";"00:02:29:08";"00:02:29:08";"FABst'd Die Sicherheitsstrategie( ( soll Lef^"
"108";"00:02:29:08";"00:02:29:08";"FABst0itplanken aufstellen,9"
"109";"00:02:29:08";"00:02:32:16";"Die Sicherheitsstrategie

soll Leitplanken aufstellen,"
"110";"00:02:32:18";"00:02:32:18";"FABst(dnicht für alles konkrete Lösungen( ( aÈ"
"111";"00:02:32:18";"00:02:32:18";"FABst, festschreiben.="
"112";"00:02:32:18";"00:02:35:13";"nicht fÈur alles konkrete LÈosungen

festschreiben."
"113";"00:02:35:15";"00:02:35:15";"FABst)d Das muss jetzt folgen,( ( das ist de9"
"114";"00:02:35:15";"00:02:35:15";"FABst4r schwierigere Schritt.ÿÿ-æÂ"
"115";"00:02:35:15";"00:02:39:04";"Das muss jetzt folgen,

das ist der schwierigere Schritt."
"116";"00:02:39:07";"00:02:39:07";"FABst*d Die Regierungspartner( ( kö"
"117";"00:02:39:07";"00:02:39:07";"FABst"nnen beweisen,ÿÿ?ó"
"118";"00:02:39:07";"00:02:41:19";"Die Regierungspartner

kÈonnen beweisen,"
"119";"00:02:41:21";"00:02:41:21";"FABst+ddass sie so einig sind, wie sie sich( ( V"
"120";"00:02:41:21";"00:02:41:21";"FABst@ heute präsentiert haben.ÿÿ!k<u>"
"121";"00:02:41:21";"00:02:46:05";"dass sie so einig sind, wie sie sich

heute prÈasentiert haben."
"122";"00:02:48:24";"00:02:48:24";"FABst,d Nach dem Durchbruch( ( im K:"
"123";"00:02:48:24";"00:02:48:24";"FABst$oalitionsstreitÿÿ=p"
"124";"00:02:48:24";"00:02:51:16";"Nach dem Durchbruch

im Koalitionsstreit"
"125";"00:02:51:18";"00:02:51:18";"FABst-L über das Gebäudeenergiegesetz:ÿÿí"
"126";"00:02:51:18";"00:02:53:18";"Èuber das GebÈaudeenergiegesetz:"
"127";"00:02:53:20";"00:02:53:20";"FABst.d Die Reaktionen bei Verbänden ( ( und ¬Ì"
"128";"00:02:53:20";"00:02:53:20";"FABst8Betroffenen sind geteilt.ÿÿ)î@"
"129";"00:02:53:20";"00:02:57:05";"Die Reaktionen bei VerbÈanden

und Betroffenen sind geteilt."
"130";"00:02:57:08";"00:02:57:08";"FABst/d Kritik an den neuen Regeln( ( kommtL¨"
"131";"00:02:57:08";"00:02:57:08";"FABst0 etwa vom Mieterbund,ÿÿ1¬ä"
"132";"00:02:57:08";"00:03:00:08";"Kritik an den neuen Regeln

kommt etwa vom Mieterbund,"
"133";"00:03:00:10";"00:03:00:10";"FABst0Pder steigende Wohnkosten fürchtet.ÿÿ#6"
"134";"00:03:00:10";"00:03:02:16";"der steigende Wohnkosten fÈurchtet."
"135";"00:03:02:17";"00:03:02:17";"FABst1d Umweltverbände sehen durch den( ( KomproÊÜ"
"136";"00:03:02:17";"00:03:02:17";"FABstBmiss die Klimaziele in Gefahr.ÿÿ÷~"
"137";"00:03:02:17";"00:03:06:24";"UmweltverbÈande sehen durch den

Kompromiss die Klimaziele in Gefahr."
"138";"00:03:07:02";"00:03:07:02";"FABst2d Energiewirtschaft und Städtetag ( ( begrüÌ"
"139";"00:03:07:02";"00:03:07:02";"FABst<ßen, dass es mehr Zeit gibtÿÿ%Ü"
"140";"00:03:07:02";"00:03:11:08";"Energiewirtschaft und StÈadtetag

begrÈuûen, dass es mehr Zeit gibt"
"141";"00:03:11:10";"00:03:11:10";"FABst3d für Hausbesitzer( ( und eine WärmeVz"
"142";"00:03:11:10";"00:03:11:10";"FABst0planung der Kommunen.ÿÿ1ê\"
"143";"00:03:11:10";"00:03:14:24";"fÈur Hausbesitzer

und eine WÈarmeplanung der Kommunen."
"144";"00:03:16:10";"00:03:16:10";"FABst4B Im sächsischen Pirna#Ø"
"145";"00:03:16:10";"00:03:17:22";"Im sÈachsischen Pirna"
"146";"00:03:17:24";"00:03:17:24";"FABst5d sind sie mittendrin( ( in der komNî"
"147";"00:03:17:24";"00:03:17:24";"FABst0munalen Wärmeplanung.9)ú"
"148";"00:03:17:24";"00:03:21:05";"sind sie mittendrin

in der kommunalen WÈarmeplanung."
"149";"00:03:21:08";"00:03:21:08";"FABst6d Sie machen, was bis 2028( ( deutschl8"
"150";"00:03:21:08";"00:03:21:08";"FABst2andweit erfolgen soll.ÿÿ/¸."
"151";"00:03:21:08";"00:03:25:00";"Sie machen, was bis 2028

deutschlandweit erfolgen soll."
"152";"00:03:25:09";"00:03:25:09";"FABst7d Die Sachsen( ( wollen größer1B"
"153";"00:03:25:09";"00:03:25:09";"FABst e WohngebieteÿÿA
¾"
"154";"00:03:25:09";"00:03:27:20";"Die Sachsen

wollen grÈoûere Wohngebiete"
"155";"00:03:27:22";"00:03:27:22";"FABst8d und Teile der Innenstadt( ( an das Fe<¤"
"156";"00:03:27:22";"00:03:27:22";"FABst6rnwärmenetz anschließen.ÿÿ+Í4"
"157";"00:03:27:22";"00:03:31:15";"und Teile der Innenstadt

an das FernwÈarmenetz anschlieûen."
"158";"00:03:31:17";"00:03:31:17";"FABst9d Fernwärmenetze gibt es schon ( ( an viÿ¨"
"159";"00:03:31:17";"00:03:31:17";"FABst:elen Orten in Deutschland.ÿÿ'æ^"
"160";"00:03:31:17";"00:03:35:09";"FernwÈarmenetze gibt es schon

an vielen Orten in Deutschland."
"161";"00:03:35:11";"00:03:35:11";"FABst:d Daran angeschlossen waren 2022( ( aber erf°"
"162";"00:03:35:11";"00:03:35:11";"FABst>st knapp 14 % der Wohnungen.ÿÿ#,"
"163";"00:03:35:11";"00:03:39:16";"Daran angeschlossen waren 2022

aber erst knapp 14 % der Wohnungen."
"164";"00:03:39:20";"00:03:39:20";"FABst;d Die Kommunen müssen aber( ( auch all<i>ª"
"165";"00:03:39:20";"00:03:39:20";"FABst4e anderen Heizungsartenÿÿ-»Æ"
"166";"00:03:39:20";"00:03:43:02";"Die Kommunen mÈussen aber

auch alle anderen Heizungsarten"
"167";"00:03:43:04";"00:03:43:04";"FABst<H in ihrem Gebiet erfassen.ÿÿõ¼"
"168";"00:03:43:04";"00:03:44:24";"in ihrem Gebiet erfassen."
"169";"00:03:45:01";"00:03:45:01";"FABst=dErst wenn die kommunale Wärmeplanung( ("
"170";"00:03:45:01";"00:03:45:01";"FABst6 abgeschlossen ist,ÿÿ+ã"
"171";"00:03:45:01";"00:03:48:09";"Erst wenn die kommunale WÈarmeplanung

abgeschlossen ist,"
"172";"00:03:48:11";"00:03:48:11";"FABst>d gelten für alle( ( Haus- und Wo,"
"173";"00:03:48:11";"00:03:48:11";"FABst&hnungseigentümerÿÿ;kÞ"
"174";"00:03:48:11";"00:03:51:04";"gelten fÈur alle

Haus- und WohnungseigentÈumer"
"175";"00:03:51:05";"00:03:51:05";"FABst?Pdie Regeln für den Heizungstausch.ÿÿXr"
"176";"00:03:51:05";"00:03:53:07";"die Regeln fÈur den Heizungstausch."
"177";"00:03:53:09";"00:03:53:09";"FABst@d Darauf hatte sich die Ampel( ( nach lzf"
"178";"00:03:53:09";"00:03:53:09";"FABst8angem Streit verständigt.ÿÿ)m"
"179";"00:03:53:09";"00:03:56:18";"Darauf hatte sich die Ampel

nach langem Streit verstÈandigt."
"180";"00:03:56:19";"00:03:56:19";"FABstARKritik kommt vom Eigentümerverband.ÿÿ"
"181";"00:03:56:19";"00:03:59:00";"Kritik kommt vom EigentÈumerverband."
"182";"00:03:59:02";"00:03:59:02";"FABstBL Die Änderung greift nur dort,J¾"
"183";"00:03:59:02";"00:04:01:03";"Die ÈAnderung greift nur dort,"
"184";"00:04:01:05";"00:04:01:05";"FABstCd wo Städte und Gemeinden( ( eine WärmL¦"
"185";"00:04:01:05";"00:04:01:05";"FABst8eplanung vorlegen müssen.1AÀ"
"186";"00:04:01:05";"00:04:04:22";"wo StÈadte und Gemeinden

eine WÈarmeplanung vorlegen mÈussen."
"187";"00:04:04:24";"00:04:04:24";"FABstDd Im ländlichen Raum( ( ist das o¬*"
"188";"00:04:04:24";"00:04:04:24";"FABst(ft nicht der Fallÿÿ9âÊ"
"189";"00:04:04:24";"00:04:07:21";"Im lÈandlichen Raum

ist das oft nicht der Fall"
"190";"00:04:07:23";"00:04:07:23";"FABstEd bei Gemeinden mit( ( weniger als  "
"191";"00:04:07:23";"00:04:07:23";"FABst*10.000 Einwohnern.ÿÿ7Ä"
"192";"00:04:07:23";"00:04:11:00";"bei Gemeinden mit

weniger als 10.000 Einwohnern."
"193";"00:04:11:02";"00:04:11:02";"FABstFF Die Unsicherheit bleibt.ÿÿ®<"
"194";"00:04:11:02";"00:04:12:24";"Die Unsicherheit bleibt."
"195";"00:04:13:20";"00:04:13:20";"FABstGd Der Städte- und Gemeindebund( ( Ö"
"196";"00:04:13:20";"00:04:13:20";"FABst*lobt die Einigung.ÿÿ7º"
"197";"00:04:13:20";"00:04:17:02";"Der StÈadte- und Gemeindebund

lobt die Einigung."
"198";"00:04:17:22";"00:04:17:22";"FABstHd Es ist positiv,( ( dass die Ai "
"199";"00:04:17:22";"00:04:17:22";"FABst(mpel erkannt hat:A«Z"
"200";"00:04:17:22";"00:04:21:03";"Es ist positiv,

dass die Ampel erkannt hat:"
"201";"00:04:21:05";"00:04:21:05";"FABstId Die kommunale Wärmeplanung( ( muÿØ"
"202";"00:04:21:05";"00:04:21:05";"FABst(ss Vorrang haben.A"
"203";"00:04:21:05";"00:04:24:06";"Die kommunale WÈarmeplanung

muss Vorrang haben."
"204";"00:04:24:09";"00:04:24:09";"FABstJd Sonst tauschen die Menschen( ( fb"
"205";"00:04:24:09";"00:04:24:09";"FABst(die Heizung ausÿÿ9±Z"
"206";"00:04:24:09";"00:04:26:24";"Sonst tauschen die Menschen

die Heizung aus"
"207";"00:04:27:01";"00:04:27:01";"FABstKdund wenige Jahre später will man ein( ( Úº"
"208";"00:04:27:01";"00:04:27:01";"FABstHFern- oder Nahwärmenetz schaffen.ÿÿì"
"209";"00:04:27:01";"00:04:31:20";"und wenige Jahre spÈater will man ein

Fern- oder NahwÈarmenetz schaffen."
"210";"00:04:32:24";"00:04:32:24";"FABstLd Die Ampel hat sich zwar( ( au"
"211";"00:04:32:24";"00:04:32:24";"FABst&uch verständigt,ÿÿ;pn"
"212";"00:04:32:24";"00:04:35:19";"Die Ampel hat sich zwar

auch verstÈandigt,"
"213";"00:04:35:21";"00:04:35:21";"FABstMd dass Mieter nicht über Gebühr( ( bhÀ"
"214";"00:04:35:21";"00:04:35:21";"FABst2elastet werden sollen.ÿÿ/¸""
"215";"00:04:35:21";"00:04:38:23";"dass Mieter nicht Èuber GebÈuhr

belastet werden sollen."
"216";"00:04:39:00";"00:04:39:00";"FABstNd Mieterschützer kritisieren,( ( dass Verm¨¢"
"217";"00:04:39:00";"00:04:39:00";"FABst8ieter beim Heizungstauschÿÿ)¹""
"218";"00:04:39:00";"00:04:42:15";"MieterschÈutzer kritisieren,

dass Vermieter beim Heizungstausch"
"219";"00:04:42:17";"00:04:42:17";"FABstOd mögliche Förderungen( ( nicht in Any"
"220";"00:04:42:17";"00:04:42:17";"FABst0spruch nehmen müssen.ÿÿ1R<"
"221";"00:04:42:17";"00:04:46:02";"mÈogliche FÈorderungen

nicht in Anspruch nehmen mÈussen."
"222";"00:04:46:06";"00:04:46:06";"FABstPd Er muss sich die zumindest( ( hypothe"
"223";"00:04:46:06";"00:04:46:06";"FABst4tisch anrechnen lassen.5Â"
"224";"00:04:46:06";"00:04:49:19";"Er muss sich die zumindest

hypothetisch anrechnen lassen."
"225";"00:04:49:21";"00:04:49:21";"FABstQd Wenn er keine Förderung ( ( in AnÊÂ"
"226";"00:04:49:21";"00:04:49:21";"FABst,spruch nehmen will,=Ñ"
"227";"00:04:49:21";"00:04:52:17";"Wenn er keine FÈorderung

in Anspruch nehmen will,"
"228";"00:04:52:19";"00:04:52:19";"FABstRPmuss er die Kosten selber tragen.ÿÿ¬"
"229";"00:04:52:19";"00:04:54:21";"muss er die Kosten selber tragen."
"230";"00:04:54:23";"00:04:54:23";"FABstSH Morgen wird der Bundestagÿÿõp"
"231";"00:04:54:23";"00:04:56:13";"Morgen wird der Bundestag"
"232";"00:04:56:15";"00:04:56:15";"FABstTd erstmals über das( ( Gebäudeenerg¶"
"233";"00:04:56:15";"00:04:56:15";"FABst0iegesetz debattieren.ÿÿ1</u>v"
"234";"00:04:56:15";"00:04:59:17";"erstmals Èuber das

GebÈaudeenergiegesetz debattieren."
"235";"00:05:00:23";"00:05:00:23";"FABstUd Etwa 110 Mio. Menschen( ( sind welt²"
"236";"00:05:00:23";"00:05:00:23";"FABst0weit auf der Flucht -ÿÿ1ïü"
"237";"00:05:00:23";"00:05:04:00";"Etwa 110 Mio. Menschen

sind weltweit auf der Flucht -"
"238";"00:05:04:02";"00:05:04:02";"FABstVD so viele wie noch nie.ÿÿ¼Ò"
"239";"00:05:04:02";"00:05:05:17";"so viele wie noch nie."
"240";"00:05:05:19";"00:05:05:19";"FABstWd Das geht aus( ( einem neuen UNK"
"241";"00:05:05:19";"00:05:05:19";"FABst&-Bericht hervor.ÿÿ;B"
"242";"00:05:05:19";"00:05:08:17";"Das geht aus

einem neuen UN-Bericht hervor."
"243";"00:05:08:21";"00:05:08:21";"FABstXdEin Grund für den erneuten Anstieg( ( se</u>¬"
"244";"00:05:08:21";"00:05:08:21";"FABst8ien gewaltsame Konflikte.ÿÿ)õ6"
"245";"00:05:08:21";"00:05:12:10";"Ein Grund fÈur den erneuten Anstieg

seien gewaltsame Konflikte."
"246";"00:05:12:12";"00:05:12:12";"FABstYd Demnach verließen 2022( ( die meistÿü"
"247";"00:05:12:12";"00:05:12:12";"FABst2en Menschen (6,5 Mio.)ÿÿ/¥"
"248";"00:05:12:12";"00:05:15:17";"Demnach verlieûen 2022

die meisten Menschen (6,5 Mio.)"
"249";"00:05:15:19";"00:05:15:19";"FABstZJ das Bürgerkriegsland Syrien.ÿÿÂ"
"250";"00:05:15:19";"00:05:17:20";"das BÈurgerkriegsland Syrien."
"251";"00:05:17:22";"00:05:17:22";"FABst[d Jeweils 5,7 Mio. Menschen( ( flSh"
"252";"00:05:17:22";"00:05:17:22";"FABst*ohen vor dem Kriegÿÿ7Â"
"253";"00:05:17:22";"00:05:20:22";"Jeweils 5,7 Mio. Menschen

flohen vor dem Krieg"
"254";"00:05:20:24";"00:05:20:24";"FABst\d gegen die Ukraine( ( und den Talkj"
"255";"00:05:20:24";"00:05:20:24";"FABst.iban in Afghanistan.ÿÿ32"
"256";"00:05:20:24";"00:05:24:09";"gegen die Ukraine

und den Taliban in Afghanistan."
"257";"00:05:28:22";"00:05:28:22";"FABst]d Ein tragisches Ende( ( hat die FluO"
"258";"00:05:28:22";"00:05:28:22";"FABst2cht Hunderter Menschenÿÿ/ùò"
"259";"00:05:28:22";"00:05:32:15";"Ein tragisches Ende

hat die Flucht Hunderter Menschen"
"260";"00:05:32:17";"00:05:32:17";"FABst^L über das Mittelmeer genommen.ÿÿ¶"
"261";"00:05:32:17";"00:05:34:20";"Èuber das Mittelmeer genommen."
"262";"00:05:34:22";"00:05:34:22";"FABst_RVor Griechenland kenterte ihr Boot,ÿÿí"
"263";"00:05:34:22";"00:05:37:09";"Vor Griechenland kenterte ihr Boot,"
"264";"00:05:37:11";"00:05:37:11";"FABst`d mindestens 79 Menschen( ( kamen laulb"
"265";"00:05:37:11";"00:05:37:11";"FABst0t Behörden ums Leben.ÿÿ1*"
"266";"00:05:37:11";"00:05:40:23";"mindestens 79 Menschen

kamen laut BehÈorden ums Leben."
"267";"00:05:41:00";"00:05:41:00";"FABstad Über 100 Flüchtlinge( ( konnten bi^"
"268";"00:05:41:00";"00:05:41:00";"FABst0sher gerettet werden.ÿÿ1Å`"
"269";"00:05:41:00";"00:05:44:11";"ÈUber 100 FlÈuchtlinge

konnten bisher gerettet werden."
"270";"00:05:44:12";"00:05:44:12";"FABstbd Helfer suchen vor der Halbinsel( ( Pelopo(þ"
"271";"00:05:44:12";"00:05:44:12";"FABstBnnes weiter nach Überlebenden,ÿÿp"
"272";"00:05:44:12";"00:05:48:11";"Helfer suchen vor der Halbinsel

Peloponnes weiter nach ÈUberlebenden,"
"273";"00:05:48:13";"00:05:48:13";"FABstcJ viele werden noch vermisst.ÿÿ¶æ"
"274";"00:05:48:13";"00:05:50:17";"viele werden noch vermisst."
"275";"00:05:52:24";"00:05:52:24";"FABstdB Sie haben überlebt:#f¼"
"276";"00:05:52:24";"00:05:54:15";"Sie haben Èuberlebt:"
"277";"00:05:54:19";"00:05:54:19";"FABsted Erschöpft liegen( ( Überlebende dØ"
"278";"00:05:54:19";"00:05:54:19";"FABst,es Unglücks-Schiffs=Ô"
"279";"00:05:54:19";"00:05:57:23";"ErschÈopft liegen

ÈUberlebende des UnglÈucks-Schiffs"
"280";"00:05:58:00";"00:05:58:00";"FABstfD in einem Auffanglager.ÿÿ¼z"
"281";"00:05:58:00";"00:05:59:16";"in einem Auffanglager."
"282";"00:05:59:18";"00:05:59:18";"FABstgd Mindestens 104 Menschen ( ( konnt"
"283";"00:05:59:18";"00:05:59:18";"FABst,en gerettet werden.ÿÿ5Úî"
"284";"00:05:59:18";"00:06:02:17";"Mindestens 104 Menschen

konnten gerettet werden."
"285";"00:06:02:19";"00:06:02:19";"FABsthd 21 von ihnen( ( werden im Krank9ü"
"286";"00:06:02:19";"00:06:02:19";"FABst(enhaus behandelt.ÿÿ9®"
"287";"00:06:02:19";"00:06:05:18";"21 von ihnen

werden im Krankenhaus behandelt."
"288";"00:06:06:05";"00:06:06:05";"FABstid Der Kutter war von der libyschen( ( Stad+d"
"289";"00:06:06:05";"00:06:06:05";"FABst:t Tobruk aus aufgebrochen.ÿÿ'×B"
"290";"00:06:06:05";"00:06:10:05";"Der Kutter war von der libyschen

Stadt Tobruk aus aufgebrochen."
"291";"00:06:10:07";"00:06:10:07";"FABstj< Ziel: Italien.ÿÿ!Î "
"292";"00:06:10:07";"00:06:11:14";"Ziel: Italien."
"293";"00:06:12:05";"00:06:12:05";"FABstkd Die griechische Küstenwache( ( hatt*"
"294";"00:06:12:05";"00:06:12:05";"FABst4e nach eigenen Angaben ÿÿ-¾¦"
"295";"00:06:12:05";"00:06:15:13";"Die griechische KÈustenwache

hatte nach eigenen Angaben"
"296";"00:06:15:15";"00:06:15:15";"FABstld den Menschen angeboten,( ( s!P"
"297";"00:06:15:15";"00:06:15:15";"FABst$ie aufzunehmen.ÿÿ=*"
"298";"00:06:15:15";"00:06:18:08";"den Menschen angeboten,

sie aufzunehmen."
"299";"00:06:18:13";"00:06:18:13";"FABstmJ Das hätten diese abgelehnt.ÿÿt"
"300";"00:06:18:13";"00:06:20:16";"Das hÈatten diese abgelehnt."
"301";"00:06:20:18";"00:06:20:18";"FABstnD Dann sank das Schiff.ÿÿP"
"302";"00:06:20:18";"00:06:22:10";"Dann sank das Schiff."
"303";"00:06:22:14";"00:06:22:14";"FABstoTDie Küstenwache versuchte zu retten.ÿÿ´"
"304";"00:06:22:14";"00:06:25:08";"Die KÈustenwache versuchte zu retten."
"305";"00:06:25:10";"00:06:25:10";"FABstpd Auf dem Schiff sollen sich( ( Hunderte"
"306";"00:06:25:10";"00:06:25:10";"FABst8 Menschen befunden haben.ÿÿ)²ð"
"307";"00:06:25:10";"00:06:29:09";"Auf dem Schiff sollen sich

Hunderte Menschen befunden haben."
"308";"00:06:29:14";"00:06:29:14";"FABstqdEine tragische Situation mit einer( ( hoQ"
"309";"00:06:29:14";"00:06:29:14";"FABstBhen Zahl an Schiffsbrüchigen. '@X"
"310";"00:06:29:14";"00:06:34:20";"Eine tragische Situation mit einer

hohen Zahl an SchiffsbrÈuchigen."
"311";"00:06:36:13";"00:06:36:13";"FABstrd In diesen Dimensionen haben wir( ( dasSÜ"
"312";"00:06:36:13";"00:06:36:13";"FABst: lange nicht mehr gesehen./¿V"
"313";"00:06:36:13";"00:06:41:00";"In diesen Dimensionen haben wir

das lange nicht mehr gesehen."
"314";"00:06:43:11";"00:06:43:11";"FABstsJ Die Menschen auf dem Schiffÿÿ´"
"315";"00:06:43:11";"00:06:45:12";"Die Menschen auf dem Schiff"
"316";"00:06:45:14";"00:06:45:14";"FABsttd sollen aus Ägypten,( ( Syrien undö"
"317";"00:06:45:14";"00:06:45:14";"FABst* Pakistan stammen.ÿÿ7®"
"318";"00:06:45:14";"00:06:48:11";"sollen aus ÈAgypten,

Syrien und Pakistan stammen."
"319";"00:06:48:13";"00:06:48:13";"FABstud Griechenland war( ( offenbar -Ä"
"320";"00:06:48:13";"00:06:48:13";"FABst$nicht ihr Ziel.ÿÿ=ë4"
"321";"00:06:48:13";"00:06:51:05";"Griechenland war

offenbar nicht ihr Ziel."
"322";"00:06:51:07";"00:06:51:07";"FABstvd Oft wollen Flüchtlinge( ( nac</u>Ö"
"323";"00:06:51:07";"00:06:51:07";"FABst$h Mitteleuropa,ÿÿ=¡*"
"324";"00:06:51:07";"00:06:53:14";"Oft wollen FlÈuchtlinge

nach Mitteleuropa,"
"325";"00:06:53:15";"00:06:53:15";"FABstwPwas von Italien aus einfacher ist.ÿÿñN"
"326";"00:06:53:15";"00:06:55:22";"was von Italien aus einfacher ist."
"327";"00:06:56:00";"00:06:56:00";"FABstxd Es gibt immer wieder Berichte,( ( dass"
"328";"00:06:56:00";"00:06:56:00";"FABst8Griechenland Flüchtlinge ÿÿ)¤"
"329";"00:06:56:00";"00:06:59:10";"Es gibt immer wieder Berichte,

dass Griechenland FlÈuchtlinge"
"330";"00:06:59:11";"00:06:59:11";"FABstyd mit sogenannten Pushbacks( ( 6P"
"331";"00:06:59:11";"00:06:59:11";"FABst$zurückdrängt:ÿÿ=È4"
"332";"00:06:59:11";"00:07:01:21";"mit sogenannten Pushbacks

zurÈuckdrÈangt:"
"333";"00:07:01:23";"00:07:01:23";"FABstzd Statt sie aufzunehmen,( ( werden siep¤"
"334";"00:07:01:23";"00:07:01:23";"FABst: auf hoher See ausgesetzt.ÿÿ'Ê"
"335";"00:07:01:23";"00:07:05:08";"Statt sie aufzunehmen,

werden sie auf hoher See ausgesetzt."
"336";"00:07:05:10";"00:07:05:10";"FABst{d Für Migrationsforscher( ( Ch¤À"
"337";"00:07:05:10";"00:07:05:10";"FABst"ristopher Heinÿÿ?R"
"338";"00:07:05:10";"00:07:07:20";"FÈur Migrationsforscher

Christopher Hein"
"339";"00:07:07:22";"00:07:07:22";"FABst|d ist diese zunehmende Abschottung( ( EuropE<"
"340";"00:07:07:22";"00:07:07:22";"FABstDas Mitursache für die Tragödie.ÿÿj"
"341";"00:07:07:22";"00:07:12:17";"ist diese zunehmende Abschottung

Europas Mitursache fÈur die TragÈodie."
"342";"00:07:14:20";"00:07:14:20";"FABst}dDas ist eine Folge einer Politik,( ( '²"
"343";"00:07:14:20";"00:07:14:20";"FABst2die unmöglich macht,7#Â"
"344";"00:07:14:20";"00:07:18:13";"Das ist eine Folge einer Politik,

die unmÈoglich macht,"
"345";"00:07:18:15";"00:07:18:15";"FABst~d auf normale Weise( ( nach EurF"
"346";"00:07:18:15";"00:07:18:15";"FABst"opa zu kommen.GÍ"
"347";"00:07:18:15";"00:07:21:11";"auf normale Weise

nach Europa zu kommen."
"348";"00:07:22:21";"00:07:22:21";"FABstd Unterdessen läuft die Suche( ( nac"
"349";"00:07:22:21";"00:07:22:21";"FABst2h Überlebenden weiter.ÿÿ/"
"350";"00:07:22:21";"00:07:26:10";"Unterdessen lÈauft die Suche

nach ÈUberlebenden weiter."
"351";"00:07:28:02";"00:07:28:02";"FABst<i>d Ex-US-Präsident Trump( ( plädiert iÚØ"
"352";"00:07:28:02";"00:07:28:02";"FABst4n der Dokumenten-Affäreÿÿ-Z"
"353";"00:07:28:02";"00:07:32:03";"Ex-US-PrÈasident Trump

plÈadiert in der Dokumenten-AffÈare"
"354";"00:07:32:06";"00:07:32:06";"FABst</i>B auf nicht schuldig.ÿÿ®"
"355";"00:07:32:06";"00:07:33:18";"auf nicht schuldig."
"356";"00:07:34:07";"00:07:34:07";"FABst<u>d Der 77-Jährige wies vor Gericht( ( :"
"357";"00:07:34:07";"00:07:34:07";"FABst0die Vorwürfe zurück,ÿÿ1Ø"
"358";"00:07:34:07";"00:07:38:02";"Der 77-JÈahrige wies vor Gericht

die VorwÈurfe zurÈuck,"
"359";"00:07:38:04";"00:07:38:04";"FABst</u>d geheime Unterlagen ( ( aus"
"360";"00:07:38:04";"00:07:38:04";"FABst$seiner Amtszeitÿÿ=û"
"361";"00:07:38:04";"00:07:40:23";"geheime Unterlagen

aus seiner Amtszeit"
"362";"00:07:41:00";"00:07:41:00";"FABstd zu Unrecht mit nach Hause( ( g¶T"
"363";"00:07:41:00";"00:07:41:00";"FABst(enommen zu haben.ÿÿ9Ò"
"364";"00:07:41:00";"00:07:43:22";"zu Unrecht mit nach Hause

genommen zu haben."
"365";"00:07:43:24";"00:07:43:24";"FABstD Es ist das erste Mal,ÿÿ*º"
"366";"00:07:43:24";"00:07:45:17";"Es ist das erste Mal,"
"367";"00:07:45:19";"00:07:45:19";"FABstddass ein ehemaliger Präsident vor ( ( einem"
"368";"00:07:45:19";"00:07:45:19";"FABst@ Bundesgericht angeklagt ist.ÿÿ!Ùr"
"369";"00:07:45:19";"00:07:49:18";"dass ein ehemaliger PrÈasident vor

einem Bundesgericht angeklagt ist."
"370";"00:07:49:20";"00:07:49:20";"FABstd Nach dem Prozessauftakt in Miami( ( wurd<i>´"
"371";"00:07:49:20";"00:07:49:20";"FABst:e Trump von Fans bejubelt.ÿÿ'¿²"
"372";"00:07:49:20";"00:07:54:03";"Nach dem Prozessauftakt in Miami

wurde Trump von Fans bejubelt."
"373";"00:07:55:08";"00:07:55:08";"FABstdPlease welcome the next president( ( Ó"
"374";"00:07:55:08";"00:07:55:08";"FABst4of the United States!ÿÿ-Z"
"375";"00:07:55:08";"00:07:59:10";"Please welcome the next president

of the United States!"
"376";"00:08:00:12";"00:08:00:12";"FABstd Er lässt sich ankündigen( ( als der näT"
"377";"00:08:00:12";"00:08:00:12";"FABst6chste Präsident der USA:3}°"
"378";"00:08:00:12";"00:08:04:07";"Er lÈasst sich ankÈundigen

als der nÈachste PrÈasident der USA:"
"379";"00:08:04:12";"00:08:04:12";"FABst
d Donald Trump,( ( Angeklagter im"
"380";"00:08:04:12";"00:08:04:12";"FABst& Wahlkampfmodus.`;«d"
"381";"00:08:04:12";"00:08:07:11";"Donald Trump,

Angeklagter im Wahlkampfmodus."
"382";"00:08:07:16";"00:08:07:16";"FABstB Einmal mehr sagt er,ÿÿ="
"383";"00:08:07:16";"00:08:09:03";"Einmal mehr sagt er,"
"384";"00:08:09:07";"00:08:09:07";"FABstddas Verfahren um die Geheimpapiere( ( »."
"385";"00:08:09:07";"00:08:09:07";"FABst6sei politisch motiviert.ÿÿ+½j"
"386";"00:08:09:07";"00:08:12:24";"das Verfahren um die Geheimpapiere

sei politisch motiviert."
"387";"00:08:13:03";"00:08:13:03";"FABstd Er habe jedes Recht gehabt, ( ( die DÊ"
"388";"00:08:13:03";"00:08:13:03";"FABst4okumente aufzubewahren,ÿÿ-</u>¼"
"389";"00:08:13:03";"00:08:16:18";"Er habe jedes Recht gehabt,

die Dokumente aufzubewahren,"
"390";"00:08:16:22";"00:08:16:22";"FABstL um sie in Ruhe durchzuschauen.ÿÿR¢"
"391";"00:08:16:22";"00:08:19:01";"um sie in Ruhe durchzuschauen."
"392";"00:08:19:03";"00:08:19:03";"FABstD In den Boxen außerdem:ÿÿR"
"393";"00:08:19:03";"00:08:20:18";"In den Boxen auûerdem:"
"394";"00:08:20:20";"00:08:20:20";"FABstd Kleidung, Erinnerungsstücke( ( hT"
"395";"00:08:20:20";"00:08:20:20";"FABst,und noch viel mehr.=*"
"396";"00:08:20:20";"00:08:24:05";"Kleidung, ErinnerungsstÈucke

und noch viel mehr."
"397";"00:08:24:09";"00:08:24:09";"FABstd Ich konnte die Boxen( ( noch niê&"
"398";"00:08:24:09";"00:08:24:09";"FABst(cht alle ansehen.A¾r"
"399";"00:08:24:09";"00:08:27:03";"Ich konnte die Boxen

noch nicht alle ansehen."
"400";"00:08:27:07";"00:08:27:07";"FABstJ Das nimmt Zeit in Anspruch.¾"
"401";"00:08:27:07";"00:08:29:09";"Das nimmt Zeit in Anspruch."
"402";"00:08:29:13";"00:08:29:13";"FABstd Ich wollte das machen,( ( bin abe("
"403";"00:08:29:13";"00:08:29:13";"FABst,r sehr beschäftigt.ÿÿ5W"
"404";"00:08:29:13";"00:08:33:01";"Ich wollte das machen,

bin aber sehr beschÈaftigt."
"405";"00:08:34:24";"00:08:34:24";"FABstd Laut Anklage( ( soll Trump"
"406";"00:08:34:24";"00:08:34:24";"FABst"gewusst haben,ÿÿ?è"
"407";"00:08:34:24";"00:08:37:08";"Laut Anklage

soll Trump gewusst haben,"
"408";"00:08:37:10";"00:08:37:10";"FABstddass die Kisten auch Geheimdokumente( ( ·Z"
"409";"00:08:37:10";"00:08:37:10";"FABst<der Regierung enthielten.ÿÿ%óX"
"410";"00:08:37:10";"00:08:41:03";"dass die Kisten auch Geheimdokumente

der Regierung enthielten."
"411";"00:08:41:05";"00:08:41:05";"FABstTTonbandaufnahmen sollen das belegen.ÿÿ""
"412";"00:08:41:05";"00:08:43:18";"Tonbandaufnahmen sollen das belegen."
"413";"00:08:43:20";"00:08:43:20";"FABstd Vor Gericht schwieg Trump,( ( überließ ½ê"
"414";"00:08:43:20";"00:08:43:20";"FABst:das Sprechen den Anwälten.ÿÿ'|V"
"415";"00:08:43:20";"00:08:47:20";"Vor Gericht schwieg Trump,

Èuberlieû das Sprechen den AnwÈalten."
"416";"00:08:47:22";"00:08:47:22";"FABstPDie plädierten auf nicht schuldig.ÿÿÚ¤"
"417";"00:08:47:22";"00:08:50:06";"Die plÈadierten auf nicht schuldig."
"418";"00:08:50:08";"00:08:50:08";"FABstd Dass Trump den Prozess( ( für deÀ"
"419";"00:08:50:08";"00:08:50:08";"FABst*n Wahlkampf nutzt,ÿÿ7"
"420";"00:08:50:08";"00:08:52:24";"Dass Trump den Prozess

fÈur den Wahlkampf nutzt,"
"421";"00:08:53:01";"00:08:53:01";"FABstd kritisiert( ( der demokratischôæ"
"422";"00:08:53:01";"00:08:53:01";"FABst0e Abgeordnete Schiff.ÿÿ1ÔÔ"
"423";"00:08:53:01";"00:08:56:01";"kritisiert

der demokratische Abgeordnete Schiff."
"424";"00:08:56:06";"00:08:56:06";"FABstdTrump versucht, die Öffentlichkeit( ( *"
"425";"00:08:56:06";"00:08:56:06";"FABst<über sich richten zu lassen-´"
"426";"00:08:56:06";"00:08:59:19";"Trump versucht, die ÈOffentlichkeit

Èuber sich richten zu lassen"
"427";"00:08:59:21";"00:08:59:21";"FABstJ und macht, was er immer tut:}$"
"428";"00:08:59:21";"00:09:01:20";"und macht, was er immer tut:"
"429";"00:09:01:22";"00:09:01:22";"FABstd Er spielt das Opfer, stellt( ( TatsacÜ"
"430";"00:09:01:22";"00:09:01:22";"FABst8hen falsch dar und hofft,ÿÿ)ÛÞ"
"431";"00:09:01:22";"00:09:05:13";"Er spielt das Opfer, stellt

Tatsachen falsch dar und hofft,"
"432";"00:09:05:15";"00:09:05:15";"FABstd dass er seine extremen Anhänger( ( Jº"
"433";"00:09:05:15";"00:09:05:15";"FABst, überzeugen kann.ÿÿ5_¤"
"434";"00:09:05:15";"00:09:08:23";"dass er seine extremen AnhÈanger

Èuberzeugen kann."
"435";"00:09:09:17";"00:09:09:17";"FABstD Das gelingt offenbar.ÿÿ0"
"436";"00:09:09:17";"00:09:11:11";"Das gelingt offenbar."
"437";"00:09:12:00";"00:09:12:00";"FABst dDie neueste Anklage scheint Trump( ( beêÖ"
"438";"00:09:12:00";"00:09:12:00";"FABst:i republikanischen Wählern/A"
"439";"00:09:12:00";"00:09:15:23";"Die neueste Anklage scheint Trump

bei republikanischen WÈahlern"
"440";"00:09:16:00";"00:09:16:00";"FABst¡d nach jüngsten Umfragen( ( bisher'B"
"441";"00:09:16:00";"00:09:16:00";"FABst* nicht zu schaden.?â0"
"442";"00:09:16:00";"00:09:18:23";"nach jÈungsten Umfragen

bisher nicht zu schaden."
"443";"00:09:19:00";"00:09:19:00";"FABst¢d Danach liegt er( ( vor seinª"
"444";"00:09:19:00";"00:09:19:00";"FABst$en Konkurrentenÿÿ=ÿ<u>"
"445";"00:09:19:00";"00:09:21:20";"Danach liegt er

vor seinen Konkurrenten"
"446";"00:09:21:22";"00:09:21:22";"FABst£dum die Präsidentschaftskandidatur( ( df"
"447";"00:09:21:22";"00:09:21:22";"FABst0 der Republikaner.ÿÿ1·´"
"448";"00:09:21:22";"00:09:24:19";"um die PrÈasidentschaftskandidatur

der Republikaner."
"449";"00:09:26:02";"00:09:26:02";"FABst¤d Die Finanzbranche( ( hat heute mit ÚÌ"
"450";"00:09:26:02";"00:09:26:02";"FABst.Spannung beobachtet,ÿÿ3Ç¢"
"451";"00:09:26:02";"00:09:29:12";"Die Finanzbranche

hat heute mit Spannung beobachtet,"
"452";"00:09:29:14";"00:09:29:14";"FABst¥d ob die USA von ihrer( ( strengen GÖv"
"453";"00:09:29:14";"00:09:29:14";"FABst.eldpolitik abrücken.ÿÿ3qN"
"454";"00:09:29:14";"00:09:33:00";"ob die USA von ihrer

strengen Geldpolitik abrÈucken."
"455";"00:09:33:04";"00:09:33:04";"FABst¦dUnd tatsächlich hebt die US-Notenbank( ( 6"
"456";"00:09:33:04";"00:09:33:04";"FABstDden Leitzins nicht weiter an -ÿÿü"
"457";"00:09:33:04";"00:09:37:19";"Und tatsÈachlich hebt die US-Notenbank

den Leitzins nicht weiter an -"
"458";"00:09:37:21";"00:09:37:21";"FABst§N das erste Mal seit Anfang 2022.ÿÿf²"
"459";"00:09:37:21";"00:09:40:08";"das erste Mal seit Anfang 2022."
"460";"00:09:41:00";"00:09:41:00";"FABst¨d Er bleibt damit bei einer Spanne( ( Õ°"
"461";"00:09:41:00";"00:09:41:00";"FABst,von 5 bis 5,25 %.ÿÿ5Û "
"462";"00:09:41:00";"00:09:44:20";"Er bleibt damit bei einer Spanne

von 5 bis 5,25 %."
"463";"00:09:49:21";"00:09:49:21";"FABst©d Bundesweit blieben heute( ( viele A
È"
"464";"00:09:49:21";"00:09:49:21";"FABst0potheken geschlossen.ÿÿ1N"
"465";"00:09:49:21";"00:09:52:24";"Bundesweit blieben heute

viele Apotheken geschlossen."
"466";"00:09:53:01";"00:09:53:01";"FABstªN Die Branche hatte zum ProtesttagÿÿJ"
"467";"00:09:53:01";"00:09:55:08";"Die Branche hatte zum Protesttag"
"468";"00:09:55:10";"00:09:55:10";"FABst«d gegen die Gesundheitspolitik( ( »Ð"
"469";"00:09:55:10";"00:09:55:10";"FABst" aufgerufen.ÿÿ?äì"
"470";"00:09:55:10";"00:09:57:19";"gegen die Gesundheitspolitik

aufgerufen."
"471";"00:09:57:21";"00:09:57:21";"FABst¬dIn mehreren Städten gingen Apotheker( ( un&ä"
"472";"00:09:57:21";"00:09:57:21";"FABstFd Apothekerinnen auf die Straße.`!Æ"
"473";"00:09:57:21";"00:10:02:05";"In mehreren StÈadten gingen Apotheker

und Apothekerinnen auf die Straûe."
"474";"00:10:02:07";"00:10:02:07";"FABst­d Sie fordern höhere Honorare( ( un"
"475";"00:10:02:07";"00:10:02:07";"FABst0d weniger Bürokratie.`1>"
"476";"00:10:02:07";"00:10:05:20";"Sie fordern hÈohere Honorare

und weniger BÈurokratie."
"477";"00:10:05:24";"00:10:05:24";"FABst®L Gesundheitsminister Lauterbachÿÿ["
"478";"00:10:05:24";"00:10:08:19";"Gesundheitsminister Lauterbach"
"479";"00:10:09:01";"00:10:09:01";"FABst¯d sieht für Honorarsteigerungen ( ( keine4"
"480";"00:10:09:01";"00:10:09:01";"FABst8n finanziellen Spielraum.ÿÿ)ç2"
"481";"00:10:09:01";"00:10:13:04";"sieht fÈur Honorarsteigerungen

keinen finanziellen Spielraum."
"482";"00:10:14:06";"00:10:14:06";"FABst°d Das Europäische Parlament( ( hat sich ,"
"483";"00:10:14:06";"00:10:14:06";"FABst4auf einen Gesetzentwurfÿÿ-¼¦"
"484";"00:10:14:06";"00:10:17:18";"Das EuropÈaische Parlament

hat sich auf einen Gesetzentwurf"
"485";"00:10:17:20";"00:10:17:20";"FABst±J zum Einsatz von KI geeinigt.ÿÿPP"
"486";"00:10:17:20";"00:10:19:23";"zum Einsatz von KI geeinigt."
"487";"00:10:20:03";"00:10:20:03";"FABst²J Er sieht Risikogruppen vor:ÿÿeþ"
"488";"00:10:20:03";"00:10:22:06";"Er sieht Risikogruppen vor:"
"489";"00:10:22:08";"00:10:22:08";"FABst³d Je gefährlicher eine Anwendung( ( D¸"
"490";"00:10:22:08";"00:10:22:08";"FABst& sein könnte,ÿÿ;aÐ"
"491";"00:10:22:08";"00:10:25:05";"Je gefÈahrlicher eine Anwendung

sein kÈonnte,"
"492";"00:10:25:07";"00:10:25:07";"FABst´H desto höher die Auflagen.ÿÿñÊ"
"493";"00:10:25:07";"00:10:27:07";"desto hÈoher die Auflagen."
"494";"00:10:27:19";"00:10:27:19";"FABstµd Einige Techniken( ( sollen ganzÓH"
"495";"00:10:27:19";"00:10:27:19";"FABst* verboten werden -ÿÿ7á|"
"496";"00:10:27:19";"00:10:30:12";"Einige Techniken

sollen ganz verboten werden -"
"497";"00:10:30:14";"00:10:30:14";"FABst¶dwie automatische Gesichtserkennung( ( </u>6"
"498";"00:10:30:14";"00:10:30:14";"FABst2im öffentlichen Raum.ÿÿ/vv"
"499";"00:10:30:14";"00:10:34:10";"wie automatische Gesichtserkennung

im Èoffentlichen Raum."
"500";"00:10:35:13";"00:10:35:13";"FABst·d In China existiert sie,( ( die groÒ,"
"501";"00:10:35:13";"00:10:35:13";"FABst2ßflächige Überwachung.7j¤"
"502";"00:10:35:13";"00:10:38:13";"In China existiert sie,

die groûflÈachige ÈUberwachung."
"503";"00:10:38:15";"00:10:38:15";"FABst¸d Kameras kontrollieren die Bewohner( ( Tag ¯Ü"
"504";"00:10:38:15";"00:10:38:15";"FABstFund Nacht, wie hier in Shanghai.#É@"
"505";"00:10:38:15";"00:10:42:15";"Kameras kontrollieren die Bewohner

Tag und Nacht, wie hier in Shanghai."
"506";"00:10:42:17";"00:10:42:17";"FABst¹dWer etwa seinen Müll falsch entsorgt( ( o*"
"507";"00:10:42:17";"00:10:42:17";"FABstBder Verkehrsregeln missachtet,ÿÿÕÄ"
"508";"00:10:42:17";"00:10:46:13";"Wer etwa seinen MÈull falsch entsorgt

oder Verkehrsregeln missachtet,"
"509";"00:10:46:15";"00:10:46:15";"FABstºL wird registriert und bestraft.ÿÿ:"
"510";"00:10:46:15";"00:10:48:09";"wird registriert und bestraft."
"511";"00:10:48:11";"00:10:48:11";"FABst»TMöglich wird diese MassenüberwachungÿÿHl"
"512";"00:10:48:11";"00:10:50:15";"MÈoglich wird diese MassenÈuberwachung"
"513";"00:10:50:17";"00:10:50:17";"FABst¼d durch Künstliche Intelligenz( ( und biomIÈ"
"514";"00:10:50:17";"00:10:50:17";"FABst<etrische Gesichtserkennung.ÿÿ%¼z"
"515";"00:10:50:17";"00:10:54:08";"durch KÈunstliche Intelligenz

und biometrische Gesichtserkennung."
"516";"00:10:54:09";"00:10:54:09";"FABst½d Das EU-Parlament will solch( ( eine Nuä>"
"517";"00:10:54:09";"00:10:54:09";"FABstBtzung in Europa nun verbieten.ÿÿÒ,"
"518";"00:10:54:09";"00:10:58:09";"Das EU-Parlament will solch

eine Nutzung in Europa nun verbieten."
"519";"00:11:00:20";"00:11:00:20";"FABst¾L Auch in der EU gibt es Länder,ôL"
"520";"00:11:00:20";"00:11:02:24";"Auch in der EU gibt es LÈander,"
"521";"00:11:03:01";"00:11:03:01";"FABst¿d die Probleme( ( mit RechtstaaÑ"
"522";"00:11:03:01";"00:11:03:01";"FABst&tlichkeit haben.C"
"523";"00:11:03:01";"00:11:05:13";"die Probleme

mit Rechtstaatlichkeit haben."
"524";"00:11:05:15";"00:11:05:15";"FABstÀF Wir müssen entscheiden,ÿÿÉ"
"525";"00:11:05:15";"00:11:07:08";"Wir mÈussen entscheiden,"
"526";"00:11:07:10";"00:11:07:10";"FABstÁd wie wir als liberale Demokratie( ( mit ÔÖ"
"527";"00:11:07:10";"00:11:07:10";"FABst<Technologie umgehen wollen.ÿÿ%ã¦"
"528";"00:11:07:10";"00:11:11:01";"wie wir als liberale Demokratie

mit Technologie umgehen wollen."
"529";"00:11:11:03";"00:11:11:03";"FABstÂdÜberwachung durch KI-Technologie ( ( kenn'r"
"530";"00:11:11:03";"00:11:11:03";"FABst@en wir aus Ländern wie China.ÿÿ!o"
"531";"00:11:11:03";"00:11:14:22";"ÈUberwachung durch KI-Technologie

kennen wir aus LÈandern wie China."
"532";"00:11:14:24";"00:11:14:24";"FABstÃTDas hat in der EU nichts zu suchen.ÿÿ;T"
"533";"00:11:14:24";"00:11:17:13";"Das hat in der EU nichts zu suchen."
"534";"00:11:18:08";"00:11:18:08";"FABstÄd Die europäischen Christdemokraten( ( wolP"
"535";"00:11:18:08";"00:11:18:08";"FABst>lten das Verbot abschwächen.ÿÿ#KÐ"
"536";"00:11:18:08";"00:11:22:02";"Die europÈaischen Christdemokraten

wollten das Verbot abschwÈachen."
"537";"00:11:22:04";"00:11:22:04";"FABstÅB In bestimmten FällenÿÿÁê"
"538";"00:11:22:04";"00:11:23:18";"In bestimmten FÈallen"
"539";"00:11:23:20";"00:11:23:20";"FABstÆd sollten Behörden( ( eine ÜberwacíÄ"
"540";"00:11:23:20";"00:11:23:20";"FABst,hung nutzen dürfen.ÿÿ5WÌ"
"541";"00:11:23:20";"00:11:26:15";"sollten BehÈorden

eine ÈUberwachung nutzen dÈurfen."
"542";"00:11:26:19";"00:11:26:19";"FABstÇd Wir hätten uns gewünscht,( ( dass manÓ"
"543";"00:11:26:19";"00:11:26:19";"FABst8 bei den Anwendungsfällen1a"
"544";"00:11:26:19";"00:11:30:23";"Wir hÈatten uns gewÈunscht,

dass man bei den AnwendungsfÈallen"
"545";"00:11:31:00";"00:11:31:00";"FABstÈd auch vermisste Kinder( ( eÎ¶"
"546";"00:11:31:00";"00:11:31:00";"FABst rkennen kann.Iâ"
"547";"00:11:31:00";"00:11:33:20";"auch vermisste Kinder

erkennen kann."
"548";"00:11:35:11";"00:11:35:11";"FABstÉd Dass wir terroristische Akte( ( durù("
"549";"00:11:35:11";"00:11:35:11";"FABst0ch KI besser erkennenÿÿ1ÇÎ"
"550";"00:11:35:11";"00:11:39:07";"Dass wir terroristische Akte

durch KI besser erkennen"
"551";"00:11:39:18";"00:11:39:18";"FABstÊd und schwerwiegende Kriminalität( ( ="
"552";"00:11:39:18";"00:11:39:18";"FABst2damit angehen können.ÿÿ/X"
"553";"00:11:39:18";"00:11:43:17";"und schwerwiegende KriminalitÈat

damit angehen kÈonnen."
"554";"00:11:44:20";"00:11:44:20";"FABstËd Für die Echtzeitüberwachung( ( gab e­("
"555";"00:11:44:20";"00:11:44:20";"FABst6s jedoch keine Mehrheit.ÿÿ+Ì"
"556";"00:11:44:20";"00:11:48:03";"FÈur die EchtzeitÈuberwachung

gab es jedoch keine Mehrheit."
"557";"00:11:48:05";"00:11:48:05";"FABstÌd Behörden sollen aber( ( aufgezeichn."
"558";"00:11:48:05";"00:11:48:05";"FABst2ete Überwachungsbilderÿÿ/ü"
"559";"00:11:48:05";"00:11:51:07";"BehÈorden sollen aber

aufgezeichnete ÈUberwachungsbilder"
"560";"00:11:51:09";"00:11:51:09";"FABstÍd mit KI untersuchen dürfen ( ( nach f"
"561";"00:11:51:09";"00:11:51:09";"FABst6richterlichem Beschluss.ÿÿ+Í^"
"562";"00:11:51:09";"00:11:54:14";"mit KI untersuchen dÈurfen Ð

nach richterlichem Beschluss."
"563";"00:11:54:16";"00:11:54:16";"FABstÎd Außerdem soll es Regeln geben( ( N"
"564";"00:11:54:16";"00:11:54:16";"FABst,für KI-Programme,ÿÿ5cî"
"565";"00:11:54:16";"00:11:57:09";"Auûerdem soll es Regeln geben

fÈur KI-Programme,"
"566";"00:11:57:11";"00:11:57:11";"FABstÏd die solche( ( künstlichen InhÐ"
"567";"00:11:57:11";"00:11:57:11";"FABst$alte erstellen.ÿÿ="
"568";"00:11:57:11";"00:11:59:23";"die solche

kÈunstlichen Inhalte erstellen."
"569";"00:12:00:00";"00:12:00:00";"FABstÐd Ein Angriff auf den Papst -( ( täuschendRÒ"
"570";"00:12:00:00";"00:12:00:00";"FABst8 echt, aber nie passiert.ÿÿ)^"
"571";"00:12:00:00";"00:12:03:13";"Ein Angriff auf den Papst -

tÈauschend echt, aber nie passiert."
"572";"00:12:03:15";"00:12:03:15";"FABstÑP Oder ein gestürzter US-Präsident.ÿÿg"
"573";"00:12:03:15";"00:12:05:19";"Oder ein gestÈurzter US-PrÈasident."
"574";"00:12:05:21";"00:12:05:21";"FABstÒdSolche Inhalte sollen durch digitale( ( Was¤"
"575";"00:12:05:21";"00:12:05:21";"FABstHserzeichen gekennzeichnet werden,ÿÿ</u>"
"576";"00:12:05:21";"00:12:10:01";"Solche Inhalte sollen durch digitale

Wasserzeichen gekennzeichnet werden,"
"577";"00:12:10:03";"00:12:10:03";"FABstÓN um Desinformation zu verhindern.ÿÿc\"
"578";"00:12:10:03";"00:12:12:02";"um Desinformation zu verhindern."
"579";"00:12:13:04";"00:12:13:04";"FABstÔJ Mehr Kultur für junge Leute.ÿÿ£H"
"580";"00:12:13:04";"00:12:15:03";"Mehr Kultur fÈur junge Leute."
"581";"00:12:15:04";"00:12:15:04";"FABstÕd Ein ungewöhnliches Angebot( ( macht di,"
"582";"00:12:15:04";"00:12:15:04";"FABst6e Bundesregierung allen,ÿÿ+
ø"
"583";"00:12:15:04";"00:12:18:17";"Ein ungewÈohnliches Angebot

macht die Bundesregierung allen,"
"584";"00:12:18:19";"00:12:18:19";"FABstÖTdie dieses Jahr 18 Jahre alt werden:ÿÿ+"
"585";"00:12:18:19";"00:12:21:05";"die dieses Jahr 18 Jahre alt werden:"
"586";"00:12:21:07";"00:12:21:07";"FABst×d Über eine App können sie sich ( ( für de>ö"
"587";"00:12:21:07";"00:12:21:07";"FABst:n KulturPass registrieren.ÿÿ'¹þ"
"588";"00:12:21:07";"00:12:25:10";"ÈUber eine App kÈonnen sie sich

fÈur den KulturPass registrieren."
"589";"00:12:25:19";"00:12:25:19";"FABstØd Damit erhalten sie 200 Euro ( ( für KT<"
"590";"00:12:25:19";"00:12:25:19";"FABst4ulturangebote wie Kino,ÿÿ-û¬"
"591";"00:12:25:19";"00:12:29:10";"Damit erhalten sie 200 Euro

fÈur Kulturangebote wie Kino,"
"592";"00:12:29:12";"00:12:29:12";"FABstÙd Theater, Konzerte, Bücher( ("
"593";"00:12:29:12";"00:12:29:12";"FABst&und vieles mehr.ÿÿ;³ü"
"594";"00:12:29:12";"00:12:32:05";"Theater, Konzerte, BÈucher

und vieles mehr."
"595";"00:12:35:11";"00:12:35:11";"FABstÚdKultur gratis mit wenigen Klicks -( ( das±>"
"596";"00:12:35:11";"00:12:35:11";"FABst< verspricht der KulturPass.-<u>Ö"
"597";"00:12:35:11";"00:12:39:09";"Kultur gratis mit wenigen Klicks -

das verspricht der KulturPass."
"598";"00:12:39:13";"00:12:39:13";"FABstÛd Mit einem digital lesbaren( ( Personaø"
"599";"00:12:39:13";"00:12:39:13";"FABst4lausweis erhalten alle,5ßh"
"600";"00:12:39:13";"00:12:42:23";"Mit einem digital lesbaren

Personalausweis erhalten alle,"
"601";"00:12:43:00";"00:12:43:00";"FABstÜddie 2023 ihren 18. Geburtstag feiern,( ( 2ÀÆ"
"602";"00:12:43:00";"00:12:43:00";"FABstJ00 Euro Guthaben für Kunst und Co.ÿÿyB"
"603";"00:12:43:00";"00:12:47:20";"die 2023 ihren 18. Geburtstag feiern,

200 Euro Guthaben fÈur Kunst und Co."
"604";"00:12:48:06";"00:12:48:06";"FABstÝd Vereinzelt kam es am Starttag( ( zu®l"
"605";"00:12:48:06";"00:12:48:06";"FABst4 technischen Problemen.ÿÿ-ôØ"
"606";"00:12:48:06";"00:12:51:17";"Vereinzelt kam es am Starttag

zu technischen Problemen."
"607";"00:12:51:22";"00:12:51:22";"FABstÞJ Ich finde das Konzept super.6"
"608";"00:12:51:22";"00:12:54:00";"Ich finde das Konzept super."
"609";"00:12:54:02";"00:12:54:02";"FABstßd Es hat nur bei mir ( ( nichÞ0"
"610";"00:12:54:02";"00:12:54:02";"FABst$t funktioniert.EãZ"
"611";"00:12:54:02";"00:12:56:15";"Es hat nur bei mir

nicht funktioniert."
"612";"00:12:56:17";"00:12:56:17";"FABstàd Ich habe auch( ( von vielen a¯¦"
"613";"00:12:56:17";"00:12:56:17";"FABst"nderen gehört,ÿÿ?p"
"614";"00:12:56:17";"00:12:59:13";"Ich habe auch

von vielen anderen gehÈort,"
"615";"00:12:59:15";"00:12:59:15";"FABstád dass es nicht geklappt hat -( ( ÝØ"
"616";"00:12:59:15";"00:12:59:15";"FABst*bei anderen schon.ÿÿ7¾<i>"
"617";"00:12:59:15";"00:13:02:06";"dass es nicht geklappt hat -

bei anderen schon."
"618";"00:13:02:08";"00:13:02:08";"FABstâTIch freue mich über den KulturPass.</i><i>"
"619";"00:13:02:08";"00:13:04:09";"Ich freue mich Èuber den KulturPass."
"620";"00:13:04:11";"00:13:04:11";"FABstãd Über soziale Medien( ( habe ich X¶"
"621";"00:13:04:11";"00:13:04:11";"FABst(davon mitbekommenA»Ò"
"622";"00:13:04:11";"00:13:07:01";"ÈUber soziale Medien

habe ich davon mitbekommen"
"623";"00:13:07:03";"00:13:07:03";"FABstäF und über meine Freunde.ÿÿ«~"
"624";"00:13:07:03";"00:13:08:19";"und Èuber meine Freunde."
"625";"00:13:08:20";"00:13:08:20";"FABståd Ich würde damit( ( gerne ins MusYr"
"626";"00:13:08:20";"00:13:08:20";"FABst.eum oder Kino gehen.;Àà"
"627";"00:13:08:20";"00:13:11:14";"Ich wÈurde damit

gerne ins Museum oder Kino gehen."
"628";"00:13:11:16";"00:13:11:16";"FABstæd Ob Kino oder Konzerte ( ( bei bundeswô"
"629";"00:13:11:16";"00:13:11:16";"FABst4eit über 5000 Anbieternÿÿ-lÊ"
"630";"00:13:11:16";"00:13:14:23";"Ob Kino oder Konzerte Ð

bei bundesweit Èuber 5000 Anbietern"
"631";"00:13:15:00";"00:13:15:00";"FABstçd können die jungen Erwachsenen( ( i#"
"632";"00:13:15:00";"00:13:15:00";"FABst0hr Guthaben einlösen:ÿÿ1j^"
"633";"00:13:15:00";"00:13:17:24";"kÈonnen die jungen Erwachsenen

ihr Guthaben einlÈosen:"
"634";"00:13:18:01";"00:13:18:01";"FABstèd Von der Notenbuchhandlung bis zum ( ( Deut°Î"
"635";"00:13:18:01";"00:13:18:01";"FABstFschen Fußballmuseum in Dortmund.ÿÿØ"
"636";"00:13:18:01";"00:13:22:00";"Von der Notenbuchhandlung bis zum

Deutschen Fuûballmuseum in Dortmund."
"637";"00:13:22:02";"00:13:22:02";"FABstéd Nach der belastenden Pandemie ( ( will KªÄ"
"638";"00:13:22:02";"00:13:22:02";"FABst:ulturstaatsministerin Rothÿÿ'j"
"639";"00:13:22:02";"00:13:25:16";"Nach der belastenden Pandemie

will Kulturstaatsministerin Roth"
"640";"00:13:25:18";"00:13:25:18";"FABstêF so die Branche fördern.ÿÿ"
"641";"00:13:25:18";"00:13:27:13";"so die Branche fÈordern."
"642";"00:13:27:17";"00:13:27:17";"FABstëdAuch junge Menschen haben massiv( ( untº"
"643";"00:13:27:17";"00:13:27:17";"FABst8er der Pandemie gelitten.1¨"
"644";"00:13:27:17";"00:13:31:17";"Auch junge Menschen haben massiv

unter der Pandemie gelitten."
"645";"00:13:31:19";"00:13:31:19";"FABstìd Für die soll der KulturPass( ( $¾"
"646";"00:13:31:19";"00:13:31:19";"FABst" so wirken,G</i>n"
"647";"00:13:31:19";"00:13:34:18";"FÈur die soll der KulturPass

so wirken,"
"648";"00:13:34:21";"00:13:34:21";"FABstíd wie eine Art Interrail-Ticket( ( º8"
"649";"00:13:34:21";"00:13:34:21";"FABst( in die Kultur.ÿÿ9¼Æ"
"650";"00:13:34:21";"00:13:38:05";"wie eine Art Interrail-Ticket

in die Kultur."
"651";"00:13:39:16";"00:13:39:16";"FABstîd Dass sie inspiriert werden,( ( µ~"
"652";"00:13:39:16";"00:13:39:16";"FABst$ rauszugehen.ÿÿ=</i>ä"
"653";"00:13:39:16";"00:13:42:10";"Dass sie inspiriert werden,

rauszugehen."
"654";"00:13:43:05";"00:13:43:05";"FABstïdEin Impuls für 750.000 18-Jährige,( ( wieì"
"655";"00:13:43:05";"00:13:43:05";"FABst<der mehr Kultur zu erleben.ÿÿ%â"
"656";"00:13:43:05";"00:13:47:14";"Ein Impuls fÈur 750.000 18-JÈahrige,

wieder mehr Kultur zu erleben."
"657";"00:13:48:13";"00:13:48:13";"FABstðdEgal ob sie ihr Guthaben für Bücher,( ( KlaÏD"
"658";"00:13:48:13";"00:13:48:13";"FABstJssik- oder Club-Konzerte ausgeben.ÿÿ¢¤"
"659";"00:13:48:13";"00:13:53:12";"Egal ob sie ihr Guthaben fÈur BÈucher,

Klassik- oder Club-Konzerte ausgeben."
"660";"00:13:53:14";"00:13:53:14";"FABstñd Zunächst fließen vom Bund( ( 100 Mio. <i>""
"661";"00:13:53:14";"00:13:53:14";"FABst4Euro in den KulturPass.ÿÿ-¯f"
"662";"00:13:53:14";"00:13:57:17";"ZunÈachst flieûen vom Bund

100 Mio. Euro in den KulturPass."
"663";"00:14:00:20";"00:14:00:20";"FABstòN Die Berliner StaatsanwaltschaftÿÿÄ"
"664";"00:14:00:20";"00:14:02:20";"Die Berliner Staatsanwaltschaft"
"665";"00:14:02:22";"00:14:02:22";"FABstód ermittelt gegen Rammstein-Sänger( ( Ä"
"666";"00:14:02:22";"00:14:02:22";"FABst& Lindemann.ÿÿ;¦"
"667";"00:14:02:22";"00:14:05:11";"ermittelt gegen Rammstein-SÈanger

Lindemann."
"668";"00:14:05:13";"00:14:05:13";"FABstôd Es geht um einen Anfangsverdacht( ( øö"
"669";"00:14:05:13";"00:14:05:13";"FABst0auf ein Sexualdeliktÿÿ1Ú¢"
"670";"00:14:05:13";"00:14:08:14";"Es geht um einen Anfangsverdacht

auf ein Sexualdelikt"
"671";"00:14:08:16";"00:14:08:16";"FABstõF und um Betäubungsmittel.ÿÿ
¸"
"672";"00:14:08:16";"00:14:10:13";"und um BetÈaubungsmittel."
"673";"00:14:10:15";"00:14:10:15";"FABstöd In den vergangenen Tagen( ( hattL"
"674";"00:14:10:15";"00:14:10:15";"FABst*en mehrere Frauen ÿÿ7È"
"675";"00:14:10:15";"00:14:13:05";"In den vergangenen Tagen

hatten mehrere Frauen"
"676";"00:14:13:07";"00:14:13:07";"FABst÷d Vorwürfe gegen Lindemann erhoben,( ( und SÔ"
"677";"00:14:13:07";"00:14:13:07";"FABst@teilweise Anzeige erstattet. ÿÿ!Àb"
"678";"00:14:13:07";"00:14:17:12";"VorwÈurfe gegen Lindemann erhoben,

und teilweise Anzeige erstattet."
"679";"00:14:18:08";"00:14:18:08";"FABstød Gut einen Monat vor Beginn( ( der FÎè"
"680";"00:14:18:08";"00:14:18:08";"FABst0ußball-WM der Frauen ÿÿ1h"
"681";"00:14:18:08";"00:14:21:20";"Gut einen Monat vor Beginn

der Fuûball-WM der Frauen"
"682";"00:14:21:22";"00:14:21:22";"FABstùd haben sich ARD und ZDF( ( die Übertr(B"
"683";"00:14:21:22";"00:14:21:22";"FABst4agungsrechte gesichert.ÿÿ-Ð"
"684";"00:14:21:22";"00:14:25:15";"haben sich ARD und ZDF

die ÈUbertragungsrechte gesichert."
"685";"00:14:25:19";"00:14:25:19";"FABstúdNach der Einigung mit der FIFA und ( ( der ("
"686";"00:14:25:19";"00:14:25:19";"FABstDEuropäischen Rundfunkunion EBU:ÿÿ7î"
"687";"00:14:25:19";"00:14:31:04";"Nach der Einigung mit der FIFA und

der EuropÈaischen Rundfunkunion EBU:"
"688";"00:14:31:08";"00:14:31:08";"FABstûd Alle Spiele werden live( ( im öffentli_t"
"689";"00:14:31:08";"00:14:31:08";"FABst4ch-rechtlichen Programmÿÿ-¦Þ"
"690";"00:14:31:08";"00:14:34:17";"Alle Spiele werden live

im Èoffentlich-rechtlichen Programm"
"691";"00:14:34:19";"00:14:34:19";"FABstü< zu sehen sein.ÿÿ!A^"
"692";"00:14:34:19";"00:14:36:00";"zu sehen sein."
"693";"00:14:36:02";"00:14:36:02";"FABstýd Die WM findet( ( zwischen dem 20õ²"
"694";"00:14:36:02";"00:14:36:02";"FABst(.7. und dem 20.8.ÿÿ9Â"
"695";"00:14:36:02";"00:14:39:04";"Die WM findet

zwischen dem 20.7. und dem 20.8."
"696";"00:14:39:06";"00:14:39:06";"FABstþRin Australien und Neuseeland statt.ÿÿv¸"
"697";"00:14:39:06";"00:14:41:22";"in Australien und Neuseeland statt."
"698";"00:14:43:08";"00:14:43:08";"FABstÿ> Die Lottozahlen:ÿÿè"
"699";"00:14:43:08";"00:14:44:17";"Die Lottozahlen:"
"700";"00:15:01:23";"00:15:01:23";"FABstd Die Wettervorhersage für morgen,( ( Do,"
"701";"00:15:01:23";"00:15:01:23";"FABst4nnerstag, den 15. Juni:ÿÿ-©8"
"702";"00:15:01:23";"00:15:05:20";"Die Wettervorhersage fÈur morgen,

Donnerstag, den 15. Juni:"
"703";"00:15:08:16";"00:15:08:16";"FABstdDen östlichen Landesteilen bringt ( ( das T@"
"704";"00:15:08:16";"00:15:08:16";"FABst@ief über Polen und Tschechienÿÿ!h"
"705";"00:15:08:16";"00:15:12:15";"Den Èostlichen Landesteilen bringt

das Tief Èuber Polen und Tschechien"
"706";"00:15:12:17";"00:15:12:17";"FABstd etwas Nass,( ( ansonsten bleiJ"
"707";"00:15:12:17";"00:15:12:17";"FABst"bt es trocken.ÿÿ?´"
"708";"00:15:12:17";"00:15:15:05";"etwas Nass,

ansonsten bleibt es trocken."
"709";"00:15:15:07";"00:15:15:07";"FABstd Heute Nacht einige Wolkenfelder( ( à"
"710";"00:15:15:07";"00:15:15:07";"FABst. in der Osthälfte,ÿÿ3WØ"
"711";"00:15:15:07";"00:15:18:06";"Heute Nacht einige Wolkenfelder

in der OsthÈalfte,"
"712";"00:15:18:08";"00:15:18:08";"FABstd sonst lösen sich( ( die Quellwo¬"
"713";"00:15:18:08";"00:15:18:08";"FABst(lken vom Tag auf.ÿÿ9ª*"
"714";"00:15:18:08";"00:15:21:01";"sonst lÈosen sich

die Quellwolken vom Tag auf."
"715";"00:15:21:03";"00:15:21:03";"FABstd Der Tag beginnt( ( Richtung Westb"
"716";"00:15:21:03";"00:15:21:03";"FABst.en und Süden sonnig,ÿÿ3Zü"
"717";"00:15:21:03";"00:15:24:12";"Der Tag beginnt

Richtung Westen und SÈuden sonnig,"
"718";"00:15:24:14";"00:15:24:14";"FABstN später kommen Quellwolken hinzu.ÿÿ3Æ"
"719";"00:15:24:14";"00:15:26:20";"spÈater kommen Quellwolken hinzu."
"720";"00:15:26:22";"00:15:26:22";"FABstd Im Osten dichtere Wolken,( ( örtlich À"
"721";"00:15:26:22";"00:15:26:22";"FABst2Schauer oder Gewitter.ÿÿ/²l"
"722";"00:15:26:22";"00:15:30:15";"Im Osten dichtere Wolken,

Èortlich Schauer oder Gewitter."
"723";"00:15:40:01";"00:15:40:01";"FABstd Am Freitag Sonnenschein ( ( im Wec"
"724";"00:15:40:01";"00:15:40:01";"FABst,sten und Südwesten.ÿÿ5|¾"
"725";"00:15:40:01";"00:15:43:08";"Am Freitag Sonnenschein

im Westen und SÈudwesten."
"726";"00:15:43:11";"00:15:43:11";"FABstTNach Osten hin Schauer und Gewitter.ÿÿ¹²"
"727";"00:15:43:11";"00:15:46:02";"Nach Osten hin Schauer und Gewitter."
"728";"00:15:47:19";"00:15:47:19";"FABstB Ähnlich am Samstag.ÿÿü"
"729";"00:15:47:19";"00:15:49:07";"ÈAhnlich am Samstag."
"730";"00:15:49:10";"00:15:49:10";"FABstd Am Sonntag oft sonnig,( ( im äußeÚ"
"731";"00:15:49:10";"00:15:49:10";"FABst.rsten Osten Schauer.ÿÿ3¸ê"
"732";"00:15:49:10";"00:15:52:22";"Am Sonntag oft sonnig,

im Èauûersten Osten Schauer."
"733";"00:15:55:16";"00:15:55:16";"FABstdIn den tagesthemen um 22.15 Uhr fragt( ( He~"
"734";"00:15:55:16";"00:15:55:16";"FABstLlge Fuhst Außenministerin Baerbock,ÿÿOò"
"735";"00:15:55:16";"00:16:00:04";"In den tagesthemen um 22.15 Uhr fragt

Helge Fuhst Auûenministerin Baerbock,"
"736";"00:16:00:08";"00:16:00:08";"FABstd wie die neue Sicherheitsstrategie( ( ihx"
"737";"00:16:00:08";"00:16:00:08";"FABst:re Politik verändern wird.ÿÿ'[*"
"738";"00:16:00:08";"00:16:04:07";"wie die neue Sicherheitsstrategie

ihre Politik verÈandern wird."
"739";"00:16:04:09";"00:16:04:09";"FABstd Und wir blicken auf Heidelberg,( ( wo es $""
"740";"00:16:04:09";"00:16:04:09";"FABst@schon eine Wärmeplanung gibt.ÿÿ!Bx"
"741";"00:16:04:09";"00:16:08:24";"Und wir blicken auf Heidelberg,

wo es schon eine WÈarmeplanung gibt."
"742";"00:16:10:03";"00:16:10:03";"FABstd Ich wünsche Ihnen ( ( einen ®"
"743";"00:16:10:03";"00:16:10:03";"FABst"schönen Abend.ÿÿ?Yf"
"744";"00:16:10:03";"00:16:12:20";"Ich wÈunsche Ihnen

einen schÈonen Abend."
"745";"00:16:16:06";"00:16:16:06";"FABstLCopyright Untertitel: NDR 2023ÿÿþ"
"746";"00:16:16:06";"00:16:18:15";"Copyright Untertitel: NDR 2023"
