No.;Timecode In;Timecode Out;Subtitle
"1";"00:00:03:00";"00:00:03:00";"FABst6 * Gong *ÿÿZZZZZZZZZZ¥¥ã¥¥¥¥¥6"
"2";"00:00:03:00";"00:00:03:00";"FABst¥¥¥æ¥¥ã¥¥¥ç¥¥§ª¦ªîªªªG¦"
"3";"00:00:03:00";"00:00:04:05";"* Gong *"
"4";"00:00:04:08";"00:00:04:08";"FABstdHier ist das Erste Deutsche Fernsehen( ( 9"
"5";"00:00:04:08";"00:00:04:08";"FABst: mit der tagesschau.ÿÿ'õþ"
"6";"00:00:04:08";"00:00:07:19";"Hier ist das Erste Deutsche Fernsehen

mit der tagesschau."
"7";"00:00:07:21";"00:00:07:21";"FABstd Diese Sendung wurde Vom NDR( ( live af"
"8";"00:00:07:21";"00:00:07:21";"FABst6untertitelt (22.05.2023)ÿÿ+»¬"
"9";"00:00:07:21";"00:00:12:21";"Diese Sendung wurde Vom NDR

live untertitelt (22.05.2023)"
"10";"00:00:14:23";"00:00:14:23";"FABstd Heute im Studio:( ( Jen>"
"11";"00:00:14:23";"00:00:14:23";"FABsts Riewa.ÿÿKj"
"12";"00:00:14:23";"00:00:17:01";"Heute im Studio:

Jens Riewa."
"13";"00:00:17:23";"00:00:17:23";"FABstd Guten Abend,( ( ich begrüße Si3¦"
"14";"00:00:17:23";"00:00:17:23";"FABst(e zur tagesschau.ÿÿ9Â"
"15";"00:00:17:23";"00:00:21:10";"Guten Abend,

ich begrÈuûe Sie zur tagesschau."
"16";"00:00:21:23";"00:00:21:23";"FABstd Nach der Entlassung( ( von Staa"
"17";"00:00:21:23";"00:00:21:23";"FABst,tssekretär Graichenÿÿ5f<i>"
"18";"00:00:21:23";"00:00:24:18";"Nach der Entlassung

von StaatssekretÈar Graichen"
"19";"00:00:24:20";"00:00:24:20";"FABstd steht dessen Nachfolger( ( im Wirts:"
"20";"00:00:24:20";"00:00:24:20";"FABst4chaftsministerium fest:ÿÿ-</u>¬"
"21";"00:00:24:20";"00:00:28:03";"steht dessen Nachfolger

im Wirtschaftsministerium fest:"
"22";"00:00:28:05";"00:00:28:05";"FABstdDer Grünen-Politiker Nimmermann (57)( ( <u>"
"23";"00:00:28:05";"00:00:28:05";"FABst>wird den Posten übernehmen,ÿÿ#/$"
"24";"00:00:28:05";"00:00:31:23";"Der GrÈunen-Politiker Nimmermann (57)

wird den Posten Èubernehmen,"
"25";"00:00:32:00";"00:00:32:00";"FABstd Damit auch die Weichenstellungen ( ( für dþò"
"26";"00:00:32:00";"00:00:32:00";"FABstBas umstrittene Heizungsgesetz.ÿÿÍ"
"27";"00:00:32:00";"00:00:36:01";"Damit auch die Weichenstellungen

fÈur das umstrittene Heizungsgesetz."
"28";"00:00:36:03";"00:00:36:03";"FABstd Er wechselt aus dem hessischen( ( Wirtschaæ"
"29";"00:00:36:03";"00:00:36:03";"FABst>aftsministerium nach Berlin.ÿÿ#²"
"30";"00:00:36:03";"00:00:40:17";"Er wechselt aus dem hessischen

Wirtschaftsministerium nach Berlin."
"31";"00:00:40:19";"00:00:40:19";"FABstd Laut Wirtschaftsminister Habeck( ( wird N#"
"32";"00:00:40:19";"00:00:40:19";"FABstBimmermann mit "frischem Blick"ÿÿÐ"
"33";"00:00:40:19";"00:00:45:02";"Laut Wirtschaftsminister Habeck

wird Nimmermann mit "frischem Blick""
"34";"00:00:45:04";"00:00:45:04";"FABstH Prozesse neu durchdenken.ÿÿÒ"
"35";"00:00:45:04";"00:00:46:24";"Prozesse neu durchdenken."
"36";"00:00:48:06";"00:00:48:06";"FABstd Hier zieht bald( ( ein neuer Sta è"
"37";"00:00:48:06";"00:00:48:06";"FABst(atssekretär ein A.T"
"38";"00:00:48:06";"00:00:51:05";"Hier zieht bald

ein neuer StaatssekretÈar ein Ð"
"39";"00:00:51:07";"00:00:51:07";"FABstP der Ex-Banker Philipp Nimmermann.¯"
"40";"00:00:51:07";"00:00:53:18";"der Ex-Banker Philipp Nimmermann."
"41";"00:00:53:20";"00:00:53:20";"FABstd Er war schon im Finanzministerium( ( Kú"
"42";"00:00:53:20";"00:00:53:20";"FABst4in Schleswig-Holstein,ÿÿ-¬t"
"43";"00:00:53:20";"00:00:57:09";"Er war schon im Finanzministerium

in Schleswig-Holstein,"
"44";"00:00:57:11";"00:00:57:11";"FABstd wechselte dann( ( ins hessische }ü"
"45";"00:00:57:11";"00:00:57:11";"FABst4Wirtschaftsministerium.ÿÿ-øü"
"46";"00:00:57:11";"00:01:00:15";"wechselte dann

ins hessische Wirtschaftsministerium."
"47";"00:01:00:17";"00:01:00:17";"FABstF Robert Habeck zufrieden:ÿÿÝ"
"48";"00:01:00:17";"00:01:02:08";"Robert Habeck zufrieden:"
"49";"00:01:02:10";"00:01:02:10";"FABstd Er ist ein erfahrener( ( Ve;$"
"50";"00:01:02:10";"00:01:02:10";"FABst"rwaltungschef,GÊ"
"51";"00:01:02:10";"00:01:04:20";"Er ist ein erfahrener

Verwaltungschef,"
"52";"00:01:04:22";"00:01:04:22";"FABstRseit vielen Jahren Staatssekretär.+8"
"53";"00:01:04:22";"00:01:07:10";"seit vielen Jahren StaatssekretÈar."
"54";"00:01:07:12";"00:01:07:12";"FABstd Ein Kenner von Energiemärkten( (  "
"55";"00:01:07:12";"00:01:07:12";"FABst0und ein guter Ökonom,ÿÿ12Ì"
"56";"00:01:07:12";"00:01:11:04";"Ein Kenner von EnergiemÈarkten

und ein guter ÈOkonom,"
"57";"00:01:11:07";"00:01:11:07";"FABstd der die Energiewende( ( mit Leidens?ð"
"58";"00:01:11:07";"00:01:11:07";"FABst2chaft bereichern wird.ÿÿ/¥f"
"59";"00:01:11:07";"00:01:15:14";"der die Energiewende

mit Leidenschaft bereichern wird."
"60";"00:01:16:16";"00:01:16:16";"FABstdStatt Leidenschaft könnte der Neue( ( eher"
"61";"00:01:16:16";"00:01:16:16";"FABst> Leidensfähigkeit brauchen, ÿÿ#Sæ"
"62";"00:01:16:16";"00:01:20:18";"Statt Leidenschaft kÈonnte der Neue

eher LeidensfÈahigkeit brauchen,"
"63";"00:01:20:20";"00:01:20:20";"FABstd denn bei dem Thema Heizungsgesetz( ( hat"
"64";"00:01:20:20";"00:01:20:20";"FABst> sich die Koalition verhakt.ÿÿ#N"
"65";"00:01:20:20";"00:01:24:16";"denn bei dem Thema Heizungsgesetz

hat sich die Koalition verhakt."
"66";"00:01:24:18";"00:01:24:18";"FABstd Die FDP fordert,( ( das Gesetz ko@"
"67";"00:01:24:18";"00:01:24:18";"FABst.mplett umzuarbeiten:ÿÿ3ë"
"68";"00:01:24:18";"00:01:28:08";"Die FDP fordert,

das Gesetz komplett umzuarbeiten:"
"69";"00:01:28:24";"00:01:28:24";"FABstd Wenn man sich anschaut, ( ( was aPþ"
"70";"00:01:28:24";"00:01:28:24";"FABst,uf dem Tisch liegt,=¬@"
"71";"00:01:28:24";"00:01:32:14";"Wenn man sich anschaut,

was auf dem Tisch liegt,"
"72";"00:01:33:10";"00:01:33:10";"FABstJ ist es eine große Baustelle.xú"
"73";"00:01:33:10";"00:01:35:18";"ist es eine groûe Baustelle."
"74";"00:01:36:23";"00:01:36:23";"FABstL Ich kann mir nicht vorstellen,ÿÿè°"
"75";"00:01:36:23";"00:01:39:00";"Ich kann mir nicht vorstellen,"
"76";"00:01:39:02";"00:01:39:02";"FABstd dass wir vor der Sommerpause ( ( ein A¸"
"77";"00:01:39:02";"00:01:39:02";"FABst8Ergebnis erzielen können.ÿÿ)a:"
"78";"00:01:39:02";"00:01:43:12";"dass wir vor der Sommerpause

ein Ergebnis erzielen kÈonnen."
"79";"00:01:44:20";"00:01:44:20";"FABstdEs gibt beim geplanten Heizungsgesetz( ( b¶"
"80";"00:01:44:20";"00:01:44:20";"FABst> noch viele Streitpunkte.ÿÿ#Ò"
"81";"00:01:44:20";"00:01:49:04";"Es gibt beim geplanten Heizungsgesetz

noch viele Streitpunkte."
"82";"00:01:59:04";"00:01:59:04";"FABstN Das grüne Wirtschaftsministeriumÿÿv"
"83";"00:01:59:04";"00:02:01:10";"Das grÈune Wirtschaftsministerium"
"84";"00:02:01:12";"00:02:01:12";"FABstd zeigt sich bei einigen Details( ( <"
"85";"00:02:01:12";"00:02:01:12";"FABst*kompromissbereit.ÿÿ7Øô"
"86";"00:02:01:12";"00:02:04:14";"zeigt sich bei einigen Details

kompromissbereit."
"87";"00:02:04:16";"00:02:04:16";"FABst d Das Gesetz soll aber schnell( ( in den H:"
"88";"00:02:04:16";"00:02:04:16";"FABst:Bundestag gebracht werden.ÿÿ'p"
"89";"00:02:04:16";"00:02:08:08";"Das Gesetz soll aber schnell

in den Bundestag gebracht werden."
"90";"00:02:08:10";"00:02:08:10";"FABst!d Alle Streitpunkte könne man( ( iÝ""
"91";"00:02:08:10";"00:02:08:10";"FABst,m Parlament klären,ÿÿ5s"
"92";"00:02:08:10";"00:02:11:10";"Alle Streitpunkte kÈonne man

im Parlament klÈaren,"
"93";"00:02:11:12";"00:02:11:12";"FABst"Vmeint die SPD und kritisiert die FDP:ÿÿ©è"
"94";"00:02:11:12";"00:02:14:08";"meint die SPD und kritisiert die FDP:"
"95";"00:02:14:10";"00:02:14:10";"FABst#dEs nervt auch die Fraktionsspitzen,( ( un<i>"
"96";"00:02:14:10";"00:02:14:10";"FABstHd von daher hoffe ich immer noch,ÿÿd"
"97";"00:02:14:10";"00:02:18:18";"Es nervt auch die Fraktionsspitzen,

und von daher hoffe ich immer noch,"
"98";"00:02:18:20";"00:02:18:20";"FABst$d dass in den nächsten Stunden( ( ein â¾"
"99";"00:02:18:20";"00:02:18:20";"FABst2Umdenken möglich ist. 7X"
"100";"00:02:18:20";"00:02:22:16";"dass in den nÈachsten Stunden

ein Umdenken mÈoglich ist."
"101";"00:02:22:18";"00:02:22:18";"FABst%L Die FDP muss in der Lage sein,ÿÿÚî"
"102";"00:02:22:18";"00:02:24:24";"Die FDP muss in der Lage sein,"
"103";"00:02:25:02";"00:02:25:02";"FABst&d zu belastbaren Beratungen( ( im z>"
"104";"00:02:25:02";"00:02:25:02";"FABst.Bundestag zu kommen.ÿÿ3"
"105";"00:02:25:02";"00:02:28:19";"zu belastbaren Beratungen

im Bundestag zu kommen."
"106";"00:02:29:15";"00:02:29:15";"FABst'N Kritik auch aus der Opposition.ÿÿ¦"
"107";"00:02:29:15";"00:02:31:19";"Kritik auch aus der Opposition."
"108";"00:02:31:21";"00:02:31:21";"FABst(@ Die Union beklagt,ÿÿÕØ"
"109";"00:02:31:21";"00:02:33:05";"Die Union beklagt,"
"110";"00:02:33:08";"00:02:33:08";"FABst)d die Diskussion( ( verunsichep"
"111";"00:02:33:08";"00:02:33:08";"FABst"re die Bürger.ÿÿ?Ú"
"112";"00:02:33:08";"00:02:35:19";"die Diskussion

verunsichere die BÈurger."
"113";"00:02:35:21";"00:02:35:21";"FABst*d Der Streit der Ampel führt( ( zur VeßÜ"
"114";"00:02:35:21";"00:02:35:21";"FABstBrunsicherung bei den Menschen,'¶ì"
"115";"00:02:35:21";"00:02:39:16";"Der Streit der Ampel fÈuhrt

zur Verunsicherung bei den Menschen,"
"116";"00:02:39:18";"00:02:39:18";"FABst+Rzu einer Hängepartie im Verfahren.`>N"
"117";"00:02:39:18";"00:02:41:20";"zu einer HÈangepartie im Verfahren."
"118";"00:02:41:22";"00:02:41:22";"FABst,d Er führt zu einem Run( ( auf Öl<R"
"119";"00:02:41:22";"00:02:41:22";"FABst,- und Gasheizungen.ÿÿ5´t"
"120";"00:02:41:22";"00:02:44:14";"Er fÈuhrt zu einem Run

auf ÈOl- und Gasheizungen."
"121";"00:02:44:16";"00:02:44:16";"FABst-L Zum exakten Gegenteil dessen,ÿÿàÌ"
"122";"00:02:44:16";"00:02:46:08";"Zum exakten Gegenteil dessen,"
"123";"00:02:46:10";"00:02:46:10";"FABst.d was mit der Wärmewende( ( b©ö"
"124";"00:02:46:10";"00:02:46:10";"FABstezweckt ist.ÿÿC¡ä"
"125";"00:02:46:10";"00:02:48:15";"was mit der WÈarmewende

bezweckt ist."
"126";"00:02:48:17";"00:02:48:17";"FABst/d Die Förderprogramme,( ( die jetztd"
"127";"00:02:48:17";"00:02:48:17";"FABst, diskutiert werden,=Ô"
"128";"00:02:48:17";"00:02:51:13";"Die FÈorderprogramme,

die jetzt diskutiert werden,"
"129";"00:02:51:15";"00:02:51:15";"FABst0d müssen nach Einkommensklassen( ( êl"
"130";"00:02:51:15";"00:02:51:15";"FABst*gestaffelt sein.?ëX"
"131";"00:02:51:15";"00:02:54:04";"mÈussen nach Einkommensklassen

gestaffelt sein."
"132";"00:02:54:07";"00:02:54:07";"FABst1d Um soziale Gerechtigkeit( ( waú"
"133";"00:02:54:07";"00:02:54:07";"FABst$lten zu lassen.ÿÿ=À$"
"134";"00:02:54:07";"00:02:56:23";"Um soziale Gerechtigkeit

walten zu lassen."
"135";"00:02:57:02";"00:02:57:02";"FABst2d Die FDP verlangt( ( einen kompleW¼"
"136";"00:02:57:02";"00:02:57:02";"FABst4tt neuen Gesetzentwurf.ÿÿ-ü<i>"
"137";"00:02:57:02";"00:03:00:02";"Die FDP verlangt

einen komplett neuen Gesetzentwurf."
"138";"00:03:00:04";"00:03:00:04";"FABst3d SPD und Grüne erinnern daran,( ( dass ü"
"139";"00:03:00:04";"00:03:00:04";"FABstBdie FDP in Koalitionsausschussÿÿè"
"140";"00:03:00:04";"00:03:03:23";"SPD und GrÈune erinnern daran,

dass die FDP in Koalitionsausschuss"
"141";"00:03:04:00";"00:03:04:00";"FABst4d und Kabinett( ( grundsätzlich«®"
"142";"00:03:04:00";"00:03:04:00";"FABst& zugestimmt hat.ÿÿ;´à"
"143";"00:03:04:00";"00:03:06:12";"und Kabinett

grundsÈatzlich zugestimmt hat."
"144";"00:03:06:14";"00:03:06:14";"FABst5dGeht das Gesetz nicht diese Woche( ( Ä"
"145";"00:03:06:14";"00:03:06:14";"FABst2in die erste Lesung,7Íê"
"146";"00:03:06:14";"00:03:09:16";"Geht das Gesetz nicht diese Woche

in die erste Lesung,"
"147";"00:03:09:18";"00:03:09:18";"FABst6dbleiben nur noch drei Sitzungswochen( ( 0"
"148";"00:03:09:18";"00:03:09:18";"FABst< bis zur Sommerpause.ÿÿ%¦è"
"149";"00:03:09:18";"00:03:12:24";"bleiben nur noch drei Sitzungswochen

bis zur Sommerpause."
"150";"00:03:13:02";"00:03:13:02";"FABst7d Eine sehr kurze Zeit, um( ( die offeH"
"151";"00:03:13:02";"00:03:13:02";"FABst<nen Streitfragen zu klären.ÿÿ%>ø"
"152";"00:03:13:02";"00:03:17:00";"Eine sehr kurze Zeit, um

die offenen Streitfragen zu klÈaren."
"153";"00:03:19:08";"00:03:19:08";"FABst8d Die Affäre um den Posten( ( desãô"
"154";"00:03:19:08";"00:03:19:08";"FABst& Staatssekretärsÿÿ;¦"
"155";"00:03:19:08";"00:03:21:24";"Die AffÈare um den Posten

des StaatssekretÈars"
"156";"00:03:22:01";"00:03:22:01";"FABst9d belastet die Grünen( ( und den WiØ,"
"157";"00:03:22:01";"00:03:22:01";"FABst*rtschaftsminister.ÿÿ7³¶"
"158";"00:03:22:01";"00:03:24:19";"belastet die GrÈunen

und den Wirtschaftsminister."
"159";"00:03:24:21";"00:03:24:21";"FABst:VIst jetzt die Energiewende in Gefahr?ÿÿÐ"
"160";"00:03:24:21";"00:03:27:00";"Ist jetzt die Energiewende in Gefahr?"
"161";"00:03:27:02";"00:03:27:02";"FABst;d Mit dieser Frage beschäftigt sich( ( hart Ê"
"162";"00:03:27:02";"00:03:27:02";"FABstBaber fair um 21 Uhr im Ersten.ÿÿýZ"
"163";"00:03:27:02";"00:03:32:14";"Mit dieser Frage beschÈaftigt sich

hart aber fair um 21 Uhr im Ersten."
"164";"00:03:33:12";"00:03:33:12";"FABst<dGas und Strom werden für Verbraucher( ( i¡H"
"165";"00:03:33:12";"00:03:33:12";"FABstDn Deutschland wieder günstiger.ÿÿh¨"
"166";"00:03:33:12";"00:03:37:19";"Gas und Strom werden fÈur Verbraucher

in Deutschland wieder gÈunstiger."
"167";"00:03:37:21";"00:03:37:21";"FABst=dMehrere Grundversorger kündigten an,( ("
"168";"00:03:37:21";"00:03:37:21";"FABst8 die Preise zu senken.ÿÿ)µ"
"169";"00:03:37:21";"00:03:41:16";"Mehrere Grundversorger kÈundigten an,

die Preise zu senken."
"170";"00:03:41:18";"00:03:41:18";"FABst>d Das ergab eine Auswertung( ( des Vergp"
"171";"00:03:41:18";"00:03:41:18";"FABst2leichsportals Verivox.ÿÿ/ÈÆ"
"172";"00:03:41:18";"00:03:45:12";"Das ergab eine Auswertung

des Vergleichsportals Verivox."
"173";"00:03:45:14";"00:03:45:14";"FABst?d Die Energie-Unternehmen reagieren( ( aufqò"
"174";"00:03:45:14";"00:03:45:14";"FABst> sinkende Großhandelspreise ÿÿ#!À"
"175";"00:03:45:14";"00:03:49:13";"Die Energie-Unternehmen reagieren

auf sinkende Groûhandelspreise"
"176";"00:03:49:15";"00:03:49:15";"FABst@d und geben die Entlastungen( ( zum Tei3"
"177";"00:03:49:15";"00:03:49:15";"FABst4l an die Kunden weiter.ÿÿ-öd"
"178";"00:03:49:15";"00:03:53:13";"und geben die Entlastungen

zum Teil an die Kunden weiter."
"179";"00:03:53:15";"00:03:53:15";"FABstAL Gas kostet inzwischen wenigerÿÿË6"
"180";"00:03:53:15";"00:03:55:16";"Gas kostet inzwischen weniger"
"181";"00:03:55:18";"00:03:55:18";"FABstBd als vor dem russischen Angriff( ( B"
"182";"00:03:55:18";"00:03:55:18";"FABst*auf die Ukraine.ÿÿ7"
"183";"00:03:55:18";"00:03:58:23";"als vor dem russischen Angriff

auf die Ukraine."
"184";"00:04:00:01";"00:04:00:01";"FABstCd Hohe Energiepreise sind( ( für diesenù"
"185";"00:04:00:01";"00:04:00:01";"FABst: Bäcker existenzbedrohend.`'j"
"186";"00:04:00:01";"00:04:03:19";"Hohe Energiepreise sind

fÈur diesen BÈacker existenzbedrohend."
"187";"00:04:04:11";"00:04:04:11";"FABstDd Bis August ist der( ( an seinen de#T"
"188";"00:04:04:11";"00:04:04:11";"FABst6n Stromvertrag gebunden.ÿÿ+Â"
"189";"00:04:04:11";"00:04:07:16";"Bis August ist der

an seinen den Stromvertrag gebunden."
"190";"00:04:07:19";"00:04:07:19";"FABstEd Danach könnte es teurer werden,( ( Ë"
"191";"00:04:07:19";"00:04:07:19";"FABst.so sein Versorger.ÿÿ3°"
"192";"00:04:07:19";"00:04:11:07";"Danach kÈonnte es teurer werden,

so sein Versorger."
"193";"00:04:11:13";"00:04:11:13";"FABstFd Von fallenden Preisen( ( ist nochw°"
"194";"00:04:11:13";"00:04:11:13";"FABst* nichts zu spüren.ÿÿ7|."
"195";"00:04:11:13";"00:04:14:12";"Von fallenden Preisen

ist noch nichts zu spÈuren."
"196";"00:04:14:15";"00:04:14:15";"FABstGd Man freut sich( ( über das Si¶¢"
"197";"00:04:14:15";"00:04:14:15";"FABst&nken der Preise.ÿÿ;@"
"198";"00:04:14:15";"00:04:17:22";"Man freut sich

Èuber das Sinken der Preise."
"199";"00:04:18:01";"00:04:18:01";"FABstHPMan fragt sich, wann das ankommt.ÿÿû,"
"200";"00:04:18:01";"00:04:20:21";"Man fragt sich, wann das ankommt."
"201";"00:04:22:18";"00:04:22:18";"FABstId Die Einkaufspreise( ( sinken seit9¨"
"202";"00:04:22:18";"00:04:22:18";"FABst, Beginn des Jahres.ÿÿ5ò"
"203";"00:04:22:18";"00:04:26:10";"Die Einkaufspreise

sinken seit Beginn des Jahres."
"204";"00:04:27:06";"00:04:27:06";"FABstJd Erste Grundversorger( ( gebe8À"
"205";"00:04:27:06";"00:04:27:06";"FABst"n das weiter. ÿÿ?þ"
"206";"00:04:27:06";"00:04:29:22";"Erste Grundversorger

geben das weiter."
"207";"00:04:30:20";"00:04:30:20";"FABstKTSie beliefern die meisten Haushalte.ÿÿ¤2"
"208";"00:04:30:20";"00:04:33:09";"Sie beliefern die meisten Haushalte."
"209";"00:04:35:20";"00:04:35:20";"FABstLN Laut Verivox senken die Preise:ÿÿÿ"
"210";"00:04:35:20";"00:04:38:00";"Laut Verivox senken die Preise:"
"211";"00:04:50:11";"00:04:50:11";"FABstMJ Das Preisniveau bleibt hoch.ÿÿÌ"
"212";"00:04:50:11";"00:04:52:08";"Das Preisniveau bleibt hoch."
"213";"00:04:53:04";"00:04:53:04";"FABstNd Das hängt( ( mit der Strat½&"
"214";"00:04:53:04";"00:04:53:04";"FABst"egie zusammen.G"
"215";"00:04:53:04";"00:04:55:18";"Das hÈangt

mit der Strategie zusammen."
"216";"00:04:56:15";"00:04:56:15";"FABstOd Die Grundversorger( ( kaufen eheæ"
"217";"00:04:56:15";"00:04:56:15";"FABst*r langfristig ein.ÿÿ7¾`"
"218";"00:04:56:15";"00:04:59:16";"Die Grundversorger

kaufen eher langfristig ein."
"219";"00:04:59:18";"00:04:59:18";"FABstPB Sie sind immer noch#ùÞ"
"220";"00:04:59:18";"00:05:01:05";"Sie sind immer noch"
"221";"00:05:01:07";"00:05:01:07";"FABstQd mit den hohen Preisen( ( der Energi*ø"
"222";"00:05:01:07";"00:05:01:07";"FABst.ekrise konfrontiert.;áà"
"223";"00:05:01:07";"00:05:04:17";"mit den hohen Preisen

der Energiekrise konfrontiert."
"224";"00:05:04:19";"00:05:04:19";"FABstRd Sie können daher( ( die Preise ¦*"
"225";"00:05:04:19";"00:05:04:19";"FABst*noch nicht senken.ÿÿ7´p"
"226";"00:05:04:19";"00:05:08:05";"Sie kÈonnen daher

die Preise noch nicht senken."
"227";"00:05:08:07";"00:05:08:07";"FABstSNEinige erhöhen sogar die Preise.ÿÿ!l"
"228";"00:05:08:07";"00:05:11:07";"Einige erhÈohen sogar die Preise."
"229";"00:05:11:13";"00:05:11:13";"FABstTdViele Anbieter liegen noch deutlich( ( :r"
"230";"00:05:11:13";"00:05:11:13";"FABst6 über den Preisbremsenÿÿ+¬"
"231";"00:05:11:13";"00:05:14:20";"Viele Anbieter liegen noch deutlich

Èuber den Preisbremsen"
"232";"00:05:14:22";"00:05:14:22";"FABstUd von 40 Cent pro Kilowattstunde( ( für SÑÖ"
"233";"00:05:14:22";"00:05:14:22";"FABst8trom und 12 Cent für Gas.ÿÿ)è"
"234";"00:05:14:22";"00:05:18:10";"von 40 Cent pro Kilowattstunde

fÈur Strom und 12 Cent fÈur Gas."
"235";"00:05:20:19";"00:05:20:19";"FABstVdVerbraucher können aber schon jetzt( ( von Á>"
"236";"00:05:20:19";"00:05:20:19";"FABstDsinkenden Preisen profitieren: ÿÿà¤"
"237";"00:05:20:19";"00:05:25:01";"Verbraucher kÈonnen aber schon jetzt

von sinkenden Preisen profitieren:"
"238";"00:05:25:03";"00:05:25:03";"FABstW< Als Neukunden.ÿÿ!¾"
"239";"00:05:25:03";"00:05:26:05";"Als Neukunden."
"240";"00:05:27:05";"00:05:27:05";"FABstXd Wer neu abschließt, ( ( zahlt¦F"
"241";"00:05:27:05";"00:05:27:05";"FABst$ meist weniger.ÿÿ=Ù"
"242";"00:05:27:05";"00:05:29:18";"Wer neu abschlieût,

zahlt meist weniger."
"243";"00:05:30:01";"00:05:30:01";"FABstYdWenn ich in der Grundversorgung bin,( ( }"
"244";"00:05:30:01";"00:05:30:01";"FABstJkann ich binnen 14 Tagen wechseln.ð"
"245";"00:05:30:01";"00:05:34:16";"Wenn ich in der Grundversorgung bin,

kann ich binnen 14 Tagen wechseln."
"246";"00:05:36:04";"00:05:36:04";"FABstZdMan wird jetzt sehr wahrscheinlich( ( ein"
"247";"00:05:36:04";"00:05:36:04";"FABstDen günstigeren Anbieter finden.%P<i>"
"248";"00:05:36:04";"00:05:41:00";"Man wird jetzt sehr wahrscheinlich

einen gÈunstigeren Anbieter finden."
"249";"00:05:41:15";"00:05:41:15";"FABst[d Auch der Bäcker( ( überlegt*"
"250";"00:05:41:15";"00:05:41:15";"FABst$ einen Wechsel.ÿÿ=ðB"
"251";"00:05:41:15";"00:05:44:22";"Auch der BÈacker

Èuberlegt einen Wechsel."
"252";"00:05:45:16";"00:05:45:16";"FABst\d Damit er sich keine Gedanken ( ( überô<"
"253";"00:05:45:16";"00:05:45:16";"FABst8 Strompreise machen muss.ÿÿ)©"
"254";"00:05:45:16";"00:05:49:18";"Damit er sich keine Gedanken

Èuber Strompreise machen muss."
"255";"00:05:53:14";"00:05:53:14";"FABst]d Wegen Verstößen( ( gegen den europ´"
"256";"00:05:53:14";"00:05:53:14";"FABst,äischen Datenschutzÿÿ5st"
"257";"00:05:53:14";"00:05:56:10";"Wegen VerstÈoûen

gegen den europÈaischen Datenschutz"
"258";"00:05:56:13";"00:05:56:13";"FABst^dsoll der Facebook-Mutterkonzern Meta( ( einX"
"259";"00:05:56:13";"00:05:56:13";"FABstJe Strafe von 1,2 Mrd. Euro zahlen:ÿÿÌÔ"
"260";"00:05:56:13";"00:06:00:23";"soll der Facebook-Mutterkonzern Meta

eine Strafe von 1,2 Mrd. Euro zahlen:"
"261";"00:06:01:01";"00:06:01:01";"FABst_d Wegen systematischer Übermittlung( ( vo¤"
"262";"00:06:01:01";"00:06:01:01";"FABst:n Nutzer-Daten in die USA.ÿÿ'ÍH"
"263";"00:06:01:01";"00:06:05:05";"Wegen systematischer ÈUbermittlung

von Nutzer-Daten in die USA."
"264";"00:06:05:07";"00:06:05:07";"FABst`d Und der Frage, ob diese( ( vor stÌ"
"265";"00:06:05:07";"00:06:05:07";"FABst0aatlicher Überwachungÿÿ1iö"
"266";"00:06:05:07";"00:06:08:11";"Und der Frage, ob diese

vor staatlicher ÈUberwachung"
"267";"00:06:08:13";"00:06:08:13";"FABstaRdurch Geheimdienste geschützt sind.ÿÿÖ"
"268";"00:06:08:13";"00:06:11:01";"durch Geheimdienste geschÈutzt sind."
"269";"00:06:13:21";"00:06:13:21";"FABstbd Meta kündigte an,( ( gegen die EntsÃÜ"
"270";"00:06:13:21";"00:06:13:21";"FABst.cheidung vorzugehen.ÿÿ3äJ"
"271";"00:06:13:21";"00:06:17:12";"Meta kÈundigte an,

gegen die Entscheidung vorzugehen."
"272";"00:06:18:00";"00:06:18:00";"FABstcd Der Facebook-Mutterkonzern Meta( ( schick@®"
"273";"00:06:18:00";"00:06:18:00";"FABst@t jeden Tag Daten in die USA,)Ü"
"274";"00:06:18:00";"00:06:22:12";"Der Facebook-Mutterkonzern Meta

schickt jeden Tag Daten in die USA,"
"275";"00:06:22:14";"00:06:22:14";"FABstdd ohne dass klar ist,( ( was mit"
"276";"00:06:22:14";"00:06:22:14";"FABst&ihnen geschieht.C"
"277";"00:06:22:14";"00:06:25:21";"ohne dass klar ist,

was mit ihnen geschieht."
"278";"00:06:26:03";"00:06:26:03";"FABsted Dabei geht es auch( ( um persönlö"
"279";"00:06:26:03";"00:06:26:03";"FABst,iche Informationen,ÿÿ5¸ü"
"280";"00:06:26:03";"00:06:29:00";"Dabei geht es auch

um persÈonliche Informationen,"
"281";"00:06:29:02";"00:06:29:02";"FABstfddie auf amerikanischen Großservern( ( b"
"282";"00:06:29:02";"00:06:29:02";"FABst$ lagern.ÿÿ=É4"
"283";"00:06:29:02";"00:06:31:12";"die auf amerikanischen Groûservern

lagern."
"284";"00:06:31:14";"00:06:31:14";"FABstgd Darauf haben US-Geheimdienste( ( Qô"
"285";"00:06:31:14";"00:06:31:14";"FABst" Zugriff.ÿÿ?."
"286";"00:06:31:14";"00:06:34:03";"Darauf haben US-Geheimdienste

Zugriff."
"287";"00:06:34:10";"00:06:34:10";"FABsthd Meta habe die Regeln( ( des EU-Dat-À"
"288";"00:06:34:10";"00:06:34:10";"FABst0enschutzes gebrochen.ÿÿ1</i>f"
"289";"00:06:34:10";"00:06:38:02";"Meta habe die Regeln

des EU-Datenschutzes gebrochen."
"290";"00:06:38:15";"00:06:38:15";"FABstid Der Konzern( ( will offenbar Behb"
"291";"00:06:38:15";"00:06:38:15";"FABst&rufung einlegen.ÿÿ;ä"
"292";"00:06:38:15";"00:06:41:19";"Der Konzern

will offenbar Berufung einlegen."
"293";"00:06:52:11";"00:06:52:11";"FABstjd Auch andere, auch europäische,( ( ©ö"
"294";"00:06:52:11";"00:06:52:11";"FABst$ Unternehmenÿÿ=©ò"
"295";"00:06:52:11";"00:06:55:03";"Auch andere, auch europÈaische,

Unternehmen"
"296";"00:06:55:05";"00:06:55:05";"FABstkd übermitteln jeden Tag( ( Da</i>"
"297";"00:06:55:05";"00:06:55:05";"FABst$ten in die USA.ÿÿ=­"
"298";"00:06:55:05";"00:06:58:07";"Èubermitteln jeden Tag

Daten in die USA."
"299";"00:06:58:21";"00:06:58:21";"FABstlN Seit Jahren gibt es die Kritik,ÿÿð"
"300";"00:06:58:21";"00:07:01:03";"Seit Jahren gibt es die Kritik,"
"301";"00:07:01:05";"00:07:01:05";"FABstmd US-Behörden( ( führten MassenübeÖÄ"
"302";"00:07:01:05";"00:07:01:05";"FABst(rwachungen durch.ÿÿ9<u>"
"303";"00:07:01:05";"00:07:04:05";"US-BehÈorden

fÈuhrten MassenÈuberwachungen durch."
"304";"00:07:04:07";"00:07:04:07";"FABstnd Bislang fehlt ein Abkommen( ( zwisch4"
"305";"00:07:04:07";"00:07:04:07";"FABst2en der EU und den USA,ÿÿ/Ã®"
"306";"00:07:04:07";"00:07:07:20";"Bislang fehlt ein Abkommen

zwischen der EU und den USA,"
"307";"00:07:07:22";"00:07:07:22";"FABsto@ das davor schützt:ÿÿR"
"308";"00:07:07:22";"00:07:09:03";"das davor schÈutzt:"
"309";"00:07:10:23";"00:07:10:23";"FABstpd Es geht um den Datenaustausch( ( 6@"
"310";"00:07:10:23";"00:07:10:23";"FABst.der EU und den USA.;üÆ"
"311";"00:07:10:23";"00:07:14:16";"Es geht um den Datenaustausch

der EU und den USA."
"312";"00:07:18:11";"00:07:18:11";"FABstqd Wir sind dabei,( ( ein RahmenabD"
"313";"00:07:18:11";"00:07:18:11";"FABst4kommen zu finalisieren.5Ô`"
"314";"00:07:18:11";"00:07:22:06";"Wir sind dabei,

ein Rahmenabkommen zu finalisieren."
"315";"00:07:25:09";"00:07:25:09";"FABstrd Zwei Versuche sind gescheitert,( ( weò"
"316";"00:07:25:09";"00:07:25:09";"FABst8il die Daten der Europäerÿÿ)"
"317";"00:07:25:09";"00:07:29:03";"Zwei Versuche sind gescheitert,

weil die Daten der EuropÈaer"
"318";"00:07:29:05";"00:07:29:05";"FABstsdnicht hinreichend geschützt seien,( ( fand À,"
"319";"00:07:29:05";"00:07:29:05";"FABst@der Europäische Gerichtshof. ÿÿ!h|"
"320";"00:07:29:05";"00:07:33:09";"nicht hinreichend geschÈutzt seien,

fand der EuropÈaische Gerichtshof."
"321";"00:07:33:11";"00:07:33:11";"FABsttd In den USA( ( können europäisYø"
"322";"00:07:33:11";"00:07:33:11";"FABst$che Nutzerdatenÿÿ=â´"
"323";"00:07:33:11";"00:07:35:22";"In den USA

kÈonnen europÈaische Nutzerdaten"
"324";"00:07:35:24";"00:07:35:24";"FABstud von Sicherheitsbehörden( ( aµ"
"325";"00:07:35:24";"00:07:35:24";"FABst&bgerufen werden.ÿÿ;û|"
"326";"00:07:35:24";"00:07:38:12";"von SicherheitsbehÈorden

abgerufen werden."
"327";"00:07:38:14";"00:07:38:14";"FABstvRAmerikanische SicherheitsinteressenÿÿçØ"
"328";"00:07:38:14";"00:07:40:16";"Amerikanische Sicherheitsinteressen"
"329";"00:07:40:19";"00:07:40:19";"FABstwd stehen in Konkurrenz( ( zu europäõ"
"330";"00:07:40:19";"00:07:40:19";"FABst,ischem Datenschutz.ÿÿ5ºä"
"331";"00:07:40:19";"00:07:43:19";"stehen in Konkurrenz

zu europÈaischem Datenschutz."
"332";"00:07:44:05";"00:07:44:05";"FABstxNDie Kommission muss klar machen:Ü"
"333";"00:07:44:05";"00:07:46:06";"Die Kommission muss klar machen:"
"334";"00:07:46:08";"00:07:46:08";"FABstyd Die Massenüberwachung( ( eur"
"335";"00:07:46:08";"00:07:46:08";"FABst&opäischer BürgerCüô"
"336";"00:07:46:08";"00:07:48:17";"Die MassenÈuberwachung

europÈaischer BÈurger"
"337";"00:07:48:19";"00:07:48:19";"FABstzd durch US-Geheimdienste( ( gec""
"338";"00:07:48:19";"00:07:48:19";"FABst"ht nicht mehr.ÿÿ?¨¨"
"339";"00:07:48:19";"00:07:51:02";"durch US-Geheimdienste

geht nicht mehr."
"340";"00:07:51:04";"00:07:51:04";"FABst{d Im Spätsommer( ( soll ein Abko©ð"
"341";"00:07:51:04";"00:07:51:04";"FABst$mmen vorliegen.Eû`"
"342";"00:07:51:04";"00:07:54:04";"Im SpÈatsommer

soll ein Abkommen vorliegen."
"343";"00:07:54:06";"00:07:54:06";"FABst|L Die spannende Frage wird sein:«r"
"344";"00:07:54:06";"00:07:56:06";"Die spannende Frage wird sein:"
"345";"00:07:56:08";"00:07:56:08";"FABst}d Ob und wie weit sich die USA( ( anges"
"346";"00:07:56:08";"00:07:56:08";"FABst4ichts ihrer Interessen ÿÿ-ÿ¶"
"347";"00:07:56:08";"00:08:00:06";"Ob und wie weit sich die USA

angesichts ihrer Interessen"
"348";"00:08:00:08";"00:08:00:08";"FABst~Tdem EU-Datenschutz annähern werden.ÿÿ]"
"349";"00:08:00:08";"00:08:02:19";"dem EU-Datenschutz annÈahern werden."
"350";"00:08:03:15";"00:08:03:15";"FABstd Griechenland( ( steuert aufp"
"351";"00:08:03:15";"00:08:03:15";"FABst" Neuwahlen zu.ÿÿ?Â"
"352";"00:08:03:15";"00:08:06:00";"Griechenland

steuert auf Neuwahlen zu."
"353";"00:08:06:02";"00:08:06:02";"FABst<i>d Trotz des Sieges bei der Wahl( ( lehnte D"
"354";"00:08:06:02";"00:08:06:02";"FABst>Ministerpräsident Mitsotakisÿÿ#,ô"
"355";"00:08:06:02";"00:08:10:07";"Trotz des Sieges bei der Wahl

lehnte MinisterprÈasident Mitsotakis"
"356";"00:08:10:09";"00:08:10:09";"FABst</i>d den Auftrag ab,( ( eine Koalitionÿ\"
"357";"00:08:10:09";"00:08:10:09";"FABst0sregierung zu bilden.ÿÿ1Äd"
"358";"00:08:10:09";"00:08:14:07";"den Auftrag ab,

eine Koalitionsregierung zu bilden."
"359";"00:08:16:00";"00:08:16:00";"FABst<u>d Mitsotakis setzt stattdessen( ( auf ein<"
"360";"00:08:16:00";"00:08:16:00";"FABst:e Änderung des Wahlrechts,ÿÿ'gd"
"361";"00:08:16:00";"00:08:20:02";"Mitsotakis setzt stattdessen

auf eine ÈAnderung des Wahlrechts,"
"362";"00:08:20:04";"00:08:20:04";"FABst</u>L die bei einer Neuwahl greift.ÿÿ"
"363";"00:08:20:04";"00:08:22:09";"die bei einer Neuwahl greift."
"364";"00:08:22:11";"00:08:22:11";"FABstdÜber eine Sonderregelung könnte seine( ( kªÚ"
"365";"00:08:22:11";"00:08:22:11";"FABstHonservative Partei Nea DimokratiaÿÿºH"
"366";"00:08:22:11";"00:08:26:23";"ÈUber eine Sonderregelung kÈonnte seine

konservative Partei Nea Dimokratia"
"367";"00:08:27:00";"00:08:27:00";"FABstddann die Mehrheit der Parlamentssitze( ( ðÎ"
"368";"00:08:27:00";"00:08:27:00";"FABstDerhalten und allein regieren.ÿÿÎ"
"369";"00:08:27:00";"00:08:31:20";"dann die Mehrheit der Parlamentssitze

erhalten und allein regieren."
"370";"00:08:33:13";"00:08:33:13";"FABstd Rückenwind für( ( den türkischen"
"371";"00:08:33:13";"00:08:33:13";"FABst,Präsidenten Erdoganÿÿ5LÆ"
"372";"00:08:33:13";"00:08:36:14";"RÈuckenwind fÈur

den tÈurkischen PrÈasidenten Erdogan"
"373";"00:08:36:16";"00:08:36:16";"FABstN vor der Stichwahl am Wochenende:ÿÿHX"
"374";"00:08:36:16";"00:08:38:18";"vor der Stichwahl am Wochenende:"
"375";"00:08:38:20";"00:08:38:20";"FABstd Der drittplatzierte Kandidat( ( der e¡("
"376";"00:08:38:20";"00:08:38:20";"FABst4rsten Wahlrunde, Ogan, ÿÿ-×<i>"
"377";"00:08:38:20";"00:08:42:05";"Der drittplatzierte Kandidat

der ersten Wahlrunde, Ogan,"
"378";"00:08:42:07";"00:08:42:07";"FABstd hat seine Wähler aufgerufen,( ( fürÉ¦"
"379";"00:08:42:07";"00:08:42:07";"FABst. Erdogan zu stimmen.ÿÿ3À"
"380";"00:08:42:07";"00:08:45:20";"hat seine WÈahler aufgerufen,

fÈur Erdogan zu stimmen."
"381";"00:08:45:22";"00:08:45:22";"FABst
d Der Kandidat( ( eines nationalis¦f"
"382";"00:08:45:22";"00:08:45:22";"FABst*tischen Bündnissesÿÿ7"
"383";"00:08:45:22";"00:08:49:01";"Der Kandidat

eines nationalistischen BÈundnisses"
"384";"00:08:49:03";"00:08:49:03";"FABstd kam in der ersten Runde ( ( auf gÉæ"
"385";"00:08:49:03";"00:08:49:03";"FABst,ut 5 % der Stimmen.ÿÿ5ýì"
"386";"00:08:49:03";"00:08:52:16";"kam in der ersten Runde

auf gut 5 % der Stimmen."
"387";"00:08:52:18";"00:08:52:18";"FABstd In der Stichwahl am Sonntag( ( tritt Er¢:"
"388";"00:08:52:18";"00:08:52:18";"FABst>dogan gegen Kilicdaroglu an.ÿÿ#ÞÜ"
"389";"00:08:52:18";"00:08:57:18";"In der Stichwahl am Sonntag

tritt Erdogan gegen Kilicdaroglu an."
"390";"00:08:59:24";"00:08:59:24";"FABstd Die EU hat weitere Strafmaßnahmen( ( B¦"
"391";"00:08:59:24";"00:08:59:24";"FABst6gegen den Iran verhängt.ÿÿ+[ö"
"392";"00:08:59:24";"00:09:03:24";"Die EU hat weitere Strafmaûnahmen

gegen den Iran verhÈangt."
"393";"00:09:04:01";"00:09:04:01";"FABstd Die EU-Außenminister setzten( ( eine Ein=¶"
"394";"00:09:04:01";"00:09:04:01";"FABst:heit der Revolutionsgardenÿÿ'Ð´"
"395";"00:09:04:01";"00:09:08:07";"Die EU-Auûenminister setzten

eine Einheit der Revolutionsgarden"
"396";"00:09:08:09";"00:09:08:09";"FABstd und Mitglieder von Armee( ( und Polize4"
"397";"00:09:08:09";"00:09:08:09";"FABst8i auf die Sanktionsliste.ÿÿ)¾¨"
"398";"00:09:08:09";"00:09:12:12";"und Mitglieder von Armee

und Polizei auf die Sanktionsliste."
"399";"00:09:13:06";"00:09:13:06";"FABstd Gegen sie werden Einreise-( ( und Ver<i>æ"
"400";"00:09:13:06";"00:09:13:06";"FABst4mögenssperren verhängt.ÿÿ-</u>¨"
"401";"00:09:13:06";"00:09:17:00";"Gegen sie werden Einreise-

und VermÈogenssperren verhÈangt."
"402";"00:09:17:02";"00:09:17:02";"FABstd Mit dem achten Sanktionspaket( ( reagie¡"
"403";"00:09:17:02";"00:09:17:02";"FABst<rt die EU auf Hinrichtungenÿÿ%¤z"
"404";"00:09:17:02";"00:09:21:01";"Mit dem achten Sanktionspaket

reagiert die EU auf Hinrichtungen"
"405";"00:09:21:03";"00:09:21:03";"FABstRvon regimekritischen Demonstranten.ÿÿ0²"
"406";"00:09:21:03";"00:09:23:14";"von regimekritischen Demonstranten."
"407";"00:09:25:11";"00:09:25:11";"FABstP Die Sommerreisewelle steht bevor,ÿÿi<u>"
"408";"00:09:25:11";"00:09:27:13";"Die Sommerreisewelle steht bevor,"
"409";"00:09:27:15";"00:09:27:15";"FABstd in manchen Bundesländern ( ( sind V"
"410";"00:09:27:15";"00:09:27:15";"FABst2die Ferien nicht weit.ÿÿ/Ò"
"411";"00:09:27:15";"00:09:30:18";"in manchen BundeslÈandern

sind die Ferien nicht weit."
"412";"00:09:30:20";"00:09:30:20";"FABstd Doch der Tourismus( ( steht vor ei¥ü"
"413";"00:09:30:20";"00:09:30:20";"FABst6nigen Herausforderungen.ÿÿ+ÒP"
"414";"00:09:30:20";"00:09:34:07";"Doch der Tourismus

steht vor einigen Herausforderungen."
"415";"00:09:34:09";"00:09:34:09";"FABstd Neben steigenden Preisen und( ( dem Wuns¢"
"416";"00:09:34:09";"00:09:34:09";"FABst<ch nach mehr Nachhaltigkeitÿÿ%áð"
"417";"00:09:34:09";"00:09:38:04";"Neben steigenden Preisen und

dem Wunsch nach mehr Nachhaltigkeit"
"418";"00:09:38:06";"00:09:38:06";"FABstN fehlt vielen Betrieben Personal.ÿÿJ"
"419";"00:09:38:06";"00:09:40:07";"fehlt vielen Betrieben Personal."
"420";"00:09:40:09";"00:09:40:09";"FABstd Die Branche bemüht sich,( ( als ArbeitVn"
"421";"00:09:40:09";"00:09:40:09";"FABst6geber attraktiv zu sein.ÿÿ+å"
"422";"00:09:40:09";"00:09:44:10";"Die Branche bemÈuht sich,

als Arbeitgeber attraktiv zu sein."
"423";"00:09:46:04";"00:09:46:04";"FABstF Rund 425.000 FeriengästeÂ"
"424";"00:09:46:04";"00:09:48:09";"Rund 425.000 FeriengÈaste"
"425";"00:09:48:11";"00:09:48:11";"FABstd kommen jedes Jahr nach( ( St. Peter b"
"426";"00:09:48:11";"00:09:48:11";"FABst2Ording an der Nordsee.7ò6"
"427";"00:09:48:11";"00:09:51:17";"kommen jedes Jahr nach

St. Peter Ording an der Nordsee."
"428";"00:09:51:19";"00:09:51:19";"FABstH Hier ist Wohnraum knapp ÿÿ9D"
"429";"00:09:51:19";"00:09:53:12";"Hier ist Wohnraum knapp Ð"
"430";"00:09:53:14";"00:09:53:14";"FABstdauch für Menschen, die in der Hotel-( ( u{ì"
"431";"00:09:53:14";"00:09:53:14";"FABstDnd Gastronomiebranche arbeiten.ÿÿ¿¶"
"432";"00:09:53:14";"00:09:57:12";"auch fÈur Menschen, die in der Hotel-

und Gastronomiebranche arbeiten."
"433";"00:09:57:14";"00:09:57:14";"FABstd Daher haben sich Unternehmen( ( zuó¦"
"434";"00:09:57:14";"00:09:57:14";"FABst,sammen geschlossen,ÿÿ5ô"
"435";"00:09:57:14";"00:10:00:11";"Daher haben sich Unternehmen

zusammen geschlossen,"
"436";"00:10:00:13";"00:10:00:13";"FABstd um die Arbeitsplätze( ( attrak¸"
"437";"00:10:00:13";"00:10:00:13";"FABst&tiver zu machen:ÿÿ;µä"
"438";"00:10:00:13";"00:10:02:24";"um die ArbeitsplÈatze

attraktiver zu machen:"
"439";"00:10:03:01";"00:10:03:01";"FABstd Mit einer Unterkunft( ( nur f¸"
"440";"00:10:03:01";"00:10:03:01";"FABst$ür Mitarbeiter.ÿÿ=:"
"441";"00:10:03:01";"00:10:05:09";"Mit einer Unterkunft

nur fÈur Mitarbeiter."
"442";"00:10:05:11";"00:10:05:11";"FABst TDas Mitarbeiterhaus ist essenziell.y"
"443";"00:10:05:11";"00:10:07:14";"Das Mitarbeiterhaus ist essenziell."
"444";"00:10:07:16";"00:10:07:16";"FABst¡d Wenn sie hier ankommen,( ( könne9²"
"445";"00:10:07:16";"00:10:07:16";"FABst.n sie gleich wohnen.;ë"
"446";"00:10:07:16";"00:10:10:23";"Wenn sie hier ankommen,

kÈonnen sie gleich wohnen."
"447";"00:10:11:00";"00:10:11:00";"FABst¢d Ohne,( ( dass sie groß was mB,"
"448";"00:10:11:00";"00:10:11:00";"FABst achen müssen.ÿÿAyV"
"449";"00:10:11:00";"00:10:13:06";"Ohne,

dass sie groû was machen mÈussen."
"450";"00:10:13:08";"00:10:13:08";"FABst£d Wir haben ein Fitnessstudio,( ( wir Ú¶"
"451";"00:10:13:08";"00:10:13:08";"FABst2haben eine Crew Card. ÿÿ/®F"
"452";"00:10:13:08";"00:10:17:06";"Wir haben ein Fitnessstudio,

wir haben eine Crew Card."
"453";"00:10:17:16";"00:10:17:16";"FABst¤VDas Ankommen ist deutlich einfacher.ÿÿRD"
"454";"00:10:17:16";"00:10:20:08";"Das Ankommen ist deutlich einfacher."
"455";"00:10:20:14";"00:10:20:14";"FABst¥d Ein Zimmer kostet zwischen 400( ( und È"
"456";"00:10:20:14";"00:10:20:14";"FABst6465 Euro warm pro Monat.ÿÿ+ù "
"457";"00:10:20:14";"00:10:24:00";"Ein Zimmer kostet zwischen 400

und 465 Euro warm pro Monat."
"458";"00:10:24:02";"00:10:24:02";"FABst¦d Einen Teil der Miete( ( übernehmh`"
"459";"00:10:24:02";"00:10:24:02";"FABst,en die Arbeitgeber.ÿÿ5ç<"
"460";"00:10:24:02";"00:10:26:23";"Einen Teil der Miete

Èubernehmen die Arbeitgeber."
"461";"00:10:28:07";"00:10:28:07";"FABst§@ Es ist total cool,%(Æ"
"462";"00:10:28:07";"00:10:29:14";"Es ist total cool,"
"463";"00:10:29:16";"00:10:29:16";"FABst¨d dass wir mit Mitarbeitern aus ( ( den ve½ä"
"464";"00:10:29:16";"00:10:29:16";"FABst:rschiedenen Hotels wohnen./Ú"
"465";"00:10:29:16";"00:10:33:09";"dass wir mit Mitarbeitern aus

den verschiedenen Hotels wohnen."
"466";"00:10:33:12";"00:10:33:12";"FABst©d Man hat die Möglichkeit,( ( sich ho"
"467";"00:10:33:12";"00:10:33:12";"FABst@telübergreifend zu verknüpfenÿÿ!â"
"468";"00:10:33:12";"00:10:36:23";"Man hat die MÈoglichkeit,

sich hotelÈubergreifend zu verknÈupfen"
"469";"00:10:37:00";"00:10:37:00";"FABstªd und die Mitarbeiter( ( der andere®^"
"470";"00:10:37:00";"00:10:37:00";"FABst:n Hotels kennen zu lernen.ÿÿ'º"
"471";"00:10:37:00";"00:10:40:04";"und die Mitarbeiter

der anderen Hotels kennen zu lernen."
"472";"00:10:40:06";"00:10:40:06";"FABst«F Auf dem Tourismusgipfelÿÿ}Ä"
"473";"00:10:40:06";"00:10:41:14";"Auf dem Tourismusgipfel"
"474";"00:10:41:15";"00:10:41:15";"FABst¬d ist das Bemühen um Fachkräfte( ( eR"
"475";"00:10:41:15";"00:10:41:15";"FABst0ines der Hauptthemen.ÿÿ1çl"
"476";"00:10:41:15";"00:10:44:15";"ist das BemÈuhen um FachkrÈafte

eines der Hauptthemen."
"477";"00:10:44:17";"00:10:44:17";"FABst­d Die Branche meldet steigende( ( Buchungsç,"
"478";"00:10:44:17";"00:10:44:17";"FABst:zahlen und Personalmangel.ÿÿ'</i>T"
"479";"00:10:44:17";"00:10:49:04";"Die Branche meldet steigende

Buchungszahlen und Personalmangel."
"480";"00:10:49:06";"00:10:49:06";"FABst®B Ich würde schätzen,#F"
"481";"00:10:49:06";"00:10:50:12";"Ich wÈurde schÈatzen,"
"482";"00:10:50:14";"00:10:50:14";"FABst¯d momentan fehlen uns( ( etwa 10 % ÀD"
"483";"00:10:50:14";"00:10:50:14";"FABst0unter Vollauslastung.9¯Æ"
"484";"00:10:50:14";"00:10:53:13";"momentan fehlen uns

etwa 10 % unter Vollauslastung."
"485";"00:10:53:16";"00:10:53:16";"FABst°d Das heißt:( ( 300.000 bis 40UÞ"
"486";"00:10:53:16";"00:10:53:16";"FABst$0.000 Menschen.ÿÿ=á,"
"487";"00:10:53:16";"00:10:56:02";"Das heiût:

300.000 bis 400.000 Menschen."
"488";"00:10:56:04";"00:10:56:04";"FABst±B Wir sind betroffen,ÿÿ;~"
"489";"00:10:56:04";"00:10:57:09";"Wir sind betroffen,"
"490";"00:10:57:11";"00:10:57:11";"FABst²d aber es wird( ( zu keinen Au¶â"
"491";"00:10:57:11";"00:10:57:11";"FABst$sfällen kommen.ÿÿ=."
"492";"00:10:57:11";"00:11:01:03";"aber es wird

zu keinen AusfÈallen kommen."
"493";"00:11:01:05";"00:11:01:05";"FABst³d In der Tourismusbranche( ( arbeiten Î"
"494";"00:11:01:05";"00:11:01:05";"FABst6derzeit weniger Menschenÿÿ+Ñ^"
"495";"00:11:01:05";"00:11:04:16";"In der Tourismusbranche

arbeiten derzeit weniger Menschen"
"496";"00:11:04:18";"00:11:04:18";"FABst´d als noch 2019 ( ( also vor"
"497";"00:11:04:18";"00:11:04:18";"FABst&der Corona-Zeit.ÿÿ;¼("
"498";"00:11:04:18";"00:11:07:02";"als noch 2019 Ð

also vor der Corona-Zeit."
"499";"00:11:07:04";"00:11:07:04";"FABstµdAlle Register müssten gezogen werden,( ("
"500";"00:11:07:04";"00:11:07:04";"FABst@ um Fachkräfte zu gewinnen,ÿÿ!¸"
"501";"00:11:07:04";"00:11:10:20";"Alle Register mÈussten gezogen werden,

um FachkrÈafte zu gewinnen,"
"502";"00:11:10:22";"00:11:10:22";"FABst¶F so Arbeitsminister Heil.ÿÿqÂ"
"503";"00:11:10:22";"00:11:12:09";"so Arbeitsminister Heil."
"504";"00:11:12:11";"00:11:12:11";"FABst·d Aus- und Weiterbildung,( ( Fraue»Î"
"505";"00:11:12:11";"00:11:12:11";"FABst.nerwerbsbeteiligung,;¨ì"
"506";"00:11:12:11";"00:11:15:19";"Aus- und Weiterbildung,

Frauenerwerbsbeteiligung,"
"507";"00:11:15:21";"00:11:15:21";"FABst¸dBeschäftigungsfähigkeit Älterer,( ( Inkl."
"508";"00:11:15:21";"00:11:15:21";"FABst6lusion, Digitalisierung.3X"
"509";"00:11:15:21";"00:11:20:14";"BeschÈaftigungsfÈahigkeit ÈAlterer,

Inklusion, Digitalisierung."
"510";"00:11:21:15";"00:11:21:15";"FABst¹dDie Betriebe des Nordsee Kollektivs ( ( mit"
"511";"00:11:21:15";"00:11:21:15";"FABstH ihrer Unterkunft für MitarbeiterÿÿD6"
"512";"00:11:21:15";"00:11:26:02";"Die Betriebe des Nordsee Kollektivs

mit ihrer Unterkunft fÈur Mitarbeiter"
"513";"00:11:26:04";"00:11:26:04";"FABstºd haben keine Probleme,( ( Fach"
"514";"00:11:26:04";"00:11:26:04";"FABst(kräfte zu finden.ÿÿ9Y"
"515";"00:11:26:04";"00:11:29:04";"haben keine Probleme,

FachkrÈafte zu finden."
"516";"00:11:30:17";"00:11:30:17";"FABst»dExtremwetter wie im Ahrtal vor zwei( ( Jahr¼~"
"517";"00:11:30:17";"00:11:30:17";"FABstDen oder zuletzt in Norditalien ÿÿ½"
"518";"00:11:30:17";"00:11:34:23";"Extremwetter wie im Ahrtal vor zwei

Jahren oder zuletzt in Norditalien"
"519";"00:11:35:01";"00:11:35:01";"FABst¼d hinterlassen massive Schäden -( ( undv°"
"520";"00:11:35:01";"00:11:35:01";"FABst2 kosten Menschenleben.ÿÿ/</u>"
"521";"00:11:35:01";"00:11:38:19";"hinterlassen massive SchÈaden -

und kosten Menschenleben."
"522";"00:11:38:21";"00:11:38:21";"FABst½dLaut UN gab es mehr als 2 Mio. Tote( ( þ"
"523";"00:11:38:21";"00:11:38:21";"FABst8durch solche Ereignisseÿÿ)´ú"
"524";"00:11:38:21";"00:11:42:20";"Laut UN gab es mehr als 2 Mio. Tote

durch solche Ereignisse"
"525";"00:11:42:22";"00:11:42:22";"FABst¾L in den vergangenen 50 Jahren.ÿÿ1"
"526";"00:11:42:22";"00:11:45:06";"in den vergangenen 50 Jahren."
"527";"00:11:45:09";"00:11:45:09";"FABst¿d Im Lauf der Jahre sei die Zahl ( ( der Î"
"528";"00:11:45:09";"00:11:45:09";"FABst<Opfer allerdings gesunken -ÿÿ%¼"
"529";"00:11:45:09";"00:11:49:06";"Im Lauf der Jahre sei die Zahl

der Opfer allerdings gesunken -"
"530";"00:11:49:08";"00:11:49:08";"FABstÀJ auch dank Frühwarnsystemen.ÿÿéª"
"531";"00:11:49:08";"00:11:51:05";"auch dank FrÈuhwarnsystemen."
"532";"00:11:51:22";"00:11:51:22";"FABstÁd Über die Zukunft dieser Technik( ( berat@H"
"533";"00:11:51:22";"00:11:51:22";"FABst>en zurzeit Experten in Genf.ÿÿ#¢"
"534";"00:11:51:22";"00:11:56:07";"ÈUber die Zukunft dieser Technik

beraten zurzeit Experten in Genf."
"535";"00:11:57:07";"00:11:57:07";"FABstÂd Erst leidet Norditalien monatelang( ( unte§^"
"536";"00:11:57:07";"00:11:57:07";"FABstHr extremer Dürre und Trockenheit.!10"
"537";"00:11:57:07";"00:12:01:20";"Erst leidet Norditalien monatelang

unter extremer DÈurre und Trockenheit."
"538";"00:12:01:22";"00:12:01:22";"FABstÃd Dann kommen plötzliche,( ( extre0"
"539";"00:12:01:22";"00:12:01:22";"FABst.m starke Regenfälle.;Ò"
"540";"00:12:01:22";"00:12:04:24";"Dann kommen plÈotzliche,

extrem starke RegenfÈalle."
"541";"00:12:05:01";"00:12:05:01";"FABstÄd Innerhalb kürzester Zeit so viel( ( wie s`Ä"
"542";"00:12:05:01";"00:12:05:01";"FABst<onst in einem halben Jahr. -±r"
"543";"00:12:05:01";"00:12:08:21";"Innerhalb kÈurzester Zeit so viel

wie sonst in einem halben Jahr."
"544";"00:12:08:23";"00:12:08:23";"FABstÅd Mindestens 14 Menschen sterben,( ( vieùæ"
"545";"00:12:08:23";"00:12:08:23";"FABst:le verlieren Hab und Gut. ÿÿ'ýÚ"
"546";"00:12:08:23";"00:12:12:15";"Mindestens 14 Menschen sterben,

viele verlieren Hab und Gut."
"547";"00:12:12:17";"00:12:12:17";"FABstÆd Wären die Bewohner( ( früher êè"
"548";"00:12:12:17";"00:12:12:17";"FABst$gewarnt worden,ÿÿ=</i>&"
"549";"00:12:12:17";"00:12:15:06";"WÈaren die Bewohner

frÈuher gewarnt worden,"
"550";"00:12:15:08";"00:12:15:08";"FABstÇd hätten sie rechtzeitig( ( Schut*"
"551";"00:12:15:08";"00:12:15:08";"FABst(z finden können. ÿÿ9"
"552";"00:12:15:08";"00:12:18:00";"hÈatten sie rechtzeitig

Schutz finden kÈonnen."
"553";"00:12:18:02";"00:12:18:02";"FABstÈd Um ein Frühwarnsystem vor solchen( ( WetteFF"
"554";"00:12:18:02";"00:12:18:02";"FABstBrextremen geht es nun in Genf.ÿÿè"
"555";"00:12:18:02";"00:12:22:16";"Um ein FrÈuhwarnsystem vor solchen

Wetterextremen geht es nun in Genf."
"556";"00:12:23:11";"00:12:23:11";"FABstÉd Dort tagt( ( die Weltwetteroý°"
"557";"00:12:23:11";"00:12:23:11";"FABst&rganisation WMO,ÿÿ;Ôæ"
"558";"00:12:23:11";"00:12:25:20";"Dort tagt

die Weltwetterorganisation WMO,"
"559";"00:12:25:22";"00:12:25:22";"FABstÊd um über Ausbau und Finanzierung( ( fürüN"
"560";"00:12:25:22";"00:12:25:22";"FABst: so ein System zu beraten.ÿÿ'ÁÂ"
"561";"00:12:25:22";"00:12:29:09";"um Èuber Ausbau und Finanzierung

fÈur so ein System zu beraten."
"562";"00:12:29:11";"00:12:29:11";"FABstËH Die Hochwasser in Italien.s`"
"563";"00:12:29:11";"00:12:31:06";"Die Hochwasser in Italien."
"564";"00:12:31:08";"00:12:31:08";"FABstÌd Weiß man das drei Tage vorher,( ( kannT"
"565";"00:12:31:08";"00:12:31:08";"FABstF man sich in Sicherheit bringen.#ª"
"566";"00:12:31:08";"00:12:35:12";"Weiû man das drei Tage vorher,

kann man sich in Sicherheit bringen."
"567";"00:12:35:14";"00:12:35:14";"FABstÍVOder denken Sie an die Wirbelstürme,ÿÿÛ\"
"568";"00:12:35:14";"00:12:37:23";"Oder denken Sie an die WirbelstÈurme,"
"569";"00:12:38:00";"00:12:38:00";"FABstÎd die eine Auswirkung haben( ( von r"
"570";"00:12:38:00";"00:12:38:00";"FABst02000 km Durchmesser. ÿÿ1±Ð"
"571";"00:12:38:00";"00:12:41:17";"die eine Auswirkung haben

von 2000 km Durchmesser."
"572";"00:12:42:09";"00:12:42:09";"FABstÏd Die Wissenschaft rechnet( ( mit immer ã"
"573";"00:12:42:09";"00:12:42:09";"FABst8neuen Rekordtemperaturen.ÿÿ) "
"574";"00:12:42:09";"00:12:46:18";"Die Wissenschaft rechnet

mit immer neuen Rekordtemperaturen."
"575";"00:12:46:20";"00:12:46:20";"FABstÐd Auch die Niederschlagsmuster ( ( werde©"
"576";"00:12:46:20";"00:12:46:20";"FABst:n sich wohl weiter ändern.ÿÿ'2"
"577";"00:12:46:20";"00:12:50:10";"Auch die Niederschlagsmuster

werden sich wohl weiter Èandern."
"578";"00:12:50:12";"00:12:50:12";"FABstÑdRegenreichere Sommer in Sibirien, ( ( Teileê¦"
"579";"00:12:50:12";"00:12:50:12";"FABst@n Europas oder der Sahelzone,ÿÿ!£ô"
"580";"00:12:50:12";"00:12:54:22";"Regenreichere Sommer in Sibirien,

Teilen Europas oder der Sahelzone,"
"581";"00:12:54:24";"00:12:54:24";"FABstÒd weniger Niederschlag( ( und Trockenhþ"
"582";"00:12:54:24";"00:12:54:24";"FABst2eit im Amazonasgebiet.ÿÿ/~"
"583";"00:12:54:24";"00:12:58:16";"weniger Niederschlag

und Trockenheit im Amazonasgebiet."
"584";"00:12:58:18";"00:12:58:18";"FABstÓd Umso wichtiger( ( wird eine L"
"585";"00:12:58:18";"00:12:58:18";"FABst"Infrastruktur,ÿÿ?"
"586";"00:12:58:18";"00:13:01:08";"Umso wichtiger

wird eine Infrastruktur,"
"587";"00:13:01:10";"00:13:01:10";"FABstÔd die rechtzeitig Warnungen( ( aufÀ¾"
"588";"00:13:01:10";"00:13:01:10";"FABst. Handys verschickt. ÿÿ3Û"
"589";"00:13:01:10";"00:13:05:00";"die rechtzeitig Warnungen

auf Handys verschickt."
"590";"00:13:05:02";"00:13:05:02";"FABstÕdMehr als 90 % der Weltbevölkerung( ( iy"
"591";"00:13:05:02";"00:13:05:02";"FABst:st über Handys erreichbar./Wì"
"592";"00:13:05:02";"00:13:09:16";"Mehr als 90 % der WeltbevÈolkerung

ist Èuber Handys erreichbar."
"593";"00:13:09:18";"00:13:09:18";"FABstÖRDrei von vier Menschen haben eins.kn"
"594";"00:13:09:18";"00:13:12:07";"Drei von vier Menschen haben eins."
"595";"00:13:12:09";"00:13:12:09";"FABst×d Ein Mobiltelefon ist ein( ( unschlag½@"
"596";"00:13:12:09";"00:13:12:09";"FABst<bares Kommunikationsmittel,ÿÿ%¡<i>"
"597";"00:13:12:09";"00:13:16:04";"Ein Mobiltelefon ist ein

unschlagbares Kommunikationsmittel,"
"598";"00:13:16:06";"00:13:16:06";"FABstØd um Menschen im Risikogebiet( ( ûJ"
"599";"00:13:16:06";"00:13:16:06";"FABst& zu erreichen.ÿÿ;¸¸"
"600";"00:13:16:06";"00:13:19:01";"um Menschen im Risikogebiet

zu erreichen."
"601";"00:13:21:04";"00:13:21:04";"FABstÙd Als ein Zyklon( ( Myanmar und Ban n"
"602";"00:13:21:04";"00:13:21:04";"FABst.gladesch verwüstete,ÿÿ3v."
"603";"00:13:21:04";"00:13:24:05";"Als ein Zyklon

Myanmar und Bangladesch verwÈustete,"
"604";"00:13:24:07";"00:13:24:07";"FABstÚD gab es dort Warnungen.ÿÿN"
"605";"00:13:24:07";"00:13:25:17";"gab es dort Warnungen."
"606";"00:13:25:19";"00:13:25:19";"FABstÛd Ohne sie hätte es wahrscheinlich( ( mehr Jþ"
"607";"00:13:25:19";"00:13:25:19";"FABst<Tote und Verletzte gegeben.ÿÿ%N"
"608";"00:13:25:19";"00:13:30:00";"Ohne sie hÈatte es wahrscheinlich

mehr Tote und Verletzte gegeben."
"609";"00:13:32:07";"00:13:32:07";"FABstÜd Unwetter gab es( ( auch in Teil«Ê"
"610";"00:13:32:07";"00:13:32:07";"FABst&en Deutschlands.ÿÿ;Ù¼"
"611";"00:13:32:07";"00:13:35:03";"Unwetter gab es

auch in Teilen Deutschlands."
"612";"00:13:35:05";"00:13:35:05";"FABstÝd Am Nachmittag bildeten sich( ( èv"
"613";"00:13:35:05";"00:13:35:05";"FABst,insbesondere in NRWÿÿ5¯4"
"614";"00:13:35:05";"00:13:38:04";"Am Nachmittag bildeten sich

insbesondere in NRW"
"615";"00:13:38:06";"00:13:38:06";"FABstÞd schwere Gewitter mit Dauerregen,( ( teils ¸¬"
"616";"00:13:38:06";"00:13:38:06";"FABst>mit bis zu 80 Litern pro qm.ÿÿ#"
"617";"00:13:38:06";"00:13:42:06";"schwere Gewitter mit Dauerregen,

teils mit bis zu 80 Litern pro qm."
"618";"00:13:42:08";"00:13:42:08";"FABstßd Weil die Kanalisation( ( dem õì"
"619";"00:13:42:08";"00:13:42:08";"FABst(nicht standhielt,ÿÿ9"
"620";"00:13:42:08";"00:13:44:20";"Weil die Kanalisation

dem nicht standhielt,"
"621";"00:13:44:22";"00:13:44:22";"FABstàd kam es zu überschwemmten Straßen( ( und
J"
"622";"00:13:44:22";"00:13:44:22";"FABst6 vollgelaufenen Kellern.ÿÿ+ê"
"623";"00:13:44:22";"00:13:48:17";"kam es zu Èuberschwemmten Straûen

und vollgelaufenen Kellern."
"624";"00:13:51:14";"00:13:51:14";"FABstád Die Wettervorhersage( ( für Dienq®"
"625";"00:13:51:14";"00:13:51:14";"FABst*stag, den 23. Mai:ÿÿ7Â¼"
"626";"00:13:51:14";"00:13:55:01";"Die Wettervorhersage

fÈur Dienstag, den 23. Mai:"
"627";"00:13:56:09";"00:13:56:09";"FABstâdEin Gewittertief sorgt heute Nacht( ( æ^"
"628";"00:13:56:09";"00:13:56:09";"FABst2für lokale Unwetter.ÿÿ/"
"629";"00:13:56:09";"00:13:59:18";"Ein Gewittertief sorgt heute Nacht

fÈur lokale Unwetter."
"630";"00:13:59:20";"00:13:59:20";"FABstãd Es bestehen Warnungen( ( des DeutëÀ"
"631";"00:13:59:20";"00:13:59:20";"FABst0schen Wetterdienstes.ÿÿ1£R"
"632";"00:13:59:20";"00:14:02:24";"Es bestehen Warnungen

des Deutschen Wetterdienstes."
"633";"00:14:03:01";"00:14:03:01";"FABstäd Der Schwerpunkt( ( liegt inV"
"634";"00:14:03:01";"00:14:03:01";"FABst$ der Westhälfteÿÿ=%@"
"635";"00:14:03:01";"00:14:05:21";"Der Schwerpunkt

liegt in der WesthÈalfte"
"636";"00:14:05:23";"00:14:05:23";"FABståd mit teils heftigem Starkregen,( ( ôh"
"637";"00:14:05:23";"00:14:05:23";"FABst.Hagel und Sturmböen.ÿÿ34"
"638";"00:14:05:23";"00:14:09:03";"mit teils heftigem Starkregen,

Hagel und SturmbÈoen."
"639";"00:14:09:05";"00:14:09:05";"FABstæd In der zweiten Nachthälfte( ( geht es"
"640";"00:14:09:05";"00:14:09:05";"FABst>in der Südhälfte ruhiger zu,ÿÿ#&"
"641";"00:14:09:05";"00:14:12:21";"In der zweiten NachthÈalfte

geht es in der SÈudhÈalfte ruhiger zu,"
"642";"00:14:12:23";"00:14:12:23";"FABstçd während im Norden( ( die GewiZð"
"643";"00:14:12:23";"00:14:12:23";"FABst"tter anhalten.ÿÿ?ü"
"644";"00:14:12:23";"00:14:15:05";"wÈahrend im Norden

die Gewitter anhalten."
"645";"00:14:15:07";"00:14:15:07";"FABstèd Morgen verlagern sie ( ( langs¹"
"646";"00:14:15:07";"00:14:15:07";"FABst*am Richtung Osten.ÿÿ7©¢"
"647";"00:14:15:07";"00:14:17:19";"Morgen verlagern sie

langsam Richtung Osten."
"648";"00:14:17:21";"00:14:17:21";"FABstéd Von den Alpen bis zum Bayerischen( ( WalÂ"
"649";"00:14:17:21";"00:14:17:21";"FABst>d breiten sich Gewitter aus.ÿÿ#F"
"650";"00:14:17:21";"00:14:21:17";"Von den Alpen bis zum Bayerischen

Wald breiten sich Gewitter aus."
"651";"00:14:21:19";"00:14:21:19";"FABstêN In der Westhälfte meist trocken,ÿÿ¸ö"
"652";"00:14:21:19";"00:14:23:15";"In der WesthÈalfte meist trocken,"
"653";"00:14:23:17";"00:14:23:17";"FABstëd später wird es dort( ( sowie an der PR"
"654";"00:14:23:17";"00:14:23:17";"FABst0Nordsee freundlicher.ÿÿ1±d"
"655";"00:14:23:17";"00:14:27:13";"spÈater wird es dort

sowie an der Nordsee freundlicher."
"656";"00:14:35:03";"00:14:35:03";"FABstìd Am Mittwoch im Norden( ( und an¨Ô"
"657";"00:14:35:03";"00:14:35:03";"FABst, den Alpen Schauer,ÿÿ5Ú"
"658";"00:14:35:03";"00:14:37:23";"Am Mittwoch im Norden

und an den Alpen Schauer,"
"659";"00:14:38:00";"00:14:38:00";"FABstíTsonst meist trocken, oft freundlich.ÿÿS"
"660";"00:14:38:00";"00:14:40:12";"sonst meist trocken, oft freundlich."
"661";"00:14:40:13";"00:14:40:13";"FABstîd In den folgenden Tagen( ( vielerorts"
"662";"00:14:40:13";"00:14:40:13";"FABst4 mehr Sonne als Wolken,ÿÿ-Ù"
"663";"00:14:40:13";"00:14:43:20";"In den folgenden Tagen

vielerorts mehr Sonne als Wolken,"
"664";"00:14:43:22";"00:14:43:22";"FABstïF es bleibt meist trocken.ÿÿ{"
"665";"00:14:43:22";"00:14:45:12";"es bleibt meist trocken."
"666";"00:14:47:10";"00:14:47:10";"FABstðdUm 22.15 Uhr fragen die tagesthemen,( ( wËV"
"667";"00:14:47:10";"00:14:47:10";"FABstDann die sinkenden Energiepreiseÿÿ©Ü"
"668";"00:14:47:10";"00:14:52:05";"Um 22.15 Uhr fragen die tagesthemen,

wann die sinkenden Energiepreise"
"669";"00:14:52:07";"00:14:52:07";"FABstñd an die Verbraucher ( ( weite²<"
"670";"00:14:52:07";"00:14:52:07";"FABst&rgegeben werden.ÿÿ;ê"
"671";"00:14:52:07";"00:14:55:08";"an die Verbraucher

weitergegeben werden."
"672";"00:14:55:10";"00:14:55:10";"FABstòd Und es geht im Interview( ( mit Tui-ChÁ6"
"673";"00:14:55:10";"00:14:55:10";"FABst6ef Sebastian Ebel darum,ÿÿ+ê"
"674";"00:14:55:10";"00:14:59:13";"Und es geht im Interview

mit Tui-Chef Sebastian Ebel darum,"
"675";"00:14:59:15";"00:14:59:15";"FABstód wie Reisen nachhaltiger( ( werden ka°î"
"676";"00:14:59:15";"00:14:59:15";"FABst6nn und bezahlbar bleibt.ÿÿ+ü¾"
"677";"00:14:59:15";"00:15:03:04";"wie Reisen nachhaltiger

werden kann und bezahlbar bleibt."
"678";"00:15:03:06";"00:15:03:06";"FABstôd Ich wünsche Ihnen ( ( einen Tv"
"679";"00:15:03:06";"00:15:03:06";"FABst"schönen Abend.ÿÿ?Yf"
"680";"00:15:03:06";"00:15:05:16";"Ich wÈunsche Ihnen

einen schÈonen Abend."
"681";"00:15:07:03";"00:15:07:03";"FABstõLCopyright Untertitel: NDR 2023ÿÿh>"
"682";"00:15:07:03";"00:15:09:07";"Copyright Untertitel: NDR 2023"
