No.;Timecode In;Timecode Out;Subtitle
"1";"00:00:03:00";"00:00:03:00";"FABst6 * Gong *ÿÿZZZZZZZZZZ¥¥ã¥¥¥¥¥6"
"2";"00:00:03:00";"00:00:03:00";"FABst¥¥¥á¥¥à¥ã¥¥¥¥§ª¦ªîªªªGÌ"
"3";"00:00:03:00";"00:00:04:07";"* Gong *"
"4";"00:00:04:09";"00:00:04:09";"FABstdHier ist das Erste Deutsche Fernsehen( ( 9"
"5";"00:00:04:09";"00:00:04:09";"FABst: mit der tagesschau.ÿÿ'õþ"
"6";"00:00:04:09";"00:00:07:15";"Hier ist das Erste Deutsche Fernsehen

mit der tagesschau."
"7";"00:00:07:17";"00:00:07:17";"FABstd Diese Sendung wurde vom NDR( ( live Af"
"8";"00:00:07:17";"00:00:07:17";"FABst6untertitelt (23.05.2023)ÿÿ+º¬"
"9";"00:00:07:17";"00:00:12:02";"Diese Sendung wurde vom NDR

live untertitelt (23.05.2023)"
"10";"00:00:15:06";"00:00:15:06";"FABstN Heute im Studio: Judith Rakers.ÿÿÛè"
"11";"00:00:15:06";"00:00:17:10";"Heute im Studio: Judith Rakers."
"12";"00:00:17:22";"00:00:17:22";"FABstd Guten Abend,( ( ich begrüße Si3¦"
"13";"00:00:17:22";"00:00:17:22";"FABst(e zur tagesschau.A¯R"
"14";"00:00:17:22";"00:00:20:21";"Guten Abend,

ich begrÈuûe Sie zur tagesschau."
"15";"00:00:21:23";"00:00:21:23";"FABstdDer Streit über das Heizungsgesetz( ("
"16";"00:00:21:23";"00:00:21:23";"FABst6wird zur Belastungsprobeÿÿ+Í4"
"17";"00:00:21:23";"00:00:25:14";"Der Streit Èuber das Heizungsgesetz

wird zur Belastungsprobe"
"18";"00:00:25:16";"00:00:25:16";"FABst@ für die Koalition.ÿÿMÄ"
"19";"00:00:25:16";"00:00:27:03";"fÈur die Koalition."
"20";"00:00:27:05";"00:00:27:05";"FABstd Wegen Bedenken der FDP( ( wird der Ev\"
"21";"00:00:27:05";"00:00:27:05";"FABst:ntwurf diese Woche nicht -ÿÿ'</i>Ú"
"22";"00:00:27:05";"00:00:30:22";"Wegen Bedenken der FDP

wird der Entwurf diese Woche nicht -"
"23";"00:00:30:24";"00:00:30:24";"FABstd wie vorgesehen - in erster Lesung( ( RP"
"24";"00:00:30:24";"00:00:30:24";"FABst4im Bundestag beraten.ÿÿ-ì¦"
"25";"00:00:30:24";"00:00:34:13";"wie vorgesehen - in erster Lesung

im Bundestag beraten."
"26";"00:00:35:02";"00:00:35:02";"FABstd Damit steht der Zeitplan( ( t`"
"27";"00:00:35:02";"00:00:35:02";"FABst"auf der Kippe.ÿÿ?æ"
"28";"00:00:35:02";"00:00:38:00";"Damit steht der Zeitplan

auf der Kippe."
"29";"00:00:39:07";"00:00:39:07";"FABstd Minister Habeck wirft dem( ( KoalitionGÐ"
"30";"00:00:39:07";"00:00:39:07";"FABst<spartner FDP Wortbruch vor.ÿÿ%f"
"31";"00:00:39:07";"00:00:43:18";"Minister Habeck wirft dem

Koalitionspartner FDP Wortbruch vor."
"32";"00:00:45:18";"00:00:45:18";"FABstd Die Wärmewende( ( für Deuts\"
"33";"00:00:45:18";"00:00:45:18";"FABst"chlands HäuserG"
"34";"00:00:45:18";"00:00:48:12";"Die WÈarmewende

fÈur Deutschlands HÈauser"
"35";"00:00:48:14";"00:00:48:14";"FABstd heizt in der Koalition( ( dieh"
"36";"00:00:48:14";"00:00:48:14";"FABst" Stimmung auf.Gó"
"37";"00:00:48:14";"00:00:51:07";"heizt in der Koalition

die Stimmung auf."
"38";"00:00:52:02";"00:00:52:02";"FABstd Scharf kritisiert( ( der Wir?<"
"39";"00:00:52:02";"00:00:52:02";"FABst&tschaftsministerÿÿ;ïÞ"
"40";"00:00:52:02";"00:00:54:12";"Scharf kritisiert

der Wirtschaftsminister"
"41";"00:00:54:15";"00:00:54:15";"FABstd den Widerstand der FDP( ( gegen sein("
"42";"00:00:54:15";"00:00:54:15";"FABst2 Gebäudeenergiegesetz.ÿÿ/C"
"43";"00:00:54:15";"00:00:58:05";"den Widerstand der FDP

gegen sein GebÈaudeenergiegesetz."
"44";"00:00:58:11";"00:00:58:11";"FABstd Dass es nicht aufgesetzt wird,( ( ist e_"
"45";"00:00:58:11";"00:00:58:11";"FABstBin Wortbruch der Vereinbarung,'"
"46";"00:00:58:11";"00:01:03:10";"Dass es nicht aufgesetzt wird,

ist ein Wortbruch der Vereinbarung,"
"47";"00:01:04:12";"00:01:04:12";"FABstddie wir nach dem Koalitionsausschuss( ( t"
"48";"00:01:04:12";"00:01:04:12";"FABst8 getroffen haben.1ßl"
"49";"00:01:04:12";"00:01:07:17";"die wir nach dem Koalitionsausschuss

getroffen haben."
"50";"00:01:07:19";"00:01:07:19";"FABstH Auf Twitter Wortgefechte,ÿÿ"
"51";"00:01:07:19";"00:01:09:15";"Auf Twitter Wortgefechte,"
"52";"00:01:10:06";"00:01:10:06";"FABstd laut FDP gehören( ( "von 170 Seite²L"
"53";"00:01:10:06";"00:01:10:06";"FABst.n 120 in die Tonne".ÿÿ3¢"
"54";"00:01:10:06";"00:01:13:15";"laut FDP gehÈoren

"von 170 Seiten 120 in die Tonne"."
"55";"00:01:14:03";"00:01:14:03";"FABstd Ein Grüner nennt die FDP( ( "unzuverÃú"
"56";"00:01:14:03";"00:01:14:03";"FABst4lässig und destruktiv."ÿÿ-8"
"57";"00:01:14:03";"00:01:17:21";"Ein GrÈuner nennt die FDP

"unzuverlÈassig und destruktiv.""
"58";"00:01:18:20";"00:01:18:20";"FABstd Arbeitsverweigerung( ( werfen die"
"59";"00:01:18:20";"00:01:18:20";"FABst,Grünen der FDP vor.ÿÿ5æ"
"60";"00:01:18:20";"00:01:21:24";"Arbeitsverweigerung

werfen die GrÈunen der FDP vor."
"61";"00:01:22:12";"00:01:22:12";"FABstdIch rate allen Beteiligten dazu,( ( oÊ"
"62";"00:01:22:12";"00:01:22:12";"FABst.verbal abzurüsten.ÿÿ3~Ø"
"63";"00:01:22:12";"00:01:25:16";"Ich rate allen Beteiligten dazu,

verbal abzurÈusten."
"64";"00:01:26:02";"00:01:26:02";"FABstd Ziel müsse ein gutes Gesetz sein.( ( D"
"65";"00:01:26:02";"00:01:26:02";"FABst8er Zeitplan? Zweitrangig.ÿÿ)
Æ"
"66";"00:01:26:02";"00:01:29:18";"Ziel mÈusse ein gutes Gesetz sein.

Der Zeitplan? Zweitrangig."
"67";"00:01:30:10";"00:01:30:10";"FABstd Für die Menschen( ( kommt es ü"
"68";"00:01:30:10";"00:01:30:10";"FABst&nicht darauf an,CÃ¸"
"69";"00:01:30:10";"00:01:32:22";"FÈur die Menschen

kommt es nicht darauf an,"
"70";"00:01:32:24";"00:01:32:24";"FABstRwann eine Lesung im Bundestag ist.¡Ú"
"71";"00:01:32:24";"00:01:35:01";"wann eine Lesung im Bundestag ist."
"72";"00:01:35:03";"00:01:35:03";"FABstVFür die Menschen kommt es darauf an,`"
"73";"00:01:35:03";"00:01:37:08";"FÈur die Menschen kommt es darauf an,"
"74";"00:01:37:10";"00:01:37:10";"FABstd ob das Gebäudeenergiegesetz( ( Êx"
"75";"00:01:37:10";"00:01:37:10";"FABst& funktioniert.ÿÿ;þ"
"76";"00:01:37:10";"00:01:39:20";"ob das GebÈaudeenergiegesetz

funktioniert."
"77";"00:01:40:04";"00:01:40:04";"FABstd Die FDP fürchtet einen( ( zu starken¥È"
"78";"00:01:40:04";"00:01:40:04";"FABst: Fokus auf die Wärmepumpe,ÿÿ'6Æ"
"79";"00:01:40:04";"00:01:43:17";"Die FDP fÈurchtet einen

zu starken Fokus auf die WÈarmepumpe,"
"80";"00:01:43:19";"00:01:43:19";"FABstd will Technologieoffenheit( ( und L¦"
"81";"00:01:43:19";"00:01:43:19";"FABst0einen neuen Entwurf. ÿÿ1·Ô"
"82";"00:01:43:19";"00:01:47:02";"will Technologieoffenheit

und einen neuen Entwurf."
"83";"00:01:48:11";"00:01:48:11";"FABstd Eigentlich soll ab 2024( ( jBl"
"84";"00:01:48:11";"00:01:48:11";"FABst&ede neue Heizungÿÿ;ÍÖ"
"85";"00:01:48:11";"00:01:51:01";"Eigentlich soll ab 2024

jede neue Heizung"
"86";"00:01:51:03";"00:01:51:03";"FABstd zu 65 %( ( mit erneuerbarer E<"
"87";"00:01:51:03";"00:01:51:03";"FABst"nergie laufen.ÿÿ?ù"
"88";"00:01:51:03";"00:01:54:06";"zu 65 %

mit erneuerbarer Energie laufen."
"89";"00:01:56:07";"00:01:56:07";"FABst d Nun ist fraglich, ob das Gesetz( ( voD¦"
"90";"00:01:56:07";"00:01:56:07";"FABst6r der Sommerpause kommt.ÿÿ+Ö¾"
"91";"00:01:56:07";"00:01:59:20";"Nun ist fraglich, ob das Gesetz

vor der Sommerpause kommt."
"92";"00:01:59:23";"00:01:59:23";"FABst!d Die SPD sieht Diskussionsbedarf,( ( ;¬"
"93";"00:01:59:23";"00:01:59:23";"FABst& mahnt aber:ÿÿ; v"
"94";"00:01:59:23";"00:02:02:19";"Die SPD sieht Diskussionsbedarf,

mahnt aber:"
"95";"00:02:03:09";"00:02:03:09";"FABst"d Am Ende schaden wir uns allen,( ( wenn â"
"96";"00:02:03:09";"00:02:03:09";"FABstBdas nicht in Sachgerechtigkeit'ú"
"97";"00:02:03:09";"00:02:07:19";"Am Ende schaden wir uns allen,

wenn das nicht in Sachgerechtigkeit"
"98";"00:02:10:18";"00:02:10:18";"FABst#d und mit Überzeugung bis( ( zur Somme"
"99";"00:02:10:18";"00:02:10:18";"FABst8rpause auf den Weg kommt.1çj"
"100";"00:02:10:18";"00:02:15:11";"und mit ÈUberzeugung bis

zur Sommerpause auf den Weg kommt."
"101";"00:02:19:03";"00:02:19:03";"FABst$d Auch der Kanzler dringt( ( beim Heiz%Æ"
"102";"00:02:19:03";"00:02:19:03";"FABst0ungsgesetz auf Tempo.ÿÿ1æJ"
"103";"00:02:19:03";"00:02:22:10";"Auch der Kanzler dringt

beim Heizungsgesetz auf Tempo."
"104";"00:02:22:12";"00:02:22:12";"FABst%H Die FDP bremst die Ampel.ÿÿ«ö"
"105";"00:02:22:12";"00:02:24:05";"Die FDP bremst die Ampel."
"106";"00:02:24:13";"00:02:24:13";"FABst&d Die Union wirft Scholz( ( Führu<i>æ"
"107";"00:02:24:13";"00:02:24:13";"FABst(ngsschwäche vor. ÿÿ9F"
"108";"00:02:24:13";"00:02:27:07";"Die Union wirft Scholz

FÈuhrungsschwÈache vor."
"109";"00:02:27:12";"00:02:27:12";"FABst'd Es wäre gut, wenn der Kanzler( ( die Fâà"
"110";"00:02:27:12";"00:02:27:12";"FABstBührung der Koalition übernimmt'ò2"
"111";"00:02:27:12";"00:02:31:16";"Es wÈare gut, wenn der Kanzler

die FÈuhrung der Koalition Èubernimmt"
"112";"00:02:31:18";"00:02:31:18";"FABst(d und dafür sorgt,( ( dass dieses Ô²"
"113";"00:02:31:18";"00:02:31:18";"FABst,Chaos ein Ende hat.=¤"
"114";"00:02:31:18";"00:02:35:00";"und dafÈur sorgt,

dass dieses Chaos ein Ende hat."
"115";"00:02:35:20";"00:02:35:20";"FABst)d Die Union hat( ( eine Aktuelletê"
"116";"00:02:35:20";"00:02:35:20";"FABst* Stunde beantragt.ÿÿ7"
"117";"00:02:35:20";"00:02:38:12";"Die Union hat

eine Aktuelle Stunde beantragt."
"118";"00:02:38:14";"00:02:38:14";"FABst*dSo wird das Gesetz trotz FDP-Blockade( ( "
"119";"00:02:38:14";"00:02:38:14";"FABstFmorgen Thema im Bundestag sein.ÿÿ"
"120";"00:02:38:14";"00:02:42:18";"So wird das Gesetz trotz FDP-Blockade

morgen Thema im Bundestag sein."
"121";"00:02:43:21";"00:02:43:21";"FABst+d Ein Machtwort des Kanzlers( ( bepn"
"122";"00:02:43:21";"00:02:43:21";"FABst(im HeizungsgesetzAê"
"123";"00:02:43:21";"00:02:46:15";"Ein Machtwort des Kanzlers

beim Heizungsgesetz"
"124";"00:02:46:17";"00:02:46:17";"FABst,F fordern Union und Grüne.*"
"125";"00:02:46:17";"00:02:48:07";"fordern Union und GrÈune."
"126";"00:02:48:09";"00:02:48:09";"FABst-d Wie das aussehen soll( ( und w1<"
"127";"00:02:48:09";"00:02:48:09";"FABst*ie die Differenzen`7¢"
"128";"00:02:48:09";"00:02:51:01";"Wie das aussehen soll

und wie die Differenzen"
"129";"00:02:51:03";"00:02:51:03";"FABst.d überbrückt werden können,( ( istÛê"
"130";"00:02:51:03";"00:02:51:03";"FABst. schwer ersichtlich.ÿÿ3ºÊ"
"131";"00:02:51:03";"00:02:54:10";"ÈuberbrÈuckt werden kÈonnen,

ist schwer ersichtlich."
"132";"00:02:55:01";"00:02:55:01";"FABst/d Offenkundig ist angesichts der ( ( Verzö"
"133";"00:02:55:01";"00:02:55:01";"FABst>gerungen und Verbalattacken,ÿÿ#Â"
"134";"00:02:55:01";"00:02:59:02";"Offenkundig ist angesichts der

VerzÈogerungen und Verbalattacken,"
"135";"00:02:59:04";"00:02:59:04";"FABst0Pdass das Ampelklima belastet ist.ÿÿ("
"136";"00:02:59:04";"00:03:01:21";"dass das Ampelklima belastet ist."
"137";"00:03:04:11";"00:03:04:11";"FABst1d Für die Energiewende will ( ( Wirtsù"
"138";"00:03:04:11";"00:03:04:11";"FABst0chaftsminister Habeckÿÿ1òú"
"139";"00:03:04:11";"00:03:07:14";"FÈur die Energiewende will

Wirtschaftsminister Habeck"
"140";"00:03:07:16";"00:03:07:16";"FABst2d den Ausbau von Windrädern an Land( ( »v"
"141";"00:03:07:16";"00:03:07:16";"FABst, beschleunigen.ÿÿ5`"
"142";"00:03:07:16";"00:03:10:21";"den Ausbau von WindrÈadern an Land

beschleunigen."
"143";"00:03:10:23";"00:03:10:23";"FABst3dDafür stellte er beim Spitzentreffen( ( miÀ"
"144";"00:03:10:23";"00:03:10:23";"FABstFt Ländern, kommunalen Verbänden ÿÿìÖ"
"145";"00:03:10:23";"00:03:15:07";"DafÈur stellte er beim Spitzentreffen

mit LÈandern, kommunalen VerbÈanden"
"146";"00:03:15:09";"00:03:15:09";"FABst4d und Energiebranche ( ( eine}L"
"147";"00:03:15:09";"00:03:15:09";"FABst$ Strategie vor.ÿÿ=ÿ"
"148";"00:03:15:09";"00:03:17:24";"und Energiebranche

eine Strategie vor."
"149";"00:03:18:11";"00:03:18:11";"FABst5d Sie zielt auf mehr Flächen für( ( Windrä÷j"
"150";"00:03:18:11";"00:03:18:11";"FABstBder, verbesserte TransportwegeÿÿÜ"
"151";"00:03:18:11";"00:03:22:14";"Sie zielt auf mehr FlÈachen fÈur

WindrÈader, verbesserte Transportwege"
"152";"00:03:22:16";"00:03:22:16";"FABst6J und schnellere Genehmigung.ÿÿJ"
"153";"00:03:22:16";"00:03:24:14";"und schnellere Genehmigung."
"154";"00:03:25:06";"00:03:25:06";"FABst7dAnfang 2023 lieferten in Deutschland( ( übeÏX"
"155";"00:03:25:06";"00:03:25:06";"FABstHr 28.000 Windräder an Land Strom.ÿÿz."
"156";"00:03:25:06";"00:03:30:15";"Anfang 2023 lieferten in Deutschland

Èuber 28.000 WindrÈader an Land Strom."
"157";"00:03:32:09";"00:03:32:09";"FABst8d Ein Rotorblatt zu transportieren,( ( C"
"158";"00:03:32:09";"00:03:32:09";"FABst, ist Maßarbeit.=S."
"159";"00:03:32:09";"00:03:35:10";"Ein Rotorblatt zu transportieren,

ist Maûarbeit."
"160";"00:03:35:12";"00:03:35:12";"FABst9d Nicht nur auf der Straße ist es ( ( kompliô6"
"161";"00:03:35:12";"00:03:35:12";"FABst>ziert, auch der Weg dorthin.+Ää"
"162";"00:03:35:12";"00:03:39:18";"Nicht nur auf der Straûe ist es

kompliziert, auch der Weg dorthin."
"163";"00:03:40:18";"00:03:40:18";"FABst:d Die Genehmigungen für( ( Schwerlasttrìd"
"164";"00:03:40:18";"00:03:40:18";"FABst2ansporte dauern lange.ÿÿ/¶6"
"165";"00:03:40:18";"00:03:44:07";"Die Genehmigungen fÈur

Schwerlasttransporte dauern lange."
"166";"00:03:44:09";"00:03:44:09";"FABst;F Manchmal mehrere Monate.ÿÿôæ"
"167";"00:03:44:09";"00:03:45:23";"Manchmal mehrere Monate."
"168";"00:03:46:08";"00:03:46:08";"FABst<TDie Bundesregierung will das ändern.ÿÿD"
"169";"00:03:46:08";"00:03:48:19";"Die Bundesregierung will das Èandern."
"170";"00:03:49:13";"00:03:49:13";"FABst=F Wir werden dafür sorgen,7Ö"
"171";"00:03:49:13";"00:03:51:03";"Wir werden dafÈur sorgen,"
"172";"00:03:51:05";"00:03:51:05";"FABst>d dass die Transporte( ( leichtgängigù"
"173";"00:03:51:05";"00:03:51:05";"FABst.er genehmigt werden.;­"
"174";"00:03:51:05";"00:03:54:14";"dass die Transporte

leichtgÈangiger genehmigt werden."
"175";"00:03:54:16";"00:03:54:16";"FABst?d Wir werden schauen, dass wir ( ( die WV¬"
"176";"00:03:54:16";"00:03:54:16";"FABst:asserwege mit einbeziehen,/§Â"
"177";"00:03:54:16";"00:03:58:18";"Wir werden schauen, dass wir

die Wasserwege mit einbeziehen,"
"178";"00:03:59:04";"00:03:59:04";"FABst@J um die Straßen zu entlasten.ÿÿ0N"
"179";"00:03:59:04";"00:04:01:03";"um die Straûen zu entlasten."
"180";"00:04:01:08";"00:04:01:08";"FABstAd Beim Windkraftausbau( ( gibt eg|"
"181";"00:04:01:08";"00:04:01:08";"FABst&s erste Erfolge:ÿÿ;("
"182";"00:04:01:08";"00:04:04:17";"Beim Windkraftausbau

gibt es erste Erfolge:"
"183";"00:04:05:16";"00:04:05:16";"FABstBd Im ersten Quartal 2023 wurden( ( bundes3D"
"184";"00:04:05:16";"00:04:05:16";"FABst<weit 128 Windenergieanlagenÿÿ%í"
"185";"00:04:05:16";"00:04:09:23";"Im ersten Quartal 2023 wurden

bundesweit 128 Windenergieanlagen"
"186";"00:04:10:13";"00:04:10:13";"FABstCd mit rund 600 Megawatt( ( in Bbæ"
"187";"00:04:10:13";"00:04:10:13";"FABst(etrieb genommen. ÿÿ9× "
"188";"00:04:10:13";"00:04:13:10";"mit rund 600 Megawatt

in Betrieb genommen."
"189";"00:04:13:17";"00:04:13:17";"FABstDd Ein Plus von 46 %( ( gegenüber dem ð°"
"190";"00:04:13:17";"00:04:13:17";"FABst.ersten Quartal 2022.ÿÿ3è"
"191";"00:04:13:17";"00:04:17:10";"Ein Plus von 46 %

gegenÈuber dem ersten Quartal 2022."
"192";"00:04:18:03";"00:04:18:03";"FABstEd Auch bei den Genehmigungen( ( ""
"193";"00:04:18:03";"00:04:18:03";"FABst$geht es voran.ÿÿ=½"
"194";"00:04:18:03";"00:04:21:08";"Auch bei den Genehmigungen

geht es voran."
"195";"00:04:22:11";"00:04:22:11";"FABstFd Jedoch mit unterschiedlicher( ( Geschwi;"
"196";"00:04:22:11";"00:04:22:11";"FABstBndigkeit in den Bundesländern.ÿÿx"
"197";"00:04:22:11";"00:04:26:11";"Jedoch mit unterschiedlicher

Geschwindigkeit in den BundeslÈandern."
"198";"00:04:26:19";"00:04:26:19";"FABstGd In Baden-Württemberg ist( ( eine neue N"
"199";"00:04:26:19";"00:04:26:19";"FABst6Anlage genehmigt worden,ÿÿ+þ"
"200";"00:04:26:19";"00:04:30:07";"In Baden-WÈurttemberg ist

eine neue Anlage genehmigt worden,"
"201";"00:04:30:09";"00:04:30:09";"FABstH> in Bayern zwei.ÿÿ¤"
"202";"00:04:30:09";"00:04:31:13";"in Bayern zwei."
"203";"00:04:32:02";"00:04:32:02";"FABstId Nordrhein-Westfalen,( ( Schleswig-H{*"
"204";"00:04:32:02";"00:04:32:02";"FABst8olstein und Niedersachsenÿÿ)µ0"
"205";"00:04:32:02";"00:04:35:12";"Nordrhein-Westfalen,

Schleswig-Holstein und Niedersachsen"
"206";"00:04:35:14";"00:04:35:14";"FABstJd haben im ersten Quartal( ( die meiste."
"207";"00:04:35:14";"00:04:35:14";"FABst2n Windräder genehmigt.ÿÿ/~"
"208";"00:04:35:14";"00:04:38:20";"haben im ersten Quartal

die meisten WindrÈader genehmigt."
"209";"00:04:38:22";"00:04:38:22";"FABstKd Die Union hält einen( ( schnellerenõ."
"210";"00:04:38:22";"00:04:38:22";"FABst: Ausbau für unrealistisch.ÿÿ'Y*"
"211";"00:04:38:22";"00:04:42:10";"Die Union hÈalt einen

schnelleren Ausbau fÈur unrealistisch."
"212";"00:04:42:20";"00:04:42:20";"FABstLJ Der Windgipfel hat gezeigt,®:"
"213";"00:04:42:20";"00:04:44:17";"Der Windgipfel hat gezeigt,"
"214";"00:04:44:19";"00:04:44:19";"FABstMd dass die Regierungspläne( ( nichÉ"
"215";"00:04:44:19";"00:04:44:19";"FABst*t umzusetzen sind.?£Þ"
"216";"00:04:44:19";"00:04:48:01";"dass die RegierungsplÈane

nicht umzusetzen sind."
"217";"00:04:48:03";"00:04:48:03";"FABstNd Es fehlt an Flächen,( ( es fehlt an»"
"218";"00:04:48:03";"00:04:48:03";"FABst2 Genehmigungspersonal.ÿÿ/Ëî"
"219";"00:04:48:03";"00:04:51:09";"Es fehlt an FlÈachen,

es fehlt an Genehmigungspersonal."
"220";"00:04:51:11";"00:04:51:11";"FABstOTan Kapazitäten bei den Herstellern.ÿÿWN"
"221";"00:04:51:11";"00:04:53:19";"an KapazitÈaten bei den Herstellern."
"222";"00:04:53:24";"00:04:53:24";"FABstPd Nein,( ( sagt der Bundesverb=Z"
"223";"00:04:53:24";"00:04:53:24";"FABst&and Windenergie,ÿÿ;ÔÔ"
"224";"00:04:53:24";"00:04:56:12";"Nein,

sagt der Bundesverband Windenergie,"
"225";"00:04:56:15";"00:04:56:15";"FABstQd die Kapazitäten und Fachkräfte( ( 0¢"
"226";"00:04:56:15";"00:04:56:15";"FABst*seien vorhanden.ÿÿ7é®"
"227";"00:04:56:15";"00:04:59:08";"die KapazitÈaten und FachkrÈafte

seien vorhanden."
"228";"00:04:59:13";"00:04:59:13";"FABstRd Viele junge Menschen( ( wollenc"
"229";"00:04:59:13";"00:04:59:13";"FABst& in die Branche.C­H"
"230";"00:04:59:13";"00:05:02:05";"Viele junge Menschen

wollen in die Branche."
"231";"00:05:02:07";"00:05:02:07";"FABstSVSie wollen einen sinnstiftenden Job.·¤"
"232";"00:05:02:07";"00:05:04:13";"Sie wollen einen sinnstiftenden Job."
"233";"00:05:04:15";"00:05:04:15";"FABstTd Sie möchten die Energiewende( ( ±h"
"234";"00:05:04:15";"00:05:04:15";"FABst$vorantreiben.`=«"
"235";"00:05:04:15";"00:05:07:02";"Sie mÈochten die Energiewende

vorantreiben."
"236";"00:05:07:05";"00:05:07:05";"FABstUd Und die Unternehmen( ( der BrK`"
"237";"00:05:07:05";"00:05:07:05";"FABst(anche können das.ÿÿ9S®"
"238";"00:05:07:05";"00:05:10:08";"Und die Unternehmen

der Branche kÈonnen das."
"239";"00:05:11:16";"00:05:11:16";"FABstVdIm Schnitt werden in Deutschland( ( zehn TN"
"240";"00:05:11:16";"00:05:11:16";"FABst<Windräder pro Woche gebaut.`%f"
"241";"00:05:11:16";"00:05:15:14";"Im Schnitt werden in Deutschland

zehn WindrÈader pro Woche gebaut."
"242";"00:05:15:16";"00:05:15:16";"FABstWdFür die Ausbauziele der Regierung( ( X"
"243";"00:05:15:16";"00:05:15:16";"FABst. wären 30 nötig.;è@"
"244";"00:05:15:16";"00:05:18:18";"FÈur die Ausbauziele der Regierung

wÈaren 30 nÈotig."
"245";"00:05:18:20";"00:05:18:20";"FABstXd Der Bundesverband Windenergie( ( þ"
"246";"00:05:18:20";"00:05:18:20";"FABst( forderte Tempoÿÿ9¦Z"
"247";"00:05:18:20";"00:05:21:15";"Der Bundesverband Windenergie

forderte Tempo"
"248";"00:05:21:17";"00:05:21:17";"FABstYdund nannte den Süden Deutschlands( ( ¬"
"249";"00:05:21:17";"00:05:21:17";"FABst. "Totalausfall".ÿÿ3Ü`"
"250";"00:05:21:17";"00:05:24:16";"und nannte den SÈuden Deutschlands

"Totalausfall"."
"251";"00:05:24:18";"00:05:24:18";"FABstZd Für E-Autos und Wärmepumpen( ( wird de=("
"252";"00:05:24:18";"00:05:24:18";"FABst<utlich mehr Strom benötigt.ÿÿ%!"
"253";"00:05:24:18";"00:05:29:04";"FÈur E-Autos und WÈarmepumpen

wird deutlich mehr Strom benÈotigt."
"254";"00:05:31:20";"00:05:31:20";"FABst[d Bei der Pflegereform einigte sich( ( die RH"
"255";"00:05:31:20";"00:05:31:20";"FABstBegierung auf einen Kompromiss.ÿÿT"
"256";"00:05:31:20";"00:05:36:13";"Bei der Pflegereform einigte sich

die Regierung auf einen Kompromiss."
"257";"00:05:37:19";"00:05:37:19";"FABst\d Nachbesserungen gibt es ( ( bei db"
"258";"00:05:37:19";"00:05:37:19";"FABst,er Pflege zu Hause.ÿÿ5À"
"259";"00:05:37:19";"00:05:40:19";"Nachbesserungen gibt es

bei der Pflege zu Hause."
"260";"00:05:40:21";"00:05:40:21";"FABst]d Es soll Angehörigen( ( leichter¬>"
"261";"00:05:40:21";"00:05:40:21";"FABst& gemacht werden,ÿÿ;¢,"
"262";"00:05:40:21";"00:05:43:14";"Es soll AngehÈorigen

leichter gemacht werden,"
"263";"00:05:43:16";"00:05:43:16";"FABst^dVertretungen oder kurzzeitige Pflege( ( 6v"
"264";"00:05:43:16";"00:05:43:16";"FABst2 zu finanzieren.ÿÿ/°"
"265";"00:05:43:16";"00:05:46:24";"Vertretungen oder kurzzeitige Pflege

zu finanzieren."
"266";"00:05:47:01";"00:05:47:01";"FABst_d Im Gegenzug will die Regierung( ( N¼"
"267";"00:05:47:01";"00:05:47:01";"FABst( die Leistungenÿÿ9¤l"
"268";"00:05:47:01";"00:05:49:20";"Im Gegenzug will die Regierung

die Leistungen"
"269";"00:05:49:22";"00:05:49:22";"FABst`d für die ambulante Pflege( ( wenigeræ"
"270";"00:05:49:22";"00:05:49:22";"FABst0 anheben als geplant.ÿÿ1"
"271";"00:05:49:22";"00:05:53:11";"fÈur die ambulante Pflege

weniger anheben als geplant."
"272";"00:05:53:13";"00:05:53:13";"FABstadZu Hause versorgt werden rund 80 %( ( der S¼"
"273";"00:05:53:13";"00:05:53:13";"FABst>fünf Mio. Pflegebedürftigen.ÿÿ#î²"
"274";"00:05:53:13";"00:05:58:01";"Zu Hause versorgt werden rund 80 %

der fÈunf Mio. PflegebedÈurftigen."
"275";"00:06:00:07";"00:06:00:07";"FABstbD Demenzkrank zu Hause:!è"
"276";"00:06:00:07";"00:06:01:24";"Demenzkrank zu Hause:"
"277";"00:06:02:01";"00:06:02:01";"FABstcd Für Patienten ist es ein Glück,( ( wenn?Ô"
"278";"00:06:02:01";"00:06:02:01";"FABst< sich die Familie kümmert. -)v"
"279";"00:06:02:01";"00:06:05:17";"FÈur Patienten ist es ein GlÈuck,

wenn sich die Familie kÈummert."
"280";"00:06:05:19";"00:06:05:19";"FABstdd Für die Angehörigen( ( oft J"
"281";"00:06:05:19";"00:06:05:19";"FABst$eine Belastung.ÿÿ=¬:"
"282";"00:06:05:19";"00:06:08:07";"FÈur die AngehÈorigen

oft eine Belastung."
"283";"00:06:08:17";"00:06:08:17";"FABsted Erleichterung soll( ( durch die P]²"
"284";"00:06:08:17";"00:06:08:17";"FABst.flegereform kommen -ÿÿ3¾Ð"
"285";"00:06:08:17";"00:06:11:18";"Erleichterung soll

durch die Pflegereform kommen -"
"286";"00:06:11:20";"00:06:11:20";"FABstfRgeringer als von der Ampel geplant.ÿÿ|"
"287";"00:06:11:20";"00:06:14:03";"geringer als von der Ampel geplant."
"288";"00:06:14:10";"00:06:14:10";"FABstgd Wir hätten uns( ( mehr EntlastuÁ^"
"289";"00:06:14:10";"00:06:14:10";"FABst0ng gewünscht für die,9p"
"290";"00:06:14:10";"00:06:17:21";"Wir hÈatten uns

mehr Entlastung gewÈunscht fÈur die,"
"291";"00:06:18:04";"00:06:18:04";"FABsthd die zu Hause pflegen und ( ( Pfleg"
"292";"00:06:18:04";"00:06:18:04";"FABst2ebedürftige versorgen.7a\"
"293";"00:06:18:04";"00:06:21:18";"die zu Hause pflegen und

PflegebedÈurftige versorgen."
"294";"00:06:22:06";"00:06:22:06";"FABstid Am Ende( ( ist noch einiges FÜ"
"295";"00:06:22:06";"00:06:22:06";"FABst&erreicht worden.ÿÿ;íx"
"296";"00:06:22:06";"00:06:25:02";"Am Ende

ist noch einiges erreicht worden."
"297";"00:06:26:02";"00:06:26:02";"FABstjd Im Kern( ( steht das "Entlas`~"
"298";"00:06:26:02";"00:06:26:02";"FABst tungsbudget":ÿÿAêL"
"299";"00:06:26:02";"00:06:28:21";"Im Kern

steht das "Entlastungsbudget":"
"300";"00:06:53:16";"00:06:53:16";"FABstkd Dazu sollen die Beiträge( ( der PfleëF"
"301";"00:06:53:16";"00:06:53:16";"FABst4geversicherung steigen:ÿÿ-°"
"302";"00:06:53:16";"00:06:56:24";"Dazu sollen die BeitrÈage

der Pflegeversicherung steigen:"
"303";"00:06:57:01";"00:06:57:01";"FABstlN Auf 3,4 % des Bruttoeinkommens.ÿÿüì"
"304";"00:06:57:01";"00:06:59:07";"Auf 3,4 % des Bruttoeinkommens."
"305";"00:06:59:09";"00:06:59:09";"FABstmd Die Union kritisiert, ( ( die ApÖ"
"306";"00:06:59:09";"00:06:59:09";"FABst(mpel bleibe damitÿÿ9¾"
"307";"00:06:59:09";"00:07:02:05";"Die Union kritisiert,

die Ampel bleibe damit"
"308";"00:07:02:07";"00:07:02:07";"FABstnd hinter ihren eigenen( ( Ansprüchen äì"
"309";"00:07:02:07";"00:07:02:07";"FABst:aus dem Koalitionsvertrag.ÿÿ'$"
"310";"00:07:02:07";"00:07:06:00";"hinter ihren eigenen

AnsprÈuchen aus dem Koalitionsvertrag."
"311";"00:07:07:09";"00:07:07:09";"FABstod Wenn ich mir( ( das PflegegRÊ"
"312";"00:07:07:09";"00:07:07:09";"FABst eld anschaue,Iö&"
"313";"00:07:07:09";"00:07:09:15";"Wenn ich mir

das Pflegegeld anschaue,"
"314";"00:07:09:18";"00:07:09:18";"FABstpd die Pflegeleistungen,( ( diefú"
"315";"00:07:09:18";"00:07:09:18";"FABst& Dynamisierung. Cô~"
"316";"00:07:09:18";"00:07:12:03";"die Pflegeleistungen,

die Dynamisierung."
"317";"00:07:12:05";"00:07:12:05";"FABstqd Das wird nicht so angehoben( ( wi!R"
"318";"00:07:12:05";"00:07:12:05";"FABst0e die Inflationsrate.ÿÿ1îx"
"319";"00:07:12:05";"00:07:15:06";"Das wird nicht so angehoben

wie die Inflationsrate."
"320";"00:07:15:08";"00:07:15:08";"FABstrd Die Bundesregierung lasse( ( Patienten d"
"321";"00:07:15:08";"00:07:15:08";"FABst6und Angehörige im Stich,ÿÿ+hü"
"322";"00:07:15:08";"00:07:18:20";"Die Bundesregierung lasse

Patienten und AngehÈorige im Stich,"
"323";"00:07:18:22";"00:07:18:22";"FABstsN kritisieren Interessenvertreter.ÿÿÙ¢"
"324";"00:07:18:22";"00:07:20:21";"kritisieren Interessenvertreter."
"325";"00:07:20:24";"00:07:20:24";"FABsttd Versprochen war( ( mit der RegiBv"
"326";"00:07:20:24";"00:07:20:24";"FABst&erungskoalition:CÃä"
"327";"00:07:20:24";"00:07:23:12";"Versprochen war

mit der Regierungskoalition:"
"328";"00:07:23:14";"00:07:23:14";"FABstu@ Alles wird anders.%½6"
"329";"00:07:23:14";"00:07:24:19";"Alles wird anders."
"330";"00:07:24:21";"00:07:24:21";"FABstvd Tatsächlich warten( ( die Pflegebú"
"331";"00:07:24:21";"00:07:24:21";"FABst,edürftigen zu Hauseÿÿ5)ð"
"332";"00:07:24:21";"00:07:27:17";"TatsÈachlich warten

die PflegebedÈurftigen zu Hause"
"333";"00:07:27:19";"00:07:27:19";"FABstwd seit über sechs Jahren( ( auf e¡à"
"334";"00:07:27:19";"00:07:27:19";"FABst(ine Verbesserung.ÿÿ9½t"
"335";"00:07:27:19";"00:07:30:12";"seit Èuber sechs Jahren

auf eine Verbesserung."
"336";"00:07:30:14";"00:07:30:14";"FABstxF Sie kommt viel zu spät.ÿÿd@"
"337";"00:07:30:14";"00:07:32:07";"Sie kommt viel zu spÈat."
"338";"00:07:32:09";"00:07:32:09";"FABstyd Am Freitag soll die Pflegereform ( ( vom BV:"
"339";"00:07:32:09";"00:07:32:09";"FABstBundestag verabschiedet werden.ÿÿé¬"
"340";"00:07:32:09";"00:07:36:14";"Am Freitag soll die Pflegereform

vom Bundestag verabschiedet werden."
"341";"00:07:37:01";"00:07:37:01";"FABstzd Damit soll vorerst( ( ein Schlusss"
"342";"00:07:37:01";"00:07:37:01";"FABst.trich gezogen werden;ýì"
"343";"00:07:37:01";"00:07:40:03";"Damit soll vorerst

ein Schlussstrich gezogen werden"
"344";"00:07:40:05";"00:07:40:05";"FABst{d unter jahrelange Forderungen( ( nach m7t"
"345";"00:07:40:05";"00:07:40:05";"FABst6ehr Geld für die Pflege.3;2"
"346";"00:07:40:05";"00:07:43:18";"unter jahrelange Forderungen

nach mehr Geld fÈur die Pflege."
"347";"00:07:43:20";"00:07:43:20";"FABst|RAm Ende steht eine kleine Reform ¦ú"
"348";"00:07:43:20";"00:07:45:23";"Am Ende steht eine kleine Reform Ð"
"349";"00:07:46:00";"00:07:46:00";"FABst}d die Ampel zeigt sich damit ( ( trotz1<i>"
"350";"00:07:46:00";"00:07:46:00";"FABst6 aller Kritik zufrieden.ÿÿ+ÖÚ"
"351";"00:07:46:00";"00:07:49:05";"die Ampel zeigt sich damit

trotz aller Kritik zufrieden."
"352";"00:07:50:08";"00:07:50:08";"FABst~dDas BKA nahm drei Verdächtige fest,( ( ºj"
"353";"00:07:50:08";"00:07:50:08";"FABst:die der Reichsbürger-Szeneÿÿ';>"
"354";"00:07:50:08";"00:07:54:00";"Das BKA nahm drei VerdÈachtige fest,

die der ReichsbÈurger-Szene"
"355";"00:07:54:02";"00:07:54:02";"FABstd um den Frankfurter Geschäftsmann( ( PriõÐ"
"356";"00:07:54:02";"00:07:54:02";"FABst8nz Reuß angehören sollen.ÿÿ)Ô"
"357";"00:07:54:02";"00:07:57:19";"um den Frankfurter GeschÈaftsmann

Prinz Reuû angehÈoren sollen."
"358";"00:07:58:05";"00:07:58:05";"FABst<i>d Sie befinden sich( ( in Unt¸"
"359";"00:07:58:05";"00:07:58:05";"FABst$ersuchungshaft.ÿÿ=Ô"
"360";"00:07:58:05";"00:08:00:20";"Sie befinden sich

in Untersuchungshaft."
"361";"00:08:00:22";"00:08:00:22";"FABst</i>J Der Gruppe wird vorgeworfen,ÿÿf"
"362";"00:08:00:22";"00:08:02:17";"Der Gruppe wird vorgeworfen,"
"363";"00:08:02:19";"00:08:02:19";"FABst<u>deinen Umsturz des politischen Systems( ( în"
"364";"00:08:02:19";"00:08:02:19";"FABst8 geplant zu haben.ÿÿ)Ø²"
"365";"00:08:02:19";"00:08:06:02";"einen Umsturz des politischen Systems

geplant zu haben."
"366";"00:08:06:04";"00:08:06:04";"FABst</u>d Die Bundesanwaltschaft( ( war im DezÆx"
"367";"00:08:06:04";"00:08:06:04";"FABst:ember mit einer Großrazziaÿÿ'6."
"368";"00:08:06:04";"00:08:09:18";"Die Bundesanwaltschaft

war im Dezember mit einer Groûrazzia"
"369";"00:08:09:20";"00:08:09:20";"FABstdgegen das mutmaßliche Terrornetzwerk( ( }"
"370";"00:08:09:20";"00:08:09:20";"FABst0 vorgegangen.ÿÿ1è"
"371";"00:08:09:20";"00:08:12:17";"gegen das mutmaûliche Terrornetzwerk

vorgegangen."
"372";"00:08:13:10";"00:08:13:10";"FABstd Die "Kampfjet-Koalition" ist( ( der ZusàF"
"373";"00:08:13:10";"00:08:13:10";"FABst@ammenschluss mehrerer Staatenÿÿ!ÍÔ"
"374";"00:08:13:10";"00:08:17:13";"Die "Kampfjet-Koalition" ist

der Zusammenschluss mehrerer Staaten"
"375";"00:08:17:15";"00:08:17:15";"FABstd zur Unterstützung der Ukraine( ( mi%B"
"376";"00:08:17:15";"00:08:17:15";"FABst4t F-16-Kampfflugzeugen.ÿÿ-<i>ö"
"377";"00:08:17:15";"00:08:21:04";"zur UnterstÈutzung der Ukraine

mit F-16-Kampfflugzeugen."
"378";"00:08:21:06";"00:08:21:06";"FABstD Sie nimmt Gestalt an.ÿÿn&"
"379";"00:08:21:06";"00:08:22:19";"Sie nimmt Gestalt an."
"380";"00:08:22:21";"00:08:22:21";"FABstd Den Weg frei gemacht( ( hatten vergèÖ"
"381";"00:08:22:21";"00:08:22:21";"FABst0angene Woche die USA.ÿÿ1"
"382";"00:08:22:21";"00:08:26:06";"Den Weg frei gemacht

hatten vergangene Woche die USA."
"383";"00:08:26:18";"00:08:26:18";"FABstd Heute berieten in Brüssel( ( die EU-V"
"384";"00:08:26:18";"00:08:26:18";"FABst@erteidigungsminister darüber.ÿÿ!e"
"385";"00:08:26:18";"00:08:30:20";"Heute berieten in BrÈussel

die EU-Verteidigungsminister darÈuber."
"386";"00:08:30:23";"00:08:30:23";"FABst
L Deutschland hält sich zurück,ÿÿMº"
"387";"00:08:30:23";"00:08:32:23";"Deutschland hÈalt sich zurÈuck,"
"388";"00:08:33:13";"00:08:33:13";"FABstd die Luftwaffe hat( ( keine F-16-KaÖ"
"389";"00:08:33:13";"00:08:33:13";"FABst,mpfjets im Einsatz.ÿÿ5óä"
"390";"00:08:33:13";"00:08:37:06";"die Luftwaffe hat

keine F-16-Kampfjets im Einsatz."
"391";"00:08:39:09";"00:08:39:09";"FABstd Das sind die Jets,( ( die die BundeÉ¶"
"392";"00:08:39:09";"00:08:39:09";"FABst0swehr im Einsatz hat.9£"
"393";"00:08:39:09";"00:08:42:17";"Das sind die Jets,

die die Bundeswehr im Einsatz hat."
"394";"00:08:42:19";"00:08:42:19";"FABstd Nicht mit F-16-Kampfflugzeugen( ( ·"
"395";"00:08:42:19";"00:08:42:19";"FABst,aus US-Produktion,=l"
"396";"00:08:42:19";"00:08:45:18";"Nicht mit F-16-Kampfflugzeugen

aus US-Produktion,"
"397";"00:08:45:20";"00:08:45:20";"FABstdsondern mit solchen Eurofightern sind( ( diËB"
"398";"00:08:45:20";"00:08:45:20";"FABstJe Piloten der Luftwaffe unterwegs.ÿÿë"
"399";"00:08:45:20";"00:08:50:08";"sondern mit solchen Eurofightern sind

die Piloten der Luftwaffe unterwegs."
"400";"00:08:50:20";"00:08:50:20";"FABstd Entsprechend gelassen heute( ( der Verè"
"401";"00:08:50:20";"00:08:50:20";"FABstBteidigungsminister in Brüssel:ÿÿF "
"402";"00:08:50:20";"00:08:54:18";"Entsprechend gelassen heute

der Verteidigungsminister in BrÈussel:"
"403";"00:08:54:20";"00:08:54:20";"FABstd Anders als bei den Panzer-( ( LieferunÂj"
"404";"00:08:54:20";"00:08:54:20";"FABst8gen ist bei den Kampfjetsÿÿ)¦ê"
"405";"00:08:54:20";"00:08:58:06";"Anders als bei den Panzer-

Lieferungen ist bei den Kampfjets"
"406";"00:08:58:08";"00:08:58:08";"FABstd nicht primär Deutschland gefragt,( ( rà"
"407";"00:08:58:08";"00:08:58:08";"FABst4der Ukraine zu helfen.ÿÿ-Î"
"408";"00:08:58:08";"00:09:01:14";"nicht primÈar Deutschland gefragt,

der Ukraine zu helfen."
"409";"00:09:01:16";"00:09:01:16";"FABstd Die paar Möglichkeiten,( ( die es the.ú"
"410";"00:09:01:16";"00:09:01:16";"FABst2oretisch geben könnte,7+ä"
"411";"00:09:01:16";"00:09:04:21";"Die paar MÈoglichkeiten,

die es theoretisch geben kÈonnte,"
"412";"00:09:04:23";"00:09:04:23";"FABst@ prüfen wir gerade.%äD"
"413";"00:09:04:23";"00:09:06:01";"prÈufen wir gerade."
"414";"00:09:06:03";"00:09:06:03";"FABstd Aber der Beitrag ist nicht( ( maßgeblCº"
"415";"00:09:06:03";"00:09:06:03";"FABst>ich, da wir keine F-16 habenÿÿ#n"
"416";"00:09:06:03";"00:09:10:07";"Aber der Beitrag ist nicht

maûgeblich, da wir keine F-16 haben"
"417";"00:09:10:09";"00:09:10:09";"FABstdund auch bei der Pilotenausbildung( ( ©""
"418";"00:09:10:09";"00:09:10:09";"FABst<nicht viel helfen könnten.ÿÿ%q"
"419";"00:09:10:09";"00:09:14:16";"und auch bei der Pilotenausbildung

nicht viel helfen kÈonnten."
"420";"00:09:16:01";"00:09:16:01";"FABstVPilotenausbildung auf diesem Flieger:ÿÿR"
"421";"00:09:16:01";"00:09:18:18";"Pilotenausbildung auf diesem Flieger:"
"422";"00:09:19:00";"00:09:19:00";"FABstdUm das Mehrzweckkampfflugzeug F-16( ( f"
"423";"00:09:19:00";"00:09:19:00";"FABst0bittet die Ukraine.ÿÿ1ÿ"
"424";"00:09:19:00";"00:09:22:14";"Um das Mehrzweckkampfflugzeug F-16

bittet die Ukraine."
"425";"00:09:22:16";"00:09:22:16";"FABstD Aus mehreren Gründen:ÿÿ»ì"
"426";"00:09:22:16";"00:09:24:06";"Aus mehreren GrÈunden:"
"427";"00:09:24:08";"00:09:24:08";"FABstd Der Jet ist zwar recht alt,( ( in ì¦"
"428";"00:09:24:08";"00:09:24:08";"FABst2den 70ern entwickelt. ÿÿ/û¦"
"429";"00:09:24:08";"00:09:27:17";"Der Jet ist zwar recht alt,

in den 70ern entwickelt."
"430";"00:09:28:08";"00:09:28:08";"FABstd Gerade das macht die Schulung( ( íh"
"431";"00:09:28:08";"00:09:28:08";"FABst0auch unkomplizierter.ÿÿ1."
"432";"00:09:28:08";"00:09:31:19";"Gerade das macht die Schulung

auch unkomplizierter."
"433";"00:09:31:21";"00:09:31:21";"FABstD Zudem verfügt die F-16ÿÿ¬p"
"434";"00:09:31:21";"00:09:33:08";"Zudem verfÈugt die F-16"
"435";"00:09:33:10";"00:09:33:10";"FABstd über modernere Radarsysteme ( ( als viè"
"436";"00:09:33:10";"00:09:33:10";"FABst6ele russische Flugzeuge.ÿÿ+Ì"
"437";"00:09:33:10";"00:09:37:05";"Èuber modernere Radarsysteme

als viele russische Flugzeuge."
"438";"00:09:37:18";"00:09:37:18";"FABstd Kurz hieß es heute, einige Länder( ( hättD"
"439";"00:09:37:18";"00:09:37:18";"FABstHen schon mit Schulungen begonnen.ÿÿ¢¦"
"440";"00:09:37:18";"00:09:42:01";"Kurz hieû es heute, einige LÈander

hÈatten schon mit Schulungen begonnen."
"441";"00:09:42:07";"00:09:42:07";"FABstd Wir haben noch nicht( ( mit der Auà"
"442";"00:09:42:07";"00:09:42:07";"FABst.sbildung angefangen,;å$"
"443";"00:09:42:07";"00:09:45:09";"Wir haben noch nicht

mit der Ausbildung angefangen,"
"444";"00:09:45:11";"00:09:45:11";"FABstF aber wir sind startklar.'î"
"445";"00:09:45:11";"00:09:46:22";"aber wir sind startklar."
"446";"00:09:46:24";"00:09:46:24";"FABst N So Polens Verteidigungsminister.ÿÿR"
"447";"00:09:46:24";"00:09:48:22";"So Polens Verteidigungsminister."
"448";"00:09:48:24";"00:09:48:24";"FABst¡d Ein Vorteil der F-16 ist( ( aus SicÄä"
"449";"00:09:48:24";"00:09:48:24";"FABst0ht der Ukraine zudem,ÿÿ1£ô"
"450";"00:09:48:24";"00:09:52:02";"Ein Vorteil der F-16 ist

aus Sicht der Ukraine zudem,"
"451";"00:09:52:04";"00:09:52:04";"FABst¢J dass es so viele davon gibt.ÿÿ&"
"452";"00:09:52:04";"00:09:53:23";"dass es so viele davon gibt."
"453";"00:09:54:00";"00:09:54:00";"FABst£d Über 4000 wurden gebaut,( ( über 200±*"
"454";"00:09:54:00";"00:09:54:00";"FABst40 sind noch im Einsatz,ÿÿ-¨Ü"
"455";"00:09:54:00";"00:09:57:08";"ÈUber 4000 wurden gebaut,

Èuber 2000 sind noch im Einsatz,"
"456";"00:09:57:10";"00:09:57:10";"FABst¤Tder meistgenutzte Kampfjet der Welt.ÿÿRâ"
"457";"00:09:57:10";"00:09:59:22";"der meistgenutzte Kampfjet der Welt."
"458";"00:09:59:24";"00:09:59:24";"FABst¥d In Europa verfügen etwa Dänemark, ( ( Pole"
"459";"00:09:59:24";"00:09:59:24";"FABstFn und die Niederlande über F-16.ÿÿqè"
"460";"00:09:59:24";"00:10:04:03";"In Europa verfÈugen etwa DÈanemark,

Polen und die Niederlande Èuber F-16."
"461";"00:10:04:05";"00:10:04:05";"FABst¦RDiese Länder wollen schnell helfen:ÿÿ§"
"462";"00:10:04:05";"00:10:06:15";"Diese LÈander wollen schnell helfen:"
"463";"00:10:07:10";"00:10:07:10";"FABst§d Die Ukraine weiß:( ( Das ist einS4"
"464";"00:10:07:10";"00:10:07:10";"FABst6 komplexes Waffensystem.3X"
"465";"00:10:07:10";"00:10:10:24";"Die Ukraine weiû:

Das ist ein komplexes Waffensystem."
"466";"00:10:11:01";"00:10:11:01";"FABst¨d Da muss mehr passieren( ( als nu±²"
"467";"00:10:11:01";"00:10:11:01";"FABst*r Pilotentraining.?Ô°"
"468";"00:10:11:01";"00:10:13:20";"Da muss mehr passieren

als nur Pilotentraining."
"469";"00:10:13:22";"00:10:13:22";"FABst©d Es wird dauern, bevor wir über ( ( die d"
"470";"00:10:13:22";"00:10:13:22";"FABst<Lieferung von F-16 sprechenÿÿ%Æ"
"471";"00:10:13:22";"00:10:17:13";"Es wird dauern, bevor wir Èuber

die Lieferung von F-16 sprechen"
"472";"00:10:17:15";"00:10:17:15";"FABstªJ oder ihren Einsatz im Kampf.ÿÿTz"
"473";"00:10:17:15";"00:10:19:12";"oder ihren Einsatz im Kampf."
"474";"00:10:20:00";"00:10:20:00";"FABst«d Vier Monate rechnen Experten( ( für dxô"
"475";"00:10:20:00";"00:10:20:00";"FABst4ie Umschulung auf F-16,ÿÿ-Ï"
"476";"00:10:20:00";"00:10:23:19";"Vier Monate rechnen Experten

fÈur die Umschulung auf F-16,"
"477";"00:10:23:21";"00:10:23:21";"FABst¬D für erfahrene Piloten.ÿÿóF"
"478";"00:10:23:21";"00:10:25:13";"fÈur erfahrene Piloten."
"479";"00:10:26:20";"00:10:26:20";"FABst­H Wer liefert wann wie viel?Or"
"480";"00:10:26:20";"00:10:28:19";"Wer liefert wann wie viel?"
"481";"00:10:28:21";"00:10:28:21";"FABst®d Je konkreter die Fragen,( ( desto vagä"
"482";"00:10:28:21";"00:10:28:21";"FABst4er heute die Antworten.5¯î"
"483";"00:10:28:21";"00:10:32:09";"Je konkreter die Fragen,

desto vager heute die Antworten."
"484";"00:10:32:17";"00:10:32:17";"FABst¯D Manch Minister mahnt,ÿÿ9"
"485";"00:10:32:17";"00:10:34:03";"Manch Minister mahnt,"
"486";"00:10:34:06";"00:10:34:06";"FABst°d die dringendere Hilfe( ( nic®"
"487";"00:10:34:06";"00:10:34:06";"FABst&ht zu vergessen.ÿÿ;¥è"
"488";"00:10:34:06";"00:10:36:15";"die dringendere Hilfe

nicht zu vergessen."
"489";"00:10:36:17";"00:10:36:17";"FABst±L Denn neben F-16 in der Zukunftÿÿê"
"490";"00:10:36:17";"00:10:38:14";"Denn neben F-16 in der Zukunft"
"491";"00:10:38:16";"00:10:38:16";"FABst²d brauche die Ukraine( ( Munition Ë<i>"
"492";"00:10:38:16";"00:10:38:16";"FABst(in der Gegenwart.ÿÿ9ø"
"493";"00:10:38:16";"00:10:41:16";"brauche die Ukraine

Munition in der Gegenwart."
"494";"00:10:42:15";"00:10:42:15";"FABst³d Im russischen Grenzgebiet Belgorod( ( sollçB"
"495";"00:10:42:15";"00:10:42:15";"FABstH es seit zwei Tagen Kämpfe geben.ÿÿ"
"496";"00:10:42:15";"00:10:46:23";"Im russischen Grenzgebiet Belgorod

soll es seit zwei Tagen KÈampfe geben."
"497";"00:10:47:21";"00:10:47:21";"FABst´L Die Hintergründe sind unklar.ÿÿß¦"
"498";"00:10:47:21";"00:10:49:18";"Die HintergrÈunde sind unklar."
"499";"00:10:49:20";"00:10:49:20";"FABstµd Russland spricht( ( von einem "A"
"500";"00:10:49:20";"00:10:49:20";"FABst,nti-Terror-Einsatz"ÿÿ5×ø"
"501";"00:10:49:20";"00:10:52:17";"Russland spricht

von einem "Anti-Terror-Einsatz""
"502";"00:10:52:19";"00:10:52:19";"FABst¶J gegen ukrainische Angreifer.ÿÿSÆ"
"503";"00:10:52:19";"00:10:54:17";"gegen ukrainische Angreifer."
"504";"00:10:55:10";"00:10:55:10";"FABst·L Kiew streitet ab und erklärt,ÿÿ¡"
"505";"00:10:55:10";"00:10:57:10";"Kiew streitet ab und erklÈart,"
"506";"00:10:57:12";"00:10:57:12";"FABst¸d die Ukraine führe keinen Krieg( ( auf d&"
"507";"00:10:57:12";"00:10:57:12";"FABst8em Gebiet anderer Länder.ÿÿ)"
"508";"00:10:57:12";"00:11:01:07";"die Ukraine fÈuhre keinen Krieg

auf dem Gebiet anderer LÈander."
"509";"00:11:01:09";"00:11:01:09";"FABst¹d Es handele sich bei dem Kämpfern( ( Iè"
"510";"00:11:01:09";"00:11:01:09";"FABst2um russische Guerilla.ÿÿ/V"
"511";"00:11:01:09";"00:11:05:10";"Es handele sich bei dem KÈampfern

um russische Guerilla."
"512";"00:11:06:14";"00:11:06:14";"FABstºdDiese Aufnahmen veröffentlicht das ( ( russCN"
"513";"00:11:06:14";"00:11:06:14";"FABstDische Verteidigungsministerium.ÿÿðú"
"514";"00:11:06:14";"00:11:11:02";"Diese Aufnahmen verÈoffentlicht das

russische Verteidigungsministerium."
"515";"00:11:11:04";"00:11:11:04";"FABst»d Mit der Meldung, man habe( ( ukraÂ"
"516";"00:11:11:04";"00:11:11:04";"FABst0inische Nationalisten9ù<i>"
"517";"00:11:11:04";"00:11:14:15";"Mit der Meldung, man habe

ukrainische Nationalisten"
"518";"00:11:14:17";"00:11:14:17";"FABst¼d von russischem Gebiet verdrängt( ( 4"
"519";"00:11:14:17";"00:11:14:17";"FABst, und vernichtet.ÿÿ5>"
"520";"00:11:14:17";"00:11:17:21";"von russischem Gebiet verdrÈangt

und vernichtet."
"521";"00:11:17:23";"00:11:17:23";"FABst½d Gestern früh drangen Kämpfer( ( mit"
"522";"00:11:17:23";"00:11:17:23";"FABst2gepanzerten Fahrzeugenÿÿ/ö"
"523";"00:11:17:23";"00:11:21:07";"Gestern frÈuh drangen KÈampfer

mit gepanzerten Fahrzeugen"
"524";"00:11:21:09";"00:11:21:09";"FABst¾N in grenznahe russische Orte ein.ÿÿHì"
"525";"00:11:21:09";"00:11:23:23";"in grenznahe russische Orte ein."
"526";"00:11:25:13";"00:11:25:13";"FABst¿VSo sieht es aus im Dorf Golowtschino.ÿÿj"
"527";"00:11:25:13";"00:11:28:04";"So sieht es aus im Dorf Golowtschino."
"528";"00:11:28:06";"00:11:28:06";"FABstÀd Einen Tag lang lieferten sich( ( ·n"
"529";"00:11:28:06";"00:11:28:06";"FABst.die Kämpfer Gefechteÿÿ3`Ú"
"530";"00:11:28:06";"00:11:31:05";"Einen Tag lang lieferten sich

die KÈampfer Gefechte"
"531";"00:11:31:07";"00:11:31:07";"FABstÁF mit russischem Militär.ÿÿöÆ"
"532";"00:11:31:07";"00:11:32:20";"mit russischem MilitÈar."
"533";"00:11:32:22";"00:11:32:22";"FABstÂd Es ist unklar,( ( ob die Angreif»Ú"
"534";"00:11:32:22";"00:11:32:22";"FABst*er Ukrainer waren.ÿÿ7"
"535";"00:11:32:22";"00:11:36:08";"Es ist unklar,

ob die Angreifer Ukrainer waren."
"536";"00:11:37:24";"00:11:37:24";"FABstÃdZwei russische Freiwilligenverbände,( ( æ"
"537";"00:11:37:24";"00:11:37:24";"FABst@die für die Ukraine kämpfen,ÿÿ!ó"
"538";"00:11:37:24";"00:11:42:06";"Zwei russische FreiwilligenverbÈande,

die fÈur die Ukraine kÈampfen,"
"539";"00:11:42:08";"00:11:42:08";"FABstÄN bekannten sich zu den Angriffen.ÿÿ5."
"540";"00:11:42:08";"00:11:44:15";"bekannten sich zu den Angriffen."
"541";"00:11:45:02";"00:11:45:02";"FABstÅd Videos zeigten, wie sie sagen,( ( Ä"
"542";"00:11:45:02";"00:11:45:02";"FABst*ihren Vormarsch.ÿÿ7ËÚ"
"543";"00:11:45:02";"00:11:48:02";"Videos zeigten, wie sie sagen,

ihren Vormarsch."
"544";"00:11:48:04";"00:11:48:04";"FABstÆd Einer der Verbände( ( gilt ald"
"545";"00:11:48:04";"00:11:48:04";"FABst$s rechtsextrem,ÿÿ=</u>"
"546";"00:11:48:04";"00:11:50:16";"Einer der VerbÈande

gilt als rechtsextrem,"
"547";"00:11:50:18";"00:11:50:18";"FABstÇd der andere gilt in Russland( ( al`"
"548";"00:11:50:18";"00:11:50:18";"FABst0s Terrororganisation.ÿÿ1¯2"
"549";"00:11:50:18";"00:11:54:05";"der andere gilt in Russland

als Terrororganisation."
"550";"00:11:54:07";"00:11:54:07";"FABstÈd Kreml-Sprecher Peskow spricht( ( von eÇ"
"551";"00:11:54:07";"00:11:54:07";"FABst:inem ukrainischen Angriff.ÿÿ'Z"
"552";"00:11:54:07";"00:11:58:04";"Kreml-Sprecher Peskow spricht

von einem ukrainischen Angriff."
"553";"00:11:58:14";"00:11:58:14";"FABstÉd Kiew wolle von der Niederlage( ( ©T"
"554";"00:11:58:14";"00:11:58:14";"FABst.in Bachmut ablenken.ÿÿ3."
"555";"00:11:58:14";"00:12:01:18";"Kiew wolle von der Niederlage

in Bachmut ablenken."
"556";"00:12:01:20";"00:12:01:20";"FABstÊd Nach Darstellung Moskaus( ( ist die ukÕ´"
"557";"00:12:01:20";"00:12:01:20";"FABst8rainische Stadt gefallen.ÿÿ)êZ"
"558";"00:12:01:20";"00:12:05:15";"Nach Darstellung Moskaus

ist die ukrainische Stadt gefallen."
"559";"00:12:06:02";"00:12:06:02";"FABstËd Kiew streitet( ( eine Verbindungë¨"
"560";"00:12:06:02";"00:12:06:02";"FABst. zu den Kämpfern ab.ÿÿ3²"
"561";"00:12:06:02";"00:12:09:13";"Kiew streitet

eine Verbindung zu den KÈampfern ab."
"562";"00:12:09:21";"00:12:09:21";"FABstÌd Ob es ukrainische Soldaten( ( oder ru¯F"
"563";"00:12:09:21";"00:12:09:21";"FABst>ssische Nationalisten waren,+</i>R"
"564";"00:12:09:21";"00:12:13:14";"Ob es ukrainische Soldaten

oder russische Nationalisten waren,"
"565";"00:12:13:16";"00:12:13:16";"FABstÍD die angegriffen haben.!"j"
"566";"00:12:13:16";"00:12:15:09";"die angegriffen haben."
"567";"00:12:15:12";"00:12:15:12";"FABstÎd Viele fragen sich,( ( wie eH"
"568";"00:12:15:12";"00:12:15:12";"FABst s sein kann: ÿÿAþÜ"
"569";"00:12:15:12";"00:12:17:13";"Viele fragen sich,

wie es sein kann:"
"570";"00:12:17:19";"00:12:17:19";"FABstÏF Dass Bewaffnete bei TagÿÿO"
"571";"00:12:17:19";"00:12:19:04";"Dass Bewaffnete bei Tag"
"572";"00:12:19:06";"00:12:19:06";"FABstÐd über die gesicherte Grenze( ( nach ö"
"573";"00:12:19:06";"00:12:19:06";"FABst0Russland eindringen. ÿÿ1ýT"
"574";"00:12:19:06";"00:12:22:23";"Èuber die gesicherte Grenze

nach Russland eindringen."
"575";"00:12:24:07";"00:12:24:07";"FABstÑd Und sich mehr als einen Tag( ( ÿì"
"576";"00:12:24:07";"00:12:24:07";"FABst$ dort halten.ÿÿ=Íô"
"577";"00:12:24:07";"00:12:26:22";"Und sich mehr als einen Tag

dort halten."
"578";"00:12:29:10";"00:12:29:10";"FABstÒd Deutschland steht( ( im Viertelfinaµ"
"579";"00:12:29:10";"00:12:29:10";"FABst.le der Eishockey-WM.ÿÿ3ßB"
"580";"00:12:29:10";"00:12:32:18";"Deutschland steht

im Viertelfinale der Eishockey-WM."
"581";"00:12:32:20";"00:12:32:20";"FABstÓd Nach einem unglücklichen Auftakt( ( 3&"
"582";"00:12:32:20";"00:12:32:20";"FABst0sicherte sich der DEBÿÿ1úÐ"
"583";"00:12:32:20";"00:12:36:14";"Nach einem unglÈucklichen Auftakt

sicherte sich der DEB"
"584";"00:12:36:16";"00:12:36:16";"FABstÔd mit einem 5:0 gegen Frankreich( ( den Â°"
"585";"00:12:36:16";"00:12:36:16";"FABst6Einzug in die K.o-Runde.ÿÿ+Ô"
"586";"00:12:36:16";"00:12:40:12";"mit einem 5:0 gegen Frankreich

den Einzug in die K.o-Runde."
"587";"00:12:42:11";"00:12:42:11";"FABstÕd Dort wartet Erzrivale Schweiz -( ( g"
"588";"00:12:42:11";"00:12:42:11";"FABst4egen sich die Deutschenÿÿ-÷ø"
"589";"00:12:42:11";"00:12:46:01";"Dort wartet Erzrivale Schweiz -

gegen sich die Deutschen"
"590";"00:12:46:03";"00:12:46:03";"FABstÖd in den letzten drei K.o.-Spielen( ( ªâ"
"591";"00:12:46:03";"00:12:46:03";"FABst( durchsetzten.ÿÿ9Ý2"
"592";"00:12:46:03";"00:12:49:18";"in den letzten drei K.o.-Spielen

durchsetzten."
"593";"00:12:52:21";"00:12:52:21";"FABst×d Vierter WM-Sieg in Folge( ( f<u>Ú"
"594";"00:12:52:21";"00:12:52:21";"FABst$ür Deutschland.EF°"
"595";"00:12:52:21";"00:12:55:11";"Vierter WM-Sieg in Folge

fÈur Deutschland."
"596";"00:12:55:13";"00:12:55:13";"FABstØd Damit steht das DEB-Team( ( am Donnerñ¬"
"597";"00:12:55:13";"00:12:55:13";"FABst6stag im WM Viertelfinale3¼"
"598";"00:12:55:13";"00:12:58:21";"Damit steht das DEB-Team

am Donnerstag im WMÐViertelfinale"
"599";"00:12:58:23";"00:12:58:23";"FABstÙ@ gegen die Schweiz.ÿÿÊ"
"600";"00:12:58:23";"00:13:00:02";"gegen die Schweiz."
"601";"00:13:00:04";"00:13:00:04";"FABstÚdDeutschland in Weiß gegen Frankreich( ( z"
"602";"00:13:00:04";"00:13:00:04";"FABst2 mit Traumstart.ÿÿ/6"
"603";"00:13:00:04";"00:13:03:05";"Deutschland in Weiû gegen Frankreich

mit Traumstart."
"604";"00:13:03:07";"00:13:03:07";"FABstÛD Stachowiak sieht Ehl.ÿÿy"
"605";"00:13:03:07";"00:13:04:19";"Stachowiak sieht Ehl."
"606";"00:13:04:21";"00:13:04:21";"FABstÜN Wieder der starke vierte Sturm.ÿÿC,"
"607";"00:13:04:21";"00:13:06:18";"Wieder der starke vierte Sturm."
"608";"00:13:06:20";"00:13:06:20";"FABstÝB 1:0, vierte Minute.ÿÿoÒ"
"609";"00:13:06:20";"00:13:08:00";"1:0, vierte Minute."
"610";"00:13:08:02";"00:13:08:02";"FABstÞJ Kurz vor der ersten Sirene.ÿÿ_,"
"611";"00:13:08:02";"00:13:09:19";"Kurz vor der ersten Sirene."
"612";"00:13:09:21";"00:13:09:21";"FABstßTSchwarz-Rot-Gold im Eishockey-Glück.ÿÿÜ"
"613";"00:13:09:21";"00:13:12:00";"Schwarz-Rot-Gold im Eishockey-GlÈuck."
"614";"00:13:12:02";"00:13:12:02";"FABstà< Tiffels, 2:0.ÿÿ!er"
"615";"00:13:12:02";"00:13:13:05";"Tiffels, 2:0."
"616";"00:13:13:07";"00:13:13:07";"FABstáP Zweites Drittel. Mittelabschnitt.ÿÿ=Z"
"617";"00:13:13:07";"00:13:15:07";"Zweites Drittel. Mittelabschnitt."
"618";"00:13:15:09";"00:13:15:09";"FABstâRGeniales Solo - John Jason Peterka.ÿÿZò"
"619";"00:13:15:09";"00:13:17:13";"Geniales Solo - John Jason Peterka."
"620";"00:13:17:15";"00:13:17:15";"FABstãd Der Jungstar aus der NHL( ( von denãø"
"621";"00:13:17:15";"00:13:17:15";"FABst0 Buffalo Sabres: 3:0.ÿÿ1<i>*"
"622";"00:13:17:15";"00:13:20:20";"Der Jungstar aus der NHL

von den Buffalo Sabres: 3:0."
"623";"00:13:20:22";"00:13:20:22";"FABstä> Letztes Drittel.ÿÿæ"
"624";"00:13:20:22";"00:13:22:03";"Letztes Drittel."
"625";"00:13:22:05";"00:13:22:05";"FABståd Das DEB-Team eine Klasse besser( ( a<u>p"
"626";"00:13:22:05";"00:13:22:05";"FABst6ls limitierte Franzosen.ÿÿ+À"
"627";"00:13:22:05";"00:13:25:12";"Das DEB-Team eine Klasse besser

als limitierte Franzosen."
"628";"00:13:25:14";"00:13:25:14";"FABstæ> Fischbuch, 4:0.ÿÿuÖ"
"629";"00:13:25:14";"00:13:26:16";"Fischbuch, 4:0."
"630";"00:13:26:18";"00:13:26:18";"FABstçd 54. Minute, Überzahl Deutschland.( ( :¶"
"631";"00:13:26:18";"00:13:26:18";"FABst2Kastner mit dem 5:0.ÿÿ/("
"632";"00:13:26:18";"00:13:30:08";"54. Minute, ÈUberzahl Deutschland.

Kastner mit dem 5:0."
"633";"00:13:30:10";"00:13:30:10";"FABstè< Der Endstand.ÿÿ!NÊ"
"634";"00:13:30:10";"00:13:31:16";"Der Endstand."
"635";"00:13:31:18";"00:13:31:18";"FABstéd Die deutsche( ( Eishockey-Nat±â"
"636";"00:13:31:18";"00:13:31:18";"FABst$ionalmannschaftÿÿ=®"
"637";"00:13:31:18";"00:13:34:11";"Die deutsche

Eishockey-Nationalmannschaft"
"638";"00:13:34:14";"00:13:34:14";"FABstêdsteht zum vierten Mal hintereinander( ( ät"
"639";"00:13:34:14";"00:13:34:14";"FABst>in einem WM-Viertelfinale.ÿÿ#Ø¤"
"640";"00:13:34:14";"00:13:38:08";"steht zum vierten Mal hintereinander

in einem WM-Viertelfinale."
"641";"00:13:39:21";"00:13:39:21";"FABstëd Die Wettervorhersage für morgen,( ( MÊ"
"642";"00:13:39:21";"00:13:39:21";"FABst.Mittwoch, 24. Mai:ÿÿ3¼"
"643";"00:13:39:21";"00:13:43:08";"Die Wettervorhersage fÈur morgen,

Mittwoch, 24. Mai:"
"644";"00:13:44:22";"00:13:44:22";"FABstìd In kühler Luft und( ( unter T >"
"645";"00:13:44:22";"00:13:44:22";"FABst&iefdruckeinflussÿÿ;ìö"
"646";"00:13:44:22";"00:13:47:11";"In kÈuhler Luft und

unter Tiefdruckeinfluss"
"647";"00:13:47:13";"00:13:47:13";"FABstíTgibt es morgen unbeständiges Wetter.ÿÿ¡¶"
"648";"00:13:47:13";"00:13:49:20";"gibt es morgen unbestÈandiges Wetter."
"649";"00:13:49:22";"00:13:49:22";"FABstîd Von Südwesten macht sich( ( steigendì"
"650";"00:13:49:22";"00:13:49:22";"FABst4er Luftdruck bemerkbar.ÿÿ-êÜ"
"651";"00:13:49:22";"00:13:53:09";"Von SÈudwesten macht sich

steigender Luftdruck bemerkbar."
"652";"00:13:53:11";"00:13:53:11";"FABstïd Heute Nacht sind im Norden( ( S"
"653";"00:13:53:11";"00:13:53:11";"FABst(chauer unterwegs.ÿÿ9"
"654";"00:13:53:11";"00:13:56:11";"Heute Nacht sind im Norden

Schauer unterwegs."
"655";"00:13:56:18";"00:13:56:18";"FABstðdAn den Alpen regnet es gebietsweise,( ( imÆ"
"656";"00:13:56:18";"00:13:56:18";"FABstF Westen klart es zeitweise auf. ÿÿË>"
"657";"00:13:56:18";"00:14:01:05";"An den Alpen regnet es gebietsweise,

im Westen klart es zeitweise auf."
"658";"00:14:01:07";"00:14:01:07";"FABstñdAm Tag gibt es teils dichte Wolken,( ( þè"
"659";"00:14:01:07";"00:14:01:07";"FABst, teils Sonne.ÿÿ5äæ"
"660";"00:14:01:07";"00:14:04:05";"Am Tag gibt es teils dichte Wolken,

teils Sonne."
"661";"00:14:04:07";"00:14:04:07";"FABstòd Die hat im Südwesten( ( und an der D"
"662";"00:14:04:07";"00:14:04:07";"FABst:Ostsee die besten Chancen.ÿÿ'êv"
"663";"00:14:04:07";"00:14:07:18";"Die hat im SÈudwesten

und an der Ostsee die besten Chancen."
"664";"00:14:07:20";"00:14:07:20";"FABstód In den Regionen dazwischen( ( sinÙ¬"
"665";"00:14:07:20";"00:14:07:20";"FABst*d Schauer möglich.ÿÿ7º"
"666";"00:14:07:20";"00:14:10:16";"In den Regionen dazwischen

sind Schauer mÈoglich."
"667";"00:14:10:18";"00:14:10:18";"FABstôH Am Alpenrand fällt Regen.ÿÿ¬"
"668";"00:14:10:18";"00:14:12:12";"Am Alpenrand fÈallt Regen."
"669";"00:14:12:14";"00:14:12:14";"FABstõd Am Donnerstag neben Wolken( ( lä-J"
"670";"00:14:12:14";"00:14:12:14";"FABst(ngere Zeit Sonne,ÿÿ9ÐÊ"
"671";"00:14:12:14";"00:14:15:21";"Am Donnerstag neben Wolken

lÈangere Zeit Sonne,"
"672";"00:14:23:01";"00:14:23:01";"FABstöd Am Donnerstag neben Wolken( ( lä.H"
"673";"00:14:23:01";"00:14:23:01";"FABst(ngere Zeit Sonne,ÿÿ9ÐÊ"
"674";"00:14:23:01";"00:14:25:24";"Am Donnerstag neben Wolken

lÈangere Zeit Sonne,"
"675";"00:14:26:02";"00:14:26:02";"FABst÷Pan den Alpen stellenweise Schauer.ÿÿ¤"
"676";"00:14:26:02";"00:14:28:09";"an den Alpen stellenweise Schauer."
"677";"00:14:28:11";"00:14:28:11";"FABstød Ähnliches Wetter( ( in den f`"
"678";"00:14:28:11";"00:14:28:11";"FABst$olgenden Tagen.ÿÿ=£N"
"679";"00:14:28:11";"00:14:31:00";"ÈAhnliches Wetter

in den folgenden Tagen."
"680";"00:14:31:02";"00:14:31:02";"FABstùL Es wird langsam wieder wärmer.ÿÿ¹h"
"681";"00:14:31:02";"00:14:33:02";"Es wird langsam wieder wÈarmer."
"682";"00:14:35:07";"00:14:35:07";"FABstúN In den tagesthemen um 22.15 Uhrÿÿ0r"
"683";"00:14:35:07";"00:14:37:18";"In den tagesthemen um 22.15 Uhr"
"684";"00:14:37:20";"00:14:37:20";"FABstûd spricht Helge Fuhst( ( mit Marie-AgnÓB"
"685";"00:14:37:20";"00:14:37:20";"FABst0es Strack-Zimmermann.ÿÿ1Í"
"686";"00:14:37:20";"00:14:41:20";"spricht Helge Fuhst

mit Marie-Agnes Strack-Zimmermann."
"687";"00:14:41:22";"00:14:41:22";"FABstüd Es geht um den Heizungsstreit( ( è"
"688";"00:14:41:22";"00:14:41:22";"FABst( der Koalition.ÿÿ9ýP"
"689";"00:14:41:22";"00:14:44:22";"Es geht um den Heizungsstreit

der Koalition."
"690";"00:14:45:18";"00:14:45:18";"FABstý> Und wir zeigen,ÿÿ<8"
"691";"00:14:45:18";"00:14:46:24";"Und wir zeigen,"
"692";"00:14:47:01";"00:14:47:01";"FABstþd wie aus einem maroden Parkhaus( ( ær"
"693";"00:14:47:01";"00:14:47:01";"FABst.neuer Wohnraum wird.ÿÿ3
ò"
"694";"00:14:47:01";"00:14:50:15";"wie aus einem maroden Parkhaus

neuer Wohnraum wird."
"695";"00:14:50:18";"00:14:50:18";"FABstÿH Ihnen einen schönen Abend.ÿÿÃ"
"696";"00:14:50:18";"00:14:53:01";"Ihnen einen schÈonen Abend."
"697";"00:14:53:16";"00:14:53:16";"FABstLCopyright Untertitel: NDR 2023ÿÿþ"
"698";"00:14:53:16";"00:14:56:17";"Copyright Untertitel: NDR 2023"
