No.;Timecode In;Timecode Out;Subtitle
"1";"00:00:00:01";"00:00:03:00";"FABstÿÿZZZZZZZZZZ$¥¥ã¥¥¥¥¥¥¥¥æ¥¥ã¥¥¥ç¥¥§ª¦ªîªªª²ô"
"2";"00:00:03:02";"00:00:03:02";"FABst6 * Gong *ÿÿ'÷è"
"3";"00:00:03:02";"00:00:04:03";"* Gong *"
"4";"00:00:04:08";"00:00:04:08";"FABstdHier ist das Erste Deutsche Fernsehen( ( 8"
"5";"00:00:04:08";"00:00:04:08";"FABst: mit der tagesschau.ÿÿ'õþ"
"6";"00:00:04:08";"00:00:07:22";"Hier ist das Erste Deutsche Fernsehen

mit der tagesschau."
"7";"00:00:08:00";"00:00:08:00";"FABstd Diese Sendung wurde vom NDR( ( live F`"
"8";"00:00:08:00";"00:00:08:00";"FABst6untertitelt (27.06.2023)ÿÿ+½¤"
"9";"00:00:08:00";"00:00:12:13";"Diese Sendung wurde vom NDR

live untertitelt (27.06.2023)"
"10";"00:00:14:22";"00:00:14:22";"FABstTHeute im Studio: Julia-Niharika Sen.ÿÿÅø"
"11";"00:00:14:22";"00:00:17:14";"Heute im Studio: Julia-Niharika Sen."
"12";"00:00:18:05";"00:00:18:05";"FABstd Guten Abend,( ( ich begrüße Si0¨"
"13";"00:00:18:05";"00:00:18:05";"FABst(e zur tagesschau.A¯R"
"14";"00:00:18:05";"00:00:21:14";"Guten Abend,

ich begrÈuûe Sie zur tagesschau."
"15";"00:00:22:09";"00:00:22:09";"FABstd Drei Tage nach dem Aufstand( ( KZ"
"16";"00:00:22:09";"00:00:22:09";"FABst*der Wagner-Söldnerÿÿ7r"
"17";"00:00:22:09";"00:00:25:03";"Drei Tage nach dem Aufstand

der Wagner-SÈoldner"
"18";"00:00:25:05";"00:00:25:05";"FABstdzeigt sich Russlands Präsident Putin( ( V"
"19";"00:00:25:05";"00:00:25:05";"FABst: an der Seite der Armee.ÿÿ'áÖ"
"20";"00:00:25:05";"00:00:29:06";"zeigt sich Russlands PrÈasident Putin

an der Seite der Armee."
"21";"00:00:29:18";"00:00:29:18";"FABstd Gleich zweimal trat er heute mit( ( Solda;d"
"22";"00:00:29:18";"00:00:29:18";"FABstDten und Sicherheitskräften auf.ÿÿi°"
"23";"00:00:29:18";"00:00:33:24";"Gleich zweimal trat er heute mit

Soldaten und SicherheitskrÈaften auf."
"24";"00:00:34:01";"00:00:34:01";"FABstd Putin dankte ihnen ( ( für Öê"
"25";"00:00:34:01";"00:00:34:01";"FABst$den Widerstand,ÿÿ=¶,"
"26";"00:00:34:01";"00:00:36:11";"Putin dankte ihnen

fÈur den Widerstand,"
"27";"00:00:36:13";"00:00:36:13";"FABstd den sie Wagner-Chef Prigoschin( ( enî"
"28";"00:00:36:13";"00:00:36:13";"FABst0tgegengesetzt hätten.ÿÿ1H"
"29";"00:00:36:13";"00:00:40:05";"den sie Wagner-Chef Prigoschin

entgegengesetzt hÈatten."
"30";"00:00:40:14";"00:00:40:14";"FABstd Für die Aufständischen habe es( ( keiner<"
"31";"00:00:40:14";"00:00:40:14";"FABst:lei Unterstützung gegeben.ÿÿ'"
"32";"00:00:40:14";"00:00:45:12";"FÈur die AufstÈandischen habe es

keinerlei UnterstÈutzung gegeben."
"33";"00:00:45:22";"00:00:45:22";"FABstd Prigoschin soll derweil( ( in Bel22"
"34";"00:00:45:22";"00:00:45:22";"FABst0arus angekommen sein.ÿÿ1Äp"
"35";"00:00:45:22";"00:00:49:10";"Prigoschin soll derweil

in Belarus angekommen sein."
"36";"00:00:50:19";"00:00:50:19";"FABstd "Schließe dich den deinen an, ( ( werde¿¸"
"37";"00:00:50:19";"00:00:50:19";"FABst8 Berufssoldat", steht da.1¾Ø"
"38";"00:00:50:19";"00:00:55:16";""Schlieûe dich den deinen an,

werde Berufssoldat", steht da."
"39";"00:00:56:17";"00:00:56:17";"FABstL Die Werbung läuft heute Mittagÿÿ"
"40";"00:00:56:17";"00:00:58:16";"Die Werbung lÈauft heute Mittag"
"41";"00:00:58:18";"00:00:58:18";"FABstd vor einer Sondersendung( ( im russisAÞ"
"42";"00:00:58:18";"00:00:58:18";"FABst0chen Staatsfernsehen.ÿÿ1¨l"
"43";"00:00:58:18";"00:01:02:01";"vor einer Sondersendung

im russischen Staatsfernsehen."
"44";"00:01:02:16";"00:01:02:16";"FABstd Jeden Moment beginnt die Rede( ( Präsidí"
"45";"00:01:02:16";"00:01:02:16";"FABst>ent Putins vor den Militärs.ÿÿ#0"
"46";"00:01:02:16";"00:01:06:14";"Jeden Moment beginnt die Rede

PrÈasident Putins vor den MilitÈars."
"47";"00:01:06:16";"00:01:06:16";"FABstNIm Kreml sammeln sie sich schon.ÿÿ ä"
"48";"00:01:06:16";"00:01:09:02";"Im Kreml sammeln sie sich schon."
"49";"00:01:09:04";"00:01:09:04";"FABstdAuch Verteidigungsminister Schoigu( ("
"50";"00:01:09:04";"00:01:09:04";"FABst, ist dabei.ÿÿ5ß"
"51";"00:01:09:04";"00:01:12:10";"Auch Verteidigungsminister Schoigu

ist dabei."
"52";"00:01:16:08";"00:01:16:08";"FABstd Alle Zweifel( ( sollen wegge)j"
"53";"00:01:16:08";"00:01:16:08";"FABst$wischt werden ÿÿ=Ú"
"54";"00:01:16:08";"00:01:19:12";"Alle Zweifel

sollen weggewischt werden Ð"
"55";"00:01:19:19";"00:01:19:19";"FABstd nicht nur die an Schoigu,( ( sondern a"
"56";"00:01:19:19";"00:01:19:19";"FABst4uch die am Präsidenten.ÿÿ-,p"
"57";"00:01:19:19";"00:01:23:17";"nicht nur die an Schoigu,

sondern auch die am PrÈasidenten."
"58";"00:01:23:19";"00:01:23:19";"FABstd Auch deshalb diese Zeremonie( ( auf demcÀ"
"59";"00:01:23:19";"00:01:23:19";"FABst@ Kathedralen-Platz des Kreml.ÿÿ!."
"60";"00:01:23:19";"00:01:28:02";"Auch deshalb diese Zeremonie

auf dem Kathedralen-Platz des Kreml."
"61";"00:01:28:04";"00:01:28:04";"FABstd Hier ließen sich früher( ( di)\"
"62";"00:01:28:04";"00:01:28:04";"FABst&e Zaren krönen -ÿÿ;PB"
"63";"00:01:28:04";"00:01:30:20";"Hier lieûen sich frÈuher

die Zaren krÈonen -"
"64";"00:01:30:22";"00:01:30:22";"FABstN hier lobt Putin seine Militärs.ÿÿº"
"65";"00:01:30:22";"00:01:32:19";"hier lobt Putin seine MilitÈars."
"66";"00:01:33:19";"00:01:33:19";"FABstdSie haben die Verfassungsordnung( ( {"
"67";"00:01:33:19";"00:01:33:19";"FABst& verteidigt,CÐ"
"68";"00:01:33:19";"00:01:36:14";"Sie haben die Verfassungsordnung

verteidigt,"
"69";"00:01:36:16";"00:01:36:16";"FABstd das Leben, die Sicherheit( ( und 6"
"70";"00:01:36:16";"00:01:36:16";"FABst0Freiheit der Bürger. 9Ö"
"71";"00:01:36:16";"00:01:39:17";"das Leben, die Sicherheit

und Freiheit der BÈurger."
"72";"00:01:39:19";"00:01:39:19";"FABstd Haben die Heimat( ( vor Erschüt>"
"73";"00:01:39:19";"00:01:39:19";"FABst(terungen bewahrt.ÿÿ9z"
"74";"00:01:39:19";"00:01:42:11";"Haben die Heimat

vor ErschÈutterungen bewahrt."
"75";"00:01:42:14";"00:01:42:14";"FABstd Faktisch haben sie( ( einen Bür¸"
"76";"00:01:42:14";"00:01:42:14";"FABst*gerkrieg gestoppt.ÿÿ7âÞ"
"77";"00:01:42:14";"00:01:45:20";"Faktisch haben sie

einen BÈurgerkrieg gestoppt."
"78";"00:01:49:14";"00:01:49:14";"FABstd Putin gibt sich als( ( siegreicher Q¢"
"79";"00:01:49:14";"00:01:49:14";"FABst.Oberkommandierender,ÿÿ3"
"80";"00:01:49:14";"00:01:52:22";"Putin gibt sich als

siegreicher Oberkommandierender,"
"81";"00:01:52:24";"00:01:52:24";"FABstd ungeachtet der Ereignisse( ( y"
"82";"00:01:52:24";"00:01:52:24";"FABst&vom Wochenende.ÿÿ;³:"
"83";"00:01:52:24";"00:01:55:14";"ungeachtet der Ereignisse

vom Wochenende."
"84";"00:01:55:16";"00:01:55:16";"FABstd Den Wagner-Söldnern( ( hattÑ<u>"
"85";"00:01:55:16";"00:01:55:16";"FABst$e er angeboten,ÿÿ=ÕJ"
"86";"00:01:55:16";"00:01:57:24";"Den Wagner-SÈoldnern

hatte er angeboten,"
"87";"00:01:58:02";"00:01:58:02";"FABst d sich der Armee anzuschließen,( ( oder×"
"88";"00:01:58:02";"00:01:58:02";"FABst8 nach Belarus umzuziehen.ÿÿ)ª²"
"89";"00:01:58:02";"00:02:01:22";"sich der Armee anzuschlieûen,

oder nach Belarus umzuziehen."
"90";"00:02:02:11";"00:02:02:11";"FABst!d Am Morgen gab es Hinweise,( ( dass de~Ä"
"91";"00:02:02:11";"00:02:02:11";"FABst6r Chef der Wagner-Truppeÿÿ+Ê*"
"92";"00:02:02:11";"00:02:05:23";"Am Morgen gab es Hinweise,

dass der Chef der Wagner-Truppe"
"93";"00:02:06:00";"00:02:06:00";"FABst"d schon in Minsk ist,( ( sein Flugzeuü"
"94";"00:02:06:00";"00:02:06:00";"FABst.g war dort gelandet.ÿÿ3äð"
"95";"00:02:06:00";"00:02:09:12";"schon in Minsk ist,

sein Flugzeug war dort gelandet."
"96";"00:02:10:04";"00:02:10:04";"FABst#d Später erklärte der belarussische( ( â"
"97";"00:02:10:04";"00:02:10:04";"FABst6Staatschef Lukaschenko,ÿÿ+"
"98";"00:02:10:04";"00:02:13:17";"SpÈater erklÈarte der belarussische

Staatschef Lukaschenko,"
"99";"00:02:13:20";"00:02:13:20";"FABst$H Prigoschin sei in Belarus.ÿÿø"
"100";"00:02:13:20";"00:02:15:10";"Prigoschin sei in Belarus."
"101";"00:02:15:12";"00:02:15:12";"FABst%J Prigoschin selbst schweigt.ÿÿ4"
"102";"00:02:15:12";"00:02:17:06";"Prigoschin selbst schweigt."
"103";"00:02:17:15";"00:02:17:15";"FABst&d Dem Verteidigungsminister( ( sA<"
"104";"00:02:17:15";"00:02:17:15";"FABst(agte Lukaschenko,ÿÿ9£®"
"105";"00:02:17:15";"00:02:20:14";"Dem Verteidigungsminister

sagte Lukaschenko,"
"106";"00:02:20:17";"00:02:20:17";"FABst'd man müsse die Wagner-Leute( ( iÏÆ"
"107";"00:02:20:17";"00:02:20:17";"FABst&m Auge behalten.ÿÿ;`"
"108";"00:02:20:17";"00:02:23:16";"man mÈusse die Wagner-Leute

im Auge behalten."
"109";"00:02:23:19";"00:02:23:19";"FABst(d Aber von ihren Kriegserfahrungen( ( Xð"
"110";"00:02:23:19";"00:02:23:19";"FABst,könne man lernen.ÿÿ5^®"
"111";"00:02:23:19";"00:02:26:24";"Aber von ihren Kriegserfahrungen

kÈonne man lernen."
"112";"00:02:28:07";"00:02:28:07";"FABst)d Die Schwäche,( ( die das Syste©°"
"113";"00:02:28:07";"00:02:28:07";"FABst2m Putin offenbart hat,7Ö"
"114";"00:02:28:07";"00:02:32:08";"Die SchwÈache,

die das System Putin offenbart hat,"
"115";"00:02:32:10";"00:02:32:10";"FABst*d macht man einen Sieg Putins,( ( dasx"
"116";"00:02:32:10";"00:02:32:10";"FABst. ist die neue Linie.;P"
"117";"00:02:32:10";"00:02:36:07";"macht man einen Sieg Putins,

das ist die neue Linie."
"118";"00:02:37:04";"00:02:37:04";"FABst+d Prigoschin:( ( Aus den Augen,f"
"119";"00:02:37:04";"00:02:37:04";"FABst" aus dem Sinn.ÿÿ?Ïè"
"120";"00:02:37:04";"00:02:39:17";"Prigoschin:

Aus den Augen, aus dem Sinn."
"121";"00:02:39:19";"00:02:39:19";"FABst,NDer Aufstand: schnell vergessen.ÿÿÌ6"
"122";"00:02:39:19";"00:02:41:20";"Der Aufstand: schnell vergessen."
"123";"00:02:41:22";"00:02:41:22";"FABst-VUnd Putin als Garant der Stabilität.ÿÿÆ"
"124";"00:02:41:22";"00:02:44:05";"Und Putin als Garant der StabilitÈat."
"125";"00:02:44:10";"00:02:44:10";"FABst.dOb das beim Volk weiter verfängt,( ( þ"
"126";"00:02:44:10";"00:02:44:10";"FABst4muss sich noch zeigen.ÿÿ-èP"
"127";"00:02:44:10";"00:02:49:02";"Ob das beim Volk weiter verfÈangt,

muss sich noch zeigen."
"128";"00:02:51:08";"00:02:51:08";"FABst/dGeht Putin gestärkt oder geschwächt( ( V:"
"129";"00:02:51:08";"00:02:51:08";"FABst6 aus der Krise hervor?ÿÿ+"
"130";"00:02:51:08";"00:02:55:00";"Geht Putin gestÈarkt oder geschwÈacht

aus der Krise hervor?"
"131";"00:02:55:02";"00:02:55:02";"FABst0d Dazu haben wir Expertinnen( ( und"
"132";"00:02:55:02";"00:02:55:02";"FABst* Experten befragt.ÿÿ7¦"
"133";"00:02:55:02";"00:02:58:05";"Dazu haben wir Expertinnen

und Experten befragt."
"134";"00:02:58:09";"00:02:58:09";"FABst1d Einen Hintergrund( ( finden Sie x@"
"135";"00:02:58:09";"00:02:58:09";"FABst(auf tagesschau.deÿÿ9²"
"136";"00:02:58:09";"00:03:01:15";"Einen Hintergrund

finden Sie auf tagesschau.de"
"137";"00:03:03:02";"00:03:03:02";"FABst2d Die Fraktionsspitzen ( ( von Sw"
"138";"00:03:03:02";"00:03:03:02";"FABst*PD, Grünen und FDPÿÿ7i4"
"139";"00:03:03:02";"00:03:05:23";"Die Fraktionsspitzen

von SPD, GrÈunen und FDP"
"140";"00:03:06:00";"00:03:06:00";"FABst3d haben letzte Details( ( für das He</u>L"
"141";"00:03:06:00";"00:03:06:00";"FABst0izungsgesetz geklärt.ÿÿ1>"
"142";"00:03:06:00";"00:03:09:09";"haben letzte Details

fÈur das Heizungsgesetz geklÈart."
"143";"00:03:09:11";"00:03:09:11";"FABst4: Dazu gehört:ÿÿ#B"
"144";"00:03:09:11";"00:03:10:15";"Dazu gehÈort:"
"145";"00:03:10:17";"00:03:10:17";"FABst5d Welche Förderungen es geben soll,( ( wiþ"
"146";"00:03:10:17";"00:03:10:17";"FABst<e Mieter an der Investitionÿÿ%h"
"147";"00:03:10:17";"00:03:14:09";"Welche FÈorderungen es geben soll,

wie Mieter an der Investition"
"148";"00:03:14:11";"00:03:14:11";"FABst6d in eine klimafreundliche( ( Heizum<i>"
"149";"00:03:14:11";"00:03:14:11";"FABst,ng beteiligt werdenÿÿ5"
"150";"00:03:14:11";"00:03:17:09";"in eine klimafreundliche

Heizung beteiligt werden"
"151";"00:03:17:11";"00:03:17:11";"FABst7J und welche Zeitpläne gelten.ÿÿ0"
"152";"00:03:17:11";"00:03:19:06";"und welche ZeitplÈane gelten."
"153";"00:03:19:08";"00:03:19:08";"FABst8d Der Gesetzentwurf soll nun ( ( entsp8"
"154";"00:03:19:08";"00:03:19:08";"FABst6rechend geändert werden.ÿÿ+-Â"
"155";"00:03:19:08";"00:03:22:14";"Der Gesetzentwurf soll nun

entsprechend geÈandert werden."
"156";"00:03:22:17";"00:03:22:17";"FABst9d Vertreter der Ampelkoalition( ( sF"
"157";"00:03:22:17";"00:03:22:17";"FABst*ehen gute Chancen,ÿÿ7Î"
"158";"00:03:22:17";"00:03:25:15";"Vertreter der Ampelkoalition

sehen gute Chancen,"
"159";"00:03:25:17";"00:03:25:17";"FABst:d dass das Gesetz noch vor( ( der Sommer]Þ"
"160";"00:03:25:17";"00:03:25:17";"FABst8pause verabschiedet wird.ÿÿ)Ë@"
"161";"00:03:25:17";"00:03:29:01";"dass das Gesetz noch vor

der Sommerpause verabschiedet wird."
"162";"00:03:29:24";"00:03:29:24";"FABst;dDie Fraktionsvorsitzenden der Ampel( ( (\"
"163";"00:03:29:24";"00:03:29:24";"FABst:im Bundestag einigten sich/"
"164";"00:03:29:24";"00:03:33:16";"Die Fraktionsvorsitzenden der Ampel

im Bundestag einigten sich"
"165";"00:03:33:19";"00:03:33:19";"FABst<d bei einem der umstrittensten( ( Geset?"
"166";"00:03:33:19";"00:03:33:19";"FABst4zesvorhaben des Bundes.5év"
"167";"00:03:33:19";"00:03:37:04";"bei einem der umstrittensten

Gesetzesvorhaben des Bundes."
"168";"00:03:37:06";"00:03:37:06";"FABst=d FDP-Chef Lindner ist zufrieden,( ( 1."
"169";"00:03:37:06";"00:03:37:06";"FABst. bleibt aber vage.ÿÿ3ëÒ"
"170";"00:03:37:06";"00:03:41:09";"FDP-Chef Lindner ist zufrieden,

bleibt aber vage."
"171";"00:03:42:07";"00:03:42:07";"FABst>d Von dem, was ich gehört habe,( ( geht eú"
"172";"00:03:42:07";"00:03:42:07";"FABst<s in die richtige Richtung:-øÈ"
"173";"00:03:42:07";"00:03:46:12";"Von dem, was ich gehÈort habe,

geht es in die richtige Richtung:"
"174";"00:03:46:14";"00:03:46:14";"FABst?dDie Frage der Technologiefreiheit( ( ?6"
"175";"00:03:46:14";"00:03:46:14";"FABst* zu stärken.?=Ð"
"176";"00:03:46:14";"00:03:50:05";"Die Frage der Technologiefreiheit

zu stÈarken."
"177";"00:03:52:03";"00:03:52:03";"FABst@d Und im Bereich( ( der finanzipH"
"178";"00:03:52:03";"00:03:52:03";"FABst$ellen Förderungÿÿ=w "
"179";"00:03:52:03";"00:03:55:09";"Und im Bereich

der finanziellen FÈorderung"
"180";"00:03:55:14";"00:03:55:14";"FABstAd tragfähige Vereinbarungen( ( Ò"
"181";"00:03:55:14";"00:03:55:14";"FABst"zu ergänzen.ÿÿ?z²"
"182";"00:03:55:14";"00:03:58:08";"tragfÈahige Vereinbarungen

zu ergÈanzen."
"183";"00:04:00:10";"00:04:00:10";"FABstBd Konkret ist aus den Fraktionen( ( xt"
"184";"00:04:00:10";"00:04:00:10";"FABst& zu erfahren:ÿÿ;äÊ"
"185";"00:04:00:10";"00:04:03:11";"Konkret ist aus den Fraktionen

zu erfahren:"
"186";"00:04:16:00";"00:04:16:00";"FABstCF Das war der SPD wichtig.ÿÿü"
"187";"00:04:16:00";"00:04:17:21";"Das war der SPD wichtig."
"188";"00:04:19:09";"00:04:19:09";"FABstDd Entscheidend ist, ( ( dass wC¾"
"189";"00:04:19:09";"00:04:19:09";"FABst"ir KlimaschutzGç"
"190";"00:04:19:09";"00:04:21:22";"Entscheidend ist,

dass wir Klimaschutz"
"191";"00:04:21:24";"00:04:21:24";"FABstEd und sozialen Zusammenhalt ( ( in diÚ"
"192";"00:04:21:24";"00:04:21:24";"FABst0esem Gesetz abbilden.9ð*"
"193";"00:04:21:24";"00:04:25:02";"und sozialen Zusammenhalt

in diesem Gesetz abbilden."
"194";"00:04:25:04";"00:04:25:04";"FABstFL Dass wir niemanden überfordernÿÿ4<"
"195";"00:04:25:04";"00:04:27:00";"Dass wir niemanden Èuberfordern"
"196";"00:04:27:02";"00:04:27:02";"FABstGdund zeitlich die kommunale Ebene( ( ~:"
"197";"00:04:27:02";"00:04:27:02";"FABst0in den Blick nehmen.ÿÿ1Ë\"
"198";"00:04:27:02";"00:04:30:04";"und zeitlich die kommunale Ebene

in den Blick nehmen."
"199";"00:04:30:15";"00:04:30:15";"FABstHL Große Städte sollen bis 2026,ÿÿÃê"
"200";"00:04:30:15";"00:04:32:20";"Groûe StÈadte sollen bis 2026,"
"201";"00:04:32:22";"00:04:32:22";"FABstId kleinere Gemeinden bis 2028( ( eine koX"
"202";"00:04:32:22";"00:04:32:22";"FABstBmmunale Wärmeplanung vorlegen.ÿÿEÄ"
"203";"00:04:32:22";"00:04:37:09";"kleinere Gemeinden bis 2028

eine kommunale WÈarmeplanung vorlegen."
"204";"00:04:37:19";"00:04:37:19";"FABstJ> Die soll klären,ÿÿL*"
"205";"00:04:37:19";"00:04:38:24";"Die soll klÈaren,"
"206";"00:04:39:01";"00:04:39:01";"FABstKd wo Fern- oder Nahwärme statt( ( individu¦\"
"207";"00:04:39:01";"00:04:39:01";"FABst<eller Heizung möglich wäre.ÿÿ%¼"
"208";"00:04:39:01";"00:04:42:21";"wo Fern- oder NahwÈarme statt

individueller Heizung mÈoglich wÈare."
"209";"00:04:42:23";"00:04:42:23";"FABstLB Die Grünen betonen:ÿÿWD"
"210";"00:04:42:23";"00:04:44:03";"Die GrÈunen betonen:"
"211";"00:04:44:05";"00:04:44:05";"FABstMd Wir freuen uns, dass wir einen ( ( verbi"
"212";"00:04:44:05";"00:04:44:05";"FABst>ndlichen Fahrplan festlegen,+</i>"
"213";"00:04:44:05";"00:04:48:01";"Wir freuen uns, dass wir einen

verbindlichen Fahrplan festlegen,"
"214";"00:04:48:03";"00:04:48:03";"FABstNd wie Deutschland umstellt( ( auf klÜ"
"215";"00:04:48:03";"00:04:48:03";"FABst.imaneutrales Heizen.;Ð,"
"216";"00:04:48:03";"00:04:51:04";"wie Deutschland umstellt

auf klimaneutrales Heizen."
"217";"00:04:51:06";"00:04:51:06";"FABstOJ Das passiert zum ersten Mal.ÿÿªX"
"218";"00:04:51:06";"00:04:53:01";"Das passiert zum ersten Mal."
"219";"00:04:53:03";"00:04:53:03";"FABstPdDas gilt für jeden, der sich ab 2024( ( Æ`"
"220";"00:04:53:03";"00:04:53:03";"FABstJfür eine neue Heizung entscheidet.ÿÿV$"
"221";"00:04:53:03";"00:04:58:06";"Das gilt fÈur jeden, der sich ab 2024

fÈur eine neue Heizung entscheidet."
"222";"00:04:58:13";"00:04:58:13";"FABstQd Nächste Woche soll das Gesetz( ( im Båf"
"223";"00:04:58:13";"00:04:58:13";"FABst8undestag beraten werden. ÿÿ)Ê"
"224";"00:04:58:13";"00:05:02:00";"NÈachste Woche soll das Gesetz

im Bundestag beraten werden."
"225";"00:05:02:03";"00:05:02:03";"FABstRD Die Union kritisiert:ÿÿÿb"
"226";"00:05:02:03";"00:05:03:11";"Die Union kritisiert:"
"227";"00:05:03:21";"00:05:03:21";"FABstSL Monatelanger Streit der Ampelñ("
"228";"00:05:03:21";"00:05:05:17";"Monatelanger Streit der Ampel"
"229";"00:05:05:19";"00:05:05:19";"FABstTd und dann wenige Tage,( ( ums^"
"230";"00:05:05:19";"00:05:05:19";"FABst& durchzudrücken.C\"
"231";"00:05:05:19";"00:05:08:22";"und dann wenige Tage,

ums durchzudrÈucken."
"232";"00:05:09:05";"00:05:09:05";"FABstUd Das führt dazu,( ( dass wieder F­ö"
"233";"00:05:09:05";"00:05:09:05";"FABst0ehler gemacht werden,ÿÿ1È"
"234";"00:05:09:05";"00:05:12:10";"Das fÈuhrt dazu,

dass wieder Fehler gemacht werden,"
"235";"00:05:12:12";"00:05:12:12";"FABstVJ dass repariert werden muss.ÿÿ«"
"236";"00:05:12:12";"00:05:14:05";"dass repariert werden muss."
"237";"00:05:14:07";"00:05:14:07";"FABstWd Es beschädigt( ( parlamentariÕ"
"238";"00:05:14:07";"00:05:14:07";"FABst"sche Beratung.ÿÿ?ßT"
"239";"00:05:14:07";"00:05:16:17";"Es beschÈadigt

parlamentarische Beratung."
"240";"00:05:17:00";"00:05:17:00";"FABstXd Bisher gibt es( ( nur die pol"
"241";"00:05:17:00";"00:05:17:00";"FABst&itische EinigungCä"
"242";"00:05:17:00";"00:05:19:15";"Bisher gibt es

nur die politische Einigung"
"243";"00:05:19:17";"00:05:19:17";"FABstYH zum Gebäudeenergie-Gesetz.8"
"244";"00:05:19:17";"00:05:21:08";"zum GebÈaudeenergie-Gesetz."
"245";"00:05:21:10";"00:05:21:10";"FABstZd Die muss in den Entwurf( ( ein~ä"
"246";"00:05:21:10";"00:05:21:10";"FABst*gearbeitet werden.ÿÿ7ëú"
"247";"00:05:21:10";"00:05:24:06";"Die muss in den Entwurf

eingearbeitet werden."
"248";"00:05:24:11";"00:05:24:11";"FABst[d Nur darüber( ( kann das Parä¨"
"249";"00:05:24:11";"00:05:24:11";"FABst$lament beraten.ÿÿ=<"
"250";"00:05:24:11";"00:05:26:23";"Nur darÈuber

kann das Parlament beraten."
"251";"00:05:27:04";"00:05:27:04";"FABst\d Die Opposition( ( beklagt d3"
"252";"00:05:27:04";"00:05:27:04";"FABst en Zeitdruck.ÿÿAÀ¨"
"253";"00:05:27:04";"00:05:29:11";"Die Opposition

beklagt den Zeitdruck."
"254";"00:05:29:13";"00:05:29:13";"FABst]F Doch die Regierung will,ÿÿç*"
"255";"00:05:29:13";"00:05:31:00";"Doch die Regierung will,"
"256";"00:05:31:02";"00:05:31:02";"FABst^ddass das Gesetz vor der Sommerpause( ( aj"
"257";"00:05:31:02";"00:05:31:02";"FABst8 verabschiedet wird.ÿÿ)"
"258";"00:05:31:02";"00:05:34:04";"dass das Gesetz vor der Sommerpause

verabschiedet wird."
"259";"00:05:35:12";"00:05:35:12";"FABst_d Der Haushaltsstreit der Koalition( ( \"
"260";"00:05:35:12";"00:05:35:12";"FABst6konnte beigelegt werdenÿÿ+ê"
"261";"00:05:35:12";"00:05:38:24";"Der Haushaltsstreit der Koalition

konnte beigelegt werden"
"262";"00:05:39:01";"00:05:39:01";"FABst`d nach Informationen( ( des ARD-Ht¨"
"263";"00:05:39:01";"00:05:39:01";"FABst(auptstadtstudios.ÿÿ9×Ì"
"264";"00:05:39:01";"00:05:41:19";"nach Informationen

des ARD-Hauptstadtstudios."
"265";"00:05:41:21";"00:05:41:21";"FABstad So kann der Etatentwurf für 2024( ( und dH"
"266";"00:05:41:21";"00:05:41:21";"FABstDie mittelfristige Finanzplanungÿÿÿ"
"267";"00:05:41:21";"00:05:47:00";"So kann der Etatentwurf fÈur 2024

und die mittelfristige Finanzplanung"
"268";"00:05:47:02";"00:05:47:02";"FABstbN vom Kabinett beschlossen werden.ÿÿÎ"
"269";"00:05:47:02";"00:05:49:09";"vom Kabinett beschlossen werden."
"270";"00:05:49:20";"00:05:49:20";"FABstcd Details zur Kindergrundsicherung( ( wuFÖ"
"271";"00:05:49:20";"00:05:49:20";"FABst6rden noch offengelassen.ÿÿ+©À"
"272";"00:05:49:20";"00:05:53:16";"Details zur Kindergrundsicherung

wurden noch offengelassen."
"273";"00:05:53:18";"00:05:53:18";"FABstdd In die Gespräche hatte sich( ( auch Kanz¹ª"
"274";"00:05:53:18";"00:05:53:18";"FABst8ler Scholz eingeschaltet.ÿÿ)ø*"
"275";"00:05:53:18";"00:05:57:17";"In die GesprÈache hatte sich

auch Kanzler Scholz eingeschaltet."
"276";"00:05:59:02";"00:05:59:02";"FABstedBei der Antidiskriminierungsstelle( ( OÒ"
"277";"00:05:59:02";"00:05:59:02";"FABst2des Bundes sind 2022ÿÿ/*"
"278";"00:05:59:02";"00:06:02:18";"Bei der Antidiskriminierungsstelle

des Bundes sind 2022"
"279";"00:06:02:20";"00:06:02:20";"FABstfd so viele Anfragen eingegangen( ( l"
"280";"00:06:02:20";"00:06:02:20";"FABst( wie nie zuvor.ÿÿ9¼"
"281";"00:06:02:20";"00:06:05:20";"so viele Anfragen eingegangen

wie nie zuvor."
"282";"00:06:06:05";"00:06:06:05";"FABstgN Die Leiterin Ataman teilte mit,ÿÿÀ"
"283";"00:06:06:05";"00:06:08:13";"Die Leiterin Ataman teilte mit,"
"284";"00:06:08:15";"00:06:08:15";"FABsthd dass sich über 8800 Menschen( ( Üö"
"285";"00:06:08:15";"00:06:08:15";"FABst&beraten ließen.ÿÿ;*H"
"286";"00:06:08:15";"00:06:12:01";"dass sich Èuber 8800 Menschen

beraten lieûen."
"287";"00:06:12:16";"00:06:12:16";"FABstid Der größte Anteil entfalle( ( auf rassg"
"288";"00:06:12:16";"00:06:12:16";"FABst8istische Diskriminierung.ÿÿ)®"
"289";"00:06:12:16";"00:06:16:10";"Der grÈoûte Anteil entfalle

auf rassistische Diskriminierung."
"290";"00:06:16:12";"00:06:16:12";"FABstjd Ataman wertete es positiv,( ( dass diwº"
"291";"00:06:16:12";"00:06:16:12";"FABst6e Menschen sich wehren -ÿÿ+v"
"292";"00:06:16:12";"00:06:20:16";"Ataman wertete es positiv,

dass die Menschen sich wehren -"
"293";"00:06:20:18";"00:06:20:18";"FABstkd äußerte sich aber besorgt ( ( über âv"
"294";"00:06:20:18";"00:06:20:18";"FABst0die zunehmende Hetze.ÿÿ1çt"
"295";"00:06:20:18";"00:06:24:15";"Èauûerte sich aber besorgt

Èuber die zunehmende Hetze."
"296";"00:06:26:03";"00:06:26:03";"FABstld Teambesprechung beim( ( AntidiskrimP¢"
"297";"00:06:26:03";"00:06:26:03";"FABst8inierungsnetzwerk Berlin.1¹"
"298";"00:06:26:03";"00:06:30:01";"Teambesprechung beim

Antidiskriminierungsnetzwerk Berlin."
"299";"00:06:30:03";"00:06:30:03";"FABstmd Wer diskriminiert wird( ( und spÞ"
"300";"00:06:30:03";"00:06:30:03";"FABst(ich wehren will, Aâz"
"301";"00:06:30:03";"00:06:32:20";"Wer diskriminiert wird

und sich wehren will,"
"302";"00:06:32:22";"00:06:32:22";"FABstnTfindet in der Beratungsstelle Hilfe.ÿÿ"
"303";"00:06:32:22";"00:06:35:02";"findet in der Beratungsstelle Hilfe."
"304";"00:06:36:00";"00:06:36:00";"FABstod Ein Schwerpunkt unserer Arbeit( ( ist RaJ@"
"305";"00:06:36:00";"00:06:36:00";"FABst:ssismus im Arbeitsbereich,/Ú"
"306";"00:06:36:00";"00:06:41:05";"Ein Schwerpunkt unserer Arbeit

ist Rassismus im Arbeitsbereich,"
"307";"00:06:41:07";"00:06:41:07";"FABstp@ im Arbeitskontext.%á®"
"308";"00:06:41:07";"00:06:42:14";"im Arbeitskontext."
"309";"00:06:43:02";"00:06:43:02";"FABstqJ Wir haben sehr viele Fälle,ÿÿV"
"310";"00:06:43:02";"00:06:45:07";"Wir haben sehr viele FÈalle,"
"311";"00:06:45:09";"00:06:45:09";"FABstrdwo Menschen rassistisches Mobbing( ( etA("
"312";"00:06:45:09";"00:06:45:09";"FABst<wa im Arbeitsleben erleben.ÿÿ%¥T"
"313";"00:06:45:09";"00:06:49:23";"wo Menschen rassistisches Mobbing

etwa im Arbeitsleben erleben."
"314";"00:06:50:14";"00:06:50:14";"FABstsN Wie kann das im Alltag aussehen?ÿÿê"
"315";"00:06:50:14";"00:06:52:18";"Wie kann das im Alltag aussehen?"
"316";"00:06:52:20";"00:06:52:20";"FABsttdDas schildert die Bundesbeauftragte( ( Hú"
"317";"00:06:52:20";"00:06:52:20";"FABst8für Antidiskriminierungÿÿ)`\"
"318";"00:06:52:20";"00:06:56:06";"Das schildert die Bundesbeauftragte

fÈur Antidiskriminierung"
"319";"00:06:56:08";"00:06:56:08";"FABstud bei der Vorstellung( ( des x"
"320";"00:06:56:08";"00:06:56:08";"FABst$Jahresberichts.ÿÿ=í®"
"321";"00:06:56:08";"00:06:58:16";"bei der Vorstellung

des Jahresberichts."
"322";"00:06:58:21";"00:06:58:21";"FABstvd Ein schwarze Frau( ( hat sich L"
"323";"00:06:58:21";"00:06:58:21";"FABst$an uns gewandt.Eºê"
"324";"00:06:58:21";"00:07:02:00";"Ein schwarze Frau

hat sich an uns gewandt."
"325";"00:07:02:02";"00:07:02:02";"FABstwJ Sie arbeitet in einer Firma,&"
"326";"00:07:02:02";"00:07:03:22";"Sie arbeitet in einer Firma,"
"327";"00:07:03:24";"00:07:03:24";"FABstxd wo alle über einen( ( Messengerdií®"
"328";"00:07:03:24";"00:07:03:24";"FABst,enst kommunizieren.ÿÿ5Î"
"329";"00:07:03:24";"00:07:07:05";"wo alle Èuber einen

Messengerdienst kommunizieren."
"330";"00:07:07:07";"00:07:07:07";"FABstydAls sie frei hat, lädt eine Kollegin( ( ("
"331";"00:07:07:07";"00:07:07:07";"FABstDeine Profilbild für sie hoch.ÿÿ+"
"332";"00:07:07:07";"00:07:11:19";"Als sie frei hat, lÈadt eine Kollegin

eine Profilbild fÈur sie hoch."
"333";"00:07:12:08";"00:07:12:08";"FABstzd Es zeigt einen Affen ( ( mit B/²"
"334";"00:07:12:08";"00:07:12:08";"FABst*anane in der Hand.ÿÿ7Ìê"
"335";"00:07:12:08";"00:07:15:06";"Es zeigt einen Affen

mit Banane in der Hand."
"336";"00:07:15:08";"00:07:15:08";"FABst{B Darunter: ihr Name.ÿÿº"
"337";"00:07:15:08";"00:07:16:13";"Darunter: ihr Name."
"338";"00:07:16:20";"00:07:16:20";"FABst|d Die Antidiskriminierungsstelle( ( à"
"339";"00:07:16:20";"00:07:16:20";"FABst$ des Bundesÿÿ=­"
"340";"00:07:16:20";"00:07:19:07";"Die Antidiskriminierungsstelle

des Bundes"
"341";"00:07:19:09";"00:07:19:09";"FABst}d zählt 2022 knapp 9000 Fälle,( ( die dei´"
"342";"00:07:19:09";"00:07:19:09";"FABst6r Bericht aufschlüsselt.ÿÿ+Ò"
"343";"00:07:19:09";"00:07:23:05";"zÈahlt 2022 knapp 9000 FÈalle,

die der Bericht aufschlÈusselt."
"344";"00:07:40:01";"00:07:40:01";"FABst~d Für Ferda Ataman ist das( ( nur dieú¨"
"345";"00:07:40:01";"00:07:40:01";"FABst0 Spitze des Eisbergs,ÿÿ1&"
"346";"00:07:40:01";"00:07:43:07";"FÈur Ferda Ataman ist das

nur die Spitze des Eisbergs,"
"347";"00:07:43:09";"00:07:43:09";"FABstd da viele Betroffene( ( sich/H"
"348";"00:07:43:09";"00:07:43:09";"FABst$ nicht melden. ÿÿ=Ø"
"349";"00:07:43:09";"00:07:45:18";"da viele Betroffene

sich nicht melden."
"350";"00:07:45:20";"00:07:45:20";"FABst<i>d Sie will mit einer Info-Kampagne( ( ÊÐ"
"351";"00:07:45:20";"00:07:45:20";"FABst$ ab Herbstÿÿ=í¬"
"352";"00:07:45:20";"00:07:48:10";"Sie will mit einer Info-Kampagne

ab Herbst"
"353";"00:07:48:13";"00:07:48:13";"FABst</i>d über Diskriminierung aufklären( ( und forÎ"
"354";"00:07:48:13";"00:07:48:13";"FABst<dert mehr Beratungsstellen.ÿÿ%é"
"355";"00:07:48:13";"00:07:52:17";"Èuber Diskriminierung aufklÈaren

und fordert mehr Beratungsstellen."
"356";"00:07:52:19";"00:07:52:19";"FABst<u>d Die sind aber seit Jahren( ( nur ¡ø"
"357";"00:07:52:19";"00:07:52:19";"FABst0befristet finanziert.ÿÿ1N"
"358";"00:07:52:19";"00:07:56:06";"Die sind aber seit Jahren

nur befristet finanziert."
"359";"00:07:58:04";"00:07:58:04";"FABst</u>F Neben Diskriminierungenÿÿ&"
"360";"00:07:58:04";"00:07:59:18";"Neben Diskriminierungen"
"361";"00:07:59:20";"00:07:59:20";"FABstd bleibt auch der Hass gegen Juden( ( in ûH"
"362";"00:07:59:20";"00:07:59:20";"FABst6Deutschland alarmierend.ÿÿ+Ã"
"363";"00:07:59:20";"00:08:03:14";"bleibt auch der Hass gegen Juden

in Deutschland alarmierend."
"364";"00:08:03:16";"00:08:03:16";"FABstN Das berichtet der Bundesverbandÿÿ~"
"365";"00:08:03:16";"00:08:05:15";"Das berichtet der Bundesverband"
"366";"00:08:05:17";"00:08:05:17";"FABstd der Recherche- und Informations-( ( s´"
"367";"00:08:05:17";"00:08:05:17";"FABst2tellen Antisemitismus.ÿÿ/ÁÚ"
"368";"00:08:05:17";"00:08:09:03";"der Recherche- und Informations-

stellen Antisemitismus."
"369";"00:08:09:05";"00:08:09:05";"FABst@ Danach wurden 2022ÿÿÒ"
"370";"00:08:09:05";"00:08:10:13";"Danach wurden 2022"
"371";"00:08:10:15";"00:08:10:15";"FABstdfast 2500 antisemitisch motivierte( ( ûØ"
"372";"00:08:10:15";"00:08:10:15";"FABst. Vorfälle bekannt.ÿÿ3à"
"373";"00:08:10:15";"00:08:14:21";"fast 2500 antisemitisch motivierte

VorfÈalle bekannt."
"374";"00:08:15:14";"00:08:15:14";"FABstJ Das waren weniger als 2021,ÿÿ:²"
"375";"00:08:15:14";"00:08:17:18";"Das waren weniger als 2021,"
"376";"00:08:17:20";"00:08:17:20";"FABst
d wo etwa die Corona-Pandemie( ( æì"
"377";"00:08:17:20";"00:08:17:20";"FABst,eine Rolle spielte.ÿÿ5÷ø"
"378";"00:08:17:20";"00:08:21:05";"wo etwa die Corona-Pandemie

eine Rolle spielte."
"379";"00:08:21:07";"00:08:21:07";"FABstdAber die extreme Gewalt und Angriffe( ( Ó¼"
"380";"00:08:21:07";"00:08:21:07";"FABst: gegen Juden nahmen zu.ÿÿ'Î°"
"381";"00:08:21:07";"00:08:25:02";"Aber die extreme Gewalt und Angriffe

gegen Juden nahmen zu."
"382";"00:08:26:11";"00:08:26:11";"FABstdIm Dieselskandal wurden die ersten( ( strafí\"
"383";"00:08:26:11";"00:08:26:11";"FABst@rechtlichen Urteile gefällt: ÿÿ!Yf"
"384";"00:08:26:11";"00:08:31:03";"Im Dieselskandal wurden die ersten

strafrechtlichen Urteile gefÈallt:"
"385";"00:08:31:05";"00:08:31:05";"FABstL Der frühere Audi-Chef Stadlerÿÿñ$"
"386";"00:08:31:05";"00:08:33:04";"Der frÈuhere Audi-Chef Stadler"
"387";"00:08:33:05";"00:08:33:05";"FABstderhielt heute eine Bewährungsstrafe( ( von]2"
"388";"00:08:33:05";"00:08:33:05";"FABstB einem Jahr und neun Monaten. ÿÿøô"
"389";"00:08:33:05";"00:08:37:08";"erhielt heute eine BewÈahrungsstrafe

von einem Jahr und neun Monaten."
"390";"00:08:37:10";"00:08:37:10";"FABstd Er hatte ein Geständnis abgelegt,( ( )¼"
"391";"00:08:37:10";"00:08:37:10";"FABst6um der Haft zu entgehen.ÿÿ+^"
"392";"00:08:37:10";"00:08:41:08";"Er hatte ein GestÈandnis abgelegt,

um der Haft zu entgehen."
"393";"00:08:41:21";"00:08:41:21";"FABstdEine Münchner Wirtschaftsstrafkammer( ( )Ò"
"394";"00:08:41:21";"00:08:41:21";"FABst@sprach Stadler wegen Betrugsÿÿ!Û"
"395";"00:08:41:21";"00:08:45:21";"Eine MÈunchner Wirtschaftsstrafkammer

sprach Stadler wegen Betrugs"
"396";"00:08:45:23";"00:08:45:23";"FABstJ durch Unterlassen schuldig.ÿÿ>"
"397";"00:08:45:23";"00:08:47:18";"durch Unterlassen schuldig."
"398";"00:08:47:20";"00:08:47:20";"FABstd Er hatte den Verkauf betroffener( ( Dies<i>Ö"
"399";"00:08:47:20";"00:08:47:20";"FABst:elautos zu spät gestoppt. ÿÿ')P"
"400";"00:08:47:20";"00:08:51:12";"Er hatte den Verkauf betroffener

Dieselautos zu spÈat gestoppt."
"401";"00:08:51:14";"00:08:51:14";"FABstd Zu Bewährungsstrafen wurden auch( ( zweir¢"
"402";"00:08:51:14";"00:08:51:14";"FABst: Mitangeklagte verurteilt.ÿÿ'."
"403";"00:08:51:14";"00:08:55:04";"Zu BewÈahrungsstrafen wurden auch

zwei Mitangeklagte verurteilt."
"404";"00:08:56:01";"00:08:56:01";"FABstH Nach der Urteilsverkündung¦î"
"405";"00:08:56:01";"00:08:57:18";"Nach der UrteilsverkÈundung"
"406";"00:08:57:20";"00:08:57:20";"FABstd verlässt Robert Stadler( ( betont l0f"
"407";"00:08:57:20";"00:08:57:20";"FABst4ässig den Gerichtssaal.ÿÿ-uÜ"
"408";"00:08:57:20";"00:09:01:00";"verlÈasst Robert Stadler

betont lÈassig den Gerichtssaal."
"409";"00:09:01:03";"00:09:01:03";"FABstd Der Ex-Audi-Chef( ( muss nichê¢"
"410";"00:09:01:03";"00:09:01:03";"FABst&t ins Gefängnis.Cn"
"411";"00:09:01:03";"00:09:03:18";"Der Ex-Audi-Chef

muss nicht ins GefÈangnis."
"412";"00:09:03:20";"00:09:03:20";"FABstd Seine Verteidigung( ( verbuchtò*"
"413";"00:09:03:20";"00:09:03:20";"FABst& das als Erfolg.ÿÿ;Ãp"
"414";"00:09:03:20";"00:09:06:08";"Seine Verteidigung

verbucht das als Erfolg."
"415";"00:09:06:11";"00:09:06:11";"FABstd Nach der sechsstündigen( ( U7"
"416";"00:09:06:11";"00:09:06:11";"FABst&rteilsverkündungCÔ"
"417";"00:09:06:11";"00:09:08:22";"Nach der sechsstÈundigen

UrteilsverkÈundung"
"418";"00:09:08:24";"00:09:08:24";"FABstd sind wir zufrieden,( ( dass das V</u>ä"
"419";"00:09:08:24";"00:09:08:24";"FABst0erfahren zu Ende ist.9µ"
"420";"00:09:08:24";"00:09:11:24";"sind wir zufrieden,

dass das Verfahren zu Ende ist."
"421";"00:09:12:01";"00:09:12:01";"FABstd Dass Herr Stadler( ( seine Freihø²"
"422";"00:09:12:01";"00:09:12:01";"FABst.eit behalten konnte.;³<u>"
"423";"00:09:12:01";"00:09:15:00";"Dass Herr Stadler

seine Freiheit behalten konnte."
"424";"00:09:15:02";"00:09:15:02";"FABstdWir sind auch zufrieden darüber,( ( das&"
"425";"00:09:15:02";"00:09:15:02";"FABst8s das Gericht gesagt hat,ÿÿ)íä"
"426";"00:09:15:02";"00:09:18:16";"Wir sind auch zufrieden darÈuber,

dass das Gericht gesagt hat,"
"427";"00:09:18:19";"00:09:18:19";"FABstd dass ein Teil der Vorwürfe( ( :d"
"428";"00:09:18:19";"00:09:18:19";"FABst$nicht zutrifft.ÿÿ="
"429";"00:09:18:19";"00:09:21:10";"dass ein Teil der VorwÈurfe

nicht zutrifft."
"430";"00:09:22:10";"00:09:22:10";"FABstd Nicht zutreffend( ( seien FalîÒ"
"431";"00:09:22:10";"00:09:22:10";"FABst$sch-Beurkundungÿÿ=é"
"432";"00:09:22:10";"00:09:24:24";"Nicht zutreffend

seien Falsch-Beurkundung"
"433";"00:09:25:01";"00:09:25:01";"FABstD und strafbare Werbung.ÿÿO|"
"434";"00:09:25:01";"00:09:26:12";"und strafbare Werbung."
"435";"00:09:26:14";"00:09:26:14";"FABstd Verurteilt wurde Stadler( ( ¦&"
"436";"00:09:26:14";"00:09:26:14";"FABst"wegen Betrugs.ÿÿ?À\"
"437";"00:09:26:14";"00:09:28:23";"Verurteilt wurde Stadler

wegen Betrugs."
"438";"00:09:29:00";"00:09:29:00";"FABst d Er hatte den Verkauf( ( manip<i>"
"439";"00:09:29:00";"00:09:29:00";"FABst$ulierter Autos ÿÿ=¬"
"440";"00:09:29:00";"00:09:31:12";"Er hatte den Verkauf

manipulierter Autos"
"441";"00:09:31:14";"00:09:31:14";"FABst¡d aus Sicht der Richter( ( zuÜ"
"442";"00:09:31:14";"00:09:31:14";"FABst$ spät gestoppt.ÿÿ=W"
"443";"00:09:31:14";"00:09:33:22";"aus Sicht der Richter

zu spÈat gestoppt."
"444";"00:09:33:24";"00:09:33:24";"FABst¢d Die Autos waren auf dem Prüfstand( ( sa6"
"445";"00:09:33:24";"00:09:33:24";"FABst:uberer als auf der Straße.ÿÿ'8Ä"
"446";"00:09:33:24";"00:09:37:16";"Die Autos waren auf dem PrÈufstand

sauberer als auf der Straûe."
"447";"00:09:37:18";"00:09:37:18";"FABst£PDer Prozess endet nach einem Deal:ÿÿ<."
"448";"00:09:37:18";"00:09:39:22";"Der Prozess endet nach einem Deal:"
"449";"00:09:39:24";"00:09:39:24";"FABst¤d Stadlers Strafe( ( wird zur Bewäo$"
"450";"00:09:39:24";"00:09:39:24";"FABst(hrung ausgesetzt,ÿÿ9X"
"451";"00:09:39:24";"00:09:42:18";"Stadlers Strafe

wird zur BewÈahrung ausgesetzt,"
"452";"00:09:42:20";"00:09:42:20";"FABst¥J auch weil er gestanden hat.ÿÿ0ª"
"453";"00:09:42:20";"00:09:44:12";"auch weil er gestanden hat."
"454";"00:09:44:14";"00:09:44:14";"FABst¦RZudem muss er 1,1 Mio. Euro zahlen.ÿÿ"
"455";"00:09:44:14";"00:09:46:20";"Zudem muss er 1,1 Mio. Euro zahlen."
"456";"00:09:48:03";"00:09:48:03";"FABst§F Diese 1,1 Millionen Euro5¾"
"457";"00:09:48:03";"00:09:49:23";"Diese 1,1 Millionen Euro"
"458";"00:09:50:00";"00:09:50:00";"FABst¨d gehen zu mehr als der Hälfte( ( a8Ü"
"459";"00:09:50:00";"00:09:50:00";"FABst*n die Staatskasse.?
\"
"460";"00:09:50:00";"00:09:53:07";"gehen zu mehr als der HÈalfte

an die Staatskasse."
"461";"00:09:53:09";"00:09:53:09";"FABst©d Der andere Teil( ( geht an gemeÛ@"
"462";"00:09:53:09";"00:09:53:09";"FABst6innützige Einrichtungen.ÿÿ+_$"
"463";"00:09:53:09";"00:09:57:14";"Der andere Teil

geht an gemeinnÈutzige Einrichtungen."
"464";"00:09:58:20";"00:09:58:20";"FABstªd Auch die zwei Mitangeklagten kommen( ( mitè"
"465";"00:09:58:20";"00:09:58:20";"FABstJ Bewährung und Geldauflagen davon,ÿÿzJ"
"466";"00:09:58:20";"00:10:03:05";"Auch die zwei Mitangeklagten kommen

mit BewÈahrung und Geldauflagen davon,"
"467";"00:10:03:08";"00:10:03:08";"FABst«d ein Ingenieur( ( und der Ex-Mo b"
"468";"00:10:03:08";"00:10:03:08";"FABst$torenchef Hatz.ÿÿ=·"
"469";"00:10:03:08";"00:10:06:13";"ein Ingenieur

und der Ex-Motorenchef Hatz."
"470";"00:10:06:22";"00:10:06:22";"FABst¬H Die Anklage hatte für Hatzÿÿ´"
"471";"00:10:06:22";"00:10:08:15";"Die Anklage hatte fÈur Hatz"
"472";"00:10:08:17";"00:10:08:17";"FABst­dHaft von drei Jahren und zwei Monaten( ( ú<"
"473";"00:10:08:17";"00:10:08:17";"FABst@ ohne Bewährung gefordert.ÿÿ!Æ"
"474";"00:10:08:17";"00:10:12:08";"Haft von drei Jahren und zwei Monaten

ohne BewÈahrung gefordert."
"475";"00:10:12:14";"00:10:12:14";"FABst®D Beim Angeklagten Hatz!o"
"476";"00:10:12:14";"00:10:14:08";"Beim Angeklagten Hatz"
"477";"00:10:14:10";"00:10:14:10";"FABst¯d hielt sich das Gericht( ( nicht ½Ô"
"478";"00:10:14:10";"00:10:14:10";"FABst*an unseren Antrag.?J"
"479";"00:10:14:10";"00:10:18:06";"hielt sich das Gericht

nicht an unseren Antrag."
"480";"00:10:19:00";"00:10:19:00";"FABst°dSodass wir in der einwöchigen Frist( ( ö"
"481";"00:10:19:00";"00:10:19:00";"FABst8 entscheiden werden,ÿÿ)"
"482";"00:10:19:00";"00:10:22:19";"Sodass wir in der einwÈochigen Frist

entscheiden werden,"
"483";"00:10:22:21";"00:10:22:21";"FABst±Pob wir gegen das Urteil vorgehen.ÿÿD,"
"484";"00:10:22:21";"00:10:24:23";"ob wir gegen das Urteil vorgehen."
"485";"00:10:25:15";"00:10:25:15";"FABst²d Nach mehr als zweieinhalb Jahren( ( Verhº"
"486";"00:10:25:15";"00:10:25:15";"FABst:andlung wurde nun erstmalsÿÿ'¬ì"
"487";"00:10:25:15";"00:10:29:11";"Nach mehr als zweieinhalb Jahren

Verhandlung wurde nun erstmals"
"488";"00:10:29:14";"00:10:29:14";"FABst³dein früherer Vorstandsvorsitzender( ( im1D"
"489";"00:10:29:14";"00:10:29:14";"FABst: Dieselskandal verurteilt.ÿÿ'8"
"490";"00:10:29:14";"00:10:33:10";"ein frÈuherer Vorstandsvorsitzender

im Dieselskandal verurteilt."
"491";"00:10:37:02";"00:10:37:02";"FABst´d Im Zuge der Ermittlungen( ( gegeñ0"
"492";"00:10:37:02";"00:10:37:02";"FABst*n Kardinal Woelki ÿÿ7»º"
"493";"00:10:37:02";"00:10:39:21";"Im Zuge der Ermittlungen

gegen Kardinal Woelki"
"494";"00:10:39:23";"00:10:39:23";"FABstµd hat es heute Durchsuchungen( ( im EÓ"
"495";"00:10:39:23";"00:10:39:23";"FABst4rzbistum Köln gegeben. ÿÿ-0D"
"496";"00:10:39:23";"00:10:43:04";"hat es heute Durchsuchungen

im Erzbistum KÈoln gegeben."
"497";"00:10:43:06";"00:10:43:06";"FABst¶d Die Staatsanwaltschaft prüft,( ( ob Woel?4"
"498";"00:10:43:06";"00:10:43:06";"FABst>ki zu Fällen von Missbrauch,ÿÿ#$4"
"499";"00:10:43:06";"00:10:47:04";"Die Staatsanwaltschaft prÈuft,

ob Woelki zu FÈallen von Missbrauch,"
"500";"00:10:47:06";"00:10:47:06";"FABst·d die Priestern angelastet wurden,( ( ½,"
"501";"00:10:47:06";"00:10:47:06";"FABst0falsch ausgesagt hat.ÿÿ1È"
"502";"00:10:47:06";"00:10:50:09";"die Priestern angelastet wurden,

falsch ausgesagt hat."
"503";"00:10:50:11";"00:10:50:11";"FABst¸d Dabei geht es um die Frage,( ( wann erÆÔ"
"504";"00:10:50:11";"00:10:50:11";"FABst: von den Vorwürfen erfuhr.ÿÿ'¤"
"505";"00:10:50:11";"00:10:54:01";"Dabei geht es um die Frage,

wann er von den VorwÈurfen erfuhr."
"506";"00:10:54:03";"00:10:54:03";"FABst¹d Woelki steht wegen seines Umgangs ( ( mit D"
"507";"00:10:54:03";"00:10:54:03";"FABstFMissbrauchsfällen in der Kritik.ÿÿ=´"
"508";"00:10:54:03";"00:10:58:15";"Woelki steht wegen seines Umgangs

mit MissbrauchsfÈallen in der Kritik."
"509";"00:10:59:24";"00:10:59:24";"FABstºPDer Kardinal selbst kommt zum Tor,""
"510";"00:10:59:24";"00:11:02:03";"Der Kardinal selbst kommt zum Tor,"
"511";"00:11:02:05";"00:11:02:05";"FABst»d als die Staatsanwaltschaft( ( uå"
"512";"00:11:02:05";"00:11:02:05";"FABst(m 8 Uhr klingelt.A"
"513";"00:11:02:05";"00:11:05:03";"als die Staatsanwaltschaft

um 8 Uhr klingelt."
"514";"00:11:05:05";"00:11:05:05";"FABst¼d Am bischöflichen Haus( ( und an fXP"
"515";"00:11:05:05";"00:11:05:05";"FABst*ünf weiteren Ortenÿÿ7U"
"516";"00:11:05:05";"00:11:08:19";"Am bischÈoflichen Haus

und an fÈunf weiteren Orten"
"517";"00:11:08:21";"00:11:08:21";"FABst½d will die Staatsanwaltschaft( ( UnterlÂd"
"518";"00:11:08:21";"00:11:08:21";"FABst8agen und E-Mails sichern.ÿÿ)Ú"
"519";"00:11:08:21";"00:11:12:19";"will die Staatsanwaltschaft

Unterlagen und E-Mails sichern."
"520";"00:11:13:07";"00:11:13:07";"FABst¾B Ziel sei, zu klären,ÿÿÒh"
"521";"00:11:13:07";"00:11:14:18";"Ziel sei, zu klÈaren,"
"522";"00:11:14:20";"00:11:14:20";"FABst¿dob Rainer Maria Woelki vor Gericht( ( eD"
"523";"00:11:14:20";"00:11:14:20";"FABst8ine Falschaussage machte.ÿÿ)ân"
"524";"00:11:14:20";"00:11:18:17";"ob Rainer Maria Woelki vor Gericht

eine Falschaussage machte."
"525";"00:11:18:20";"00:11:18:20";"FABstÀd Die Ermittlungen( ( laufen seiýN"
"526";"00:11:18:20";"00:11:18:20";"FABst&t sechs Monaten.ÿÿ;8"
"527";"00:11:18:20";"00:11:21:16";"Die Ermittlungen

laufen seit sechs Monaten."
"528";"00:11:21:18";"00:11:21:18";"FABstÁF Staatsanwalt Ulf Willuhnÿÿf"
"529";"00:11:21:18";"00:11:23:09";"Staatsanwalt Ulf Willuhn"
"530";"00:11:23:11";"00:11:23:11";"FABstÂd betont die Bedeutung des Falles( ( £Þ"
"531";"00:11:23:11";"00:11:23:11";"FABst4für die Öffentlichkeit.ÿÿ-îÒ"
"532";"00:11:23:11";"00:11:27:01";"betont die Bedeutung des Falles

fÈur die ÈOffentlichkeit."
"533";"00:11:28:06";"00:11:28:06";"FABstÃdAußer diesen Maßnahmen bleibt uns( ( keiñt"
"534";"00:11:28:06";"00:11:28:06";"FABst>ne andere Möglichkeit mehr, +"
"535";"00:11:28:06";"00:11:33:07";"Auûer diesen Maûnahmen bleibt uns

keine andere MÈoglichkeit mehr,"
"536";"00:11:33:09";"00:11:33:09";"FABstÄF um Klarheit zu schaffen.AÞ"
"537";"00:11:33:09";"00:11:35:06";"um Klarheit zu schaffen."
"538";"00:11:35:08";"00:11:35:08";"FABstÅdDaher sahen wir uns gezwungen und( ( veraÚ"
"539";"00:11:35:08";"00:11:35:08";"FABst@nlasst, das dann auch zu tun.ÿÿ!µ"
"540";"00:11:35:08";"00:11:40:24";"Daher sahen wir uns gezwungen und

veranlasst, das dann auch zu tun."
"541";"00:11:42:13";"00:11:42:13";"FABstÆd Meineid und mögliche falsche ( ( eidesVÊ"
"542";"00:11:42:13";"00:11:42:13";"FABst:stattliche Versicherungen,ÿÿ'Áº"
"543";"00:11:42:13";"00:11:46:12";"Meineid und mÈogliche falsche

eidesstattliche Versicherungen,"
"544";"00:11:46:14";"00:11:46:14";"FABstÇ> so der Vorwurf.ÿÿl"
"545";"00:11:46:14";"00:11:47:16";"so der Vorwurf."
"546";"00:11:47:18";"00:11:47:18";"FABstÈd Die Ermittlungen beziehen sich( ( auf den¡"
"547";"00:11:47:18";"00:11:47:18";"FABst< Umgang mit zwei Priestern,ÿÿ%ÎD"
"548";"00:11:47:18";"00:11:51:15";"Die Ermittlungen beziehen sich

auf den Umgang mit zwei Priestern,"
"549";"00:11:51:17";"00:11:51:17";"FABstÉd denen sexueller( ( Missbrauch v6"
"550";"00:11:51:17";"00:11:51:17";"FABst&orgeworfen wird.ÿÿ;îh"
"551";"00:11:51:17";"00:11:54:09";"denen sexueller

Missbrauch vorgeworfen wird."
"552";"00:11:54:11";"00:11:54:11";"FABstÊdLaut Kirchenrechtler Thomas Schüller( ( wzt"
"553";"00:11:54:11";"00:11:54:11";"FABstDerde auch der Papst beobachten,ÿÿ»d"
"554";"00:11:54:11";"00:11:58:12";"Laut Kirchenrechtler Thomas SchÈuller

werde auch der Papst beobachten,"
"555";"00:11:58:14";"00:11:58:14";"FABstËN was die Staatsanwaltschaft tut.ÿÿ3ò"
"556";"00:11:58:14";"00:12:00:12";"was die Staatsanwaltschaft tut."
"557";"00:12:00:20";"00:12:00:20";"FABstÌd Da stellt sich( ( die Frage deçZ"
"558";"00:12:00:20";"00:12:00:20";"FABst&r Amtsfähigkeit:C)"
"559";"00:12:00:20";"00:12:03:11";"Da stellt sich

die Frage der AmtsfÈahigkeit:"
"560";"00:12:03:13";"00:12:03:13";"FABstÍd Kann er bei diesen Vorwürfen( ( seinen|ª"
"561";"00:12:03:13";"00:12:03:13";"FABst@ Dienstgeschäften nachkommen?)"
"562";"00:12:03:13";"00:12:07:14";"Kann er bei diesen VorwÈurfen

seinen DienstgeschÈaften nachkommen?"
"563";"00:12:07:16";"00:12:07:16";"FABstÎ< Geht das noch?ÿÿ!hº"
"564";"00:12:07:16";"00:12:09:00";"Geht das noch?"
"565";"00:12:10:01";"00:12:10:01";"FABstÏ@ Die Antwort: Nein.ÿÿað"
"566";"00:12:10:01";"00:12:11:08";"Die Antwort: Nein."
"567";"00:12:11:10";"00:12:11:10";"FABstÐd Er ist nur noch( ( mit diesen Vo¤ò"
"568";"00:12:11:10";"00:12:11:10";"FABst.rwürfen beschäftigt.ÿÿ3ë@"
"569";"00:12:11:10";"00:12:14:07";"Er ist nur noch

mit diesen VorwÈurfen beschÈaftigt."
"570";"00:12:14:12";"00:12:14:12";"FABstÑd Das Erzbistum Köln bat darum,( ( diOÖ"
"571";"00:12:14:12";"00:12:14:12";"FABst4e Ergebnisse abzuwartenÿÿ-³È"
"572";"00:12:14:12";"00:12:18:14";"Das Erzbistum KÈoln bat darum,

die Ergebnisse abzuwarten"
"573";"00:12:18:16";"00:12:18:16";"FABstÒd und den Kardinal( ( nicht vo<u>"
"574";"00:12:18:16";"00:12:18:16";"FABst$rzuverurteilen.ÿÿ=ÞX"
"575";"00:12:18:16";"00:12:21:14";"und den Kardinal

nicht vorzuverurteilen."
"576";"00:12:21:20";"00:12:21:20";"FABstÓdBei Meineid droht ihm eine Haftstrafe( ( Ï8"
"577";"00:12:21:20";"00:12:21:20";"FABst@ von mindestens einem Jahr.ÿÿ! "
"578";"00:12:21:20";"00:12:26:08";"Bei Meineid droht ihm eine Haftstrafe

von mindestens einem Jahr."
"579";"00:12:28:06";"00:12:28:06";"FABstÔd In Genua endete heute( ( daë"
"580";"00:12:28:06";"00:12:28:06";"FABst"s Ocean Race -ÿÿ?ýþ"
"581";"00:12:28:06";"00:12:30:17";"In Genua endete heute

das Ocean Race -"
"582";"00:12:30:19";"00:12:30:19";"FABstÕddas wichtigste Mannschaftssegelrennen( ( 0"
"583";"00:12:30:19";"00:12:30:19";"FABst0 der Welt.ÿÿ1»ø"
"584";"00:12:30:19";"00:12:34:02";"das wichtigste Mannschaftssegelrennen

der Welt."
"585";"00:12:34:04";"00:12:34:04";"FABstÖdEs führte von Alicante über Afrika( ( und È."
"586";"00:12:34:04";"00:12:34:04";"FABst>Amerika zurück nach Europa. ÿÿ#70"
"587";"00:12:34:04";"00:12:39:18";"Es fÈuhrte von Alicante Èuber Afrika

und Amerika zurÈuck nach Europa."
"588";"00:12:41:03";"00:12:41:03";"FABst×d Nur drei von fünf Crews schafften( ( `"
"589";"00:12:41:03";"00:12:41:03";"FABst8die mehrmonatige Regatta.ÿÿ)êT"
"590";"00:12:41:03";"00:12:45:04";"Nur drei von fÈunf Crews schafften

die mehrmonatige Regatta."
"591";"00:12:45:06";"00:12:45:06";"FABstØd Für das Team des Deutschen,( ( Aö"
"592";"00:12:45:06";"00:12:45:06";"FABst(Boris Herrmann,ÿÿ9"
"593";"00:12:45:06";"00:12:47:21";"FÈur das Team des Deutschen,

Boris Herrmann,"
"594";"00:12:47:23";"00:12:47:23";"FABstÙd hätte die letzte Etappe( ( nicht 2"
"595";"00:12:47:23";"00:12:47:23";"FABst0besser laufen können.ÿÿ1Q`"
"596";"00:12:47:23";"00:12:51:11";"hÈatte die letzte Etappe

nicht besser laufen kÈonnen."
"597";"00:12:54:07";"00:12:54:07";"FABstÚd Geschafft! Nach über 100 Tagen( ( auf Sgì"
"598";"00:12:54:07";"00:12:54:07";"FABst8ee und 60.000 Kilometern.1¼´"
"599";"00:12:54:07";"00:12:59:03";"Geschafft! Nach Èuber 100 Tagen

auf See und 60.000 Kilometern."
"600";"00:13:00:17";"00:13:00:17";"FABstÛd Um 13.17 Uhr überquert( ( die Malizi"
"601";"00:13:00:17";"00:13:00:17";"FABst2a Seaexplorer in Genuaÿÿ/²"
"602";"00:13:00:17";"00:13:04:24";"Um 13.17 Uhr Èuberquert

die Malizia Seaexplorer in Genua"
"603";"00:13:05:01";"00:13:05:01";"FABstÜd mit ihrem Skipper Boris Hermann( ( »"
"604";"00:13:05:01";"00:13:05:01";"FABst2zuerst die Ziellinie.ÿÿ/ÿP"
"605";"00:13:05:01";"00:13:08:17";"mit ihrem Skipper Boris Hermann

zuerst die Ziellinie."
"606";"00:13:09:01";"00:13:09:01";"FABstÝd Für Hermann und seine Crew( ( war es Ä"
"607";"00:13:09:01";"00:13:09:01";"FABst4der zweite Etappensieg.ÿÿ-úº"
"608";"00:13:09:01";"00:13:12:18";"FÈur Hermann und seine Crew

war es der zweite Etappensieg."
"609";"00:13:13:06";"00:13:13:06";"FABstÞd Wir hatten( ( 'ne unheimlich"
"610";"00:13:13:06";"00:13:13:06";"FABst2e Verbindung als Team.7é<"
"611";"00:13:13:06";"00:13:17:01";"Wir hatten

'ne unheimliche Verbindung als Team."
"612";"00:13:18:07";"00:13:18:07";"FABstßd Es gab keinen Streit,( ( ke·("
"613";"00:13:18:07";"00:13:18:07";"FABst$in lautes Wort.E"
"614";"00:13:18:07";"00:13:21:14";"Es gab keinen Streit,

kein lautes Wort."
"615";"00:13:22:20";"00:13:22:20";"FABstàd Es war 'ne Harmonie( ( der komplemv"
"616";"00:13:22:20";"00:13:22:20";"FABst,entären Charaktere.ÿÿ5,"
"617";"00:13:22:20";"00:13:26:11";"Es war 'ne Harmonie

der komplementÈaren Charaktere."
"618";"00:13:27:06";"00:13:27:06";"FABstád Am Ende wird es Rang 3( ( in deá¢"
"619";"00:13:27:06";"00:13:27:06";"FABst(r Gesamtwertung. ÿÿ9á"
"620";"00:13:27:06";"00:13:30:04";"Am Ende wird es Rang 3

in der Gesamtwertung."
"621";"00:13:30:06";"00:13:30:06";"FABstâd Einen Sieger( ( gibt es abeÛ¦"
"622";"00:13:30:06";"00:13:30:06";"FABst r noch nicht:ÿÿA¶Þ"
"623";"00:13:30:06";"00:13:32:16";"Einen Sieger

gibt es aber noch nicht:"
"624";"00:13:32:20";"00:13:32:20";"FABstãPKurz nach Etappenstart in Den Haagÿÿî"
"625";"00:13:32:20";"00:13:36:05";"Kurz nach Etappenstart in Den Haag"
"626";"00:13:36:07";"00:13:36:07";"FABstädkollidieren die führenden Amerikaner( ( vo;*"
"627";"00:13:36:07";"00:13:36:07";"FABstFn 11th Hour mit dem Team Guyot. ÿÿd"
"628";"00:13:36:07";"00:13:41:05";"kollidieren die fÈuhrenden Amerikaner

von 11th Hour mit dem Team Guyot."
"629";"00:13:43:06";"00:13:43:06";"FABståd Die Etappe( ( war damit für V~"
"630";"00:13:43:06";"00:13:43:06";"FABst"beide beendet.ÿÿ?èV"
"631";"00:13:43:06";"00:13:46:06";"Die Etappe

war damit fÈur beide beendet."
"632";"00:13:47:02";"00:13:47:02";"FABstæd Donnerstag entscheidet die Jury( ( Î""
"633";"00:13:47:02";"00:13:47:02";"FABst4über die Punktevergabe.ÿÿ-jØ"
"634";"00:13:47:02";"00:13:50:22";"Donnerstag entscheidet die Jury

Èuber die Punktevergabe."
"635";"00:13:50:24";"00:13:50:24";"FABstçd Zunächst übernimmt die Holcim PRB( ( §"
"636";"00:13:50:24";"00:13:50:24";"FABst* die Führung.ÿÿ7J"
"637";"00:13:50:24";"00:13:54:00";"ZunÈachst Èubernimmt die Holcim PRB

die FÈuhrung."
"638";"00:13:54:24";"00:13:54:24";"FABstèd Stürme und Risse im Mast -( ( allen 7"
"639";"00:13:54:24";"00:13:54:24";"FABst2Widrigkeiten getrotzt.ÿÿ/ÑÄ"
"640";"00:13:54:24";"00:13:58:21";"StÈurme und Risse im Mast -

allen Widrigkeiten getrotzt."
"641";"00:13:59:17";"00:13:59:17";"FABstéd Beim Team Malizia( ( überwiegen %j"
"642";"00:13:59:17";"00:13:59:17";"FABst(Stolz und Freude.ÿÿ9Ö´"
"643";"00:13:59:17";"00:14:03:11";"Beim Team Malizia

Èuberwiegen Stolz und Freude."
"644";"00:14:06:03";"00:14:06:03";"FABstêd Die Wettervorhersage für morgen,( ( M!ô"
"645";"00:14:06:03";"00:14:06:03";"FABst2ittwoch, den 28. Juni.ÿÿ/ÛP"
"646";"00:14:06:03";"00:14:10:09";"Die Wettervorhersage fÈur morgen,

Mittwoch, den 28. Juni."
"647";"00:14:11:18";"00:14:11:18";"FABstëH Das Hoch über dem Atlantikÿÿì"
"648";"00:14:11:18";"00:14:13:09";"Das Hoch Èuber dem Atlantik"
"649";"00:14:13:11";"00:14:13:11";"FABstìd macht Platz( ( für Wolken des T!¾"
"650";"00:14:13:11";"00:14:13:11";"FABst&iefs bei Island.ÿÿ;d"
"651";"00:14:13:11";"00:14:16:02";"macht Platz

fÈur Wolken des Tiefs bei Island."
"652";"00:14:16:04";"00:14:16:04";"FABstíd In der Nacht im Norden trocken,( (  L"
"653";"00:14:16:04";"00:14:16:04";"FABst2sonst dichtere Wolken,ÿÿ/T"
"654";"00:14:16:04";"00:14:19:20";"In der Nacht im Norden trocken,

sonst dichtere Wolken,"
"655";"00:14:19:22";"00:14:19:22";"FABstîL die hier und da Regen bringen.ÿÿ|¶"
"656";"00:14:19:22";"00:14:21:20";"die hier und da Regen bringen."
"657";"00:14:21:22";"00:14:21:22";"FABstïd Richtung Alpen( ( regnet esh"
"658";"00:14:21:22";"00:14:21:22";"FABst" auch stärker.ÿÿ?,¢"
"659";"00:14:21:22";"00:14:24:09";"Richtung Alpen

regnet es auch stÈarker."
"660";"00:14:24:10";"00:14:24:10";"FABstðJ In der Mitte lockert es auf.ÿÿ{6"
"661";"00:14:24:10";"00:14:26:05";"In der Mitte lockert es auf."
"662";"00:14:26:07";"00:14:26:07";"FABstñd Morgen Sonne,( ( Wolken und eièÂ"
"663";"00:14:26:07";"00:14:26:07";"FABst$nzelne Schauer.ÿÿ=·"
"664";"00:14:26:07";"00:14:28:24";"Morgen Sonne,

Wolken und einzelne Schauer."
"665";"00:14:29:01";"00:14:29:01";"FABstòd Über dem Westen und Nordwesten( ( m%<u>"
"666";"00:14:29:01";"00:14:29:01";"FABst0eist dichtere Wolken,ÿÿ1ÿV"
"667";"00:14:29:01";"00:14:32:03";"ÈUber dem Westen und Nordwesten

meist dichtere Wolken,"
"668";"00:14:32:05";"00:14:32:05";"FABstóN die gebietsweise Regen bringen.ÿÿ("
"669";"00:14:32:05";"00:14:34:08";"die gebietsweise Regen bringen."
"670";"00:14:59:00";"00:14:59:00";"FABstôd In den tagesthemen um 22.15 Uhr ( ( geht eÖT"
"671";"00:14:59:00";"00:14:59:00";"FABst>s um Russland und die Frage,ÿÿ#÷>"
"672";"00:14:59:00";"00:15:04:12";"In den tagesthemen um 22.15 Uhr

geht es um Russland und die Frage,"
"673";"00:15:04:14";"00:15:04:14";"FABstõd ob Putin die Lage im Land( ( n³<i>"
"674";"00:15:04:14";"00:15:04:14";"FABst(och im Griff hat.ÿÿ9³:"
"675";"00:15:04:14";"00:15:07:13";"ob Putin die Lage im Land

noch im Griff hat."
"676";"00:15:07:18";"00:15:07:18";"FABstöd Außerdem sind wir( ( mittendri]"
"677";"00:15:07:18";"00:15:07:18";"FABst$n in Thüringen,ÿÿ=h&"
"678";"00:15:07:18";"00:15:10:08";"Auûerdem sind wir

mittendrin in ThÈuringen,"
"679";"00:15:10:10";"00:15:10:10";"FABst÷d wo ein Imbiss-Besitzer in einem( ( kleiÚ^"
"680";"00:15:10:10";"00:15:10:10";"FABst<nen Ort Zivilcourage zeigt.ÿÿ%,"
"681";"00:15:10:10";"00:15:14:06";"wo ein Imbiss-Besitzer in einem

kleinen Ort Zivilcourage zeigt."
"682";"00:15:14:08";"00:15:14:08";"FABstød Ich wünsche Ihnen ( ( einen Xn"
"683";"00:15:14:08";"00:15:14:08";"FABst"schönen Abend.ÿÿ?Yf"
"684";"00:15:14:08";"00:15:16:17";"Ich wÈunsche Ihnen

einen schÈonen Abend."
"685";"00:15:21:07";"00:15:21:07";"FABstùLCopyright Untertitel: NDR 2023ÿÿd>"
"686";"00:15:21:07";"00:15:23:20";"Copyright Untertitel: NDR 2023"
