No.;Timecode In;Timecode Out;Subtitle
"1";"00:00:03:00";"00:00:03:00";"FABst6 * Gong *ÿÿZZZZZZZZZZ¥¥ã¥¥¥¥¥6"
"2";"00:00:03:00";"00:00:03:00";"FABst¥¥¥æ¥¥ã¥¥¥ç¥¥§ª¦ªîªªªG¦"
"3";"00:00:03:00";"00:00:04:03";"* Gong *"
"4";"00:00:04:08";"00:00:04:08";"FABstdHier ist das Erste Deutsche Fernsehen( ( 9"
"5";"00:00:04:08";"00:00:04:08";"FABst: mit der tagesschau.ÿÿ'õþ"
"6";"00:00:04:08";"00:00:07:14";"Hier ist das Erste Deutsche Fernsehen

mit der tagesschau."
"7";"00:00:07:18";"00:00:07:18";"FABstd Diese Sendung wurde vom NDR( ( live Af"
"8";"00:00:07:18";"00:00:07:18";"FABst6untertitelt (15.05.2023)ÿÿ+¿¦"
"9";"00:00:07:18";"00:00:13:07";"Diese Sendung wurde vom NDR

live untertitelt (15.05.2023)"
"10";"00:00:13:12";"00:00:13:12";"FABstTHeute im Studio: Julia-Niharika Sen.ÿÿÄú"
"11";"00:00:13:12";"00:00:16:19";"Heute im Studio: Julia-Niharika Sen."
"12";"00:00:18:14";"00:00:18:14";"FABstd Guten Abend,( ( ich begrüße Si3¦"
"13";"00:00:18:14";"00:00:18:14";"FABst(e zur tagesschau.A¯R"
"14";"00:00:18:14";"00:00:21:17";"Guten Abend,

ich begrÈuûe Sie zur tagesschau."
"15";"00:00:22:10";"00:00:22:10";"FABstP In der Türkei wird zum ersten MalÿÿFP"
"16";"00:00:22:10";"00:00:24:11";"In der TÈurkei wird zum ersten Mal"
"17";"00:00:24:13";"00:00:24:13";"FABstd in einer Stichwahl( ( über den Prä58"
"18";"00:00:24:13";"00:00:24:13";"FABst0sidenten entschieden.ÿÿ1p"
"19";"00:00:24:13";"00:00:27:20";"in einer Stichwahl

Èuber den PrÈasidenten entschieden."
"20";"00:00:27:22";"00:00:27:22";"FABstd Bei der Abstimmung gestern( ( holte ErdFØ"
"21";"00:00:27:22";"00:00:27:22";"FABst8ogan die meisten Stimmen,ÿÿ)·º"
"22";"00:00:27:22";"00:00:32:05";"Bei der Abstimmung gestern

holte Erdogan die meisten Stimmen,"
"23";"00:00:32:07";"00:00:32:07";"FABstd verfehlte wie Herausforderer( ( Kilicdar&ú"
"24";"00:00:32:07";"00:00:32:07";"FABst<oglu die absolute Mehrheit.ÿÿ%¶"
"25";"00:00:32:07";"00:00:37:09";"verfehlte wie Herausforderer

Kilicdaroglu die absolute Mehrheit."
"26";"00:00:37:13";"00:00:37:13";"FABstd In zwei Wochen( ( ist die ents)N"
"27";"00:00:37:13";"00:00:37:13";"FABst&cheidende Runde.ÿÿ;ßÔ"
"28";"00:00:37:13";"00:00:40:07";"In zwei Wochen

ist die entscheidende Runde."
"29";"00:00:40:09";"00:00:40:09";"FABstD Die Wahl in der Türkeiÿÿ|"
"30";"00:00:40:09";"00:00:41:20";"Die Wahl in der TÈurkei"
"31";"00:00:41:22";"00:00:41:22";"FABstd gilt als eine der weltweit ( ( wich7è"
"32";"00:00:41:22";"00:00:41:22";"FABst4tigsten in diesem Jahr.ÿÿ-©b"
"33";"00:00:41:22";"00:00:45:03";"gilt als eine der weltweit

wichtigsten in diesem Jahr."
"34";"00:00:45:05";"00:00:45:05";"FABstd Sie ist richtungsweisend ( ( für d"
"35";"00:00:45:05";"00:00:45:05";"FABst2ie Zukunft des Landes.ÿÿ/üj"
"36";"00:00:45:05";"00:00:48:23";"Sie ist richtungsweisend

fÈur die Zukunft des Landes."
"37";"00:00:49:00";"00:00:49:00";"FABstN Stichwahl nach einem Wahlkrimi.Ö"
"38";"00:00:49:00";"00:00:50:23";"Stichwahl nach einem Wahlkrimi."
"39";"00:00:51:00";"00:00:51:00";"FABstd Am Nachmittag verkündigt( ( der Cheü"
"40";"00:00:51:00";"00:00:51:00";"FABst0f der Wahlkommission,9ÿô"
"41";"00:00:51:00";"00:00:54:05";"Am Nachmittag verkÈundigt

der Chef der Wahlkommission,"
"42";"00:00:54:07";"00:00:54:07";"FABstd dass für keinen( ( der beiden º2"
"43";"00:00:54:07";"00:00:54:07";"FABst*Kandidaten reicht.ÿÿ7ÌH"
"44";"00:00:54:07";"00:00:56:24";"dass fÈur keinen

der beiden Kandidaten reicht."
"45";"00:00:57:01";"00:00:57:01";"FABstd Am Morgen nach der Wahl kommt( ( das Leb>^"
"46";"00:00:57:01";"00:00:57:01";"FABst>en nur langsam in die Gänge.ÿÿ#Gr"
"47";"00:00:57:01";"00:01:00:20";"Am Morgen nach der Wahl kommt

das Leben nur langsam in die GÈange."
"48";"00:01:00:22";"00:01:00:22";"FABstd Die Anhänger der Opposition ( ( fandeÍr"
"49";"00:01:00:22";"00:01:00:22";"FABst4n den Wahlkampf unfair,ÿÿ-½\"
"50";"00:01:00:22";"00:01:04:02";"Die AnhÈanger der Opposition

fanden den Wahlkampf unfair,"
"51";"00:01:04:04";"00:01:04:04";"FABstH hatten sich mehr erhofft.ÿÿàÈ"
"52";"00:01:04:04";"00:01:05:15";"hatten sich mehr erhofft."
"53";"00:01:05:17";"00:01:05:17";"FABstd Die Unterstützer der Regierung( ( können"
"54";"00:01:05:17";"00:01:05:17";"FABst8n mit dem Ergebnis leben.ÿÿ)ãò"
"55";"00:01:05:17";"00:01:09:03";"Die UnterstÈutzer der Regierung

kÈonnen mit dem Ergebnis leben."
"56";"00:01:09:05";"00:01:09:05";"FABstd Ich hatte erwartet,( ( dass unseÔ"
"57";"00:01:09:05";"00:01:09:05";"FABst.r Präsident gewinnt.;"
"58";"00:01:09:05";"00:01:13:07";"Ich hatte erwartet,

dass unser PrÈasident gewinnt."
"59";"00:01:13:09";"00:01:13:09";"FABstB Nicht nur erwartet.ÿÿ<i>´"
"60";"00:01:13:09";"00:01:14:13";"Nicht nur erwartet."
"61";"00:01:14:15";"00:01:14:15";"FABstd Es war offensichtlich,( ( daTª"
"62";"00:01:14:15";"00:01:14:15";"FABst"ss er gewinnt.ÿÿ?¡"
"63";"00:01:14:15";"00:01:17:24";"Es war offensichtlich,

dass er gewinnt."
"64";"00:01:19:01";"00:01:19:01";"FABstB Ich bin enttäuscht.ÿÿÀ"
"65";"00:01:19:01";"00:01:20:12";"Ich bin enttÈauscht."
"66";"00:01:20:15";"00:01:20:15";"FABstd Aber am Ende hat der Präsident( ( allD"
"67";"00:01:20:15";"00:01:20:15";"FABst4e Mittel zur Verfügung.ÿÿ-X"
"68";"00:01:20:15";"00:01:23:24";"Aber am Ende hat der PrÈasident

alle Mittel zur VerfÈugung."
"69";"00:01:24:01";"00:01:24:01";"FABstN Seine AKP gewinnt auch deshalb.ÿÿ¾"
"70";"00:01:24:01";"00:01:26:14";"Seine AKP gewinnt auch deshalb."
"71";"00:01:28:10";"00:01:28:10";"FABstd Erdogan, seit 20 Jahren im Amt,( ( f"
"72";"00:01:28:10";"00:01:28:10";"FABst2muss in die Stichwahl.ÿÿ/Þh"
"73";"00:01:28:10";"00:01:31:22";"Erdogan, seit 20 Jahren im Amt,

muss in die Stichwahl."
"74";"00:01:31:24";"00:01:31:24";"FABstD Für ihn das erste Mal.ÿÿn"
"75";"00:01:31:24";"00:01:33:06";"FÈur ihn das erste Mal."
"76";"00:01:33:08";"00:01:33:08";"FABstd Dennoch zeigt er sich( ( gesternP2"
"77";"00:01:33:08";"00:01:33:08";"FABst. Nacht siegessicher.ÿÿ30"
"78";"00:01:33:08";"00:01:36:04";"Dennoch zeigt er sich

gestern Nacht siegessicher."
"79";"00:01:36:06";"00:01:36:06";"FABstdTrotz schlechter Wirtschaftslage und( ( hoh("
"80";"00:01:36:06";"00:01:36:06";"FABstHer Inflation gilt er als Favorit.ÿÿÛÐ"
"81";"00:01:36:06";"00:01:40:13";"Trotz schlechter Wirtschaftslage und

hoher Inflation gilt er als Favorit."
"82";"00:01:40:15";"00:01:40:15";"FABstd Auch, weil er Medien und( ( den StaatsÞ"
"83";"00:01:40:15";"00:01:40:15";"FABst6apparat hinter sich hat.ÿÿ+ùª"
"84";"00:01:40:15";"00:01:44:05";"Auch, weil er Medien und

den Staatsapparat hinter sich hat."
"85";"00:01:44:08";"00:01:44:08";"FABst H Die Opposition: geschockt.ÿÿÚ"
"86";"00:01:44:08";"00:01:46:02";"Die Opposition: geschockt."
"87";"00:01:46:07";"00:01:46:07";"FABst!d In vielen Umfragen lag( ( Herausforde%6"
"88";"00:01:46:07";"00:01:46:07";"FABst4rer Kilicdaroglu vorne.ÿÿ-ý²"
"89";"00:01:46:07";"00:01:49:18";"In vielen Umfragen lag

Herausforderer Kilicdaroglu vorne."
"90";"00:01:49:20";"00:01:49:20";"FABst"d Ein breites Parteienbündnis( ( h@"
"91";"00:01:49:20";"00:01:49:20";"FABst,at ihn unterstützt.ÿÿ5Y¤"
"92";"00:01:49:20";"00:01:52:24";"Ein breites ParteienbÈundnis

hat ihn unterstÈutzt."
"93";"00:01:53:01";"00:01:53:01";"FABst#d Kilicdaroglu hofft,( ( in zweio"
"94";"00:01:53:01";"00:01:53:01";"FABst* Wochen zu siegen.ÿÿ7Ú"
"95";"00:01:53:01";"00:01:55:16";"Kilicdaroglu hofft,

in zwei Wochen zu siegen."
"96";"00:01:55:18";"00:01:55:18";"FABst$d Er beklagt Unregelmäßigkeiten( ( bei:&"
"97";"00:01:55:18";"00:01:55:18";"FABst6 der Stimmenauszählung. ÿÿ+IÔ"
"98";"00:01:55:18";"00:01:59:00";"Er beklagt UnregelmÈaûigkeiten

bei der StimmenauszÈahlung."
"99";"00:01:59:02";"00:01:59:02";"FABst%d Wahlbeobachter von Europarat( ( und P"
"100";"00:01:59:02";"00:01:59:02";"FABst2OSZE berichten heute, ÿÿ/þ²"
"101";"00:01:59:02";"00:02:02:06";"Wahlbeobachter von Europarat

und OSZE berichten heute,"
"102";"00:02:02:08";"00:02:02:08";"FABst&d das Ergebnis( ( sei im Großen uäà"
"103";"00:02:02:08";"00:02:02:08";"FABst*nd Ganzen korrekt.ÿÿ7"
"104";"00:02:02:08";"00:02:06:07";"das Ergebnis

sei im Groûen und Ganzen korrekt."
"105";"00:02:06:15";"00:02:06:15";"FABst'dDie Wahl wurde von der Verwaltung( ( gutj"
"106";"00:02:06:15";"00:02:06:15";"FABst> und effizient organisiert, +»"
"107";"00:02:06:15";"00:02:10:24";"Die Wahl wurde von der Verwaltung

gut und effizient organisiert,"
"108";"00:02:11:01";"00:02:11:01";"FABst(d aber es gab Mängel( ( bei KommuniÈ¾"
"109";"00:02:11:01";"00:02:11:01";"FABst4kation und Transparenz.5öH"
"110";"00:02:11:01";"00:02:14:05";"aber es gab MÈangel

bei Kommunikation und Transparenz."
"111";"00:02:14:07";"00:02:14:07";"FABst)d Die Frage nach( ( der Unabhängi¢j"
"112";"00:02:14:07";"00:02:14:07";"FABst*gkeit stellt sich.ÿÿ7­f"
"113";"00:02:14:07";"00:02:17:01";"Die Frage nach

der UnabhÈangigkeit stellt sich."
"114";"00:02:17:07";"00:02:17:07";"FABst*N Eine Entscheidung ist gefallen:ÿÿà4"
"115";"00:02:17:07";"00:02:19:10";"Eine Entscheidung ist gefallen:"
"116";"00:02:19:12";"00:02:19:12";"FABst+D Das Regierungsbündnisÿÿ"
"117";"00:02:19:12";"00:02:20:19";"Das RegierungsbÈundnis"
"118";"00:02:20:21";"00:02:20:21";"FABst,d hat trotz Verlusten( ( eine knappes0"
"119";"00:02:20:21";"00:02:20:21";"FABst, Mehrheit errungen.ÿÿ5êþ"
"120";"00:02:20:21";"00:02:23:23";"hat trotz Verlusten

eine knappe Mehrheit errungen."
"121";"00:02:24:01";"00:02:24:01";"FABst-P Er könnte Präsidentenmacher sein:ÿÿÙz"
"122";"00:02:24:01";"00:02:26:00";"Er kÈonnte PrÈasidentenmacher sein:"
"123";"00:02:26:02";"00:02:26:02";"FABst.dDer nationalistische Kandidat Ogan( ( q|"
"124";"00:02:26:02";"00:02:26:02";"FABst, bekam etwa 5 %,ÿÿ5v"
"125";"00:02:26:02";"00:02:29:18";"Der nationalistische Kandidat Ogan

bekam etwa 5 %,"
"126";"00:02:29:21";"00:02:29:21";"FABst/d aber noch( ( gab keine Wahleyf"
"127";"00:02:29:21";"00:02:29:21";"FABst mpfehlung ab.ÿÿAç<i>"
"128";"00:02:29:21";"00:02:32:20";"aber noch

gab keine Wahlempfehlung ab."
"129";"00:02:33:24";"00:02:33:24";"FABst0d Und damit( ( zu Katharina Wil3P"
"130";"00:02:33:24";"00:02:33:24";"FABst(linger in Ankara.ÿÿ9øª"
"131";"00:02:33:24";"00:02:37:05";"Und damit

zu Katharina Willinger in Ankara."
"132";"00:02:37:07";"00:02:37:07";"FABst1d Jetzt noch zwei Wochen Wahlkampf( ( #b"
"133";"00:02:37:07";"00:02:37:07";"FABst.bis zur Stichwahl.ÿÿ3º"
"134";"00:02:37:07";"00:02:40:14";"Jetzt noch zwei Wochen Wahlkampf

bis zur Stichwahl."
"135";"00:02:40:16";"00:02:40:16";"FABst2F Was ist da zu erwarten?ÿÿ´"
"136";"00:02:40:16";"00:02:42:12";"Was ist da zu erwarten?"
"137";"00:02:45:22";"00:02:45:22";"FABst3d Als Favorit geht der Mann ins( ( >¾"
"138";"00:02:45:22";"00:02:45:22";"FABst" Rennen,ÿÿ?ÀT"
"139";"00:02:45:22";"00:02:48:15";"Als Favorit geht der Mann ins

Rennen,"
"140";"00:02:49:00";"00:02:49:00";"FABst4dder 95 Prozent der Medien in der( ("
"141";"00:02:49:00";"00:02:49:00";"FABst$ Hand hat.ÿÿ=¤:"
"142";"00:02:49:00";"00:02:52:05";"der 95 Prozent der Medien in der

Hand hat."
"143";"00:02:52:19";"00:02:52:19";"FABst5VDer teure Wahlgeschenke machen kann.ÿÿÂH"
"144";"00:02:52:19";"00:02:55:20";"Der teure Wahlgeschenke machen kann."
"145";"00:03:01:01";"00:03:01:01";"FABst6PDass ist Staatspräsident Erdogan.ÿÿ^¦"
"146";"00:03:01:01";"00:03:03:10";"Dass ist StaatsprÈasident Erdogan."
"147";"00:03:05:10";"00:03:05:10";"FABst7d Viele haben kritisiert, dass( ( die WaPF"
"148";"00:03:05:10";"00:03:05:10";"FABst>hlen in keinem freien Umfeldÿÿ#ÙÚ"
"149";"00:03:05:10";"00:03:10:01";"Viele haben kritisiert, dass

die Wahlen in keinem freien Umfeld"
"150";"00:03:10:10";"00:03:10:10";"FABst8B stattgefunden haben.ÿÿô"
"151";"00:03:10:10";"00:03:11:21";"stattgefunden haben."
"152";"00:03:15:19";"00:03:15:19";"FABst9d Man kann davon ausgehen,( ( da;Z"
"153";"00:03:15:19";"00:03:15:19";"FABst&ss es so bleibt.ÿÿ;à"
"154";"00:03:15:19";"00:03:19:10";"Man kann davon ausgehen,

dass es so bleibt."
"155";"00:03:22:11";"00:03:22:11";"FABst:@ Danke nach Ankara.ÿÿÛè"
"156";"00:03:22:11";"00:03:23:24";"Danke nach Ankara."
"157";"00:03:26:22";"00:03:26:22";"FABst;d Wie bei der Wahl 2018 haben( ( die Wahli0"
"158";"00:03:26:22";"00:03:26:22";"FABst<berechtigten in Deutschlandÿÿ%²¶"
"159";"00:03:26:22";"00:03:31:14";"Wie bei der Wahl 2018 haben

die Wahlberechtigten in Deutschland"
"160";"00:03:31:16";"00:03:31:16";"FABst<P für Amtsinhaber Erdogan gestimmt.ÿÿ^r"
"161";"00:03:31:16";"00:03:34:03";"fÈur Amtsinhaber Erdogan gestimmt."
"162";"00:03:34:08";"00:03:34:08";"FABst=d Nach Angaben der staatlichen( ( Nacho`"
"163";"00:03:34:08";"00:03:34:08";"FABst2richtenagentur Anadoluÿÿ/è"
"164";"00:03:34:08";"00:03:37:20";"Nach Angaben der staatlichen

Nachrichtenagentur Anadolu"
"165";"00:03:37:22";"00:03:37:22";"FABst>d erhielt Erdogan in Deutschland( ( rund C"
"166";"00:03:37:22";"00:03:37:22";"FABst865,4 Prozent der Stimmen.ÿÿ)¬"
"167";"00:03:37:22";"00:03:41:21";"erhielt Erdogan in Deutschland

rund 65,4 Prozent der Stimmen."
"168";"00:03:42:03";"00:03:42:03";"FABst?d Oppositionsführer Kilicdaroglu( ( kam<"
"169";"00:03:42:03";"00:03:42:03";"FABst2 nur auf 32,6 Prozent.ÿÿ/¾"
"170";"00:03:42:03";"00:03:46:23";"OppositionsfÈuhrer Kilicdaroglu

kam nur auf 32,6 Prozent."
"171";"00:03:47:06";"00:03:47:06";"FABst@d Derzeit sind knapp 98 Prozent der ( ( WahlZt"
"172";"00:03:47:06";"00:03:47:06";"FABstFurnen in Deutschland ausgezählt.ÿÿ²"
"173";"00:03:47:06";"00:03:52:00";"Derzeit sind knapp 98 Prozent der

Wahlurnen in Deutschland ausgezÈahlt."
"174";"00:03:52:02";"00:03:52:02";"FABstAd Offizielle Zahlen der Wahlbehörde( ( lè"
"175";"00:03:52:02";"00:03:52:02";"FABst:iegen aber noch nicht vor.ÿÿ'³¬"
"176";"00:03:52:02";"00:03:56:13";"Offizielle Zahlen der WahlbehÈorde

liegen aber noch nicht vor."
"177";"00:03:58:01";"00:03:58:01";"FABstBdUm die Präsidentenwahl in der Türkei( ("
"178";"00:03:58:01";"00:03:58:01";"FABst< geht es heute Abend auchÿÿ%æ0"
"179";"00:03:58:01";"00:04:01:19";"Um die PrÈasidentenwahl in der TÈurkei

geht es heute Abend auch"
"180";"00:04:01:22";"00:04:01:22";"FABstCd bei der Sendung hart aber fair -( ( umÀ"
"181";"00:04:01:22";"00:04:01:22";"FABst4 21 Uhr hier im Ersten.ÿÿ-|"
"182";"00:04:01:22";"00:04:05:04";"bei der Sendung hart aber fair -

um 21 Uhr hier im Ersten."
"183";"00:04:06:03";"00:04:06:03";"FABstDd In Bremen hält sich Bürgermeister( ( BmÚ"
"184";"00:04:06:03";"00:04:06:03";"FABst8ovenschulte weiter offen,ÿÿ)Î"
"185";"00:04:06:03";"00:04:09:16";"In Bremen hÈalt sich BÈurgermeister

Bovenschulte weiter offen,"
"186";"00:04:09:18";"00:04:09:18";"FABstEL mit wem die SPD regieren will:ÿÿÜú"
"187";"00:04:09:18";"00:04:11:13";"mit wem die SPD regieren will:"
"188";"00:04:11:15";"00:04:11:15";"FABstFd Ob wie bisher( ( mit Grünen u©`"
"189";"00:04:11:15";"00:04:11:15";"FABst"nd Linksparteiÿÿ?R"
"190";"00:04:11:15";"00:04:14:21";"Ob wie bisher

mit GrÈunen und Linkspartei"
"191";"00:04:14:23";"00:04:14:23";"FABstGd oder in einem neuem Bündnis( ( ¬"
"192";"00:04:14:23";"00:04:14:23";"FABst$ mit der CDU.ÿÿ=«Ê"
"193";"00:04:14:23";"00:04:18:03";"oder in einem neuem BÈundnis

mit der CDU."
"194";"00:04:18:12";"00:04:18:12";"FABstHN Hier die amtliche Hochrechnung:ÿÿp"
"195";"00:04:18:12";"00:04:20:24";"Hier die amtliche Hochrechnung:"
"196";"00:04:27:01";"00:04:27:01";"FABstId Die mitregierenden Grünen( ( ru§F"
"197";"00:04:27:01";"00:04:27:01";"FABst,tschen deutlich ab.ÿÿ5Ð"
"198";"00:04:27:01";"00:04:30:06";"Die mitregierenden GrÈunen

rutschen deutlich ab."
"199";"00:04:31:08";"00:04:31:08";"FABstJd Spitzenkandidatin Schaefer( ( kkÒ"
"200";"00:04:31:08";"00:04:31:08";"FABst(ündigte heute an,ÿÿ9_"
"201";"00:04:31:08";"00:04:34:06";"Spitzenkandidatin Schaefer

kÈundigte heute an,"
"202";"00:04:34:08";"00:04:34:08";"FABstKPsich aus dem Senat zurückzuziehen.ÿÿV"
"203";"00:04:34:08";"00:04:36:17";"sich aus dem Senat zurÈuckzuziehen."
"204";"00:04:40:18";"00:04:40:18";"FABstLdDie rechtskonservativen Bürger in Wut( ( ¶"
"205";"00:04:40:18";"00:04:40:18";"FABst6 kommen auf 9,7,ÿÿ+£$"
"206";"00:04:40:18";"00:04:45:02";"Die rechtskonservativen BÈurger in Wut

kommen auf 9,7,"
"207";"00:04:45:04";"00:04:45:04";"FABstMF die FDP auf 5,2 Prozent.ÿÿÜL"
"208";"00:04:45:04";"00:04:47:09";"die FDP auf 5,2 Prozent."
"209";"00:04:49:23";"00:04:49:23";"FABstNL Der SPD-Wahlsieger aus Bremen,·ä"
"210";"00:04:49:23";"00:04:52:20";"Der SPD-Wahlsieger aus Bremen,"
"211";"00:04:52:22";"00:04:52:22";"FABstOd ein gern gesehener Gast( ( bei"
"212";"00:04:52:22";"00:04:52:22";"FABst* der Bundespartei.?<i>l"
"213";"00:04:52:22";"00:04:55:15";"ein gern gesehener Gast

bei der Bundespartei."
"214";"00:04:55:17";"00:04:55:17";"FABstPd Mit seiner bürgernahen Politik( ( war B¬"
"215";"00:04:55:17";"00:04:55:17";"FABst8ovenschulte erfolgreich. ÿÿ)Ð."
"216";"00:04:55:17";"00:04:59:02";"Mit seiner bÈurgernahen Politik

war Bovenschulte erfolgreich."
"217";"00:04:59:04";"00:04:59:04";"FABstQTDas wird auch in Berlin registriert.ÿÿùô"
"218";"00:04:59:04";"00:05:01:08";"Das wird auch in Berlin registriert."
"219";"00:05:01:10";"00:05:01:10";"FABstRL Für die Bundes-SPD heißt das:ÿÿ¨º"
"220";"00:05:01:10";"00:05:03:03";"FÈur die Bundes-SPD heiût das:"
"221";"00:05:03:06";"00:05:03:06";"FABstSd Sie will bei den Plänen( ( zur HeizuÎ"
"222";"00:05:03:06";"00:05:03:06";"FABst0ngswende nachbessern.ÿÿ1Z"
"223";"00:05:03:06";"00:05:06:11";"Sie will bei den PlÈanen

zur Heizungswende nachbessern."
"224";"00:05:06:15";"00:05:06:15";"FABstTdWir wollen die soziale Förderung( ( Õ4"
"225";"00:05:06:15";"00:05:06:15";"FABst0auf den Weg bringen,9Åþ"
"226";"00:05:06:15";"00:05:09:22";"Wir wollen die soziale FÈorderung

auf den Weg bringen,"
"227";"00:05:10:06";"00:05:10:06";"FABstUH gestaffelt nach Einkommen.­"
"228";"00:05:10:06";"00:05:11:24";"gestaffelt nach Einkommen."
"229";"00:05:12:05";"00:05:12:05";"FABstVd Wir werden als SPD darauf achten,( ( dasq"
"230";"00:05:12:05";"00:05:12:05";"FABstHs der Mieterschutz gestärkt wird.ÿÿ7^"
"231";"00:05:12:05";"00:05:16:06";"Wir werden als SPD darauf achten,

dass der Mieterschutz gestÈarkt wird."
"232";"00:05:16:10";"00:05:16:10";"FABstWdEs kann nicht sein, dass die Kosten( ( |<"
"233";"00:05:16:10";"00:05:16:10";"FABstDauf die Mieter umgelegt werden.ÿÿ­L"
"234";"00:05:16:10";"00:05:20:13";"Es kann nicht sein, dass die Kosten

auf die Mieter umgelegt werden."
"235";"00:05:20:15";"00:05:20:15";"FABstXTDer Streit um den Heizungsaustausch.ÿÿ"
"236";"00:05:20:15";"00:05:22:20";"Der Streit um den Heizungsaustausch."
"237";"00:05:22:22";"00:05:22:22";"FABstYd Er hat( ( vor allem den Grü ü"
"238";"00:05:22:22";"00:05:22:22";"FABst"nen geschadet.ÿÿ?õ0"
"239";"00:05:22:22";"00:05:25:04";"Er hat

vor allem den GrÈunen geschadet."
"240";"00:05:25:07";"00:05:25:07";"FABstZL Dazu kam die Trauzeugen-AffäreÿÿL"
"241";"00:05:25:07";"00:05:27:03";"Dazu kam die Trauzeugen-AffÈare"
"242";"00:05:27:05";"00:05:27:05";"FABst[d und der Streit( ( um die Verkehrh,"
"243";"00:05:27:05";"00:05:27:05";"FABst,spolitik in Bremen.ÿÿ5ñô"
"244";"00:05:27:05";"00:05:30:00";"und der Streit

um die Verkehrspolitik in Bremen."
"245";"00:05:30:02";"00:05:30:02";"FABst\d Trotz ihrer Verluste wollen( ( die GrünP"
"246";"00:05:30:02";"00:05:30:02";"FABst<en dort weiter mitregieren.ÿÿ%"
"247";"00:05:30:02";"00:05:33:23";"Trotz ihrer Verluste wollen

die GrÈunen dort weiter mitregieren."
"248";"00:05:34:00";"00:05:34:00";"FABst]dWir sind für Sondierungsgespräche( ( `"
"249";"00:05:34:00";"00:05:34:00";"FABst8und noch für mehr bereit.1]X"
"250";"00:05:34:00";"00:05:37:10";"Wir sind fÈur SondierungsgesprÈache

und noch fÈur mehr bereit."
"251";"00:05:37:12";"00:05:37:12";"FABst^d Wir hoffen,( ( dass wir weiterTÞ"
"252";"00:05:37:12";"00:05:37:12";"FABst* mitwirken können.?)ú"
"253";"00:05:37:12";"00:05:40:19";"Wir hoffen,

dass wir weiter mitwirken kÈonnen."
"254";"00:05:41:01";"00:05:41:01";"FABst_d In der Bremer Regierung bleiben,( ( da|"
"255";"00:05:41:01";"00:05:41:01";"FABst6s möchte auch die Linke.ÿÿ+|"
"256";"00:05:41:01";"00:05:44:12";"In der Bremer Regierung bleiben,

das mÈochte auch die Linke."
"257";"00:05:44:15";"00:05:44:15";"FABst`d Sie schaffte( ( ein zweistelm²"
"258";"00:05:44:15";"00:05:44:15";"FABst$liges Ergebnis.ÿÿ=­<"
"259";"00:05:44:15";"00:05:47:10";"Sie schaffte

ein zweistelliges Ergebnis."
"260";"00:05:48:00";"00:05:48:00";"FABstad Es ist ein Grund zur Freude( ( füäj"
"261";"00:05:48:00";"00:05:48:00";"FABst0r die gesamte Partei.9²¦"
"262";"00:05:48:00";"00:05:51:07";"Es ist ein Grund zur Freude

fÈur die gesamte Partei."
"263";"00:05:51:10";"00:05:51:10";"FABstbdDieses Ergebnis wird uns Rückenwind( ( ¸"
"264";"00:05:51:10";"00:05:51:10";"FABstBfür die gesamte Partei geben.'Ô"
"265";"00:05:51:10";"00:05:56:18";"Dieses Ergebnis wird uns RÈuckenwind

fÈur die gesamte Partei geben."
"266";"00:05:56:23";"00:05:56:23";"FABstcd Die CDU hatte sich in Bremen( ( 'R"
"267";"00:05:56:23";"00:05:56:23";"FABst*noch mehr erhofft.ÿÿ7¢<u>"
"268";"00:05:56:23";"00:05:59:21";"Die CDU hatte sich in Bremen

noch mehr erhofft."
"269";"00:05:59:23";"00:05:59:23";"FABstddJetzt wäre sie gern der Juniorpartner( ( Û"
"270";"00:05:59:23";"00:05:59:23";"FABst@ in einer großen Koalition.ÿÿ!"ª"
"271";"00:05:59:23";"00:06:04:21";"Jetzt wÈare sie gern der Juniorpartner

in einer groûen Koalition."
"272";"00:06:06:16";"00:06:06:16";"FABsted Ich appelliere an die SPD,( ( mit der\"
"273";"00:06:06:16";"00:06:06:16";"FABst> CDU in Gespräche zu treten,+~"
"274";"00:06:06:16";"00:06:11:22";"Ich appelliere an die SPD,

mit der CDU in GesprÈache zu treten,"
"275";"00:06:14:14";"00:06:14:14";"FABstfdüber eine mögliche Zusammenarbeit( ( w^"
"276";"00:06:14:14";"00:06:14:14";"FABst( in Bremen.ÿÿ9æ"
"277";"00:06:14:14";"00:06:18:08";"Èuber eine mÈogliche Zusammenarbeit

in Bremen."
"278";"00:06:18:24";"00:06:18:24";"FABstgH Erleichterung bei der FDP,ÿÿßÆ"
"279";"00:06:18:24";"00:06:20:21";"Erleichterung bei der FDP,"
"280";"00:06:20:23";"00:06:20:23";"FABsthd sie zieht erneut( ( in die Bremee"
"281";"00:06:20:23";"00:06:20:23";"FABst,r Bürgerschaft ein.ÿÿ5}ò"
"282";"00:06:20:23";"00:06:24:08";"sie zieht erneut

in die Bremer BÈurgerschaft ein."
"283";"00:06:24:10";"00:06:24:10";"FABstid Der eigene Kurs in der Ampel( ( 6À"
"284";"00:06:24:10";"00:06:24:10";"FABst$soll bleiben:ÿÿ=æ"
"285";"00:06:24:10";"00:06:26:24";"Der eigene Kurs in der Ampel

soll bleiben:"
"286";"00:06:27:05";"00:06:27:05";"FABstjd Wir arbeiten( ( mit fröhlicherðD"
"287";"00:06:27:05";"00:06:27:05";"FABst( Penetranz daran,A¬"
"288";"00:06:27:05";"00:06:30:10";"Wir arbeiten

mit frÈohlicher Penetranz daran,"
"289";"00:06:30:12";"00:06:30:12";"FABstkd dass Deutschland liberaler, ( ( moder1&"
"290";"00:06:30:12";"00:06:30:12";"FABst4ner und digitaler wird.5ø"
"291";"00:06:30:12";"00:06:35:08";"dass Deutschland liberaler,

moderner und digitaler wird."
"292";"00:06:36:14";"00:06:36:14";"FABstld Das Bremer Ergebnis könnte in( ( der AmpÜ"
"293";"00:06:36:14";"00:06:36:14";"FABst@el zu weiterem Streit führen,ÿÿ!¶"
"294";"00:06:36:14";"00:06:41:03";"Das Bremer Ergebnis kÈonnte in

der Ampel zu weiterem Streit fÈuhren,"
"295";"00:06:41:05";"00:06:41:05";"FABstmd etwa über die richtigen Maßnahmen( ( ø"
"296";"00:06:41:05";"00:06:41:05";"FABst0 zur Energiewende.ÿÿ1µ¢"
"297";"00:06:41:05";"00:06:45:08";"etwa Èuber die richtigen Maûnahmen

zur Energiewende."
"298";"00:06:46:02";"00:06:46:02";"FABstnd Altkanzler Schröder darf( ( trotz seiÃl"
"299";"00:06:46:02";"00:06:46:02";"FABst6ner Kontakte zu Russlandÿÿ+£Ä"
"300";"00:06:46:02";"00:06:49:12";"Altkanzler SchrÈoder darf

trotz seiner Kontakte zu Russland"
"301";"00:06:49:14";"00:06:49:14";"FABstod und dessen Präsidenten Putin( ( iÞ"
"302";"00:06:49:14";"00:06:49:14";"FABst*n der SPD bleiben.ÿÿ7Ï"
"303";"00:06:49:14";"00:06:52:10";"und dessen PrÈasidenten Putin

in der SPD bleiben."
"304";"00:06:52:12";"00:06:52:12";"FABstpdDas hat die Bundesschiedskommission( ( d"
"305";"00:06:52:12";"00:06:52:12";"FABst>er Partei heute entschieden.ÿÿ#ß²"
"306";"00:06:52:12";"00:06:56:04";"Das hat die Bundesschiedskommission

der Partei heute entschieden."
"307";"00:06:56:06";"00:06:56:06";"FABstqd Zugleich wurden die Einsprüche( ( vÅ"
"308";"00:06:56:06";"00:06:56:06";"FABst.on zwei Ortsvereinenÿÿ3Ân"
"309";"00:06:56:06";"00:06:59:05";"Zugleich wurden die EinsprÈuche

von zwei Ortsvereinen"
"310";"00:06:59:07";"00:06:59:07";"FABstrd gegen eine Entscheidung( ( der Vorin4"
"311";"00:06:59:07";"00:06:59:07";"FABst0stanz zurückgewiesen.ÿÿ1"
"312";"00:06:59:07";"00:07:02:10";"gegen eine Entscheidung

der Vorinstanz zurÈuckgewiesen."
"313";"00:07:02:12";"00:07:02:12";"FABstsd Schröder habe nicht( ( gegen die ParØJ"
"314";"00:07:02:12";"00:07:02:12";"FABst0teiordnung verstoßen.ÿÿ1,"
"315";"00:07:02:12";"00:07:05:19";"SchrÈoder habe nicht

gegen die Parteiordnung verstoûen."
"316";"00:07:07:00";"00:07:07:00";"FABsttd Bundesaußenministerin Baerbock( ( ist in äT"
"317";"00:07:07:00";"00:07:07:00";"FABst<Saudi-Arabien eingetroffen,ÿÿ%Ïö"
"318";"00:07:07:00";"00:07:11:04";"Bundesauûenministerin Baerbock

ist in Saudi-Arabien eingetroffen,"
"319";"00:07:11:06";"00:07:11:06";"FABstud auf der ersten Station( ( ihrer Rei"
"320";"00:07:11:06";"00:07:11:06";"FABst2se in die Golf-Region.ÿÿ/°"
"321";"00:07:11:06";"00:07:14:09";"auf der ersten Station

ihrer Reise in die Golf-Region."
"322";"00:07:14:11";"00:07:14:11";"FABstvdNach einem Treffen mit Außenminister( ( Ä"
"323";"00:07:14:11";"00:07:14:11";"FABst: Prinz Faisal bin Farhanÿÿ'Èz"
"324";"00:07:14:11";"00:07:17:22";"Nach einem Treffen mit Auûenminister

Prinz Faisal bin Farhan"
"325";"00:07:17:24";"00:07:17:24";"FABstwd sprach sie sich für engere ( ( WirtûL"
"326";"00:07:17:24";"00:07:17:24";"FABst4schaftsbeziehungen aus.ÿÿ-È"
"327";"00:07:17:24";"00:07:21:03";"sprach sie sich fÈur engere

Wirtschaftsbeziehungen aus."
"328";"00:07:21:05";"00:07:21:05";"FABstxd Etwa in den Bereichen( ( grüner Wassÿ"
"329";"00:07:21:05";"00:07:21:05";"FABst6erstoff und Windenergie.ÿÿ+Ì"
"330";"00:07:21:05";"00:07:24:12";"Etwa in den Bereichen

grÈuner Wasserstoff und Windenergie."
"331";"00:07:24:14";"00:07:24:14";"FABstyd Zugleich betonte sie( ( die Bedeutun"
"332";"00:07:24:14";"00:07:24:14";"FABst2g von Menschenrechten.ÿÿ/r"
"333";"00:07:24:14";"00:07:27:16";"Zugleich betonte sie

die Bedeutung von Menschenrechten."
"334";"00:07:27:19";"00:07:27:19";"FABstzdAuch die Krisen im Sudan und im Jemen( ( I®"
"335";"00:07:27:19";"00:07:27:19";"FABst@ sollen zur Sprache kommen.ÿÿ!"
"336";"00:07:27:19";"00:07:32:01";"Auch die Krisen im Sudan und im Jemen

sollen zur Sprache kommen."
"337";"00:07:33:09";"00:07:33:09";"FABst{d Saudische Hilfslieferungen ( ( für Í"
"338";"00:07:33:09";"00:07:33:09";"FABst4den Krisenstaat Sudan 50"
"339";"00:07:33:09";"00:07:36:21";"Saudische Hilfslieferungen

fÈur den Krisenstaat Sudan Ð"
"340";"00:07:36:23";"00:07:36:23";"FABst|dBilder, die Saudi-Arabiens Führung( ( </i>2"
"341";"00:07:36:23";"00:07:36:23";"FABst* gerne zeigt.?ýf"
"342";"00:07:36:23";"00:07:39:17";"Bilder, die Saudi-Arabiens FÈuhrung

gerne zeigt."
"343";"00:07:39:20";"00:07:39:20";"FABst}d Die Monarchie am Golf präsentiert ( ( sich¥ü"
"344";"00:07:39:20";"00:07:39:20";"FABstF als konstruktive Regionalmacht,ÿÿª"
"345";"00:07:39:20";"00:07:43:21";"Die Monarchie am Golf prÈasentiert

sich als konstruktive Regionalmacht,"
"346";"00:07:43:23";"00:07:43:23";"FABst~Tmit Einfluss auf die Nachbarstaaten.ÿÿ"
"347";"00:07:43:23";"00:07:46:07";"mit Einfluss auf die Nachbarstaaten."
"348";"00:07:46:09";"00:07:46:09";"FABstB Anders als im Sudanÿÿû"
"349";"00:07:46:09";"00:07:47:14";"Anders als im Sudan"
"350";"00:07:47:16";"00:07:47:16";"FABst<i>dtrat Saudi-Arabien im Jemen zuletzt( ( alsÞ"
"351";"00:07:47:16";"00:07:47:16";"FABstB Kriegspartei in Erscheinung. ÿÿò`"
"352";"00:07:47:16";"00:07:51:21";"trat Saudi-Arabien im Jemen zuletzt

als Kriegspartei in Erscheinung."
"353";"00:07:51:23";"00:07:51:23";"FABst</i>d Sie unterstützten die Regierung( ( gfè"
"354";"00:07:51:23";"00:07:51:23";"FABst6egen die Huthi-Rebellen,ÿÿ+ã"
"355";"00:07:51:23";"00:07:55:04";"Sie unterstÈutzten die Regierung

gegen die Huthi-Rebellen,"
"356";"00:07:55:06";"00:07:55:06";"FABst<u>N die vom Iran finanziert werden.ÿÿ1"
"357";"00:07:55:06";"00:07:57:02";"die vom Iran finanziert werden."
"358";"00:07:57:04";"00:07:57:04";"FABst</u>d Das Verhältnis( ( des sunnitiscs*"
"359";"00:07:57:04";"00:07:57:04";"FABst*hen Saudi-Arabiensÿÿ7õ<"
"360";"00:07:57:04";"00:07:59:21";"Das VerhÈaltnis

des sunnitischen Saudi-Arabiens"
"361";"00:07:59:23";"00:07:59:23";"FABstd zum mehrheitlich schiitischen( ( Nachb"
"362";"00:07:59:23";"00:07:59:23";"FABst:arn entspannt sich gerade.ÿÿ'ë"
"363";"00:07:59:23";"00:08:03:10";"zum mehrheitlich schiitischen

Nachbarn entspannt sich gerade."
"364";"00:08:03:12";"00:08:03:12";"FABstd Unter Vermittlung Chinas ( ( eini
^"
"365";"00:08:03:12";"00:08:03:12";"FABst0gten sich die Staatenÿÿ1õ<u>"
"366";"00:08:03:12";"00:08:06:11";"Unter Vermittlung Chinas

einigten sich die Staaten"
"367";"00:08:06:14";"00:08:06:14";"FABstd auf die Wiederaufnahme( ( diplomaÌì"
"368";"00:08:06:14";"00:08:06:14";"FABst.tischer Beziehungen.ÿÿ3Â"
"369";"00:08:06:14";"00:08:09:12";"auf die Wiederaufnahme

diplomatischer Beziehungen."
"370";"00:08:09:16";"00:08:09:16";"FABstd Im Innern regiert der Kronprinz( ( Ê¢"
"371";"00:08:09:16";"00:08:09:16";"FABst, mit harter Hand.ÿÿ5±R"
"372";"00:08:09:16";"00:08:12:10";"Im Innern regiert der Kronprinz

mit harter Hand."
"373";"00:08:12:14";"00:08:12:14";"FABstd Kritiker werfen ihm vor:( ( willküÞ"
"374";"00:08:12:14";"00:08:12:14";"FABst.rliche Verhaftungen,ÿÿ3È"
"375";"00:08:12:14";"00:08:15:19";"Kritiker werfen ihm vor:

willkÈurliche Verhaftungen,"
"376";"00:08:15:21";"00:08:15:21";"FABstd Hinrichtungen, Unterdrückung von ( ( MeinuÞ"
"377";"00:08:15:21";"00:08:15:21";"FABstBngsfreiheit und Frauenrechten.ÿÿÛÊ"
"378";"00:08:15:21";"00:08:19:18";"Hinrichtungen, UnterdrÈuckung von

Meinungsfreiheit und Frauenrechten."
"379";"00:08:19:20";"00:08:19:20";"FABst
J Beim Thema Energieversorgungÿÿ#"
"380";"00:08:19:20";"00:08:21:18";"Beim Thema Energieversorgung"
"381";"00:08:21:20";"00:08:21:20";"FABstd ist die Welt( ( auf Saudi-Ara×¤"
"382";"00:08:21:20";"00:08:21:20";"FABst&bien angewiesen.ÿÿ;ð"
"383";"00:08:21:20";"00:08:24:07";"ist die Welt

auf Saudi-Arabien angewiesen."
"384";"00:08:24:10";"00:08:24:10";"FABstdAls einer der größten Ölproduzenten( ( HV"
"385";"00:08:24:10";"00:08:24:10";"FABst( der Erdeÿÿ9¹,"
"386";"00:08:24:10";"00:08:26:24";"Als einer der grÈoûten ÈOlproduzenten

der Erde"
"387";"00:08:27:01";"00:08:27:01";"FABstd will das Land stärker( ( auf alterna®"
"388";"00:08:27:01";"00:08:27:01";"FABst0tive Energien setzen.ÿÿ1æ\"
"389";"00:08:27:01";"00:08:30:04";"will das Land stÈarker

auf alternative Energien setzen."
"390";"00:08:30:06";"00:08:30:06";"FABstB Anflug auf Dschidda,#b"
"391";"00:08:30:06";"00:08:31:13";"Anflug auf Dschidda,"
"392";"00:08:31:22";"00:08:31:22";"FABstd wegen eines technischen Problems( ( ïê"
"393";"00:08:31:22";"00:08:31:22";"FABst0zwei Stunden später.ÿÿ1ä"
"394";"00:08:31:22";"00:08:35:00";"wegen eines technischen Problems

zwei Stunden spÈater."
"395";"00:08:35:10";"00:08:35:10";"FABstd Der Antrittsbesuch in einem Land,( ( Þ"
"396";"00:08:35:10";"00:08:35:10";"FABst6von dem sich Deutschlandÿÿ+"
"397";"00:08:35:10";"00:08:38:24";"Der Antrittsbesuch in einem Land,

von dem sich Deutschland"
"398";"00:08:39:03";"00:08:39:03";"FABstd mehr Zusammenarbeit( ( in der Enerã´"
"399";"00:08:39:03";"00:08:39:03";"FABst,giepolitik erhofft.ÿÿ5ì"
"400";"00:08:39:03";"00:08:42:24";"mehr Zusammenarbeit

in der Energiepolitik erhofft."
"401";"00:08:43:03";"00:08:43:03";"FABstd Zugleich will sie( ( MenschenreåD"
"402";"00:08:43:03";"00:08:43:03";"FABst&chtsverletzungenÿÿ;íÐ"
"403";"00:08:43:03";"00:08:45:19";"Zugleich will sie

Menschenrechtsverletzungen"
"404";"00:08:46:08";"00:08:46:08";"FABst< thematisieren.ÿÿ!+\"
"405";"00:08:46:08";"00:08:47:15";"thematisieren."
"406";"00:08:48:01";"00:08:48:01";"FABstdBilder des umstrittenen Machthabers,( ( ±d"
"407";"00:08:48:01";"00:08:48:01";"FABstBKronprinz Mohammed bin Salman,ÿÿ"
"408";"00:08:48:01";"00:08:52:09";"Bilder des umstrittenen Machthabers,

Kronprinz Mohammed bin Salman,"
"409";"00:08:52:23";"00:08:52:23";"FABstd säumen Baerbocks Weg( ( zu ihrem saw"
"410";"00:08:52:23";"00:08:52:23";"FABst2udischen Amtskollegen.ÿÿ/Óò"
"411";"00:08:52:23";"00:08:56:04";"sÈaumen Baerbocks Weg

zu ihrem saudischen Amtskollegen."
"412";"00:08:56:13";"00:08:56:13";"FABstd Sie spricht mit ihm( ( über die Ko`:"
"413";"00:08:56:13";"00:08:56:13";"FABst2nflikte in der Region:ÿÿ/Ñ~"
"414";"00:08:56:13";"00:08:59:16";"Sie spricht mit ihm

Èuber die Konflikte in der Region:"
"415";"00:08:59:20";"00:08:59:20";"FABstd Sudan, Jemen, sie lernt einen ( ( selbs¸x"
"416";"00:08:59:20";"00:08:59:20";"FABst8tbewussten Akteur kennen.ÿÿ)å"
"417";"00:08:59:20";"00:09:04:09";"Sudan, Jemen, sie lernt einen

selbstbewussten Akteur kennen."
"418";"00:09:07:00";"00:09:07:00";"FABstd Bei meinen Gesprächen( ( in Saudi-Ar!<"
"419";"00:09:07:00";"00:09:07:00";"FABst0abien wurde deutlich:9Õ"
"420";"00:09:07:00";"00:09:11:15";"Bei meinen GesprÈachen

in Saudi-Arabien wurde deutlich:"
"421";"00:09:11:17";"00:09:11:17";"FABstNSaudi-Arabien will sein Gewicht,F:"
"422";"00:09:11:17";"00:09:14:01";"Saudi-Arabien will sein Gewicht,"
"423";"00:09:14:03";"00:09:14:03";"FABstd seinen Einfluss( ( bei Krisenlös%V"
"424";"00:09:14:03";"00:09:14:03";"FABst0ungen geltend machen.ÿÿ1Ì"
"425";"00:09:14:03";"00:09:18:05";"seinen Einfluss

bei KrisenlÈosungen geltend machen."
"426";"00:09:18:10";"00:09:18:10";"FABstd Es will Stabilität( ( und Sic¾"
"427";"00:09:18:10";"00:09:18:10";"FABst&herheit fördern.ÿÿ;n|"
"428";"00:09:18:10";"00:09:22:00";"Es will StabilitÈat

und Sicherheit fÈordern."
"429";"00:09:23:10";"00:09:23:10";"FABstd Baerbock sieht Chancen( ( für eine Kl]l"
"430";"00:09:23:10";"00:09:23:10";"FABst4imapartnerschaft, aber:ÿÿ-ÖÈ"
"431";"00:09:23:10";"00:09:28:07";"Baerbock sieht Chancen

fÈur eine Klimapartnerschaft, aber:"
"432";"00:09:29:07";"00:09:29:07";"FABstdWirtschaftliche Kooperation kann( ( nichtñv"
"433";"00:09:29:07";"00:09:29:07";"FABst< ohne Rechtsstaatlichkeit, ÿÿ%¡8"
"434";"00:09:29:07";"00:09:33:21";"Wirtschaftliche Kooperation kann

nicht ohne Rechtsstaatlichkeit,"
"435";"00:09:33:23";"00:09:33:23";"FABstd Menschen- und Freiheitsrechten( ( ÝÐ"
"436";"00:09:33:23";"00:09:33:23";"FABst,betrachtet werden.ÿÿ5ðþ"
"437";"00:09:33:23";"00:09:37:19";"Menschen- und Freiheitsrechten

betrachtet werden."
"438";"00:09:38:03";"00:09:38:03";"FABstNDas zu betonen, war ihr wichtig.JX"
"439";"00:09:38:03";"00:09:40:09";"Das zu betonen, war ihr wichtig."
"440";"00:09:40:11";"00:09:40:11";"FABst d Zugleich hat sie vorsichtige( ( SchriB"
"441";"00:09:40:11";"00:09:40:11";"FABst4tte der Öffnung gelobt.52ò"
"442";"00:09:40:11";"00:09:44:06";"Zugleich hat sie vorsichtige

Schritte der ÈOffnung gelobt."
"443";"00:09:44:08";"00:09:44:08";"FABst¡> Ein Balanceakt:ÿÿ#Ò"
"444";"00:09:44:08";"00:09:45:16";"Ein Balanceakt:"
"445";"00:09:45:18";"00:09:45:18";"FABst¢d Deutschland hat am Golf( ( aØÎ"
"446";"00:09:45:18";"00:09:45:18";"FABst$uch Interessen.ÿÿ=®"
"447";"00:09:45:18";"00:09:49:05";"Deutschland hat am Golf

auch Interessen."
"448";"00:09:49:15";"00:09:49:15";"FABst£d Es will sich als Partner( ( fürUì"
"449";"00:09:49:15";"00:09:49:15";"FABst( Krisendiplomatieÿÿ9þ"
"450";"00:09:49:15";"00:09:53:07";"Es will sich als Partner

fÈur Krisendiplomatie"
"451";"00:09:53:09";"00:09:53:09";"FABst¤d und für den Umbau hin zu einer ( ( grüneòà"
"452";"00:09:53:09";"00:09:53:09";"FABst>ren Wirtschaft präsentieren.ÿÿ#"
"453";"00:09:53:09";"00:09:57:22";"und fÈur den Umbau hin zu einer

grÈuneren Wirtschaft prÈasentieren."
"454";"00:09:58:21";"00:09:58:21";"FABst¥d In Thailand( ( hat die prodemokð"
"455";"00:09:58:21";"00:09:58:21";"FABst,ratische Oppositionÿÿ5áj"
"456";"00:09:58:21";"00:10:01:16";"In Thailand

hat die prodemokratische Opposition"
"457";"00:10:01:21";"00:10:01:21";"FABst¦d die gestrige Parlamentswahl( ( klarìì"
"458";"00:10:01:21";"00:10:01:21";"FABst4 für sich entschieden. 5J"
"459";"00:10:01:21";"00:10:05:08";"die gestrige Parlamentswahl

klar fÈur sich entschieden."
"460";"00:10:08:16";"00:10:08:16";"FABst§d In Bangkok feierte Parteichef( ( Li"
"461";"00:10:08:16";"00:10:08:16";"FABst4mjaroenrat seinen Sieg.ÿÿ-ïÐ"
"462";"00:10:08:16";"00:10:12:05";"In Bangkok feierte Parteichef

Limjaroenrat seinen Sieg."
"463";"00:10:13:12";"00:10:13:12";"FABst¨dNun laufen Koalitionsgespräche mit( ( fünf ËF"
"464";"00:10:13:12";"00:10:13:12";"FABst@weiteren Oppositionsparteien.ÿÿ!Ô"
"465";"00:10:13:12";"00:10:17:09";"Nun laufen KoalitionsgesprÈache mit

fÈunf weiteren Oppositionsparteien."
"466";"00:10:17:17";"00:10:17:17";"FABst©d Ob er die militärnahe Regierung ( ( von Px<i>"
"467";"00:10:17:17";"00:10:17:17";"FABst<remier Prayut ablösen kann,ÿÿ%,"
"468";"00:10:17:17";"00:10:22:07";"Ob er die militÈarnahe Regierung

von Premier Prayut ablÈosen kann,"
"469";"00:10:22:13";"00:10:22:13";"FABstª: ist unklar.ÿÿ#9N"
"470";"00:10:22:13";"00:10:23:16";"ist unklar."
"471";"00:10:23:23";"00:10:23:23";"FABst«d Wegen des Wahlsystems und( ( des großenwB"
"472";"00:10:23:23";"00:10:23:23";"FABst6 Einflusses des Militärsÿÿ+9Ê"
"473";"00:10:23:23";"00:10:27:14";"Wegen des Wahlsystems und

des groûen Einflusses des MilitÈars"
"474";"00:10:27:19";"00:10:27:19";"FABst¬dist der Regierungswechsel noch mit( ( ¾ª"
"475";"00:10:27:19";"00:10:27:19";"FABst6einigen Hürden versehen.ÿÿ+ê"
"476";"00:10:27:19";"00:10:31:15";"ist der Regierungswechsel noch mit

einigen HÈurden versehen."
"477";"00:10:33:05";"00:10:33:05";"FABst­d Nach dem abgesagten ( ( zweitähÊ"
"478";"00:10:33:05";"00:10:33:05";"FABst&gigen Warnstreikÿÿ;
º"
"479";"00:10:33:05";"00:10:35:20";"Nach dem abgesagten

zweitÈagigen Warnstreik"
"480";"00:10:36:00";"00:10:36:00";"FABst®d wollen sich die Bahn und die EVG( ( am Mitéê"
"481";"00:10:36:00";"00:10:36:00";"FABst>twoch zu Gesprächen treffen.ÿÿ#I¨"
"482";"00:10:36:00";"00:10:40:05";"wollen sich die Bahn und die EVG

am Mittwoch zu GesprÈachen treffen."
"483";"00:10:41:22";"00:10:41:22";"FABst¯d Dabei soll die nächste( ( VerhandlunQ6"
"484";"00:10:41:22";"00:10:41:22";"FABst<gsrunde vorbereitet werden,ÿÿ%Ür"
"485";"00:10:41:22";"00:10:45:07";"Dabei soll die nÈachste

Verhandlungsrunde vorbereitet werden,"
"486";"00:10:45:09";"00:10:45:09";"FABst°d die kommende Woche ( ( in Fu</u>"
"487";"00:10:45:09";"00:10:45:09";"FABst&lda stattfindet.ÿÿ;å"
"488";"00:10:45:09";"00:10:47:16";"die kommende Woche

in Fulda stattfindet."
"489";"00:10:47:18";"00:10:47:18";"FABst±dDie Gewerkschaft betonte, Warnstreiks( ( èª"
"490";"00:10:47:18";"00:10:47:18";"FABstBseien weiterhin eine Option.ÿÿ"
"491";"00:10:47:18";"00:10:51:21";"Die Gewerkschaft betonte, Warnstreiks

seien weiterhin eine Option."
"492";"00:10:52:03";"00:10:52:03";"FABst²> Der BahnverkehrÿÿU&"
"493";"00:10:52:03";"00:10:53:09";"Der Bahnverkehr"
"494";"00:10:53:16";"00:10:53:16";"FABst³d lief heute mit wenigen Ausnahmen( ( ¤n"
"495";"00:10:53:16";"00:10:53:16";"FABst2wieder reibungslos an.ÿÿ/º("
"496";"00:10:53:16";"00:10:57:06";"lief heute mit wenigen Ausnahmen

wieder reibungslos an."
"497";"00:10:58:09";"00:10:58:09";"FABst´N Die Eishockey-NationalmannschaftÿÿØ"
"498";"00:10:58:09";"00:11:00:13";"Die Eishockey-Nationalmannschaft"
"499";"00:11:00:15";"00:11:00:15";"FABstµd hat die dritte Niederlage ( ( in derç"
"500";"00:11:00:15";"00:11:00:15";"FABst2 WM-Vorrunde kassiert.ÿÿ/Ê"
"501";"00:11:00:15";"00:11:03:20";"hat die dritte Niederlage

in der WM-Vorrunde kassiert."
"502";"00:11:03:22";"00:11:03:22";"FABst¶d Das Team( ( verlor mit 2:3 gÖB"
"503";"00:11:03:22";"00:11:03:22";"FABst"egen die USA -ÿÿ?Û:"
"504";"00:11:03:22";"00:11:06:07";"Das Team

verlor mit 2:3 gegen die USA -"
"505";"00:11:06:09";"00:11:06:09";"FABst·d und bangt jetzt( ( um den Einzug ©h"
"506";"00:11:06:09";"00:11:06:09";"FABst*ins Viertelfinale.ÿÿ7Ö"
"507";"00:11:06:09";"00:11:10:03";"und bangt jetzt

um den Einzug ins Viertelfinale."
"508";"00:11:11:05";"00:11:11:05";"FABst¸d Starkes Spiel, großer Kampf,( ( wiX("
"509";"00:11:11:05";"00:11:11:05";"FABst,eder nicht belohnt.=ßª"
"510";"00:11:11:05";"00:11:14:17";"Starkes Spiel, groûer Kampf,

wieder nicht belohnt."
"511";"00:11:14:19";"00:11:14:19";"FABst¹D Trotz vieler Chancen.!("
"512";"00:11:14:19";"00:11:16:15";"Trotz vieler Chancen."
"513";"00:11:16:21";"00:11:16:21";"FABstºB Müller auf Tiffels.ÿÿ»p"
"514";"00:11:16:21";"00:11:18:04";"MÈuller auf Tiffels."
"515";"00:11:18:06";"00:11:18:06";"FABst»d Die Effizienz ein großes Thema,( ( Top-G`"
"516";"00:11:18:06";"00:11:18:06";"FABst>elegenheiten, zu wenig Tore.ÿÿ#"
"517";"00:11:18:06";"00:11:22:14";"Die Effizienz ein groûes Thema,

Top-Gelegenheiten, zu wenig Tore."
"518";"00:11:22:19";"00:11:22:19";"FABst¼d Klare Chancenplus( ( auch im zÍÚ"
"519";"00:11:22:19";"00:11:22:19";"FABst$weiten Drittel.ÿÿ=¨"
"520";"00:11:22:19";"00:11:25:11";"Klare Chancenplus

auch im zweiten Drittel."
"521";"00:11:25:13";"00:11:25:13";"FABst½< Pech beim 0:1.ÿÿ!mj"
"522";"00:11:25:13";"00:11:26:18";"Pech beim 0:1."
"523";"00:11:26:20";"00:11:26:20";"FABst¾H Wissmann der Unglücksrabe.ÿÿÊ@"
"524";"00:11:26:20";"00:11:29:00";"Wissmann der UnglÈucksrabe."
"525";"00:11:30:10";"00:11:30:10";"FABst¿PDeutschland blieb spielbestimmend.ÿÿsÔ"
"526";"00:11:30:10";"00:11:32:15";"Deutschland blieb spielbestimmend."
"527";"00:11:32:17";"00:11:32:17";"FABstÀd Samuel Soramies - 31. Minute,( ( der ¼"
"528";"00:11:32:17";"00:11:32:17";"FABst8Ausgleich, hochverdient. ÿÿ)ªÊ"
"529";"00:11:32:17";"00:11:37:14";"Samuel Soramies - 31. Minute,

der Ausgleich, hochverdient."
"530";"00:11:37:18";"00:11:37:18";"FABstÁd Sekunden vor der zweiten Pause,( ( çf"
"531";"00:11:37:18";"00:11:37:18";"FABst$ Schütz:ÿÿ=dþ"
"532";"00:11:37:18";"00:11:40:22";"Sekunden vor der zweiten Pause,

SchÈutz:"
"533";"00:11:41:01";"00:11:41:01";"FABstÂVEin Sprint, ein Schuss, ein Tor! 2:1!ÿÿKº"
"534";"00:11:41:01";"00:11:44:03";"Ein Sprint, ein Schuss, ein Tor! 2:1!"
"535";"00:11:44:14";"00:11:44:14";"FABstÃd Die starke Teamleistung belohnt,( ( jetzt¯Î"
"536";"00:11:44:14";"00:11:44:14";"FABstD auch mit individueller Klasse.ÿÿ N"
"537";"00:11:44:14";"00:11:49:10";"Die starke Teamleistung belohnt,

jetzt auch mit individueller Klasse."
"538";"00:11:49:12";"00:11:49:12";"FABstÄTLetztes Drittel, die USA drehen auf.ÿÿ"
"539";"00:11:49:12";"00:11:52:06";"Letztes Drittel, die USA drehen auf."
"540";"00:11:52:08";"00:11:52:08";"FABstÅd Sean Farrell dreht auf,( ( der 2:2-Aà"
"541";"00:11:52:08";"00:11:52:08";"FABst0usgleich, 46. Minute.ÿÿ1æP"
"542";"00:11:52:08";"00:11:56:14";"Sean Farrell dreht auf,

der 2:2-Ausgleich, 46. Minute."
"543";"00:11:56:16";"00:11:56:16";"FABstÆH Die Partie: hochspannend.ÿÿ8ø"
"544";"00:11:56:16";"00:11:58:20";"Die Partie: hochspannend."
"545";"00:11:59:12";"00:11:59:12";"FABstÇPMit dem besseren Ende für die USA.ÿÿ´"
"546";"00:11:59:12";"00:12:01:18";"Mit dem besseren Ende fÈur die USA."
"547";"00:12:01:20";"00:12:01:20";"FABstÈd Matt Coronato,( ( das 3:2 war ó´"
"548";"00:12:01:20";"00:12:01:20";"FABst&der Siegtreffer.ÿÿ;ÁØ"
"549";"00:12:01:20";"00:12:05:02";"Matt Coronato,

das 3:2 war der Siegtreffer."
"550";"00:12:05:09";"00:12:05:09";"FABstÉd Deutschland nach( ( der dritten Ni¥Ô"
"551";"00:12:05:09";"00:12:05:09";"FABst0ederlage in Zugzwang,ÿÿ1ób"
"552";"00:12:05:09";"00:12:08:11";"Deutschland nach

der dritten Niederlage in Zugzwang,"
"553";"00:12:08:13";"00:12:08:13";"FABstÊd aber weiter mit Chancen( ( auf î"
"554";"00:12:08:13";"00:12:08:13";"FABst,das Viertelfinale. ÿÿ5ð"
"555";"00:12:08:13";"00:12:11:05";"aber weiter mit Chancen

auf das Viertelfinale."
"556";"00:12:12:07";"00:12:12:07";"FABstËd Grund zur Freude( ( hatten die Tel"
"557";"00:12:12:07";"00:12:12:07";"FABst,lekom Baskets Bonn:=Çæ"
"558";"00:12:12:07";"00:12:15:09";"Grund zur Freude

hatten die Telekom Baskets Bonn:"
"559";"00:12:15:11";"00:12:15:11";"FABstÌd Im Champions-League-Finale( ( setzte si¶¦"
"560";"00:12:15:11";"00:12:15:11";"FABst8ch das Team gestern Abendÿÿ)>"
"561";"00:12:15:11";"00:12:19:05";"Im Champions-League-Finale

setzte sich das Team gestern Abend"
"562";"00:12:19:07";"00:12:19:07";"FABstÍd in Malaga mit 77:70( ( gegen Hap Ø"
"563";"00:12:19:07";"00:12:19:07";"FABst.oel Jerusalem durch.ÿÿ3"
"564";"00:12:19:07";"00:12:23:12";"in Malaga mit 77:70

gegen Hapoel Jerusalem durch."
"565";"00:12:23:20";"00:12:23:20";"FABstÎd Damit holte die Mannschaft( ( ¹ð"
"566";"00:12:23:20";"00:12:23:20";"FABst&den ersten Titelÿÿ;ÄÊ"
"567";"00:12:23:20";"00:12:26:16";"Damit holte die Mannschaft

den ersten Titel"
"568";"00:12:26:18";"00:12:26:18";"FABstÏd in ihrer( ( 28-jährigen VereÚ"
"569";"00:12:26:18";"00:12:26:18";"FABst"insgeschichte.ÿÿ?£*"
"570";"00:12:26:18";"00:12:29:11";"in ihrer

28-jÈahrigen Vereinsgeschichte."
"571";"00:12:31:17";"00:12:31:17";"FABstÐd Um kurz nach 15 Uhr wurde er( ( den FanÆº"
"572";"00:12:31:17";"00:12:31:17";"FABst8s präsentiert: der Pokal.1|0"
"573";"00:12:31:17";"00:12:36:06";"Um kurz nach 15 Uhr wurde er

den Fans prÈasentiert: der Pokal."
"574";"00:12:36:12";"00:12:36:12";"FABstÑd Die Bonner feierten( ( vor der ®Þ"
"575";"00:12:36:12";"00:12:36:12";"FABst&heimischen HalleCâ:"
"576";"00:12:36:12";"00:12:40:06";"Die Bonner feierten

vor der heimischen Halle"
"577";"00:12:40:08";"00:12:40:08";"FABstÒd diesen historischen Triumph( ( ge"
"578";"00:12:40:08";"00:12:40:08";"FABst0gen Hapoel Jerusalem.ÿÿ1Ï¶"
"579";"00:12:40:08";"00:12:44:13";"diesen historischen Triumph

gegen Hapoel Jerusalem."
"580";"00:12:44:17";"00:12:44:17";"FABstÓd Heute wie gestern( ( ein emo`"
"581";"00:12:44:17";"00:12:44:17";"FABst&tionaler Moment.ÿÿ;È´"
"582";"00:12:44:17";"00:12:48:07";"Heute wie gestern

ein emotionaler Moment."
"583";"00:12:49:24";"00:12:49:24";"FABstÔdDie Champions League zu gewinnen,( ( Ìj"
"584";"00:12:49:24";"00:12:49:24";"FABst0 ist nicht einfach.9v"
"585";"00:12:49:24";"00:12:53:12";"Die Champions League zu gewinnen,

ist nicht einfach."
"586";"00:12:53:14";"00:12:53:14";"FABstÕd Das geschafft zu haben,( ( als Und¹<i>"
"587";"00:12:53:14";"00:12:53:14";"FABst2erdog, ist überragend.7xÚ"
"588";"00:12:53:14";"00:12:57:06";"Das geschafft zu haben,

als Underdog, ist Èuberragend."
"589";"00:12:57:08";"00:12:57:08";"FABstÖd Man ist überwältigt, wenn man( ( bedenkÊª"
"590";"00:12:57:08";"00:12:57:08";"FABst<t, wie viel Arbeit das war.-éd"
"591";"00:12:57:08";"00:13:02:05";"Man ist ÈuberwÈaltigt, wenn man

bedenkt, wie viel Arbeit das war."
"592";"00:13:02:07";"00:13:02:07";"FABst×F Es war eine lange Reise..`"
"593";"00:13:02:07";"00:13:03:24";"Es war eine lange Reise."
"594";"00:13:05:11";"00:13:05:11";"FABstØJ TJ Shorts, der Spielmacher,ÿÿ["
"595";"00:13:05:11";"00:13:07:13";"TJ Shorts, der Spielmacher,"
"596";"00:13:07:15";"00:13:07:15";"FABstÙdwar im Finale erfolgreichster Werfer( ( æÌ"
"597";"00:13:07:15";"00:13:07:15";"FABst2 mit 29 Punkten.ÿÿ/Ú´"
"598";"00:13:07:15";"00:13:11:04";"war im Finale erfolgreichster Werfer

mit 29 Punkten."
"599";"00:13:11:09";"00:13:11:09";"FABstÚPNach einer 37:28-Führung zur PauseÿÿÙf"
"600";"00:13:11:09";"00:13:13:12";"Nach einer 37:28-FÈuhrung zur Pause"
"601";"00:13:13:14";"00:13:13:14";"FABstÛdwurde es Ende des dritten Viertels( ( ¡Ò"
"602";"00:13:13:14";"00:13:13:14";"FABst0 noch mal spannend.ÿÿ1Ì"
"603";"00:13:13:14";"00:13:16:17";"wurde es Ende des dritten Viertels

noch mal spannend."
"604";"00:13:16:19";"00:13:16:19";"FABstÜd Jerusalem( ( kam auf zwei ZûJ"
"605";"00:13:16:19";"00:13:16:19";"FABstähler heran.ÿÿC9ü"
"606";"00:13:16:19";"00:13:19:05";"Jerusalem

kam auf zwei ZÈahler heran."
"607";"00:13:19:07";"00:13:19:07";"FABstÝd Am Ende durften Trainer Iisalo( ( und dasù*"
"608";"00:13:19:07";"00:13:19:07";"FABst< Team bei TJ Shorts danken.ÿÿ%."
"609";"00:13:19:07";"00:13:23:17";"Am Ende durften Trainer Iisalo

und das Team bei TJ Shorts danken."
"610";"00:13:23:19";"00:13:23:19";"FABstÞPViel Zeit zum Feiern bleibt nicht.ÿÿAÐ"
"611";"00:13:23:19";"00:13:26:00";"Viel Zeit zum Feiern bleibt nicht."
"612";"00:13:26:02";"00:13:26:02";"FABstßd Schon am Mittwoch steht( ( das erste ÷æ"
"613";"00:13:26:02";"00:13:26:02";"FABst8Playoff-Viertelfinalspielÿÿ)Àæ"
"614";"00:13:26:02";"00:13:29:14";"Schon am Mittwoch steht

das erste Playoff-Viertelfinalspiel"
"615";"00:13:29:17";"00:13:29:17";"FABstàd um die Meisterschaft( ( gegen ChemnÞB"
"616";"00:13:29:17";"00:13:29:17";"FABst0itz auf dem Programm.ÿÿ1¢ð"
"617";"00:13:29:17";"00:13:32:22";"um die Meisterschaft

gegen Chemnitz auf dem Programm."
"618";"00:13:34:11";"00:13:34:11";"FABstád Die Wettervorhersage für morgen,( ( G"
"619";"00:13:34:11";"00:13:34:11";"FABst2Dienstag, den 16. Mai:ÿÿ/â"
"620";"00:13:34:11";"00:13:38:06";"Die Wettervorhersage fÈur morgen,

Dienstag, den 16. Mai:"
"621";"00:13:39:23";"00:13:39:23";"FABstâd Von der Nordsee her( ( gelangt kÓX"
"622";"00:13:39:23";"00:13:39:23";"FABst(ühle Luft zu uns.ÿÿ9#ð"
"623";"00:13:39:23";"00:13:42:17";"Von der Nordsee her

gelangt kÈuhle Luft zu uns."
"624";"00:13:42:19";"00:13:42:19";"FABstãdDazu heute Nacht in der Westhälfte( ( teii"
"625";"00:13:42:19";"00:13:42:19";"FABst<ls Regen, anfangs Gewitter.ÿÿ%Ëd"
"626";"00:13:42:19";"00:13:46:14";"Dazu heute Nacht in der WesthÈalfte

teils Regen, anfangs Gewitter."
"627";"00:13:46:16";"00:13:46:16";"FABstäH Sonst ist es oft trocken.ÿÿh"
"628";"00:13:46:16";"00:13:48:17";"Sonst ist es oft trocken."
"629";"00:13:48:22";"00:13:48:22";"FABstådMorgen stellt sich von Nordwesten her( ( eiÄ>"
"630";"00:13:48:22";"00:13:48:22";"FABstLn Wechsel von Sonne und Wolken ein.ÿÿ°²"
"631";"00:13:48:22";"00:13:53:08";"Morgen stellt sich von Nordwesten her

ein Wechsel von Sonne und Wolken ein."
"632";"00:13:53:12";"00:13:53:12";"FABstæN Dabei gibt es ein paar Schauer.ÿÿ2ä"
"633";"00:13:53:12";"00:13:55:11";"Dabei gibt es ein paar Schauer."
"634";"00:13:55:13";"00:13:55:13";"FABstçL Nach Südosten hin viele Wolkenÿÿû."
"635";"00:13:55:13";"00:13:57:08";"Nach SÈudosten hin viele Wolken"
"636";"00:13:57:10";"00:13:57:10";"FABstèd und zum Teil kräftige Regenfälle( ( Î("
"637";"00:13:57:10";"00:13:57:10";"FABst2und einzelne Gewitter.ÿÿ/b"
"638";"00:13:57:10";"00:14:01:02";"und zum Teil krÈaftige RegenfÈalle

und einzelne Gewitter."
"639";"00:14:01:04";"00:14:01:04";"FABstéF Heute Nacht kühlt es ab.ÿÿ¸n"
"640";"00:14:01:04";"00:14:03:06";"Heute Nacht kÈuhlt es ab."
"641";"00:14:09:24";"00:14:09:24";"FABstêd Auch am Mittwoch( ( im Südost~²"
"642";"00:14:09:24";"00:14:09:24";"FABst$en viele Wolkenÿÿ=¸*"
"643";"00:14:09:24";"00:14:13:15";"Auch am Mittwoch

im SÈudosten viele Wolken"
"644";"00:14:13:17";"00:14:13:17";"FABstëd und zunächst gebietsweise Regen,( ( in|""
"645";"00:14:13:17";"00:14:13:17";"FABst4 Hochlagen auch Schnee.ÿÿ-¾"
"646";"00:14:13:17";"00:14:17:13";"und zunÈachst gebietsweise Regen,

in Hochlagen auch Schnee."
"647";"00:14:17:15";"00:14:17:15";"FABstìTSonst teilweise länger Sonnenschein.ÿÿÍR"
"648";"00:14:17:15";"00:14:19:23";"Sonst teilweise lÈanger Sonnenschein."
"649";"00:14:20:00";"00:14:20:00";"FABstídAm Donnerstag in weiten Landesteilen( ( æÜ"
"650";"00:14:20:00";"00:14:20:00";"FABst: mehr Sonne als Wolken.ÿÿ'ÿ<u>"
"651";"00:14:20:00";"00:14:23:11";"Am Donnerstag in weiten Landesteilen

mehr Sonne als Wolken."
"652";"00:14:23:13";"00:14:23:13";"FABstîd Am Freitag teils wolkig,( ( aber nuÊ¸"
"653";"00:14:23:13";"00:14:23:13";"FABst0r vereinzelt Schauer.ÿÿ1ïL"
"654";"00:14:23:13";"00:14:26:14";"Am Freitag teils wolkig,

aber nur vereinzelt Schauer."
"655";"00:14:26:17";"00:14:26:17";"FABstïP Um 22.15 Uhr spricht Caren Miosgaÿÿ@"
"656";"00:14:26:17";"00:14:28:23";"Um 22.15 Uhr spricht Caren Miosga"
"657";"00:14:29:01";"00:14:29:01";"FABstðd mit dem ehemaligen deutschen( ( Bo¨"
"658";"00:14:29:01";"00:14:29:01";"FABst.tschafter in Ankara:ÿÿ3"
"659";"00:14:29:01";"00:14:32:06";"mit dem ehemaligen deutschen

Botschafter in Ankara:"
"660";"00:14:32:13";"00:14:32:13";"FABstñ> Martin Erdmann.ÿÿI"
"661";"00:14:32:13";"00:14:33:18";"Martin Erdmann."
"662";"00:14:33:20";"00:14:33:20";"FABstò> Über die Frage,ÿÿÂ"
"663";"00:14:33:20";"00:14:34:23";"ÈUber die Frage,"
"664";"00:14:35:00";"00:14:35:00";"FABstód warum Erdogan bei der Wahl in( ( der Türm<i>"
"665";"00:14:35:00";"00:14:35:00";"FABst@kei so gut abgeschnitten hat.ÿÿ!·²"
"666";"00:14:35:00";"00:14:38:21";"warum Erdogan bei der Wahl in

der TÈurkei so gut abgeschnitten hat."
"667";"00:14:38:23";"00:14:38:23";"FABstôd Und wir berichten über einen ( ( verla4Ä"
"668";"00:14:38:23";"00:14:38:23";"FABst:ssenen Öltanker vor Jemen,ÿÿ'c<"
"669";"00:14:38:23";"00:14:42:13";"Und wir berichten Èuber einen

verlassenen ÈOltanker vor Jemen,"
"670";"00:14:42:15";"00:14:42:15";"FABstõd der das gesamte Rote Meer( ( vÎâ"
"671";"00:14:42:15";"00:14:42:15";"FABst(erseuchen könnte.ÿÿ9"
"672";"00:14:42:15";"00:14:46:00";"der das gesamte Rote Meer

verseuchen kÈonnte."
"673";"00:14:46:02";"00:14:46:02";"FABstöd Ich wünsche Ihnen noch ( ( eineÜ"
"674";"00:14:46:02";"00:14:46:02";"FABst,n angenehmen Abend.ÿÿ5ð6"
"675";"00:14:46:02";"00:14:50:00";"Ich wÈunsche Ihnen noch

einen angenehmen Abend."
"676";"00:14:52:24";"00:14:52:24";"FABst÷LCopyright Untertitel: NDR 2023ÿÿj:"
"677";"00:14:52:24";"00:14:55:17";"Copyright Untertitel: NDR 2023"
