No.;Timecode In;Timecode Out;Subtitle
"1";"00:00:03:00";"00:00:03:00";"FABst6 * Gong *ÿÿZZZZZZZZZZ¥¥ã¥¥¥¥¥6"
"2";"00:00:03:00";"00:00:03:00";"FABst¥¥¥á¥¥à¥ã¥¥¥¥§ª¦ªîªªªGÌ"
"3";"00:00:03:00";"00:00:04:02";"* Gong *"
"4";"00:00:04:14";"00:00:04:14";"FABstdHier ist das Erste Deutsche Fernsehen( ( 9"
"5";"00:00:04:14";"00:00:04:14";"FABst: mit der tagesschau.ÿÿ'õþ"
"6";"00:00:04:14";"00:00:08:13";"Hier ist das Erste Deutsche Fernsehen

mit der tagesschau."
"7";"00:00:08:17";"00:00:08:17";"FABstd Diese Sendung wurde vom NDR( ( live Af"
"8";"00:00:08:17";"00:00:08:17";"FABst6untertitelt (04.06.2023)ÿÿ+¼ª"
"9";"00:00:08:17";"00:00:13:02";"Diese Sendung wurde vom NDR

live untertitelt (04.06.2023)"
"10";"00:00:15:01";"00:00:15:01";"FABstTHeute im Studio: Julia-Niharika Sen.É"
"11";"00:00:15:01";"00:00:17:18";"Heute im Studio: Julia-Niharika Sen."
"12";"00:00:18:23";"00:00:18:23";"FABstd Guten Abend,( ( ich begrüße Si3¦"
"13";"00:00:18:23";"00:00:18:23";"FABst(e zur tagesschau.A¯R"
"14";"00:00:18:23";"00:00:21:17";"Guten Abend,

ich begrÈuûe Sie zur tagesschau."
"15";"00:00:24:00";"00:00:24:00";"FABstdIn Polen gingen heute Hunderttausende( ( F"
"16";"00:00:24:00";"00:00:24:00";"FABst8 gegen die Politikÿÿ)¶Æ"
"17";"00:00:24:00";"00:00:27:06";"In Polen gingen heute Hunderttausende

gegen die Politik"
"18";"00:00:27:08";"00:00:27:08";"FABstdder nationalkonservativen Regierung( ( V¨"
"19";"00:00:27:08";"00:00:27:08";"FABst0 auf die Straße.ÿÿ1V"
"20";"00:00:27:08";"00:00:30:07";"der nationalkonservativen Regierung

auf die Straûe."
"21";"00:00:30:09";"00:00:30:09";"FABstdGefordert wurden freie Wahlen und ein( ( dc"
"22";"00:00:30:09";"00:00:30:09";"FABstJemokratisches, europäisches Polen.ÿÿ"
"23";"00:00:30:09";"00:00:34:16";"Gefordert wurden freie Wahlen und ein

demokratisches, europÈaisches Polen."
"24";"00:00:34:19";"00:00:34:19";"FABstP Letzter Auslöser für die ProtesteÿÿÒ"
"25";"00:00:34:19";"00:00:36:22";"Letzter AuslÈoser fÈur die Proteste"
"26";"00:00:36:24";"00:00:36:24";"FABstd war ein Gesetz( ( für eine Unter¶"
"27";"00:00:36:24";"00:00:36:24";"FABst,suchungskommission.ÿÿ5Ý."
"28";"00:00:36:24";"00:00:39:19";"war ein Gesetz

fÈur eine Untersuchungskommission."
"29";"00:00:39:21";"00:00:39:21";"FABstdDiese soll russische Einflussnahme( ( ^"
"30";"00:00:39:21";"00:00:39:21";"FABst4auf die Politik prüfen.ÿÿ-?<"
"31";"00:00:39:21";"00:00:43:07";"Diese soll russische Einflussnahme

auf die Politik prÈufen."
"32";"00:00:43:09";"00:00:43:09";"FABst< Die Oppositionÿÿ!º"
"33";"00:00:43:09";"00:00:44:22";"Die Opposition"
"34";"00:00:44:24";"00:00:44:24";"FABstd sieht darin den Versuch,( ( gegen poliR"
"35";"00:00:44:24";"00:00:44:24";"FABst8tische Gegner vorzugehen.ÿÿ)ë("
"36";"00:00:44:24";"00:00:48:12";"sieht darin den Versuch,

gegen politische Gegner vorzugehen."
"37";"00:00:48:14";"00:00:48:14";"FABstd V.a. gegen Ex-Regierungschef( ( YÒ"
"38";"00:00:48:14";"00:00:48:14";"FABst$ Donald Tusk.ÿÿ=Ï."
"39";"00:00:48:14";"00:00:51:08";"V.a. gegen Ex-Regierungschef

Donald Tusk."
"40";"00:00:52:10";"00:00:52:10";"FABstd Ganz vorn marschiert Donald Tusk,( ( Chet"
"41";"00:00:52:10";"00:00:52:10";"FABst>f der Oppositionspartei PO. +"
"42";"00:00:52:10";"00:00:56:08";"Ganz vorn marschiert Donald Tusk,

Chef der Oppositionspartei PO."
"43";"00:00:56:13";"00:00:56:13";"FABstd Er hatte zu dem Marsch( ( gegen die?@"
"44";"00:00:56:13";"00:00:56:13";"FABst2 Regierung aufgerufen.7"
"45";"00:00:56:13";"00:00:59:17";"Er hatte zu dem Marsch

gegen die Regierung aufgerufen."
"46";"00:00:59:21";"00:00:59:21";"FABstd Neben ihm Lech Walesa,( ( eine Î"
"47";"00:00:59:21";"00:00:59:21";"FABst(Legende in Polen ÿÿ9Ç"
"48";"00:00:59:21";"00:01:02:10";"Neben ihm Lech Walesa,

eine Legende in Polen"
"49";"00:01:02:12";"00:01:02:12";"FABstd im Kampf gegen Kommunismus( ( unk$"
"50";"00:01:02:12";"00:01:02:12";"FABst(d für Demokratie.ÿÿ9}"
"51";"00:01:02:12";"00:01:05:09";"im Kampf gegen Kommunismus

und fÈur Demokratie."
"52";"00:01:05:13";"00:01:05:13";"FABstd Dass 34 Jahre nach den ersten( ( halgJ"
"53";"00:01:05:13";"00:01:05:13";"FABst6bfreien Wahlen in Polen ÿÿ+ç"
"54";"00:01:05:13";"00:01:09:00";"Dass 34 Jahre nach den ersten

halbfreien Wahlen in Polen"
"55";"00:01:09:04";"00:01:09:04";"FABstd für viele die Demokratie( ( auf</i>æ"
"56";"00:01:09:04";"00:01:09:04";"FABst( dem Spiel steht:ÿÿ9·"
"57";"00:01:09:04";"00:01:11:22";"fÈur viele die Demokratie

auf dem Spiel steht:"
"58";"00:01:12:01";"00:01:12:01";"FABstd Es trieb Hunderttausende( ( apÐ"
"59";"00:01:12:01";"00:01:12:01";"FABst"uf die Straße.ÿÿ?+Ø"
"60";"00:01:12:01";"00:01:14:18";"Es trieb Hunderttausende

auf die Straûe."
"61";"00:01:16:01";"00:01:16:01";"FABstVDie Demokratie stirbt in der Stille."
"62";"00:01:16:01";"00:01:18:17";"Die Demokratie stirbt in der Stille."
"63";"00:01:18:21";"00:01:18:21";"FABstRHeute werden wir nicht still sein.¾"
"64";"00:01:18:21";"00:01:21:02";"Heute werden wir nicht still sein."
"65";"00:01:21:06";"00:01:21:06";"FABstd Ihr erhebt eure Stimme( ( im Namen vG"
"66";"00:01:21:06";"00:01:21:06";"FABst2on 38 Millionen Polen.7æ"
"67";"00:01:21:06";"00:01:24:12";"Ihr erhebt eure Stimme

im Namen von 38 Millionen Polen."
"68";"00:01:24:14";"00:01:24:14";"FABstd Für die Demokratie,( ( damit ô"
"69";"00:01:24:14";"00:01:24:14";"FABst(sie nicht stirbt.ÿÿ9ßz"
"70";"00:01:24:14";"00:01:27:03";"FÈur die Demokratie,

damit sie nicht stirbt."
"71";"00:01:27:05";"00:01:27:05";"FABstdGegen die Angriffe von Kaczinsky und( ( @"
"72";"00:01:27:05";"00:01:27:05";"FABstJder Regierung auf ihre Fundamente.ÿÿôD"
"73";"00:01:27:05";"00:01:32:00";"Gegen die Angriffe von Kaczinsky und

der Regierung auf ihre Fundamente."
"74";"00:01:32:04";"00:01:32:04";"FABstdViele entschieden sich kurzfristig,( ( D8"
"75";"00:01:32:04";"00:01:32:04";"FABst, mitzulaufen.ÿÿ5Ê"
"76";"00:01:32:04";"00:01:35:05";"Viele entschieden sich kurzfristig,

mitzulaufen."
"77";"00:01:35:09";"00:01:35:09";"FABstd Die PiS beschloss vor einer Woche( ( ein"
"78";"00:01:35:09";"00:01:35:09";"FABst> heftig umstrittenes Gesetz.ÿÿ#Ì"
"79";"00:01:35:09";"00:01:39:21";"Die PiS beschloss vor einer Woche

ein heftig umstrittenes Gesetz."
"80";"00:01:40:08";"00:01:40:08";"FABstd Eine Kommission soll russischen( ( Einf<i>"
"81";"00:01:40:08";"00:01:40:08";"FABst<luss auf polnische Politik ÿÿ%º"
"82";"00:01:40:08";"00:01:44:05";"Eine Kommission soll russischen

Einfluss auf polnische Politik"
"83";"00:01:44:09";"00:01:44:09";"FABstd in den vergangenen 16 Jahren( ("
"84";"00:01:44:09";"00:01:44:09";"FABst$ untersuchen.ÿÿ=Þ"
"85";"00:01:44:09";"00:01:46:21";"in den vergangenen 16 Jahren

untersuchen."
"86";"00:01:47:00";"00:01:47:00";"FABstdSie kann Beschuldigten die Eignung( ( für ö$"
"87";"00:01:47:00";"00:01:47:00";"FABst@ffentliche Ämter aberkennen. ÿÿ!M"
"88";"00:01:47:00";"00:01:50:24";"Sie kann Beschuldigten die Eignung

fÈur Èoffentliche ÈAmter aberkennen."
"89";"00:01:51:01";"00:01:51:01";"FABst d De facto soll vor allem( ( Donald Tuz°"
"90";"00:01:51:01";"00:01:51:01";"FABst0sk am Pranger stehen.ÿÿ1ªô"
"91";"00:01:51:01";"00:01:54:07";"De facto soll vor allem

Donald Tusk am Pranger stehen."
"92";"00:01:54:11";"00:01:54:11";"FABst!d Der Weg zu unfreien Wahlen,( ( "`"
"93";"00:01:54:11";"00:01:54:11";"FABst*so sehen es viele:ÿÿ7ær"
"94";"00:01:54:11";"00:01:57:15";"Der Weg zu unfreien Wahlen,

so sehen es viele:"
"95";"00:01:58:16";"00:01:58:16";"FABst"VEin Krebsgeschwür frisst unser Land.ÿÿfþ"
"96";"00:01:58:16";"00:02:01:02";"Ein KrebsgeschwÈur frisst unser Land."
"97";"00:02:01:04";"00:02:01:04";"FABst#d Unsere Regierung zwingt uns( ( in dieB0"
"98";"00:02:01:04";"00:02:01:04";"FABst8 Arme des Totalitarismus.ÿÿ)ì"
"99";"00:02:01:04";"00:02:04:13";"Unsere Regierung zwingt uns

in die Arme des Totalitarismus."
"100";"00:02:04:15";"00:02:04:15";"FABst$J Wir machen es Russland nach.ÿÿÇ"
"101";"00:02:04:15";"00:02:06:17";"Wir machen es Russland nach."
"102";"00:02:08:08";"00:02:08:08";"FABst%d Der Demonstration( ( schlossenT*"
"103";"00:02:08:08";"00:02:08:08";"FABst* sich neben der POÿÿ7ïÜ"
"104";"00:02:08:08";"00:02:11:05";"Der Demonstration

schlossen sich neben der PO"
"105";"00:02:11:22";"00:02:11:22";"FABst&Ralle großen Oppositionsparteien an.ÿÿt¶"
"106";"00:02:11:22";"00:02:13:24";"alle groûen Oppositionsparteien an."
"107";"00:02:15:08";"00:02:15:08";"FABst'd Der Versuch der PiS,( ( mit Jb"
"108";"00:02:15:08";"00:02:15:08";"FABst"dem "Lex Tusk"Gà"
"109";"00:02:15:08";"00:02:17:20";"Der Versuch der PiS,

mit dem "Lex Tusk""
"110";"00:02:17:24";"00:02:17:24";"FABst(dihren größten Gegner bei den Wahlen,( ( ,"
"111";"00:02:17:24";"00:02:17:24";"FABstB Donald Tusk, zu schwächen:'ZN"
"112";"00:02:17:24";"00:02:21:15";"ihren grÈoûten Gegner bei den Wahlen,

Donald Tusk, zu schwÈachen:"
"113";"00:02:22:06";"00:02:22:06";"FABst)d Er könnte sich( ( als Bumer,"
"114";"00:02:22:06";"00:02:22:06";"FABst ang erweisen.ÿÿAþZ"
"115";"00:02:22:06";"00:02:24:10";"Er kÈonnte sich

als Bumerang erweisen."
"116";"00:02:24:12";"00:02:24:12";"FABst*d Die Demonstration ist( ( eine der r"
"117";"00:02:24:12";"00:02:24:12";"FABst<größten in Polen seit 1989.ÿÿ%Ä"
"118";"00:02:24:12";"00:02:27:20";"Die Demonstration ist

eine der grÈoûten in Polen seit 1989."
"119";"00:02:29:12";"00:02:29:12";"FABst+d In Leipzig war die Polizei( ( nach KraCn"
"120";"00:02:29:12";"00:02:29:12";"FABst@wallen mit einem Großaufgebotÿÿ!'h"
"121";"00:02:29:12";"00:02:33:07";"In Leipzig war die Polizei

nach Krawallen mit einem Groûaufgebot"
"122";"00:02:33:09";"00:02:33:09";"FABst,d gegen Demonstrierende( ( der linke/<i>"
"123";"00:02:33:09";"00:02:33:09";"FABst,n Szene im Einsatz.ÿÿ5´"
"124";"00:02:33:09";"00:02:36:07";"gegen Demonstrierende

der linken Szene im Einsatz."
"125";"00:02:37:19";"00:02:37:19";"FABst-RAuf beiden Seiten gab es Verletzte.ÿÿÉÎ"
"126";"00:02:37:19";"00:02:40:01";"Auf beiden Seiten gab es Verletzte."
"127";"00:02:40:03";"00:02:40:03";"FABst.dGegen fünf Personen wurde Haftbefehl( ( we£ô"
"128";"00:02:40:03";"00:02:40:03";"FABstFgen Landfriedensbruchs erlassen.ÿÿÝ@"
"129";"00:02:40:03";"00:02:44:07";"Gegen fÈunf Personen wurde Haftbefehl

wegen Landfriedensbruchs erlassen."
"130";"00:02:44:09";"00:02:44:09";"FABst/d Die mutmaßliche Linksextremistin( ( ­º"
"131";"00:02:44:09";"00:02:44:09";"FABst" Lina E.ÿÿ?±Þ"
"132";"00:02:44:09";"00:02:46:18";"Die mutmaûliche Linksextremistin

Lina E."
"133";"00:02:46:20";"00:02:46:20";"FABst0d war zu einer Haftstrafe( ( ve&"
"134";"00:02:46:20";"00:02:46:20";"FABst&rurteilt worden.ÿÿ;îR"
"135";"00:02:46:20";"00:02:49:08";"war zu einer Haftstrafe

verurteilt worden."
"136";"00:02:49:10";"00:02:49:10";"FABst1d Linksautonome hatten bundesweit( ( zu Pro"
"137";"00:02:49:10";"00:02:49:10";"FABst@testen in Leipzig aufgerufen.ÿÿ!Æd"
"138";"00:02:49:10";"00:02:53:08";"Linksautonome hatten bundesweit

zu Protesten in Leipzig aufgerufen."
"139";"00:02:53:10";"00:02:53:10";"FABst2d Eine Demonstration( ( gegen Po6Â"
"140";"00:02:53:10";"00:02:53:10";"FABst(lizeigewalt heuteÿÿ9Ê"
"141";"00:02:53:10";"00:02:56:07";"Eine Demonstration

gegen Polizeigewalt heute"
"142";"00:02:56:09";"00:02:56:09";"FABst3F hat die Stadt verboten.ÿÿÙb"
"143";"00:02:56:09";"00:02:58:00";"hat die Stadt verboten."
"144";"00:02:59:18";"00:02:59:18";"FABst4d Vergangene Nacht in Leipzig -( ( erneut"
"145";"00:02:59:18";"00:02:59:18";"FABst>kommt es zu Ausschreitungen.+È*"
"146";"00:02:59:18";"00:03:03:15";"Vergangene Nacht in Leipzig -

erneut kommt es zu Ausschreitungen."
"147";"00:03:03:19";"00:03:03:19";"FABst5dEine Polizeistation wird angegriffen,( ( M®"
"148";"00:03:03:19";"00:03:03:19";"FABst< Fahrzeuge beschädigt,-5@"
"149";"00:03:03:19";"00:03:07:13";"Eine Polizeistation wird angegriffen,

Fahrzeuge beschÈadigt,"
"150";"00:03:07:14";"00:03:07:14";"FABst6D Barrikaden errichtet.ÿÿíd"
"151";"00:03:07:14";"00:03:09:00";"Barrikaden errichtet."
"152";"00:03:09:02";"00:03:09:02";"FABst7d Insgesamt wurden 50 Polizisten( ( verletzú"
"153";"00:03:09:02";"00:03:09:02";"FABst>t, 30 Menschen festgenommen,ÿÿ#"
"154";"00:03:09:02";"00:03:12:24";"Insgesamt wurden 50 Polizisten

verletzt, 30 Menschen festgenommen,"
"155";"00:03:13:01";"00:03:13:01";"FABst8L 3000 Beamte waren im Einsatz.ÿÿ<u>@"
"156";"00:03:13:01";"00:03:15:01";"3000 Beamte waren im Einsatz."
"157";"00:03:15:05";"00:03:15:05";"FABst9d Einschätzungen( ( des sächsisch%ø"
"158";"00:03:15:05";"00:03:15:05";"FABst*en Innenministers.ÿÿ7×"
"159";"00:03:15:05";"00:03:18:04";"EinschÈatzungen

des sÈachsischen Innenministers."
"160";"00:03:18:08";"00:03:18:08";"FABst:d Wo es um Gewalt geht,( ( wo es um L"
"161";"00:03:18:08";"00:03:18:08";"FABst<Steine werfen, Pyrotechnik,-ì"
"162";"00:03:18:08";"00:03:22:06";"Wo es um Gewalt geht,

wo es um Steine werfen, Pyrotechnik,"
"163";"00:03:22:11";"00:03:22:11";"FABst;d Molotow-Cocktails geht -( ( das w¾"
"164";"00:03:22:11";"00:03:22:11";"FABst,ar alles im Spiel: =ð8"
"165";"00:03:22:11";"00:03:25:19";"Molotow-Cocktails geht -

das war alles im Spiel:"
"166";"00:03:25:23";"00:03:25:23";"FABst<d Da musst du klarmachen,( ( dass der 1""
"167";"00:03:25:23";"00:03:25:23";"FABst8Rechtsstaat agieren wird.ÿÿ)á@"
"168";"00:03:25:23";"00:03:29:24";"Da musst du klarmachen,

dass der Rechtsstaat agieren wird."
"169";"00:03:31:07";"00:03:31:07";"FABst=dKritik gab es am Vorgehen der Polizei( ( be`"
"170";"00:03:31:07";"00:03:31:07";"FABstLi einer angemeldeten Demonstration.ÿÿô"
"171";"00:03:31:07";"00:03:35:24";"Kritik gab es am Vorgehen der Polizei

bei einer angemeldeten Demonstration."
"172";"00:03:36:03";"00:03:36:03";"FABst>d Nach Angriffen auf Beamte( ( wurd)Z"
"173";"00:03:36:03";"00:03:36:03";"FABst0en 1000 Demonstrantenÿÿ1®J"
"174";"00:03:36:03";"00:03:39:18";"Nach Angriffen auf Beamte

wurden 1000 Demonstranten"
"175";"00:03:39:22";"00:03:39:22";"FABst?dteils bis in den Morgen eingekesselt,( ( |"
"176";"00:03:39:22";"00:03:39:22";"FABstFum ihre Identität festzustellen.ÿÿ"
"177";"00:03:39:22";"00:03:43:22";"teils bis in den Morgen eingekesselt,

um ihre IdentitÈat festzustellen."
"178";"00:03:43:24";"00:03:43:24";"FABst@d Es seien willkürlich Menschen( ( Þ¶"
"179";"00:03:43:24";"00:03:43:24";"FABst.festgesetzt worden,ÿÿ3Ú"
"180";"00:03:43:24";"00:03:46:20";"Es seien willkÈurlich Menschen

festgesetzt worden,"
"181";"00:03:46:22";"00:03:46:22";"FABstAd so Marco Böhme( ( von den säc"
"182";"00:03:46:22";"00:03:46:22";"FABst&hsischen Linken.ÿÿ;ÔÀ"
"183";"00:03:46:22";"00:03:49:09";"so Marco BÈohme

von den sÈachsischen Linken."
"184";"00:03:49:11";"00:03:49:11";"FABstBd Für über elf Stunden,( ( das r"
"185";"00:03:49:11";"00:03:49:11";"FABst(ist ein Problem, AÚ"
"186";"00:03:49:11";"00:03:51:23";"FÈur Èuber elf Stunden,

das ist ein Problem,"
"187";"00:03:52:00";"00:03:52:00";"FABstCd weil Minderjährige( ( und Unbete÷"
"188";"00:03:52:00";"00:03:52:00";"FABst,iligte dabei waren.=ÙÂ"
"189";"00:03:52:00";"00:03:54:23";"weil MinderjÈahrige

und Unbeteiligte dabei waren."
"190";"00:03:55:02";"00:03:55:02";"FABstDd Was verfolgt die Polizei da( ( &"
"191";"00:03:55:02";"00:03:55:02";"FABst,für eine Strategie?ÿÿ5jì"
"192";"00:03:55:02";"00:03:57:20";"Was verfolgt die Polizei da

fÈur eine Strategie?"
"193";"00:03:57:22";"00:03:57:22";"FABstEdDie Gewalttäter, die Steineschmeißer( ( pD"
"194";"00:03:57:22";"00:03:57:22";"FABst> waren schon lange weg.ÿÿ#ü^"
"195";"00:03:57:22";"00:04:01:07";"Die GewalttÈater, die Steineschmeiûer

waren schon lange weg."
"196";"00:04:01:09";"00:04:01:09";"FABstFdAußerdem seien zehn Demonstrationen( ( veÑ<i>"
"197";"00:04:01:09";"00:04:01:09";"FABst@rboten worden, kritisiert er.ÿÿ!¨<u>"
"198";"00:04:01:09";"00:04:05:14";"Auûerdem seien zehn Demonstrationen

verboten worden, kritisiert er."
"199";"00:04:06:08";"00:04:06:08";"FABstGd Leipzigs Oberbürgermeister Jung( ( vÐ "
"200";"00:04:06:08";"00:04:06:08";"FABst4erteidigt das Vorgehen:ÿÿ-ãÖ"
"201";"00:04:06:08";"00:04:09:16";"Leipzigs OberbÈurgermeister Jung

verteidigt das Vorgehen:"
"202";"00:04:09:19";"00:04:09:19";"FABstHdDie erlaubte Demonstration gestern ( ( ze-"
"203";"00:04:09:19";"00:04:09:19";"FABstHigt, dass das Verbot richtig war.!ê"
"204";"00:04:09:19";"00:04:13:19";"Die erlaubte Demonstration gestern

zeigt, dass das Verbot richtig war."
"205";"00:04:13:21";"00:04:13:21";"FABstId Wir erleben, dass bei einer( ( angeZ"
"206";"00:04:13:21";"00:04:13:21";"FABst4kündigten Demonstration5pÊ"
"207";"00:04:13:21";"00:04:17:17";"Wir erleben, dass bei einer

angekÈundigten Demonstration"
"208";"00:04:17:21";"00:04:17:21";"FABstJdsich Gewalttäter darunter mischen,( ( das"
"209";"00:04:17:21";"00:04:17:21";"FABstDs sie instrumentalisiert wird. ÿÿö"
"210";"00:04:17:21";"00:04:22:13";"sich GewalttÈater darunter mischen,

dass sie instrumentalisiert wird."
"211";"00:04:22:15";"00:04:22:15";"FABstKd Für den Abend war in Leipzig( ( ""
"212";"00:04:22:15";"00:04:22:15";"FABst*eine Demonstrationÿÿ7"
"213";"00:04:22:15";"00:04:25:11";"FÈur den Abend war in Leipzig

eine Demonstration"
"214";"00:04:25:15";"00:04:25:15";"FABstLd im Stadtteil Connewitz geplant,( ("
"215";"00:04:25:15";"00:04:25:15";"FABst2diese wurde verboten.ÿÿ/Ét"
"216";"00:04:25:15";"00:04:28:19";"im Stadtteil Connewitz geplant,

diese wurde verboten."
"217";"00:04:28:22";"00:04:28:22";"FABstMd Der Einsatz dauert an.( ( Bis zum _V"
"218";"00:04:28:22";"00:04:28:22";"FABst0Abend blieb es ruhig.ÿÿ1¹"
"219";"00:04:28:22";"00:04:32:07";"Der Einsatz dauert an.

Bis zum Abend blieb es ruhig."
"220";"00:04:34:06";"00:04:34:06";"FABstNL Das EU-Treffen zur AsylpolitikÿÿÃ"
"221";"00:04:34:06";"00:04:36:04";"Das EU-Treffen zur Asylpolitik"
"222";"00:04:36:06";"00:04:36:06";"FABstOd entfacht in Deutschland( ( diþ"
"223";"00:04:36:06";"00:04:36:06";"FABst(e Diskussion neu.ÿÿ9á"
"224";"00:04:36:06";"00:04:39:02";"entfacht in Deutschland

die Diskussion neu."
"225";"00:04:39:06";"00:04:39:06";"FABstPdDie Kommission empfiehlt Vorprüfungen( ( Ì@"
"226";"00:04:39:06";"00:04:39:06";"FABst6 von Asylanträgenÿÿ+Ò"
"227";"00:04:39:06";"00:04:42:21";"Die Kommission empfiehlt VorprÈufungen

von AsylantrÈagen"
"228";"00:04:43:00";"00:04:43:00";"FABstQF an den EU-Außengrenzen.ÿÿÊ"
"229";"00:04:43:00";"00:04:44:16";"an den EU-Auûengrenzen."
"230";"00:04:44:20";"00:04:44:20";"FABstRd Regierungspolitiker( ( von H¼"
"231";"00:04:44:20";"00:04:44:20";"FABst$SPD und Grünen ÿÿ=@¶"
"232";"00:04:44:20";"00:04:47:09";"Regierungspolitiker

von SPD und GrÈunen"
"233";"00:04:47:13";"00:04:47:13";"FABstSPwollen diesen Vorschlag mittragen.ÿÿÄ"
"234";"00:04:47:13";"00:04:49:23";"wollen diesen Vorschlag mittragen."
"235";"00:04:50:02";"00:04:50:02";"FABstTdSie verlangen Ausnahmen für Familien( ( úø"
"236";"00:04:50:02";"00:04:50:02";"FABst@mit Kindern und Jugendliche.ÿÿ!<"
"237";"00:04:50:02";"00:04:54:04";"Sie verlangen Ausnahmen fÈur Familien

mit Kindern und Jugendliche."
"238";"00:04:54:08";"00:04:54:08";"FABstUH FDP und CDU lehnen das ab.ÿÿí¬"
"239";"00:04:54:08";"00:04:56:05";"FDP und CDU lehnen das ab."
"240";"00:04:56:17";"00:04:56:17";"FABstVdIn einem offenen Brief kritisieren( ( r"
"241";"00:04:56:17";"00:04:56:17";"FABst6Prominente und Künstler:ÿÿ+-"
"242";"00:04:56:17";"00:05:00:10";"In einem offenen Brief kritisieren

Prominente und KÈunstler:"
"243";"00:05:00:14";"00:05:00:14";"FABstWd Die Regierung würde massiven ( ( Vers*"
"244";"00:05:00:14";"00:05:00:14";"FABst8chlechterungen zustimmen,ÿÿ)"
"245";"00:05:00:14";"00:05:04:01";"Die Regierung wÈurde massiven

Verschlechterungen zustimmen,"
"246";"00:05:04:05";"00:05:04:05";"FABstXTstatt Verbesserungen voranzutreiben.ÿÿ"
"247";"00:05:04:05";"00:05:06:13";"statt Verbesserungen voranzutreiben."
"248";"00:05:08:20";"00:05:08:20";"FABstYd Die steigenden Umfragewerte( ( 0"
"249";"00:05:08:20";"00:05:08:20";"FABst$ für die AfDÿÿ=Ü"
"250";"00:05:08:20";"00:05:11:19";"Die steigenden Umfragewerte

fÈur die AfD"
"251";"00:05:11:23";"00:05:11:23";"FABstZd sorgen weiter für Diskussionen( ( über""
"252";"00:05:11:23";"00:05:11:23";"FABst6 die Ursachen ausgelöst.ÿÿ+[Ö"
"253";"00:05:11:23";"00:05:15:14";"sorgen weiter fÈur Diskussionen

Èuber die Ursachen ausgelÈost."
"254";"00:05:15:18";"00:05:15:18";"FABst[d Die Union sieht( ( im geplantuÎ"
"255";"00:05:15:18";"00:05:15:18";"FABst(en Heizungsgesetzÿÿ9üè"
"256";"00:05:15:18";"00:05:18:10";"Die Union sieht

im geplanten Heizungsgesetz"
"257";"00:05:18:14";"00:05:18:14";"FABst\Tden Grund für die Stärke der Partei.ÿÿ¶"
"258";"00:05:18:14";"00:05:21:02";"den Grund fÈur die StÈarke der Partei."
"259";"00:05:21:09";"00:05:21:09";"FABst]d Ähnlich argumentiert( ( SPD-Fra<i>¼"
"260";"00:05:21:09";"00:05:21:09";"FABst(ktionsvize Wiese.ÿÿ9»Z"
"261";"00:05:21:09";"00:05:24:12";"ÈAhnlich argumentiert

SPD-Fraktionsvize Wiese."
"262";"00:05:24:23";"00:05:24:23";"FABst^d Im aktuellen ARD-Deutschlandtrend( ( ko@t"
"263";"00:05:24:23";"00:05:24:23";"FABst:mmen SPD und AfD auf 18 %.ÿÿ'Ðv"
"264";"00:05:24:23";"00:05:29:08";"Im aktuellen ARD-Deutschlandtrend

kommen SPD und AfD auf 18 %."
"265";"00:05:30:19";"00:05:30:19";"FABst_d Die Geschäftsführerin( ( der GrünÈ"
"266";"00:05:30:19";"00:05:30:19";"FABst0en-Fraktion, Mihalic,ÿÿ1</u>>"
"267";"00:05:30:19";"00:05:34:09";"Die GeschÈaftsfÈuhrerin

der GrÈunen-Fraktion, Mihalic,"
"268";"00:05:34:13";"00:05:34:13";"FABst`d rief die Koalition( ( zur GescÞ"
"269";"00:05:34:13";"00:05:34:13";"FABst&hlossenheit auf.ÿÿ;ül"
"270";"00:05:34:13";"00:05:37:11";"rief die Koalition

zur Geschlossenheit auf."
"271";"00:05:38:09";"00:05:38:09";"FABstad Verunsicherung und Sorge ( ( vor"
"272";"00:05:38:09";"00:05:38:09";"FABst0teuren Investitionen:9»¾"
"273";"00:05:38:09";"00:05:41:15";"Verunsicherung und Sorge

vor teuren Investitionen:"
"274";"00:05:41:19";"00:05:41:19";"FABstbd Für viele wirft das Heizungsgesetz( ( mehrß"
"275";"00:05:41:19";"00:05:41:19";"FABstF Fragen auf, als es beantwortet.#ïà"
"276";"00:05:41:19";"00:05:46:06";"FÈur viele wirft das Heizungsgesetz

mehr Fragen auf, als es beantwortet."
"277";"00:05:46:20";"00:05:46:20";"FABstcd Die guten Umfragewerte der AfD,( ( gleicä"
"278";"00:05:46:20";"00:05:46:20";"FABstFhauf mit der SPD auf Platz zwei,#ÏN"
"279";"00:05:46:20";"00:05:51:16";"Die guten Umfragewerte der AfD,

gleichauf mit der SPD auf Platz zwei,"
"280";"00:05:51:20";"00:05:51:20";"FABstdd hängen auch mit dem nicht( ( beschlos"
"281";"00:05:51:20";"00:05:51:20";"FABst2senen Gesetz zusammen.ÿÿ/</i>b"
"282";"00:05:51:20";"00:05:55:15";"hÈangen auch mit dem nicht

beschlossenen Gesetz zusammen."
"283";"00:05:55:19";"00:05:55:19";"FABsted So der stellvertretende( ( SPD-Frakw:"
"284";"00:05:55:19";"00:05:55:19";"FABst4tionsvorsitzende Wiese.ÿÿ-­"
"285";"00:05:55:19";"00:05:59:09";"So der stellvertretende

SPD-Fraktionsvorsitzende Wiese."
"286";"00:05:59:13";"00:05:59:13";"FABstfdIch glaube, Habeck ist sich bewusst,( ( @"
"287";"00:05:59:13";"00:05:59:13";"FABst8 dass das Gesetz,1´â"
"288";"00:05:59:13";"00:06:02:17";"Ich glaube, Habeck ist sich bewusst,

dass das Gesetz,"
"289";"00:06:02:19";"00:06:02:19";"FABstgd wie er sich es vorgestellt hat,( ( >Ø"
"290";"00:06:02:19";"00:06:02:19";"FABst0nicht umsetzbar ist.9³f"
"291";"00:06:02:19";"00:06:06:08";"wie er sich es vorgestellt hat,

nicht umsetzbar ist."
"292";"00:06:07:07";"00:06:07:07";"FABsthdFür viele Bürgerinnen und Bürger( ( auc®"
"293";"00:06:07:07";"00:06:07:07";"FABst8h, das sage ich deutlich,ÿÿ)j"
"294";"00:06:07:07";"00:06:11:14";"FÈur viele BÈurgerinnen und BÈurger

auch, das sage ich deutlich,"
"295";"00:06:11:18";"00:06:11:18";"FABstiPteils Empörung hervorgerufen hat.ÿÿ^"
"296";"00:06:11:18";"00:06:14:03";"teils EmpÈorung hervorgerufen hat."
"297";"00:06:15:22";"00:06:15:22";"FABstjd Streit in der Bundesregierung, ( ( gegeQ<u>"
"298";"00:06:15:22";"00:06:15:22";"FABst<nseitige Schuldzuweisungen.ÿÿ%¡t"
"299";"00:06:15:22";"00:06:19:14";"Streit in der Bundesregierung,

gegenseitige Schuldzuweisungen."
"300";"00:06:19:16";"00:06:19:16";"FABstkd Im Bericht aus Berlin( ( verteidigt d!4"
"301";"00:06:19:16";"00:06:19:16";"FABst2er FDP-Generalsekretärÿÿ/fF"
"302";"00:06:19:16";"00:06:23:02";"Im Bericht aus Berlin

verteidigt der FDP-GeneralsekretÈar"
"303";"00:06:23:04";"00:06:23:04";"FABstld Forderungen seiner Partei, ( ( das Cº"
"304";"00:06:23:04";"00:06:23:04";"FABst4Gesetz zu überarbeiten.ÿÿ-d¸"
"305";"00:06:23:04";"00:06:26:21";"Forderungen seiner Partei,

das Gesetz zu Èuberarbeiten."
"306";"00:06:27:04";"00:06:27:04";"FABstmd Es wäre schlecht für die Politik,( ( es 6"
"307";"00:06:27:04";"00:06:27:04";"FABstFwäre schlecht für die Regierung,#é\"
"308";"00:06:27:04";"00:06:31:16";"Es wÈare schlecht fÈur die Politik,

es wÈare schlecht fÈur die Regierung,"
"309";"00:06:31:20";"00:06:31:20";"FABstnNein schlechtes Gesetz zu machen.©¸"
"310";"00:06:31:20";"00:06:34:03";"ein schlechtes Gesetz zu machen."
"311";"00:06:34:07";"00:06:34:07";"FABstod Der CDU-Vorsitzende Merz,( ( selbst miD"
"312";"00:06:34:07";"00:06:34:07";"FABst<t der Union im Umfragetief,ÿÿ%Ù`"
"313";"00:06:34:07";"00:06:38:09";"Der CDU-Vorsitzende Merz,

selbst mit der Union im Umfragetief,"
"314";"00:06:38:13";"00:06:38:13";"FABstpN gibt den Medien eine Mitschuld:ÿÿå<"
"315";"00:06:38:13";"00:06:40:16";"gibt den Medien eine Mitschuld:"
"316";"00:06:40:19";"00:06:40:19";"FABstqd "Mit jeder gegenderten( ( Nach"
"317";"00:06:40:19";"00:06:40:19";"FABst&richtensendung",ÿÿ;ñx"
"318";"00:06:40:19";"00:06:43:07";""Mit jeder gegenderten

Nachrichtensendung","
"319";"00:06:43:09";"00:06:43:09";"FABstrdschreibt er auf Twitter, "gehen ein( ( paq8"
"320";"00:06:43:09";"00:06:43:09";"FABst>ar Hundert Stimmen zur AfD."ÿÿ#àz"
"321";"00:06:43:09";"00:06:47:07";"schreibt er auf Twitter, "gehen ein

paar Hundert Stimmen zur AfD.""
"322";"00:06:47:11";"00:06:47:11";"FABstsd Es geht nicht um die Sorgen( ( der MensX"
"323";"00:06:47:11";"00:06:47:11";"FABst:schen, nicht um Inflation,/x"
"324";"00:06:47:11";"00:06:51:01";"Es geht nicht um die Sorgen

der Menschen, nicht um Inflation,"
"325";"00:06:51:03";"00:06:51:03";"FABsttdnicht um die Gesundheitspolitik,( ( d""
"326";"00:06:51:03";"00:06:51:03";"FABst4as Chaos bei Heizungen.5P"
"327";"00:06:51:03";"00:06:55:06";"nicht um die Gesundheitspolitik,

das Chaos bei Heizungen."
"328";"00:06:56:09";"00:06:56:09";"FABstud Es wird der Eindruck erweckt,( ( dass V<"
"329";"00:06:56:09";"00:06:56:09";"FABstBRandthemen eine Rolle spielen.ÿÿ¯j"
"330";"00:06:56:09";"00:07:00:18";"Es wird der Eindruck erweckt,

dass Randthemen eine Rolle spielen."
"331";"00:07:01:05";"00:07:01:05";"FABstvd Dass es bislang nicht gut läuft( ( ÿ"
"332";"00:07:01:05";"00:07:01:05";"FABst4mit dem Heizungsgesetz,5âd"
"333";"00:07:01:05";"00:07:04:12";"Dass es bislang nicht gut lÈauft

mit dem Heizungsgesetz,"
"334";"00:07:04:15";"00:07:04:15";"FABstwd darüber ist sich( ( die Regùh"
"335";"00:07:04:15";"00:07:04:15";"FABst ierung einig.Iñ"
"336";"00:07:04:15";"00:07:07:01";"darÈuber ist sich

die Regierung einig."
"337";"00:07:07:05";"00:07:07:05";"FABstxd Man will sich( ( auf die VerhaP$"
"338";"00:07:07:05";"00:07:07:05";"FABst4ndlungen konzentrieren,ÿÿ-</i>´"
"339";"00:07:07:05";"00:07:10:05";"Man will sich

auf die Verhandlungen konzentrieren,"
"340";"00:07:10:09";"00:07:10:09";"FABstyd am besten vor der Sommerpause( ( soll 4Ò"
"341";"00:07:10:09";"00:07:10:09";"FABstBein neuer Entwurf fertig sein.ÿÿÆR"
"342";"00:07:10:09";"00:07:14:07";"am besten vor der Sommerpause

soll ein neuer Entwurf fertig sein."
"343";"00:07:14:11";"00:07:14:11";"FABstzdNoch einen Fehltritt will man sich( ( >"
"344";"00:07:14:11";"00:07:14:11";"FABst<i>n der Ampel nicht leisten.ÿÿ%ï:"
"345";"00:07:14:11";"00:07:18:09";"Noch einen Fehltritt will man sich

in der Ampel nicht leisten."
"346";"00:07:19:09";"00:07:19:09";"FABst{d Angesichts der Spannungen( ( :"
"347";"00:07:19:09";"00:07:19:09";"FABst&am Indo-Pazifikÿÿ;"
"348";"00:07:19:09";"00:07:22:06";"Angesichts der Spannungen

am Indo-Pazifik"
"349";"00:07:22:10";"00:07:22:10";"FABst|dwill sich Deutschland dort verstärkt( ( für1Æ"
"350";"00:07:22:10";"00:07:22:10";"FABstJ Frieden und Sicherheit einsetzen.ÿÿñ4"
"351";"00:07:22:10";"00:07:26:19";"will sich Deutschland dort verstÈarkt

fÈur Frieden und Sicherheit einsetzen."
"352";"00:07:26:21";"00:07:26:21";"FABst}dDas kündigte Verteidigungsminister( ( Ñ"
"353";"00:07:26:21";"00:07:26:21";"FABst* Pistorius an:ÿÿ7Ú"
"354";"00:07:26:21";"00:07:30:02";"Das kÈundigte Verteidigungsminister

Pistorius an:"
"355";"00:07:30:06";"00:07:30:06";"FABst~d Bei der wichtigsten( ( Sicherheit¼"
"356";"00:07:30:06";"00:07:30:06";"FABst*skonferenz Asiens,ÿÿ7Æ"
"357";"00:07:30:06";"00:07:33:02";"Bei der wichtigsten

Sicherheitskonferenz Asiens,"
"358";"00:07:33:04";"00:07:33:04";"FABstPdem Shangri-La-Dialog in Singapur.ÿÿÊÖ"
"359";"00:07:33:04";"00:07:35:16";"dem Shangri-La-Dialog in Singapur."
"360";"00:07:35:20";"00:07:35:20";"FABst<i>L Konflikte im Indo-Pazifik-Raumÿÿ.ø"
"361";"00:07:35:20";"00:07:37:16";"Konflikte im Indo-Pazifik-Raum"
"362";"00:07:37:18";"00:07:37:18";"FABst</i>d können wichtige Handelsrouten( ( D"
"363";"00:07:37:18";"00:07:37:18";"FABst*beeinträchtigen.ÿÿ7#¾"
"364";"00:07:37:18";"00:07:40:12";"kÈonnen wichtige Handelsrouten

beeintrÈachtigen."
"365";"00:07:40:14";"00:07:40:14";"FABst<u>@ So ist die Regionÿÿ8T"
"366";"00:07:40:14";"00:07:41:16";"So ist die Region"
"367";"00:07:41:18";"00:07:41:18";"FABst</u>d im Fokus der deutschen( ( Außen- un^"
"368";"00:07:41:18";"00:07:41:18";"FABst0d Sicherheitspolitik.ÿÿ1¯V"
"369";"00:07:41:18";"00:07:45:04";"im Fokus der deutschen

Auûen- und Sicherheitspolitik."
"370";"00:07:46:12";"00:07:46:12";"FABstd Verteidigungsminister,( ( RegierungsñP"
"371";"00:07:46:12";"00:07:46:12";"FABst<chefs, Sicherheitsexperten.-ð0"
"372";"00:07:46:12";"00:07:50:10";"Verteidigungsminister,

Regierungschefs, Sicherheitsexperten."
"373";"00:07:50:12";"00:07:50:12";"FABstd Der Shangri-La Dialog in Singapur( ( </u>>"
"374";"00:07:50:12";"00:07:50:12";"FABst6ist hochkarätig besetzt.3<,"
"375";"00:07:50:12";"00:07:54:07";"Der Shangri-La Dialog in Singapur

ist hochkarÈatig besetzt."
"376";"00:07:54:11";"00:07:54:11";"FABst> Aus Deutschlandÿÿz"
"377";"00:07:54:11";"00:07:55:14";"Aus Deutschland"
"378";"00:07:55:17";"00:07:55:17";"FABstdist Verteidigungsminister Pistorius( ( ý\"
"379";"00:07:55:17";"00:07:55:17";"FABst* angereist.ÿÿ7ªd"
"380";"00:07:55:17";"00:07:58:10";"ist Verteidigungsminister Pistorius

angereist."
"381";"00:07:58:14";"00:07:58:14";"FABstN Seine Präsenz setzt ein Zeichen.ÿÿê2"
"382";"00:07:58:14";"00:08:00:15";"Seine PrÈasenz setzt ein Zeichen."
"383";"00:08:00:17";"00:08:00:17";"FABstd Die Indo-Pazifik-Region -( ( für Deutsî"
"384";"00:08:00:17";"00:08:00:17";"FABst4chland immer wichtiger.ÿÿ-Ðâ"
"385";"00:08:00:17";"00:08:04:11";"Die Indo-Pazifik-Region -

fÈur Deutschland immer wichtiger."
"386";"00:08:04:15";"00:08:04:15";"FABst
F Wir wollen dafür sorgen,"
"387";"00:08:04:15";"00:08:06:11";"Wir wollen dafÈur sorgen,"
"388";"00:08:07:23";"00:08:07:23";"FABstd dass wir unsere Risiken( ( und Abhän0Î"
"389";"00:08:07:23";"00:08:07:23";"FABst0gigkeiten vermindern.9þ"
"390";"00:08:07:23";"00:08:11:15";"dass wir unsere Risiken

und AbhÈangigkeiten vermindern."
"391";"00:08:12:11";"00:08:12:11";"FABst> Stichwort China.ÿÿS>"
"392";"00:08:12:11";"00:08:13:18";"Stichwort China."
"393";"00:08:13:22";"00:08:13:22";"FABstdWir wollen nicht alle unsere Eier( ( Î"
"394";"00:08:13:22";"00:08:13:22";"FABst6im gleichen Korb haben:ÿÿ+¶"
"395";"00:08:13:22";"00:08:17:15";"Wir wollen nicht alle unsere Eier

im gleichen Korb haben:"
"396";"00:08:17:19";"00:08:17:19";"FABstd Die Risiken verteilen,( ( AbhängiÈ"
"397";"00:08:17:19";"00:08:17:19";"FABst,gkeiten reduzieren.ÿÿ5ô"
"398";"00:08:17:19";"00:08:21:07";"Die Risiken verteilen,

AbhÈangigkeiten reduzieren."
"399";"00:08:21:11";"00:08:21:11";"FABstd Deutschland auf der Suche( ( na¡ú"
"400";"00:08:21:11";"00:08:21:11";"FABst*ch neuen Partnern.ÿÿ7<i>¶"
"401";"00:08:21:11";"00:08:24:20";"Deutschland auf der Suche

nach neuen Partnern."
"402";"00:08:24:22";"00:08:24:22";"FABstH Als große Wirtschafsnationÿÿz"
"403";"00:08:24:22";"00:08:26:13";"Als groûe Wirtschafsnation"
"404";"00:08:26:16";"00:08:26:16";"FABstd hat es ein Interesse( ( an sicheren Éº"
"405";"00:08:26:16";"00:08:26:16";"FABst4See- und Handelsrouten.ÿÿ-z"
"406";"00:08:26:16";"00:08:29:21";"hat es ein Interesse

an sicheren See- und Handelsrouten."
"407";"00:08:29:23";"00:08:29:23";"FABstL Als Zeichen war vor 1,5 Jahrenÿÿè"
"408";"00:08:29:23";"00:08:31:21";"Als Zeichen war vor 1,5 Jahren"
"409";"00:08:32:00";"00:08:32:00";"FABstd die Fregatte Bayern( ( in der RÛ"
"410";"00:08:32:00";"00:08:32:00";"FABst&egion unterwegs.ÿÿ;êj"
"411";"00:08:32:00";"00:08:34:18";"die Fregatte Bayern

in der Region unterwegs."
"412";"00:08:34:22";"00:08:34:22";"FABstdIm kommenden Jahr sollen zwei Schiffe( ( dÐ2"
"413";"00:08:34:22";"00:08:34:22";"FABstHer deutschen Marine vor Ort sein,ÿÿÛ¾"
"414";"00:08:34:22";"00:08:39:03";"Im kommenden Jahr sollen zwei Schiffe

der deutschen Marine vor Ort sein,"
"415";"00:08:39:05";"00:08:39:05";"FABstd zur Überwachung von Sanktionen( ( `H"
"416";"00:08:39:05";"00:08:39:05";"FABst*gegen Nordkorea.ÿÿ7Õð"
"417";"00:08:39:05";"00:08:42:03";"zur ÈUberwachung von Sanktionen

gegen Nordkorea."
"418";"00:08:42:05";"00:08:42:05";"FABstd Die Spannungen in der Region,( ( besondH"
"419";"00:08:42:05";"00:08:42:05";"FABstDers zwischen den USA und China,ÿÿÑ¾"
"420";"00:08:42:05";"00:08:46:04";"Die Spannungen in der Region,

besonders zwischen den USA und China,"
"421";"00:08:46:06";"00:08:46:06";"FABstd beobachten Sicherheitsexperten( ( ßæ"
"422";"00:08:46:06";"00:08:46:06";"FABst$ mit Sorge.ÿÿ=æ"
"423";"00:08:46:06";"00:08:49:03";"beobachten Sicherheitsexperten

mit Sorge."
"424";"00:08:53:04";"00:08:53:04";"FABstd Mit der Anzahl der Schiffe,( ( die ßÆ"
"425";"00:08:53:04";"00:08:53:04";"FABst4dort aufeinandertreffen5Ðü"
"426";"00:08:53:04";"00:08:56:12";"Mit der Anzahl der Schiffe,

die dort aufeinandertreffen"
"427";"00:08:56:14";"00:08:56:14";"FABstd und Chinas Einwänden( ( gegen di|"
"428";"00:08:56:14";"00:08:56:14";"FABst*e US-Präsenz dort.?Dp"
"429";"00:08:56:14";"00:08:59:12";"und Chinas EinwÈanden

gegen die US-PrÈasenz dort."
"430";"00:08:59:16";"00:08:59:16";"FABstd Wir haben das Risiko( ( eines¦¤"
"431";"00:08:59:16";"00:08:59:16";"FABst$ Zwischenfalls ÿÿ=·&"
"432";"00:08:59:16";"00:09:02:01";"Wir haben das Risiko

eines Zwischenfalls"
"433";"00:09:02:03";"00:09:02:03";"FABstH auf See oder in der Luft.ÿÿLÆ"
"434";"00:09:02:03";"00:09:03:19";"auf See oder in der Luft."
"435";"00:09:03:23";"00:09:03:23";"FABstd Und damit das Risiko( ( eineõ "
"436";"00:09:03:23";"00:09:03:23";"FABst"r Eskalation. ÿÿ?</i>ð"
"437";"00:09:03:23";"00:09:06:15";"Und damit das Risiko

einer Eskalation."
"438";"00:09:07:19";"00:09:07:19";"FABstN Ein Beispiel dafür gab es heute.ÿÿð"
"439";"00:09:07:19";"00:09:10:03";"Ein Beispiel dafÈur gab es heute."
"440";"00:09:10:11";"00:09:10:11";"FABstL In der Taiwanstraße kamen sichÿÿ"
"441";"00:09:10:11";"00:09:12:09";"In der Taiwanstraûe kamen sich"
"442";"00:09:12:11";"00:09:12:11";"FABstdein chinesisches und amerikanisches( ( MÔô"
"443";"00:09:12:11";"00:09:12:11";"FABst<arineschiff gefährlich nah.ÿÿ%Iâ"
"444";"00:09:12:11";"00:09:16:22";"ein chinesisches und amerikanisches

Marineschiff gefÈahrlich nah."
"445";"00:09:18:05";"00:09:18:05";"FABst d Für die USA eine Provokation( ( vonbÖ"
"446";"00:09:18:05";"00:09:18:05";"FABst. chinesischer Seite.ÿÿ3$"
"447";"00:09:18:05";"00:09:22:02";"FÈur die USA eine Provokation

von chinesischer Seite."
"448";"00:09:22:06";"00:09:22:06";"FABst¡d Diese entgegnet, die USA sollten( ( aus dÎÈ"
"449";"00:09:22:06";"00:09:22:06";"FABstFen Gewässer nahe China abziehen.ÿÿj"
"450";"00:09:22:06";"00:09:27:01";"Diese entgegnet, die USA sollten

aus den GewÈasser nahe China abziehen."
"451";"00:09:28:06";"00:09:28:06";"FABst¢d Die Ukraine wurde in der Nacht ( ( erneû("
"452";"00:09:28:06";"00:09:28:06";"FABst<ut von Russland beschossen.ÿÿ%·è"
"453";"00:09:28:06";"00:09:32:08";"Die Ukraine wurde in der Nacht

erneut von Russland beschossen."
"454";"00:09:32:12";"00:09:32:12";"FABst£d Beim Angriff auf ein Wohnviertel( ( in¸"
"455";"00:09:32:12";"00:09:32:12";"FABst6 einem Vorort von Dniproÿÿ+áÎ"
"456";"00:09:32:12";"00:09:36:03";"Beim Angriff auf ein Wohnviertel

in einem Vorort von Dnipro"
"457";"00:09:36:06";"00:09:36:06";"FABst¤d kam nach Angaben der Behörden( ( ein"
"458";"00:09:36:06";"00:09:36:06";"FABst6 Mädchen (2) ums Leben. ÿÿ++"
"459";"00:09:36:06";"00:09:39:17";"kam nach Angaben der BehÈorden

ein MÈadchen (2) ums Leben."
"460";"00:09:39:19";"00:09:39:19";"FABst¥d Mindestens 22 Menschen( ( wuÆ"
"461";"00:09:39:19";"00:09:39:19";"FABst"rden verletzt,Gð"
"462";"00:09:39:19";"00:09:42:10";"Mindestens 22 Menschen

wurden verletzt,"
"463";"00:09:42:13";"00:09:42:13";"FABst¦F unter ihnen fünf Kinder."
"464";"00:09:42:13";"00:09:44:03";"unter ihnen fÈunf Kinder."
"465";"00:09:44:05";"00:09:44:05";"FABst§d Die Rakete schlug im Hof( ( nebenõl"
"466";"00:09:44:05";"00:09:44:05";"FABst, dem Wohnhaus ein. ÿÿ5å "
"467";"00:09:44:05";"00:09:47:18";"Die Rakete schlug im Hof

neben dem Wohnhaus ein."
"468";"00:09:49:12";"00:09:49:12";"FABst¨d Das Zugunglück( ( mit über 275"
"469";"00:09:49:12";"00:09:49:12";"FABst& Toten in Indienÿÿ;²N"
"470";"00:09:49:12";"00:09:52:19";"Das ZugunglÈuck

mit Èuber 275 Toten in Indien"
"471";"00:09:53:09";"00:09:53:09";"FABst©d wurde wohl durch einen Fehler( ( im Signav"
"472";"00:09:53:09";"00:09:53:09";"FABst:lsystem verursacht worden.ÿÿ'¹¶"
"473";"00:09:53:09";"00:09:57:20";"wurde wohl durch einen Fehler

im Signalsystem verursacht worden."
"474";"00:09:58:22";"00:09:58:22";"FABstªJ So der zuständige Minister.ÿÿé""
"475";"00:09:58:22";"00:10:00:18";"So der zustÈandige Minister."
"476";"00:10:00:22";"00:10:00:22";"FABst«d Ein Passagierzug sei auf( ( ein falsch</u>."
"477";"00:10:00:22";"00:10:00:22";"FABst8es Gleis geleitet worden.ÿÿ)²¸"
"478";"00:10:00:22";"00:10:04:17";"Ein Passagierzug sei auf

ein falsches Gleis geleitet worden."
"479";"00:10:04:21";"00:10:04:21";"FABst¬d An der Unfallstelle( ( im Buïz"
"480";"00:10:04:21";"00:10:04:21";"FABst&ndesstaat Odishaÿÿ;Ò"
"481";"00:10:04:21";"00:10:07:13";"An der Unfallstelle

im Bundesstaat Odisha"
"482";"00:10:07:17";"00:10:07:17";"FABst­N sind Hunderte Helfer im Einsatz.ÿÿLJ"
"483";"00:10:07:17";"00:10:09:24";"sind Hunderte Helfer im Einsatz."
"484";"00:10:10:03";"00:10:10:03";"FABst®d Die Räumungsarbeiten sollen( ( bis MittwnÊ"
"485";"00:10:10:03";"00:10:10:03";"FABst8och abgeschlossen werden.ÿÿ)ÈP"
"486";"00:10:10:03";"00:10:14:03";"Die RÈaumungsarbeiten sollen

bis Mittwoch abgeschlossen werden."
"487";"00:10:16:06";"00:10:16:06";"FABst¯d Beim Brand einer Flüchtlings-( ( Uj"
"488";"00:10:16:06";"00:10:16:06";"FABst2nterkunft in Thüringen7Lt"
"489";"00:10:16:06";"00:10:19:18";"Beim Brand einer FlÈuchtlings-

Unterkunft in ThÈuringen"
"490";"00:10:19:22";"00:10:19:22";"FABst°H kam ein Mensch ums Leben.>"
"491";"00:10:19:22";"00:10:21:14";"kam ein Mensch ums Leben."
"492";"00:10:21:18";"00:10:21:18";"FABst±J Eine Obduktion soll klären,ÿÿë:"
"493";"00:10:21:18";"00:10:23:10";"Eine Obduktion soll klÈaren,"
"494";"00:10:23:14";"00:10:23:14";"FABst²d ob es sich um einen vermissten( ( Äð"
"495";"00:10:23:14";"00:10:23:14";"FABst,9-Jährigen handelt.ÿÿ5!"
"496";"00:10:23:14";"00:10:26:15";"ob es sich um einen vermissten

9-JÈahrigen handelt."
"497";"00:10:26:19";"00:10:26:19";"FABst³VElf weitere Menschen wurden verletzt.ÿÿ#ª"
"498";"00:10:26:19";"00:10:28:23";"Elf weitere Menschen wurden verletzt."
"499";"00:10:29:00";"00:10:29:00";"FABst´dDas Feuer entstand um 5 Uhr morgens( ( in ­Î"
"500";"00:10:29:00";"00:10:29:00";"FABstBeiner Gemeinschaftsunterkunft ÿÿ
È"
"501";"00:10:29:00";"00:10:33:00";"Das Feuer entstand um 5 Uhr morgens

in einer Gemeinschaftsunterkunft"
"502";"00:10:33:02";"00:10:33:02";"FABstµ8 in Apolda.ÿÿ%s "
"503";"00:10:33:02";"00:10:34:03";"in Apolda."
"504";"00:10:35:16";"00:10:35:16";"FABst¶J Die Brandursache ist unklar.ÿÿ-:"
"505";"00:10:35:16";"00:10:37:18";"Die Brandursache ist unklar."
"506";"00:10:38:07";"00:10:38:07";"FABst·dIn dem Gebäude waren laut Behörden( ( etwaûö"
"507";"00:10:38:07";"00:10:38:07";"FABst> 300 Menschen untergebracht.ÿÿ#´"
"508";"00:10:38:07";"00:10:42:24";"In dem GebÈaude waren laut BehÈorden

etwa 300 Menschen untergebracht."
"509";"00:10:43:18";"00:10:43:18";"FABst¸d Bei der Ironman-EM in Hamburg ( ( gab e¯"
"510";"00:10:43:18";"00:10:43:18";"FABst8s einen tödlichen Unfall.ÿÿ)7¼"
"511";"00:10:43:18";"00:10:48:02";"Bei der Ironman-EM in Hamburg

gab es einen tÈodlichen Unfall."
"512";"00:10:49:02";"00:10:49:02";"FABst¹: Laut Polizeiÿÿ#%"
"513";"00:10:49:02";"00:10:50:06";"Laut Polizei"
"514";"00:10:50:12";"00:10:50:12";"FABstºd stieß ein Begleitmotorrad( ( mit einemIh"
"515";"00:10:50:12";"00:10:50:12";"FABst4 Radrennfahrer zusammenÿÿ-¨Ð"
"516";"00:10:50:12";"00:10:54:14";"stieû ein Begleitmotorrad

mit einem Radrennfahrer zusammen"
"517";"00:10:54:20";"00:10:54:20";"FABst»d Der Fahrer (70) des Motorrads( ( î"
"518";"00:10:54:20";"00:10:54:20";"FABst( kam ums Leben.ÿÿ9¾à"
"519";"00:10:54:20";"00:10:58:01";"Der Fahrer (70) des Motorrads

kam ums Leben."
"520";"00:10:58:07";"00:10:58:07";"FABst¼d Die Siegerehrung und die EM-Party( ( ³"
"521";"00:10:58:07";"00:10:58:07";"FABst. wurden abgesagt.ÿÿ3á¸"
"522";"00:10:58:07";"00:11:01:24";"Die Siegerehrung und die EM-Party

wurden abgesagt."
"523";"00:11:04:12";"00:11:04:12";"FABst½d Die Triathleten befinden sich( ( auf deÍ°"
"524";"00:11:04:12";"00:11:04:12";"FABstDr Radstrecke im Süden Hamburgs,%*"
"525";"00:11:04:12";"00:11:08:13";"Die Triathleten befinden sich

auf der Radstrecke im SÈuden Hamburgs,"
"526";"00:11:08:15";"00:11:08:15";"FABst¾d als sich( ( ein tragischer U÷"
"527";"00:11:08:15";"00:11:08:15";"FABst$nfall ereignet.Eýv"
"528";"00:11:08:15";"00:11:11:02";"als sich

ein tragischer Unfall ereignet."
"529";"00:11:11:04";"00:11:11:04";"FABst¿d Ein Kameramotorrad ( ( beglev"
"530";"00:11:11:04";"00:11:11:04";"FABst&itet die Profis.ÿÿ;D"
"531";"00:11:11:04";"00:11:14:00";"Ein Kameramotorrad

begleitet die Profis."
"532";"00:11:14:04";"00:11:14:04";"FABstÀd Es fährt( ( auf der falschen Sg"
"533";"00:11:14:04";"00:11:14:04";"FABst(eite der Fahrbahnÿÿ9ªÐ"
"534";"00:11:14:04";"00:11:16:20";"Es fÈahrt

auf der falschen Seite der Fahrbahn"
"535";"00:11:16:23";"00:11:16:23";"FABstÁd und kollidiert( ( mit einem AÑò"
"536";"00:11:16:23";"00:11:16:23";"FABst$mateursportler.ÿÿ=Ñr"
"537";"00:11:16:23";"00:11:19:10";"und kollidiert

mit einem Amateursportler."
"538";"00:11:19:14";"00:11:19:14";"FABstÂd Der Motorradfahrer( ( erliegt seâÔ"
"539";"00:11:19:14";"00:11:19:14";"FABst*inen Verletzungen,ÿÿ7Á"
"540";"00:11:19:14";"00:11:22:13";"Der Motorradfahrer

erliegt seinen Verletzungen,"
"541";"00:11:22:17";"00:11:22:17";"FABstÃd sein Kameramann und der Sportler( ( Î*"
"542";"00:11:22:17";"00:11:22:17";"FABst0sind im Krankenhaus.ÿÿ12"
"543";"00:11:22:17";"00:11:25:19";"sein Kameramann und der Sportler

sind im Krankenhaus."
"544";"00:11:25:21";"00:11:25:21";"FABstÄd Im Rennen kam es immer wieder( ( zu g¤²"
"545";"00:11:25:21";"00:11:25:21";"FABst8efährlichen Situationen. ÿÿ)gB"
"546";"00:11:25:21";"00:11:29:10";"Im Rennen kam es immer wieder

zu gefÈahrlichen Situationen."
"547";"00:11:29:14";"00:11:29:14";"FABstÅd Die Strecke zu eng,( ( die Anzahl deÑ"
"548";"00:11:29:14";"00:11:29:14";"FABst0r Motorräder zu hoch.ÿÿ1=¾"
"549";"00:11:29:14";"00:11:33:02";"Die Strecke zu eng,

die Anzahl der MotorrÈader zu hoch."
"550";"00:11:33:04";"00:11:33:04";"FABstÆd So die Kritik u.a. vom dreifachen( ( IronÄÆ"
"551";"00:11:33:04";"00:11:33:04";"FABst@man-Weltmeister Jan Frodeno. ÿÿ!$"
"552";"00:11:33:04";"00:11:37:14";"So die Kritik u.a. vom dreifachen

Ironman-Weltmeister Jan Frodeno."
"553";"00:11:38:15";"00:11:38:15";"FABstÇ@ Es war eine Farce.%y¨"
"554";"00:11:38:15";"00:11:39:24";"Es war eine Farce."
"555";"00:11:40:13";"00:11:40:13";"FABstÈL Und dann noch Gegenverkehr ...D"
"556";"00:11:40:13";"00:11:42:18";"Und dann noch Gegenverkehr ..."
"557";"00:11:44:03";"00:11:44:03";"FABstÉd Ich sah es nicht,( ( ich hattÏÊ"
"558";"00:11:44:03";"00:11:44:03";"FABst(e den Kopf unten.ÿÿ9®$"
"559";"00:11:44:03";"00:11:47:03";"Ich sah es nicht,

ich hatte den Kopf unten."
"560";"00:11:47:11";"00:11:47:11";"FABstÊd Es war so eng,( ( da dürfen keinX"
"561";"00:11:47:11";"00:11:47:11";"FABst*e Motorräder sein.ÿÿ7¬"
"562";"00:11:47:11";"00:11:50:19";"Es war so eng,

da dÈurfen keine MotorrÈader sein."
"563";"00:11:53:01";"00:11:53:01";"FABstËdDer Veranstalter äußerte sich nicht( ( zÓ"
"564";"00:11:53:01";"00:11:53:01";"FABst<u den Sicherheitsvorwürfen.ÿÿ%z^"
"565";"00:11:53:01";"00:11:56:24";"Der Veranstalter Èauûerte sich nicht

zu den SicherheitsvorwÈurfen."
"566";"00:11:57:03";"00:11:57:03";"FABstÌd Er setzte das Rennen trotz( ( des tragióN"
"567";"00:11:57:03";"00:11:57:03";"FABst:schen Unfalls weiter fort.ÿÿ'Õ0"
"568";"00:11:57:03";"00:12:01:02";"Er setzte das Rennen trotz

des tragischen Unfalls weiter fort."
"569";"00:12:02:12";"00:12:02:12";"FABstÍd Nach dem Sieg im DFB-Pokal( ( fü"
"570";"00:12:02:12";"00:12:02:12";"FABst&eiert RB Leipzigÿÿ;Ë"
"571";"00:12:02:12";"00:12:05:05";"Nach dem Sieg im DFB-Pokal

feiert RB Leipzig"
"572";"00:12:05:09";"00:12:05:09";"FABstÎVseine erfolgreiche Titelverteidigung.ÿÿjÈ"
"573";"00:12:05:09";"00:12:07:24";"seine erfolgreiche Titelverteidigung."
"574";"00:12:08:06";"00:12:08:06";"FABstÏd Tausende empfingen die Spieler( ( am Naè"
"575";"00:12:08:06";"00:12:08:06";"FABst8chmittag vor dem Rathaus.ÿÿ)´®"
"576";"00:12:08:06";"00:12:12:11";"Tausende empfingen die Spieler

am Nachmittag vor dem Rathaus."
"577";"00:12:12:17";"00:12:12:17";"FABstÐdDas Finale gestern Abend im Berliner( ( Olyßò"
"578";"00:12:12:17";"00:12:12:17";"FABstHmpiastadion gewannen die Sachsen ÿÿõ>"
"579";"00:12:12:17";"00:12:17:02";"Das Finale gestern Abend im Berliner

Olympiastadion gewannen die Sachsen"
"580";"00:12:17:04";"00:12:17:04";"FABstÑPmit 2:0 gegen Eintracht Frankfurt.ÿÿ~è"
"581";"00:12:17:04";"00:12:19:15";"mit 2:0 gegen Eintracht Frankfurt."
"582";"00:12:20:20";"00:12:20:20";"FABstÒd Um 22.18 Uhr gestern Abend ( ( recktÎÀ"
"583";"00:12:20:20";"00:12:20:20";"FABst6e RB-Kapitän Willi Orban3O"
"584";"00:12:20:20";"00:12:24:11";"Um 22.18 Uhr gestern Abend

reckte RB-KapitÈan Willi Orban"
"585";"00:12:24:15";"00:12:24:15";"FABstÓd den DFB-Pokal( ( in den BerlinÉ"
"586";"00:12:24:15";"00:12:24:15";"FABst$er Nachthimmel.EØº"
"587";"00:12:24:15";"00:12:27:05";"den DFB-Pokal

in den Berliner Nachthimmel."
"588";"00:12:27:09";"00:12:27:09";"FABstÔL Auftakt eines Partymarathons.ÿÿq"
"589";"00:12:27:09";"00:12:29:09";"Auftakt eines Partymarathons."
"590";"00:12:29:13";"00:12:29:13";"FABstÕd Krachen ließen es die Sieger( ( s"
"591";"00:12:29:13";"00:12:29:13";"FABst,chon in der Kabine.ÿÿ5®²"
"592";"00:12:29:13";"00:12:32:21";"Krachen lieûen es die Sieger

schon in der Kabine."
"593";"00:12:35:05";"00:12:35:05";"FABstÖd Die Akkus waren schnell( ( wiìÞ"
"594";"00:12:35:05";"00:12:35:05";"FABst&eder aufgeladen,ÿÿ;ø¨"
"595";"00:12:35:05";"00:12:37:23";"Die Akkus waren schnell

wieder aufgeladen,"
"596";"00:12:38:00";"00:12:38:00";"FABst×dnachdem das Endspiel gegen Frankfurt( ( ùè"
"597";"00:12:38:00";"00:12:38:00";"FABst6 zum Kraftakt wurde.ÿÿ+Ù"
"598";"00:12:38:00";"00:12:41:07";"nachdem das Endspiel gegen Frankfurt

zum Kraftakt wurde."
"599";"00:12:41:09";"00:12:41:09";"FABstØd Nkunkus doppelt( ( abgefälsVÊ"
"600";"00:12:41:09";"00:12:41:09";"FABstchter SchussÿÿCÕ"
"601";"00:12:41:09";"00:12:43:16";"Nkunkus doppelt

abgefÈalschter Schuss"
"602";"00:12:43:18";"00:12:43:18";"FABstÙH öffnete die Tür zum Titel.ÿÿ3´"
"603";"00:12:43:18";"00:12:45:09";"Èoffnete die TÈur zum Titel."
"604";"00:12:45:11";"00:12:45:11";"FABstÚd Szoboslai machte fünf Minuten( ( volî"
"605";"00:12:45:11";"00:12:45:11";"FABst2r dem Ende alles klar.ÿÿ/6"
"606";"00:12:45:11";"00:12:48:19";"Szoboslai machte fÈunf Minuten

vor dem Ende alles klar."
"607";"00:12:48:23";"00:12:48:23";"FABstÛd Heute ging es zurück( ( in d^@"
"608";"00:12:48:23";"00:12:48:23";"FABst"ie Messestadt.ÿÿ?ÉZ"
"609";"00:12:48:23";"00:12:51:06";"Heute ging es zurÈuck

in die Messestadt."
"610";"00:12:51:08";"00:12:51:08";"FABstÜJ Zweiter Akt der Siegesfeier:ÿÿfà"
"611";"00:12:51:08";"00:12:53:02";"Zweiter Akt der Siegesfeier:"
"612";"00:12:53:04";"00:12:53:04";"FABstÝVStation eins, das Rathaus von Leipzigÿÿ#ì"
"613";"00:12:53:04";"00:12:55:11";"Station eins, das Rathaus von Leipzig"
"614";"00:12:55:13";"00:12:55:13";"FABstÞd mit Eintrag( ( ins Goldene á|"
"615";"00:12:55:13";"00:12:55:13";"FABst$Buch der Stadt.ÿÿ=Ã"
"616";"00:12:55:13";"00:12:58:03";"mit Eintrag

ins Goldene Buch der Stadt."
"617";"00:12:58:07";"00:12:58:07";"FABstßd Trainer Marco Rose,( ( der erste Fuÿ´"
"618";"00:12:58:07";"00:12:58:07";"FABst.ßballer aus Leipzig,ÿÿ34"
"619";"00:12:58:07";"00:13:02:03";"Trainer Marco Rose,

der erste Fuûballer aus Leipzig,"
"620";"00:13:02:11";"00:13:02:11";"FABstàJ dem diese Ehre zuteil wurde.ÿÿF"
"621";"00:13:02:11";"00:13:04:09";"dem diese Ehre zuteil wurde."
"622";"00:13:05:17";"00:13:05:17";"FABstád Die Nacht war großartig,( ( die"("
"623";"00:13:05:17";"00:13:05:17";"FABst& Fahrt war nett,`;¬î"
"624";"00:13:05:17";"00:13:08:16";"Die Nacht war groûartig,

die Fahrt war nett,"
"625";"00:13:10:17";"00:13:10:17";"FABstâ< großartig war:ÿÿ!"
"626";"00:13:10:17";"00:13:11:21";"groûartig war:"
"627";"00:13:13:01";"00:13:13:01";"FABstãd Als die Abfahrten( ( auf der<u>ø"
"628";"00:13:13:01";"00:13:13:01";"FABst& Autobahn kamen,ÿÿ;T"
"629";"00:13:13:01";"00:13:16:00";"Als die Abfahrten

auf der Autobahn kamen,"
"630";"00:13:17:00";"00:13:17:00";"FABstä@ Delitzsch und so.ÿÿ@Î"
"631";"00:13:17:00";"00:13:18:06";"Delitzsch und so."
"632";"00:13:18:23";"00:13:18:23";"FABstådDarauf sind wir stolz und freuen uns( ( í$"
"633";"00:13:18:23";"00:13:18:23";"FABstB mit allen hier in Leipzig.ÿÿÑ¾"
"634";"00:13:18:23";"00:13:23:14";"Darauf sind wir stolz und freuen uns

mit allen hier in Leipzig."
"635";"00:13:24:20";"00:13:24:20";"FABstæd#Auf dem Burgplatz vor dem Rathaus( ( w¥"
"636";"00:13:24:20";"00:13:24:20";"FABst8arteten bereits 8000 Fansÿÿ)í("
"637";"00:13:24:20";"00:13:28:12";"#Auf dem Burgplatz vor dem Rathaus

warteten bereits 8000 Fans"
"638";"00:13:28:14";"00:13:28:14";"FABstçd auf ihre Helden und den Pokal,( ( der daR"
"639";"00:13:28:14";"00:13:28:14";"FABst:nn auch präsentiert wurde.ÿÿ'pî"
"640";"00:13:28:14";"00:13:33:01";"auf ihre Helden und den Pokal,

der dann auch prÈasentiert wurde."
"641";"00:13:33:20";"00:13:33:20";"FABstèTDanach war noch lange nicht Schluss.ÿÿI0"
"642";"00:13:33:20";"00:13:36:07";"Danach war noch lange nicht Schluss."
"643";"00:13:36:09";"00:13:36:09";"FABstéd Im offenen Siegertruck( ( ging es weÂ4"
"644";"00:13:36:09";"00:13:36:09";"FABst2iter auf die Festwieseÿÿ/"
"645";"00:13:36:09";"00:13:40:05";"Im offenen Siegertruck

ging es weiter auf die Festwiese"
"646";"00:13:40:09";"00:13:40:09";"FABstêd vor der Red Bull Arena, ( ( von vi¼°"
"647";"00:13:40:09";"00:13:40:09";"FABst.elen Fans begleitet.ÿÿ3</u>>"
"648";"00:13:40:09";"00:13:43:23";"vor der Red Bull Arena,

von vielen Fans begleitet."
"649";"00:13:44:17";"00:13:44:17";"FABstëd Dort klingt die zweite große( ( PokalsaudÐ"
"650";"00:13:44:17";"00:13:44:17";"FABst:se in Folge für RB Leipzigÿÿ':"
"651";"00:13:44:17";"00:13:48:13";"Dort klingt die zweite groûe

Pokalsause in Folge fÈur RB Leipzig"
"652";"00:13:48:15";"00:13:48:15";"FABstì> irgendwann aus.ÿÿDä"
"653";"00:13:48:15";"00:13:51:09";"irgendwann aus."
"654";"00:13:51:20";"00:13:51:20";"FABstíd Die Wettervorhersage für morgen,( ( `Ê"
"655";"00:13:51:20";"00:13:51:20";"FABst0Montag, den 5. Juni:ÿÿ1£$"
"656";"00:13:51:20";"00:13:55:04";"Die Wettervorhersage fÈur morgen,

Montag, den 5. Juni:"
"657";"00:13:56:06";"00:13:56:06";"FABstîd Im Südosten sorgt ein Höhentief( ( fïö"
"658";"00:13:56:06";"00:13:56:06";"FABst6ür wechselhaftes Wetter.ÿÿ+°"
"659";"00:13:56:06";"00:13:59:23";"Im SÈudosten sorgt ein HÈohentief

fÈur wechselhaftes Wetter."
"660";"00:14:00:03";"00:14:00:03";"FABstïd Von den Alpen bis ins( ( südöstliche Ë"
"661";"00:14:00:03";"00:14:00:03";"FABst2Bayern nachts Schauer,ÿÿ/§"
"662";"00:14:00:03";"00:14:03:15";"Von den Alpen bis ins

sÈudÈostliche Bayern nachts Schauer,"
"663";"00:14:03:19";"00:14:03:19";"FABstðd in Nordseenähe Hochnebelfelder,( ( die sD2"
"664";"00:14:03:19";"00:14:03:19";"FABst>ich bis zum Mittag auflösen.ÿÿ#&"
"665";"00:14:03:19";"00:14:07:22";"in NordseenÈahe Hochnebelfelder,

die sich bis zum Mittag auflÈosen."
"666";"00:14:08:01";"00:14:08:01";"FABstñd Sonst morgen Sonne, im Südosten ( ( neben4*"
"667";"00:14:08:01";"00:14:08:01";"FABst< Sonne teils dichte Wolken.ÿÿ%Çh"
"668";"00:14:08:01";"00:14:12:06";"Sonst morgen Sonne, im SÈudosten

neben Sonne teils dichte Wolken."
"669";"00:14:12:10";"00:14:12:10";"FABstòPHier und da Schauer oder Gewitter,ÿÿf®"
"670";"00:14:12:10";"00:14:14:14";"Hier und da Schauer oder Gewitter,"
"671";"00:14:14:16";"00:14:14:16";"FABstód vor allem( ( in der Südosthä½þ"
"672";"00:14:14:16";"00:14:14:16";"FABst lfte Bayerns.ÿÿAÉ¨"
"673";"00:14:14:16";"00:14:17:04";"vor allem

in der SÈudosthÈalfte Bayerns."
"674";"00:14:24:11";"00:14:24:11";"FABstôdAm Dienstag vom Osten bis zur Mitte( ( ä"
"675";"00:14:24:11";"00:14:24:11";"FABst4 Regen oder Schauer,ÿÿ-Ä~"
"676";"00:14:24:11";"00:14:27:20";"Am Dienstag vom Osten bis zur Mitte

Regen oder Schauer,"
"677";"00:14:27:22";"00:14:27:22";"FABstõd mitunter Gewitter, ( ( sonsìä"
"678";"00:14:27:22";"00:14:27:22";"FABst$t meist sonnig.ÿÿ=Ú"
"679";"00:14:27:22";"00:14:30:13";"mitunter Gewitter,

sonst meist sonnig."
"680";"00:14:30:17";"00:14:30:17";"FABstöd Am Mittwoch Sonne und Wolken,( ( in der Mý<u>"
"681";"00:14:30:17";"00:14:30:17";"FABst:itte Schauer und Gewitter,ÿÿ'ÿ&"
"682";"00:14:30:17";"00:14:34:14";"Am Mittwoch Sonne und Wolken,

in der Mitte Schauer und Gewitter,"
"683";"00:14:34:16";"00:14:34:16";"FABst÷F die kräftig sein können.ÿÿc¬"
"684";"00:14:34:16";"00:14:36:10";"die krÈaftig sein kÈonnen."
"685";"00:14:36:14";"00:14:36:14";"FABstød Am Donnerstag im Norden Sonne,( ( ¸$"
"686";"00:14:36:14";"00:14:36:14";"FABst,sonst wechselhaft.ÿÿ5üØ"
"687";"00:14:36:14";"00:14:39:20";"Am Donnerstag im Norden Sonne,

sonst wechselhaft."
"688";"00:14:41:23";"00:14:41:23";"FABstùd Um 22.45 Uhr in den tagesthemen( ( à"
"689";"00:14:41:23";"00:14:41:23";"FABst. mit Aline Abboud:ÿÿ3êö"
"690";"00:14:41:23";"00:14:45:20";"Um 22.45 Uhr in den tagesthemen

mit Aline Abboud:"
"691";"00:14:46:02";"00:14:46:02";"FABstúd Den Pflegenotstand durch Personal( ( auâö"
"692";"00:14:46:02";"00:14:46:02";"FABst<s dem Ausland zu bekämpfen.ÿÿ%r6"
"693";"00:14:46:02";"00:14:50:12";"Den Pflegenotstand durch Personal

aus dem Ausland zu bekÈampfen."
"694";"00:14:51:10";"00:14:51:10";"FABstûd Und die Sicherheitsdebatte,( ( die derÎ¨"
"695";"00:14:51:10";"00:14:51:10";"FABst: Tod eines Motorradfahrersÿÿ'¾8"
"696";"00:14:51:10";"00:14:55:03";"Und die Sicherheitsdebatte,

die der Tod eines Motorradfahrers"
"697";"00:14:55:05";"00:14:55:05";"FABstüd beim Ironman( ( in Hamburþ"
"698";"00:14:55:05";"00:14:55:05";"FABstg auslöste.ÿÿEB"
"699";"00:14:55:05";"00:14:57:12";"beim Ironman

in Hamburg auslÈoste."
"700";"00:14:58:24";"00:14:58:24";"FABstýd Ich wünsche Ihnen ( ( einen ]d"
"701";"00:14:58:24";"00:14:58:24";"FABst"schönen Abend.ÿÿ?Yf"
"702";"00:14:58:24";"00:15:01:19";"Ich wÈunsche Ihnen

einen schÈonen Abend."
"703";"00:15:02:09";"00:15:02:09";"FABstþLCopyright Untertitel: NDR 2023ÿÿc:"
"704";"00:15:02:09";"00:15:04:14";"Copyright Untertitel: NDR 2023"
