No.;Timecode In;Timecode Out;Subtitle
"1";"00:00:03:00";"00:00:03:00";"FABst6 * Gong *ÿÿZZZZZZZZZZ¥¥ã¥¥¥¥¥6"
"2";"00:00:03:00";"00:00:03:00";"FABst¥¥¥á¥¥à¥ã¥¥¥¥§ª¦ªîªªªGÌ"
"3";"00:00:03:00";"00:00:04:13";"* Gong *"
"4";"00:00:04:15";"00:00:04:15";"FABstdHier ist das Erste Deutsche Fernsehen( ( 9"
"5";"00:00:04:15";"00:00:04:15";"FABst: mit der tagesschau.ÿÿ'õþ"
"6";"00:00:04:15";"00:00:07:23";"Hier ist das Erste Deutsche Fernsehen

mit der tagesschau."
"7";"00:00:08:00";"00:00:08:00";"FABstd Diese Sendung wurde vom NDR( ( live Af"
"8";"00:00:08:00";"00:00:08:00";"FABst6untertitelt (19.04.2023)ÿÿ+²°"
"9";"00:00:08:00";"00:00:12:03";"Diese Sendung wurde vom NDR

live untertitelt (19.04.2023)"
"10";"00:00:15:02";"00:00:15:02";"FABstRHeute im Studio: Thorsten Schröder.ÿÿS¤"
"11";"00:00:15:02";"00:00:17:13";"Heute im Studio: Thorsten SchrÈoder."
"12";"00:00:17:15";"00:00:17:15";"FABstdGuten Abend, meine Damen und Herren,( ( i*l"
"13";"00:00:17:15";"00:00:17:15";"FABstBch begrüße Sie zur tagesschau.ÿÿëN"
"14";"00:00:17:15";"00:00:21:16";"Guten Abend, meine Damen und Herren,

ich begrÈuûe Sie zur tagesschau."
"15";"00:00:22:10";"00:00:22:10";"FABstdDie Bundesregierung treibt Pläne zur( ( Modô"
"16";"00:00:22:10";"00:00:22:10";"FABstHernisierung von Heizungen voran. ÿÿ©n"
"17";"00:00:22:10";"00:00:26:18";"Die Bundesregierung treibt PlÈane zur

Modernisierung von Heizungen voran."
"18";"00:00:26:20";"00:00:26:20";"FABstd Das Kabinett brachte( ( einen Geset"
"19";"00:00:26:20";"00:00:26:20";"FABst0zentwurf auf den Weg.ÿÿ1¹Ì"
"20";"00:00:26:20";"00:00:30:00";"Das Kabinett brachte

einen Gesetzentwurf auf den Weg."
"21";"00:00:30:02";"00:00:30:02";"FABstd Dafür waren Pläne( ( des WirtsWú"
"22";"00:00:30:02";"00:00:30:02";"FABst*chaftsministeriumsÿÿ7êH"
"23";"00:00:30:02";"00:00:32:17";"DafÈur waren PlÈane

des Wirtschaftsministeriums"
"24";"00:00:32:19";"00:00:32:19";"FABstd überarbeitet worden,( ( spezielúØ"
"25";"00:00:32:19";"00:00:32:19";"FABst*l die Fördersätze.ÿÿ7"
"26";"00:00:32:19";"00:00:35:14";"Èuberarbeitet worden,

speziell die FÈordersÈatze."
"27";"00:00:35:17";"00:00:35:17";"FABstd Ab 2024 sollen( ( alle neu eingRÚ"
"28";"00:00:35:17";"00:00:35:17";"FABst(ebauten Heizungenÿÿ9ù"
"29";"00:00:35:17";"00:00:38:20";"Ab 2024 sollen

alle neu eingebauten Heizungen"
"30";"00:00:38:22";"00:00:38:22";"FABstd zu mindestens 65 %( ( mit Erneuerba"
"31";"00:00:38:22";"00:00:38:22";"FABst0ren betrieben werden.ÿÿ1Ðv"
"32";"00:00:38:22";"00:00:42:14";"zu mindestens 65 %

mit Erneuerbaren betrieben werden."
"33";"00:00:44:15";"00:00:44:15";"FABstd Wer die Anlage im( ( selbstgenutz?$"
"34";"00:00:44:15";"00:00:44:15";"FABst0ten Wohnraum tauscht,ÿÿ1æH"
"35";"00:00:44:15";"00:00:47:16";"Wer die Anlage im

selbstgenutzten Wohnraum tauscht,"
"36";"00:00:47:18";"00:00:47:18";"FABstN soll mit 30 % gefördert werden.ÿÿ"
"37";"00:00:47:18";"00:00:50:09";"soll mit 30 % gefÈordert werden."
"38";"00:00:51:24";"00:00:51:24";"FABstdIn Berlin Stillstand auf der Straße( ( fürEF"
"39";"00:00:51:24";"00:00:51:24";"FABstB mehr Tempo beim Klimaschutz. '<i>¸"
"40";"00:00:51:24";"00:00:56:01";"In Berlin Stillstand auf der Straûe

fÈur mehr Tempo beim Klimaschutz."
"41";"00:00:56:03";"00:00:56:03";"FABstd Die Vertreter( ( der "LetzteV"
"42";"00:00:56:03";"00:00:56:03";"FABst n Generation"ÿÿAÆ¼"
"43";"00:00:56:03";"00:00:58:09";"Die Vertreter

der "Letzten Generation""
"44";"00:00:58:10";"00:00:58:10";"FABstd fordern den kompletten Ausstieg( ( aus YV"
"45";"00:00:58:10";"00:00:58:10";"FABst<fossiler Energie bis 2030. ÿÿ%ï"
"46";"00:00:58:10";"00:01:02:10";"fordern den kompletten Ausstieg

aus fossiler Energie bis 2030."
"47";"00:01:03:00";"00:01:03:00";"FABstd So ambitioniert( ( war das â"
"48";"00:01:03:00";"00:01:03:00";"FABst$Kabinett nicht:ÿÿ=¼"
"49";"00:01:03:00";"00:01:05:16";"So ambitioniert

war das Kabinett nicht:"
"50";"00:01:05:18";"00:01:05:18";"FABstdAber ab 2024 sollen neue Heizungen( ( m>î"
"51";"00:01:05:18";"00:01:05:18";"FABst6it mindestens 65 Prozentÿÿ+""
"52";"00:01:05:18";"00:01:09:15";"Aber ab 2024 sollen neue Heizungen

mit mindestens 65 Prozent"
"53";"00:01:09:17";"00:01:09:17";"FABstd erneuerbaren Energien( ( bet"
"54";"00:01:09:17";"00:01:09:17";"FABst$trieben werden.ÿÿ=("
"55";"00:01:09:17";"00:01:12:07";"erneuerbaren Energien

betrieben werden."
"56";"00:01:13:05";"00:01:13:05";"FABstd Der Klimaschutzminister( ( und}"
"57";"00:01:13:05";"00:01:13:05";"FABst* die Bauministerinÿÿ7Ú."
"58";"00:01:13:05";"00:01:15:21";"Der Klimaschutzminister

und die Bauministerin"
"59";"00:01:15:23";"00:01:15:23";"FABstTsprechen von einem wichtigen Gesetz.ÿÿÔÞ"
"60";"00:01:15:23";"00:01:18:09";"sprechen von einem wichtigen Gesetz."
"61";"00:01:18:11";"00:01:18:11";"FABstd Wärme mache 30 Prozent( ( des gesamtºø"
"62";"00:01:18:11";"00:01:18:11";"FABst:en Energieverbrauches aus.ÿÿ'D"
"63";"00:01:18:11";"00:01:22:12";"WÈarme mache 30 Prozent

des gesamten Energieverbrauches aus."
"64";"00:01:24:03";"00:01:24:03";"FABstd Wir haben( ( eine große Aufh"
"65";"00:01:24:03";"00:01:24:03";"FABstgabe vor unsK¯"
"66";"00:01:24:03";"00:01:26:18";"Wir haben

eine groûe Aufgabe vor uns"
"67";"00:01:26:20";"00:01:26:20";"FABstF und fangen sie spät an.%¨"
"68";"00:01:26:20";"00:01:28:16";"und fangen sie spÈat an."
"69";"00:01:28:18";"00:01:28:18";"FABstd Andere Länder( ( haben das´f"
"70";"00:01:28:18";"00:01:28:18";"FABst" früher getan.ÿÿ?0"
"71";"00:01:28:18";"00:01:31:04";"Andere LÈander

haben das frÈuher getan."
"72";"00:01:31:16";"00:01:31:16";"FABstd Die Bauministerin betont,( ( Heizun¾"
"73";"00:01:31:16";"00:01:31:16";"FABst4gen, die funktionieren,ÿÿ-V"
"74";"00:01:31:16";"00:01:34:22";"Die Bauministerin betont,

Heizungen, die funktionieren,"
"75";"00:01:34:24";"00:01:34:24";"FABstd müssen nicht ausgetauscht werden( ( und dóp"
"76";"00:01:34:24";"00:01:34:24";"FABstDefekte können repariert werden.ÿÿA´"
"77";"00:01:34:24";"00:01:38:23";"mÈussen nicht ausgetauscht werden

und defekte kÈonnen repariert werden."
"78";"00:01:39:10";"00:01:39:10";"FABstd Es wird niemand( ( ohne Hei92"
"79";"00:01:39:10";"00:01:39:10";"FABst$zung da sitzen.E«â"
"80";"00:01:39:10";"00:01:42:12";"Es wird niemand

ohne Heizung da sitzen."
"81";"00:01:43:04";"00:01:43:04";"FABstdUnd Menschen werden nicht gezwungen,( ( cn"
"82";"00:01:43:04";"00:01:43:04";"FABst> ihr Haus zu verkaufen,+Á:"
"83";"00:01:43:04";"00:01:46:19";"Und Menschen werden nicht gezwungen,

ihr Haus zu verkaufen,"
"84";"00:01:46:21";"00:01:46:21";"FABstd weil sie sich nicht( ( an das Ges"
"85";"00:01:46:21";"00:01:46:21";"FABst*etz halten können.ÿÿ79N"
"86";"00:01:46:21";"00:01:50:01";"weil sie sich nicht

an das Gesetz halten kÈonnen."
"87";"00:02:07:19";"00:02:07:19";"FABstd Der Koalitionspartner FDP ( ( stimmtRZ"
"88";"00:02:07:19";"00:02:07:19";"FABst2 dem Gesetzentwurf zu,ÿÿ/ÌR"
"89";"00:02:07:19";"00:02:11:05";"Der Koalitionspartner FDP

stimmt dem Gesetzentwurf zu,"
"90";"00:02:11:07";"00:02:11:07";"FABst N gibt aber Bedenken zu Protokoll.ÿÿó"
"91";"00:02:11:07";"00:02:13:09";"gibt aber Bedenken zu Protokoll."
"92";"00:02:13:11";"00:02:13:11";"FABst!d Es geht um Kostenfragen( ( und T<¶"
"93";"00:02:13:11";"00:02:13:11";"FABst.echnologieoffenheit.ÿÿ3­`"
"94";"00:02:13:11";"00:02:16:11";"Es geht um Kostenfragen

und Technologieoffenheit."
"95";"00:02:17:04";"00:02:17:04";"FABst"d Es wird es Änderungen geben( ( im paræ"
"96";"00:02:17:04";"00:02:17:04";"FABst8lamentarischen Verfahren.1¾Ò"
"97";"00:02:17:04";"00:02:20:17";"Es wird es ÈAnderungen geben

im parlamentarischen Verfahren."
"98";"00:02:20:19";"00:02:20:19";"FABst#d Der Gesetzentwurf( ( ist b"
"99";"00:02:20:19";"00:02:20:19";"FABst"esser gewordenÿÿ?¥"
"100";"00:02:20:19";"00:02:22:23";"Der Gesetzentwurf

ist besser geworden"
"101";"00:02:23:00";"00:02:23:00";"FABst$d im Vergleich( ( zum ursprüng»"
"102";"00:02:23:00";"00:02:23:00";"FABst$lichen Entwurf.ÿÿ=¶"
"103";"00:02:23:00";"00:02:25:09";"im Vergleich

zum ursprÈunglichen Entwurf."
"104";"00:02:25:11";"00:02:25:11";"FABst%d Wir wollen aber( ( technolog&f"
"105";"00:02:25:11";"00:02:25:11";"FABst ieoffen sein.ÿÿAûj"
"106";"00:02:25:11";"00:02:27:16";"Wir wollen aber

technologieoffen sein."
"107";"00:02:27:19";"00:02:27:19";"FABst&TNicht überall passt die Wärmepumpe.ÿÿºj"
"108";"00:02:27:19";"00:02:29:21";"Nicht Èuberall passt die WÈarmepumpe."
"109";"00:02:29:23";"00:02:29:23";"FABst'd Die Union kritisiert,( ( dass Bürgerª|"
"110";"00:02:29:23";"00:02:29:23";"FABst0 verunsichert werden.ÿÿ1ÅT"
"111";"00:02:29:23";"00:02:33:01";"Die Union kritisiert,

dass BÈurger verunsichert werden."
"112";"00:02:33:03";"00:02:33:03";"FABst(d Das Gesetz hat schon( ( in der Koal*"
"113";"00:02:33:03";"00:02:33:03";"FABst0ition keine Mehrheit.9ä"
"114";"00:02:33:03";"00:02:37:00";"Das Gesetz hat schon

in der Koalition keine Mehrheit."
"115";"00:02:37:24";"00:02:37:24";"FABst)VDas ist ein bemerkenswerter Vorgang.Þ¢"
"116";"00:02:37:24";"00:02:40:11";"Das ist ein bemerkenswerter Vorgang."
"117";"00:02:40:13";"00:02:40:13";"FABst*d Das Chaos bei der Wärmewende( ( ´"
"118";"00:02:40:13";"00:02:40:13";"FABst$ geht weiter.ÿÿ=Üâ"
"119";"00:02:40:13";"00:02:43:13";"Das Chaos bei der WÈarmewende

geht weiter."
"120";"00:02:44:17";"00:02:44:17";"FABst+d In einem sind sich( ( Union uV^"
"121";"00:02:44:17";"00:02:44:17";"FABst$nd Ampel einig:ÿÿ=ý6"
"122";"00:02:44:17";"00:02:47:06";"In einem sind sich

Union und Ampel einig:"
"123";"00:02:47:08";"00:02:47:08";"FABst,L In 22 Jahren muss der Umstiegÿÿ¶´"
"124";"00:02:47:08";"00:02:49:05";"In 22 Jahren muss der Umstieg"
"125";"00:02:49:07";"00:02:49:07";"FABst-d auf treibhausneutrale Heizungen( ( k=²"
"126";"00:02:49:07";"00:02:49:07";"FABst4omplett geschafft sein.ÿÿ-ß¾"
"127";"00:02:49:07";"00:02:52:13";"auf treibhausneutrale Heizungen

komplett geschafft sein."
"128";"00:02:52:18";"00:02:52:18";"FABst.d Der kostet Bürger viel Geld,( ( hier seô."
"129";"00:02:52:18";"00:02:52:18";"FABst:tzt das Förderprogramm an./HÞ"
"130";"00:02:52:18";"00:02:56:14";"Der kostet BÈurger viel Geld,

hier setzt das FÈorderprogramm an."
"131";"00:02:56:16";"00:02:56:16";"FABst/d Bei der Grundförderung nutzt( ( die Amp÷"
"132";"00:02:56:16";"00:02:56:16";"FABst8el das Gießkannenprinzip:ÿÿ)J^"
"133";"00:02:56:16";"00:03:00:07";"Bei der GrundfÈorderung nutzt

die Ampel das Gieûkannenprinzip:"
"134";"00:03:00:09";"00:03:00:09";"FABst0d Alle profitieren - kleine( ( Wohnungsb"
"135";"00:03:00:09";"00:03:00:09";"FABst4esitzer und Millionäre.ÿÿ-|¤"
"136";"00:03:00:09";"00:03:03:21";"Alle profitieren - kleine

Wohnungsbesitzer und MillionÈare."
"137";"00:03:04:18";"00:03:04:18";"FABst1d Deutsche Sicherheitsbehörden( ( sehen"
"138";"00:03:04:18";"00:03:04:18";"FABst6weiter eine große Gefahrÿÿ+0î"
"139";"00:03:04:18";"00:03:08:06";"Deutsche SicherheitsbehÈorden

sehen weiter eine groûe Gefahr"
"140";"00:03:08:08";"00:03:08:08";"FABst2d für Unternehmen und Behörden,( ( Opfer vo06"
"141";"00:03:08:08";"00:03:08:08";"FABst:n Cyberattacken zu werden.ÿÿ'Ü8"
"142";"00:03:08:08";"00:03:12:07";"fÈur Unternehmen und BehÈorden,

Opfer von Cyberattacken zu werden."
"143";"00:03:12:09";"00:03:12:09";"FABst3d Seit dem russischen Krieg( ( T"
"144";"00:03:12:09";"00:03:12:09";"FABst(gegen die Ukraineÿÿ9µº"
"145";"00:03:12:09";"00:03:14:23";"Seit dem russischen Krieg

gegen die Ukraine"
"146";"00:03:15:00";"00:03:15:00";"FABst4d hätten Angriffe( ( pro-russischer ó>"
"147";"00:03:15:00";"00:03:15:00";"FABst,Akteure zugenommen.ÿÿ5¤ê"
"148";"00:03:15:00";"00:03:18:01";"hÈatten Angriffe

pro-russischer Akteure zugenommen."
"149";"00:03:18:02";"00:03:18:02";"FABst5L Das sagte BKA-Präsident MünchÿÿÉV"
"150";"00:03:18:02";"00:03:20:08";"Das sagte BKA-PrÈasident MÈunch"
"151";"00:03:20:17";"00:03:20:17";"FABst6d bei einer Konferenz( ( zur Cybers"
"152";"00:03:20:17";"00:03:20:17";"FABst0icherheit in Potsdam.ÿÿ1ðl"
"153";"00:03:20:17";"00:03:23:23";"bei einer Konferenz

zur Cybersicherheit in Potsdam."
"154";"00:03:24:07";"00:03:24:07";"FABst7d Das Bundesamt für IT-Sicherheit( ( ëÔ"
"155";"00:03:24:07";"00:03:24:07";"FABst4sieht die größte Gefahrÿÿ-Í"
"156";"00:03:24:07";"00:03:27:18";"Das Bundesamt fÈur IT-Sicherheit

sieht die grÈoûte Gefahr"
"157";"00:03:27:20";"00:03:27:20";"FABst8d in Ransomware-Angriffen,( ( bei denenV"
"158";"00:03:27:20";"00:03:27:20";"FABst> die Täter Lösegeld fordern.ÿÿ#¥R"
"159";"00:03:27:20";"00:03:32:17";"in Ransomware-Angriffen,

bei denen die TÈater LÈosegeld fordern."
"160";"00:03:35:00";"00:03:35:00";"FABst9@ Alarm in Potsdam.%¦Ô"
"161";"00:03:35:00";"00:03:36:19";"Alarm in Potsdam."
"162";"00:03:37:05";"00:03:37:05";"FABst:d Kurz vor dem Jahreswechsel( ( warneh"
"163";"00:03:37:05";"00:03:37:05";"FABst0n Sicherheitsbehörden9~<i>"
"164";"00:03:37:05";"00:03:40:09";"Kurz vor dem Jahreswechsel

warnen SicherheitsbehÈorden"
"165";"00:03:40:11";"00:03:40:11";"FABst;d die Stadtverwaltung( ( vor eifp"
"166";"00:03:40:11";"00:03:40:11";"FABst(nem Cyberangriff:ÿÿ9¼"
"167";"00:03:40:11";"00:03:43:09";"die Stadtverwaltung

vor einem Cyberangriff:"
"168";"00:03:43:11";"00:03:43:11";"FABst<d Daten der Bürger( ( könnten g@"
"169";"00:03:43:11";"00:03:43:11";"FABst&estohlen werden,ÿÿ;ñt"
"170";"00:03:43:11";"00:03:45:21";"Daten der BÈurger

kÈonnten gestohlen werden,"
"171";"00:03:45:23";"00:03:45:23";"FABst=H um Lösegeld zu erpressen.ÿÿa"
"172";"00:03:45:23";"00:03:47:13";"um LÈosegeld zu erpressen."
"173";"00:03:47:15";"00:03:47:15";"FABst>d Um das zu verhindern,( ( geht die KJ"
"174";"00:03:47:15";"00:03:47:15";"FABst4ommune sofort offline -ÿÿ-2"
"175";"00:03:47:15";"00:03:50:17";"Um das zu verhindern,

geht die Kommune sofort offline -"
"176";"00:03:50:19";"00:03:50:19";"FABst?: vorsorglich.ÿÿ#¡¼"
"177";"00:03:50:19";"00:03:51:23";"vorsorglich."
"178";"00:03:52:00";"00:03:52:00";"FABst@PWir hätten damit nicht gerechnet.J"
"179";"00:03:52:00";"00:03:53:24";"Wir hÈatten damit nicht gerechnet."
"180";"00:03:54:01";"00:03:54:01";"FABstAdAber das geht wohl jeder Kommune,( ( <î"
"181";"00:03:54:01";"00:03:54:01";"FABst8Behörde, Organisation so,1"
"182";"00:03:54:01";"00:03:57:12";"Aber das geht wohl jeder Kommune,

BehÈorde, Organisation so,"
"183";"00:03:57:14";"00:03:57:14";"FABstB@ der das passiert.ÿÿÉÜ"
"184";"00:03:57:14";"00:03:58:24";"der das passiert."
"185";"00:03:59:01";"00:03:59:01";"FABstCd Man weiß,( ( dass Hackernetzà"
"186";"00:03:59:01";"00:03:59:01";"FABst0werke unterwegs sind.ÿÿ1ÂN"
"187";"00:03:59:01";"00:04:02:23";"Man weiû,

dass Hackernetzwerke unterwegs sind."
"188";"00:04:03:12";"00:04:03:12";"FABstDdAber wenn es einem selber passiert,( ( &"
"189";"00:04:03:12";"00:04:03:12";"FABst< ist man doch überrascht.ÿÿ%@ú"
"190";"00:04:03:12";"00:04:07:04";"Aber wenn es einem selber passiert,

ist man doch Èuberrascht."
"191";"00:04:07:06";"00:04:07:06";"FABstEd Zumal wir( ( ein hohes Siche>"
"192";"00:04:07:06";"00:04:07:06";"FABst.rheitsniveau hatten.ÿÿ3í:"
"193";"00:04:07:06";"00:04:10:09";"Zumal wir

ein hohes Sicherheitsniveau hatten."
"194";"00:04:11:06";"00:04:11:06";"FABstFd Datensicherheit( ( in der Wel7ì"
"195";"00:04:11:06";"00:04:11:06";"FABst(t des Internets -ÿÿ9¿þ"
"196";"00:04:11:06";"00:04:13:22";"Datensicherheit

in der Welt des Internets -"
"197";"00:04:13:24";"00:04:13:24";"FABstGd darum geht es beim Kongress( ( für Cyü"
"198";"00:04:13:24";"00:04:13:24";"FABst8bersicherheit in Potsdam.ÿÿ)æB"
"199";"00:04:13:24";"00:04:17:11";"darum geht es beim Kongress

fÈur Cybersicherheit in Potsdam."
"200";"00:04:17:13";"00:04:17:13";"FABstHVUnd bei dieser NATO-Übung in Estland.ÿÿv"
"201";"00:04:17:13";"00:04:19:24";"Und bei dieser NATO-ÈUbung in Estland."
"202";"00:04:20:01";"00:04:20:01";"FABstId Seit Beginn des Ukraine-Kriegs( ( stieg !Ì"
"203";"00:04:20:01";"00:04:20:01";"FABst:die Zahl der Cyberangriffeÿÿ'­"
"204";"00:04:20:01";"00:04:23:21";"Seit Beginn des Ukraine-Kriegs

stieg die Zahl der Cyberangriffe"
"205";"00:04:23:23";"00:04:23:23";"FABstJd auf Behörden und Unternehmen,( ( ¥"
"206";"00:04:23:23";"00:04:23:23";"FABst* so IT-Experten.ÿÿ7×<u>"
"207";"00:04:23:23";"00:04:26:22";"auf BehÈorden und Unternehmen,

so IT-Experten."
"208";"00:04:27:21";"00:04:27:21";"FABstKd Deutschland( ( müsse sich beÁú"
"209";"00:04:27:21";"00:04:27:21";"FABst&sser aufstellen,ÿÿ;ðl"
"210";"00:04:27:21";"00:04:30:08";"Deutschland

mÈusse sich besser aufstellen,"
"211";"00:04:30:10";"00:04:30:10";"FABstLd fordert AG KRITIS,( ( eine Nichtreg"
"212";"00:04:30:10";"00:04:30:10";"FABst0ierungs-Organisation.ÿÿ1¬<"
"213";"00:04:30:10";"00:04:33:22";"fordert AG KRITIS,

eine Nichtregierungs-Organisation."
"214";"00:04:35:20";"00:04:35:20";"FABstMd Es braucht an der Stelle( ( d(Ä"
"215";"00:04:35:20";"00:04:35:20";"FABst$ie Möglichkeit:EN´"
"216";"00:04:35:20";"00:04:38:08";"Es braucht an der Stelle

die MÈoglichkeit:"
"217";"00:04:38:10";"00:04:38:10";"FABstNd Dass man die Experten( ( aus4¢"
"218";"00:04:38:10";"00:04:38:10";"FABst& der Wirtschaft Cý"
"219";"00:04:38:10";"00:04:40:24";"Dass man die Experten

aus der Wirtschaft"
"220";"00:04:41:01";"00:04:41:01";"FABstOd für ihre eigenen Arbeitgeber( ( IT-Sð¢"
"221";"00:04:41:01";"00:04:41:01";"FABst2icherheit herstellen. ÿÿ/­F"
"222";"00:04:41:01";"00:04:44:24";"fÈur ihre eigenen Arbeitgeber

IT-Sicherheit herstellen."
"223";"00:04:45:17";"00:04:45:17";"FABstPd Und dafür sorgen,( ( dass sie</i>"
"224";"00:04:45:17";"00:04:45:17";"FABst( erhalten bleibt.ÿÿ9Ë¸"
"225";"00:04:45:17";"00:04:48:08";"Und dafÈur sorgen,

dass sie erhalten bleibt."
"226";"00:04:48:10";"00:04:48:10";"FABstQdDass man diese Leute wie beim THW( ( inÞ"
"227";"00:04:48:10";"00:04:48:10";"FABst< den Einsatz schicken kann.ÿÿ%ó<"
"228";"00:04:48:10";"00:04:52:06";"Dass man diese Leute wie beim THW

in den Einsatz schicken kann."
"229";"00:04:52:08";"00:04:52:08";"FABstRd Und in der Großschadenslage( ( ÁÜ"
"230";"00:04:52:08";"00:04:52:08";"FABst*dafür sorgen kann,ÿÿ79`"
"231";"00:04:52:08";"00:04:55:02";"Und in der Groûschadenslage

dafÈur sorgen kann,"
"232";"00:04:55:04";"00:04:55:04";"FABstSN dass die Dinge wieder anfahren.ÿÿÇ"
"233";"00:04:55:04";"00:04:57:06";"dass die Dinge wieder anfahren."
"234";"00:04:57:09";"00:04:57:09";"FABstTd Die Stadtverwaltung Potsdam( ( L"
"235";"00:04:57:09";"00:04:57:09";"FABst*ist nun, im April,ÿÿ7$"
"236";"00:04:57:09";"00:05:00:03";"Die Stadtverwaltung Potsdam

ist nun, im April,"
"237";"00:05:00:05";"00:05:00:05";"FABstUN nach drei Monaten wieder online.ÿÿ´"
"238";"00:05:00:05";"00:05:02:09";"nach drei Monaten wieder online."
"239";"00:05:02:11";"00:05:02:11";"FABstVd Tausende Rechner( ( bekamen ein 4^"
"240";"00:05:02:11";"00:05:02:11";"FABst*Sicherheitsupdate.ÿÿ7"
"241";"00:05:02:11";"00:05:05:18";"Tausende Rechner

bekamen ein Sicherheitsupdate."
"242";"00:05:07:05";"00:05:07:05";"FABstWd Reisende müssen sich( ( in denÖ"
"243";"00:05:07:05";"00:05:07:05";"FABst& kommenden Tagenÿÿ;Éâ"
"244";"00:05:07:05";"00:05:09:20";"Reisende mÈussen sich

in den kommenden Tagen"
"245";"00:05:09:22";"00:05:09:22";"FABstXd wieder( ( auf EinschränkungÀð"
"246";"00:05:09:22";"00:05:09:22";"FABst"en einstellen.ÿÿ?þ"
"247";"00:05:09:22";"00:05:12:03";"wieder

auf EinschrÈankungen einstellen."
"248";"00:05:12:05";"00:05:12:05";"FABstYd Für morgen und Freitag( ( ¯ê"
"249";"00:05:12:05";"00:05:12:05";"FABstrief ver.diÿÿEÎ&"
"250";"00:05:12:05";"00:05:14:08";"FÈur morgen und Freitag

rief ver.di"
"251";"00:05:14:10";"00:05:14:10";"FABstZd Personal an mehreren Flughäfen( ( zu Ar®"
"252";"00:05:14:10";"00:05:14:10";"FABst8beitsniederlegungen auf. ÿÿ)ÁX"
"253";"00:05:14:10";"00:05:18:04";"Personal an mehreren FlughÈafen

zu Arbeitsniederlegungen auf."
"254";"00:05:18:19";"00:05:18:19";"FABst[N Hunderte Flüge sollen ausfallen.ÿÿH¶"
"255";"00:05:18:19";"00:05:20:24";"Hunderte FlÈuge sollen ausfallen."
"256";"00:05:21:01";"00:05:21:01";"FABst\dDie Gewerkschaft EVG kündigte bei der( ( Baé"
"257";"00:05:21:01";"00:05:21:01";"FABstJhn am Freitagvormittag Streiks an.ÿÿù"
"258";"00:05:21:01";"00:05:25:16";"Die Gewerkschaft EVG kÈundigte bei der

Bahn am Freitagvormittag Streiks an."
"259";"00:05:25:18";"00:05:25:18";"FABst]dDer Fernverkehr wird bis zum Mittag( ( hj"
"260";"00:05:25:18";"00:05:25:18";"FABst8vollständig eingestellt.ÿÿ)q"
"261";"00:05:25:18";"00:05:29:09";"Der Fernverkehr wird bis zum Mittag

vollstÈandig eingestellt."
"262";"00:05:30:15";"00:05:30:15";"FABst^d Bahnfahren wird( ( wieder schwi<"
"263";"00:05:30:15";"00:05:30:15";"FABst,erig bis unmöglich.=Oª"
"264";"00:05:30:15";"00:05:33:11";"Bahnfahren wird

wieder schwierig bis unmÈoglich."
"265";"00:05:33:13";"00:05:33:13";"FABst_d Die Eisenbahnergewerkschaft EVG( ( lieP"
"266";"00:05:33:13";"00:05:33:13";"FABst:gt das Schienennetz lahm. /<i>"
"267";"00:05:33:13";"00:05:37:01";"Die Eisenbahnergewerkschaft EVG

liegt das Schienennetz lahm."
"268";"00:05:37:03";"00:05:37:03";"FABst`d Acht Stunden lang -( ( am Freitagub"
"269";"00:05:37:03";"00:05:37:03";"FABst* von 3 bis 11 Uhr.ÿÿ7$"
"270";"00:05:37:03";"00:05:39:24";"Acht Stunden lang -

am Freitag von 3 bis 11 Uhr."
"271";"00:05:40:01";"00:05:40:01";"FABstad Noch vor( ( der nächsten Verp"
"272";"00:05:40:01";"00:05:40:01";"FABst"handlungsrundeÿÿ?ø<u>"
"273";"00:05:40:01";"00:05:42:08";"Noch vor

der nÈachsten Verhandlungsrunde"
"274";"00:05:42:10";"00:05:42:10";"FABstbF mit der Deutschen Bahn.ÿÿ­"
"275";"00:05:42:10";"00:05:44:03";"mit der Deutschen Bahn."
"276";"00:05:44:14";"00:05:44:14";"FABstcd Wir haben bisher nichts( ( Verhandú"
"277";"00:05:44:14";"00:05:44:14";"FABst2lungsfähiges bekommen.7jj"
"278";"00:05:44:14";"00:05:47:17";"Wir haben bisher nichts

VerhandlungsfÈahiges bekommen."
"279";"00:05:47:19";"00:05:47:19";"FABstdd Irgendwann müssen wir( ( denïÆ"
"280";"00:05:47:19";"00:05:47:19";"FABst& Druck erhöhen, C0"
"281";"00:05:47:19";"00:05:50:02";"Irgendwann mÈussen wir

den Druck erhÈohen,"
"282";"00:05:50:04";"00:05:50:04";"FABsted damit wir verhandlungsfähige( ( à"
"283";"00:05:50:04";"00:05:50:04";"FABst&Angebote haben.ÿÿ;¤x"
"284";"00:05:50:04";"00:05:52:18";"damit wir verhandlungsfÈahige

Angebote haben."
"285";"00:05:52:20";"00:05:52:20";"FABstfd Sonst vergehen( ( die nächstêà"
"286";"00:05:52:20";"00:05:52:20";"FABst"en acht Wochenÿÿ?Ýh"
"287";"00:05:52:20";"00:05:55:01";"Sonst vergehen

die nÈachsten acht Wochen"
"288";"00:05:55:03";"00:05:55:03";"FABstgH und wir reden immer noch.ÿÿíÀ"
"289";"00:05:55:03";"00:05:56:17";"und wir reden immer noch."
"290";"00:05:56:19";"00:05:56:19";"FABsthH Die Gewerkschaft fordert:ÿÿÜj"
"291";"00:05:56:19";"00:06:00:03";"Die Gewerkschaft fordert:"
"292";"00:06:06:02";"00:06:06:02";"FABstid Das Angebot der Deutschen Bahn( ( ble"
"293";"00:06:06:02";"00:06:06:02";"FABst2ibt deutlich darunter.ÿÿ/ H"
"294";"00:06:06:02";"00:06:09:10";"Das Angebot der Deutschen Bahn

bleibt deutlich darunter."
"295";"00:06:09:12";"00:06:09:12";"FABstjd Die Bahn findet( ( den erneuten]n"
"296";"00:06:09:12";"00:06:09:12";"FABst& Streik unnötig.ÿÿ;"
"297";"00:06:09:12";"00:06:12:02";"Die Bahn findet

den erneuten Streik unnÈotig."
"298";"00:06:12:04";"00:06:12:04";"FABstkd Sie rechnet( ( mit erhebliche#Ê"
"299";"00:06:12:04";"00:06:12:04";"FABst"n Auswirkungenÿÿ?B"
"300";"00:06:12:04";"00:06:14:14";"Sie rechnet

mit erheblichen Auswirkungen"
"301";"00:06:14:16";"00:06:14:16";"FABstlD auch nach Streikende.ÿÿùv"
"302";"00:06:14:16";"00:06:16:02";"auch nach Streikende."
"303";"00:06:16:09";"00:06:16:09";"FABstmd Die Züge sind nicht mehr da,( ( w"
"304";"00:06:16:09";"00:06:16:09";"FABst*o sie sein sollen,?÷"
"305";"00:06:16:09";"00:06:19:07";"Die ZÈuge sind nicht mehr da,

wo sie sein sollen,"
"306";"00:06:19:09";"00:06:19:09";"FABstnJ Mitarbeitende sind nicht da.ür"
"307";"00:06:19:09";"00:06:21:02";"Mitarbeitende sind nicht da."
"308";"00:06:21:04";"00:06:21:04";"FABstod Es wird erhebliche( ( BeeinträÒª"
"309";"00:06:21:04";"00:06:21:04";"FABst(chtigungen geben.ÿÿ9"
"310";"00:06:21:04";"00:06:23:18";"Es wird erhebliche

BeeintrÈachtigungen geben."
"311";"00:06:23:20";"00:06:23:20";"FABstpd Wir werden( ( im Laufe des Fo¶"
"312";"00:06:23:20";"00:06:23:20";"FABst"reitags sehen,ÿÿ?ö"
"313";"00:06:23:20";"00:06:26:03";"Wir werden

im Laufe des Freitags sehen,"
"314";"00:06:26:05";"00:06:26:05";"FABstqd inwieweit wir( ( regional stK¶"
"315";"00:06:26:05";"00:06:26:05";"FABst arten können.ÿÿAxN"
"316";"00:06:26:05";"00:06:28:14";"inwieweit wir

regional starten kÈonnen."
"317";"00:06:30:02";"00:06:30:02";"FABstrN Wir werden für unsere Reisendenÿÿ,"
"318";"00:06:30:02";"00:06:32:04";"Wir werden fÈur unsere Reisenden"
"319";"00:06:32:06";"00:06:32:06";"FABstsd so viel Kulanz( ( wie möglichàÈ"
"320";"00:06:32:06";"00:06:32:06";"FABst$ bereitstellen.ÿÿ="
"321";"00:06:32:06";"00:06:35:21";"so viel Kulanz

wie mÈoglich bereitstellen."
"322";"00:06:36:22";"00:06:36:22";"FABsttd Wer kann, so die Bahn,( ( soll nicÔ"
"323";"00:06:36:22";"00:06:36:22";"FABst0ht am Freitag reisen.ÿÿ1¾ð"
"324";"00:06:36:22";"00:06:40:04";"Wer kann, so die Bahn,

soll nicht am Freitag reisen."
"325";"00:06:40:06";"00:06:40:06";"FABstuH Schon gekaufte Fahrkartenÿÿ"
"326";"00:06:40:06";"00:06:41:21";"Schon gekaufte Fahrkarten"
"327";"00:06:41:23";"00:06:41:23";"FABstvd sind schon jetzt( ( und bis zumN"
"328";"00:06:41:23";"00:06:41:23";"FABst* 25. April gültig.ÿÿ7"
"329";"00:06:41:23";"00:06:44:22";"sind schon jetzt

und bis zum 25. April gÈultig."
"330";"00:06:45:13";"00:06:45:13";"FABstwd Auch Flughäfen werden( ( vom Sicherheö"
"331";"00:06:45:13";"00:06:45:13";"FABst2itspersonal bestreikt.ÿÿ/é"
"332";"00:06:45:13";"00:06:49:13";"Auch FlughÈafen werden

vom Sicherheitspersonal bestreikt."
"333";"00:06:50:01";"00:06:50:01";"FABstxd Hamburg, Köln/Bonn und Düsseldorf( ( voPx"
"334";"00:06:50:01";"00:06:50:01";"FABst:n morgen bis Freitagabend,ÿÿ'Ðx"
"335";"00:06:50:01";"00:06:53:20";"Hamburg, KÈoln/Bonn und DÈusseldorf

von morgen bis Freitagabend,"
"336";"00:06:53:22";"00:06:53:22";"FABstyH Stuttgart nur am Freitag.ÿÿ¾"
"337";"00:06:53:22";"00:06:55:17";"Stuttgart nur am Freitag."
"338";"00:06:55:22";"00:06:55:22";"FABstzd Hunderte Starts fallen aus,( ( einige"
"339";"00:06:55:22";"00:06:55:22";"FABst8 Landungen seien möglich.ÿÿ)$Ú"
"340";"00:06:55:22";"00:06:59:23";"Hunderte Starts fallen aus,

einige Landungen seien mÈoglich."
"341";"00:07:01:07";"00:07:01:07";"FABst{d Die EU will stärker gegen die( ( AbholzuÆ"
"342";"00:07:01:07";"00:07:01:07";"FABst>ng des Regenwaldes vorgehen.ÿÿ#Ü¶"
"343";"00:07:01:07";"00:07:05:12";"Die EU will stÈarker gegen die

Abholzung des Regenwaldes vorgehen."
"344";"00:07:05:14";"00:07:05:14";"FABst|d Das EU-Parlament stimmte einem( ( entsprG"
"345";"00:07:05:14";"00:07:05:14";"FABst:echenden Gesetzentwurf zu:ÿÿ'"
"346";"00:07:05:14";"00:07:09:12";"Das EU-Parlament stimmte einem

entsprechenden Gesetzentwurf zu:"
"347";"00:07:09:14";"00:07:09:14";"FABst}d Firmen müssen künftig nachweisen,( ( ¤"
"348";"00:07:09:14";"00:07:09:14";"FABst4dass für ihre Produkteÿÿ-"
"349";"00:07:09:14";"00:07:13:00";"Firmen mÈussen kÈunftig nachweisen,

dass fÈur ihre Produkte"
"350";"00:07:13:02";"00:07:13:02";"FABst~d keine Wälder gerodet wurden,( ( wenn siø"
"351";"00:07:13:02";"00:07:13:02";"FABst:e die in der EU verkaufen.ÿÿ'ä"
"352";"00:07:13:02";"00:07:17:03";"keine WÈalder gerodet wurden,

wenn sie die in der EU verkaufen."
"353";"00:07:17:21";"00:07:17:21";"FABstN Bei Verstößen drohen Geldbußen.ÿÿ^"
"354";"00:07:17:21";"00:07:19:23";"Bei VerstÈoûen drohen Geldbuûen."
"355";"00:07:20:00";"00:07:20:00";"FABst<i>d Damit die Regeln in Kraft treten,( ( müssQ¬"
"356";"00:07:20:00";"00:07:20:00";"FABstHen die Mitgliedsländer zustimmen.ÿÿn"
"357";"00:07:20:00";"00:07:24:05";"Damit die Regeln in Kraft treten,

mÈussen die MitgliedslÈander zustimmen."
"358";"00:07:24:07";"00:07:24:07";"FABst</i>J Das gilt aber als Formsache.ÿÿS°"
"359";"00:07:24:07";"00:07:26:07";"Das gilt aber als Formsache."
"360";"00:07:27:02";"00:07:27:02";"FABst<u>J Der Wald am Amazonas brennt.iF"
"361";"00:07:27:02";"00:07:29:00";"Der Wald am Amazonas brennt."
"362";"00:07:29:02";"00:07:29:02";"FABst</u>N Durch Brandrodung wird weltweitä"
"363";"00:07:29:02";"00:07:31:02";"Durch Brandrodung wird weltweit"
"364";"00:07:31:04";"00:07:31:04";"FABstdein Areal von 15.000 Fußballfeldern( ( Z"
"365";"00:07:31:04";"00:07:31:04";"FABst8vernichtet jeden Tag.ÿÿ)ûv"
"366";"00:07:31:04";"00:07:35:02";"ein Areal von 15.000 Fuûballfeldern

vernichtet Ð jeden Tag."
"367";"00:07:36:03";"00:07:36:03";"FABstd Auf den Flächen( ( wird dann Kâ"
"368";"00:07:36:03";"00:07:36:03";"FABst$affee angebaut,ÿÿ=Z"
"369";"00:07:36:03";"00:07:38:18";"Auf den FlÈachen

wird dann Kaffee angebaut,"
"370";"00:07:38:20";"00:07:38:20";"FABstd Kakao oder Palmöl, das in( ( SchokocremL"
"371";"00:07:38:20";"00:07:38:20";"FABst6es oder Kosmetik steckt.ÿÿ+Ãà"
"372";"00:07:38:20";"00:07:42:17";"Kakao oder PalmÈol, das in

Schokocremes oder Kosmetik steckt."
"373";"00:07:43:08";"00:07:43:08";"FABstd Oder es werden Rinder( ( auf den gerþ¶"
"374";"00:07:43:08";"00:07:43:08";"FABst8odeten Flächen gezüchtet.ÿÿ)çD"
"375";"00:07:43:08";"00:07:46:22";"Oder es werden Rinder

auf den gerodeten FlÈachen gezÈuchtet."
"376";"00:07:46:24";"00:07:46:24";"FABstPDas Fleisch landet in Restaurants,ÿÿ[Ö"
"377";"00:07:46:24";"00:07:49:03";"Das Fleisch landet in Restaurants,"
"378";"00:07:49:05";"00:07:49:05";"FABstd die Haut als Leder( ( in den SitzeÃ"
"379";"00:07:49:05";"00:07:49:05";"FABst.n von Premium-Autos.ÿÿ3íÜ"
"380";"00:07:49:05";"00:07:52:06";"die Haut als Leder

in den Sitzen von Premium-Autos."
"381";"00:07:52:08";"00:07:52:08";"FABst
d Bislang ist die EU für 10 % der( ( weltweP´"
"382";"00:07:52:08";"00:07:52:08";"FABstBiten Nachfrage verantwortlich.ÿÿÑÒ"
"383";"00:07:52:08";"00:07:56:11";"Bislang ist die EU fÈur 10 % der

weltweiten Nachfrage verantwortlich."
"384";"00:07:56:22";"00:07:56:22";"FABstdDie freiwilligen Verpflichtungen( ( habení´"
"385";"00:07:56:22";"00:07:56:22";"FABst< bisher nicht dazu geführt,-FÔ"
"386";"00:07:56:22";"00:08:00:18";"Die freiwilligen Verpflichtungen

haben bisher nicht dazu gefÈuhrt,"
"387";"00:08:00:20";"00:08:00:20";"FABstD dass das sich ändert.!û¶"
"388";"00:08:00:20";"00:08:02:03";"dass das sich Èandert."
"389";"00:08:02:05";"00:08:02:05";"FABstPDaher haben wir in der EU gesagt:ÿÿ="
"390";"00:08:02:05";"00:08:04:03";"Daher haben wir in der EU gesagt:"
"391";"00:08:04:05";"00:08:04:05";"FABstd Wir müssen Verantwortung( ( für unseòÈ"
"392";"00:08:04:05";"00:08:04:05";"FABst2ren Konsum übernehmen.ÿÿ/b"
"393";"00:08:04:05";"00:08:07:09";"Wir mÈussen Verantwortung

fÈur unseren Konsum Èubernehmen."
"394";"00:08:07:11";"00:08:07:11";"FABstd Deswegen müssen Unternehmen( ( s("
"395";"00:08:07:11";"00:08:07:11";"FABst(nun nachweisen,ÿÿ9<u>\"
"396";"00:08:07:11";"00:08:09:23";"Deswegen mÈussen Unternehmen

nun nachweisen,"
"397";"00:08:10:00";"00:08:10:00";"FABstd dass keine Waldzerstörung ( ( in ihDÌ"
"398";"00:08:10:00";"00:08:10:00";"FABst0ren Produkten steckt.ÿÿ1íD"
"399";"00:08:10:00";"00:08:12:24";"dass keine WaldzerstÈorung

in ihren Produkten steckt."
"400";"00:08:13:01";"00:08:13:01";"FABstB Das Gesetz gilt auchÿÿH`"
"401";"00:08:13:01";"00:08:14:08";"Das Gesetz gilt auch"
"402";"00:08:14:10";"00:08:14:10";"FABstd für Soja-Produkte, ( ( HolzLô"
"403";"00:08:14:10";"00:08:14:10";"FABst$ und Kautschuk.ÿÿ=è*"
"404";"00:08:14:10";"00:08:16:14";"fÈur Soja-Produkte,

Holz und Kautschuk."
"405";"00:08:16:16";"00:08:16:16";"FABstd Die Produkte( ( werden nicht píÌ"
"406";"00:08:16:16";"00:08:16:16";"FABst(auschal verboten.ÿÿ9<i>¢"
"407";"00:08:16:16";"00:08:19:05";"Die Produkte

werden nicht pauschal verboten."
"408";"00:08:19:07";"00:08:19:07";"FABstdAber die Hersteller müssen künftig( ( mçh"
"409";"00:08:19:07";"00:08:19:07";"FABst6it Geo-Daten nachweisen,ÿÿ+üê"
"410";"00:08:19:07";"00:08:22:17";"Aber die Hersteller mÈussen kÈunftig

mit Geo-Daten nachweisen,"
"411";"00:08:22:19";"00:08:22:19";"FABstd dass für ihre Produkte keine( ( neuen W1Þ"
"412";"00:08:22:19";"00:08:22:19";"FABst:aldflächen gerodet werden.ÿÿ'<&"
"413";"00:08:22:19";"00:08:26:08";"dass fÈur ihre Produkte keine

neuen WaldflÈachen gerodet werden."
"414";"00:08:26:10";"00:08:26:10";"FABstd Das Gesetz sei ein Meilenstein,( ( ´("
"415";"00:08:26:10";"00:08:26:10";"FABst2sagen Umweltschützer.ÿÿ/$D"
"416";"00:08:26:10";"00:08:29:12";"Das Gesetz sei ein Meilenstein,

sagen UmweltschÈutzer."
"417";"00:08:30:03";"00:08:30:03";"FABstd Werden( ( genug Kontrollen ù~"
"418";"00:08:30:03";"00:08:30:03";"FABst durchgeführt?I0ä"
"419";"00:08:30:03";"00:08:32:10";"Werden

genug Kontrollen durchgefÈuhrt?"
"420";"00:08:32:12";"00:08:32:12";"FABstd Werden genug Ressourcen( ( auf nati©Ä"
"421";"00:08:32:12";"00:08:32:12";"FABst>onaler Ebene vorhanden sein,+Á"
"422";"00:08:32:12";"00:08:35:23";"Werden genug Ressourcen

auf nationaler Ebene vorhanden sein,"
"423";"00:08:36:00";"00:08:36:00";"FABstd auch in Deutschland,( ( um KontroþH"
"424";"00:08:36:00";"00:08:36:00";"FABst,llen durchzuführen?ÿÿ5È"
"425";"00:08:36:00";"00:08:38:23";"auch in Deutschland,

um Kontrollen durchzufÈuhren?"
"426";"00:08:39:00";"00:08:39:00";"FABstd Wer dieses Gesetz umgehen will,( ( ±"
"427";"00:08:39:00";"00:08:39:00";"FABst.wird das schaffen.ÿÿ3²®"
"428";"00:08:39:00";"00:08:41:23";"Wer dieses Gesetz umgehen will,

wird das schaffen."
"429";"00:08:42:00";"00:08:42:00";"FABstd Daher ist es wichtig, ( ( dass È"
"430";"00:08:42:00";"00:08:42:00";"FABst(starke Kontrollenÿÿ9îö"
"431";"00:08:42:00";"00:08:44:12";"Daher ist es wichtig,

dass starke Kontrollen"
"432";"00:08:44:14";"00:08:44:14";"FABstd auf Mitgliedsstaatebene( ( durÀ"
"433";"00:08:44:14";"00:08:44:14";"FABst*chgeführt werden. ÿÿ7,n"
"434";"00:08:44:14";"00:08:47:05";"auf Mitgliedsstaatebene

durchgefÈuhrt werden."
"435";"00:08:47:07";"00:08:47:07";"FABst< Bei Verstößenÿÿ!OÂ"
"436";"00:08:47:07";"00:08:48:09";"Bei VerstÈoûen"
"437";"00:08:48:11";"00:08:48:11";"FABstd können die Behörden der( ( Mitgliedss³"
"438";"00:08:48:11";"00:08:48:11";"FABst8taaten Strafen verhängen.ÿÿ)o8"
"439";"00:08:48:11";"00:08:51:24";"kÈonnen die BehÈorden der

Mitgliedsstaaten Strafen verhÈangen."
"440";"00:08:52:01";"00:08:52:01";"FABstB Die Geldstrafe sollÿÿJ^"
"441";"00:08:52:01";"00:08:53:07";"Die Geldstrafe soll"
"442";"00:08:53:09";"00:08:53:09";"FABst dbei mindestens 4 % des Jahresumsatzes( ( »z"
"443";"00:08:53:09";"00:08:53:09";"FABst8 in der EU liegen.ÿÿ)"
"444";"00:08:53:09";"00:08:57:08";"bei mindestens 4 % des Jahresumsatzes

in der EU liegen."
"445";"00:08:59:15";"00:08:59:15";"FABst¡d Afrika droht( ( eine neue Hun"
"446";"00:08:59:15";"00:08:59:15";"FABst$gerkatastrophe.ÿÿ=Ò"
"447";"00:08:59:15";"00:09:02:07";"Afrika droht

eine neue Hungerkatastrophe."
"448";"00:09:02:09";"00:09:02:09";"FABst¢RLaut des UN-Welternährungsprogrammsÿÿ¾Î"
"449";"00:09:02:09";"00:09:04:19";"Laut des UN-WelternÈahrungsprogramms"
"450";"00:09:04:21";"00:09:04:21";"FABst£dsind zentral- und westafrikanische( ("
"451";"00:09:04:21";"00:09:04:21";"FABst0 Staaten betroffen.ÿÿ1ÿ"
"452";"00:09:04:21";"00:09:08:03";"sind zentral- und westafrikanische

Staaten betroffen."
"453";"00:09:08:05";"00:09:08:05";"FABst¤P48 Millionen Menschen könnten dort<i>¨"
"454";"00:09:08:05";"00:09:10:10";"48 Millionen Menschen kÈonnten dort"
"455";"00:09:10:12";"00:09:10:12";"FABst¥d in den kommenden Monaten ( ( nicht°"
"456";"00:09:10:12";"00:09:10:12";"FABst2 genug zu essen haben.7¬x"
"457";"00:09:10:12";"00:09:13:16";"in den kommenden Monaten

nicht genug zu essen haben."
"458";"00:09:13:18";"00:09:13:18";"FABst¦d So viele wie( ( seit zehn JahÔd"
"459";"00:09:13:18";"00:09:13:18";"FABst$ren nicht mehr.ÿÿ=É<"
"460";"00:09:13:18";"00:09:16:03";"So viele wie

seit zehn Jahren nicht mehr."
"461";"00:09:16:05";"00:09:16:05";"FABst§d Allein in Burkina Faso drohen ( ( ZehntV"
"462";"00:09:16:05";"00:09:16:05";"FABst8ausende daran zu sterben.ÿÿ)º"
"463";"00:09:16:05";"00:09:19:21";"Allein in Burkina Faso drohen

Zehntausende daran zu sterben."
"464";"00:09:19:23";"00:09:19:23";"FABst¨N Das Land liegt an der Sahelzone.ÿÿ"
"465";"00:09:19:23";"00:09:22:03";"Das Land liegt an der Sahelzone."
"466";"00:09:22:05";"00:09:22:05";"FABst©d Dort herrschen zudem( ( soziale K<u>*"
"467";"00:09:22:05";"00:09:22:05";"FABst.onflikte und Terror.ÿÿ3ì"
"468";"00:09:22:05";"00:09:25:21";"Dort herrschen zudem

soziale Konflikte und Terror."
"469";"00:09:27:21";"00:09:27:21";"FABstªJ Die Landesregierung von NRWÿÿÆ"
"470";"00:09:27:21";"00:09:29:16";"Die Landesregierung von NRW"
"471";"00:09:29:18";"00:09:29:18";"FABst«d entschuldigte sich( ( für die Pannyf"
"472";"00:09:29:18";"00:09:29:18";"FABst6e zum Start des Abiturs.ÿÿ+¡T"
"473";"00:09:29:18";"00:09:33:02";"entschuldigte sich

fÈur die Panne zum Start des Abiturs."
"474";"00:09:33:04";"00:09:33:04";"FABst¬d Ministerpräsident Wüst erklärte,( ( so etU<i>"
"475";"00:09:33:04";"00:09:33:04";"FABst<was dürfe nicht passieren. ÿÿ%J""
"476";"00:09:33:04";"00:09:36:24";"MinisterprÈasident WÈust erklÈarte,

so etwas dÈurfe nicht passieren."
"477";"00:09:37:01";"00:09:37:01";"FABst­TEtwa 30.000 Schülerinnen und Schülerÿÿ28"
"478";"00:09:37:01";"00:09:39:09";"Etwa 30.000 SchÈulerinnen und SchÈuler"
"479";"00:09:39:11";"00:09:39:11";"FABst®d sollten heute ihre( ( ersten AbituõJ"
"480";"00:09:39:11";"00:09:39:11";"FABst0rprüfungen schreiben.ÿÿ1J"
"481";"00:09:39:11";"00:09:42:21";"sollten heute ihre

ersten AbiturprÈufungen schreiben."
"482";"00:09:42:24";"00:09:42:24";"FABst¯d Das Schulministerium( ( sagte de6"
"483";"00:09:42:24";"00:09:42:24";"FABst*n Start gestern abÿÿ7</i>¼"
"484";"00:09:42:24";"00:09:46:00";"Das Schulministerium

sagte den Start gestern ab"
"485";"00:09:46:02";"00:09:46:02";"FABst°d und begründete das mit Problemen( ( beim -D"
"486";"00:09:46:02";"00:09:46:02";"FABst<Herunterladen der Aufgaben.ÿÿ%Ñþ"
"487";"00:09:46:02";"00:09:50:11";"und begrÈundete das mit Problemen

beim Herunterladen der Aufgaben."
"488";"00:09:52:18";"00:09:52:18";"FABst±d Keine Abiturprüfung( ( für die Schü3r"
"489";"00:09:52:18";"00:09:52:18";"FABst.lerinnen und Schüler;T$"
"490";"00:09:52:18";"00:09:55:22";"Keine AbiturprÈufung

fÈur die SchÈulerinnen und SchÈuler"
"491";"00:09:55:24";"00:09:55:24";"FABst²Pder Gesamtschule Mitte in Münster.þ"
"492";"00:09:55:24";"00:09:58:01";"der Gesamtschule Mitte in MÈunster."
"493";"00:09:58:03";"00:09:58:03";"FABst³dSie hätten heute die Biologie-Klausur( ( ;,"
"494";"00:09:58:03";"00:09:58:03";"FABst8 schreiben sollen.ÿÿ)
¸"
"495";"00:09:58:03";"00:10:01:05";"Sie hÈatten heute die Biologie-Klausur

schreiben sollen."
"496";"00:10:01:07";"00:10:01:07";"FABst´D Gestern die Nachricht:!o"
"497";"00:10:01:07";"00:10:02:16";"Gestern die Nachricht:"
"498";"00:10:02:18";"00:10:02:18";"FABstµd Wegen Computerproblemen ( ( werden<i>"
"499";"00:10:02:18";"00:10:02:18";"FABst. die Abiturklausurenÿÿ3Í"
"500";"00:10:02:18";"00:10:05:16";"Wegen Computerproblemen

werden die Abiturklausuren"
"501";"00:10:05:18";"00:10:05:18";"FABst¶dvon Mittwoch auf Freitag geschoben -( ( Ô"
"502";"00:10:05:18";"00:10:05:18";"FABst0 in ganz NRW.ÿÿ1¼"
"503";"00:10:05:18";"00:10:08:16";"von Mittwoch auf Freitag geschoben -

in ganz NRW."
"504";"00:10:08:18";"00:10:08:18";"FABst·d Ich wollte heute anfangen,( ( für das:"
"505";"00:10:08:18";"00:10:08:18";"FABst6 nächste Fach zu lernen.3&"
"506";"00:10:08:18";"00:10:12:04";"Ich wollte heute anfangen,

fÈur das nÈachste Fach zu lernen."
"507";"00:10:12:06";"00:10:12:06";"FABst¸F Das wird jetzt knapper.dú"
"508";"00:10:12:06";"00:10:14:03";"Das wird jetzt knapper."
"509";"00:10:15:03";"00:10:15:03";"FABst¹B Ich war überrascht.#F"
"510";"00:10:15:03";"00:10:16:24";"Ich war Èuberrascht."
"511";"00:10:17:12";"00:10:17:12";"FABstºd Ich dachte,( ( beim Abitur läNÎ"
"512";"00:10:17:12";"00:10:17:12";"FABst2uft alles geregelt ab.7ï"
"513";"00:10:17:12";"00:10:22:17";"Ich dachte,

beim Abitur lÈauft alles geregelt ab."
"514";"00:10:23:12";"00:10:23:12";"FABst»d Den ganzen Tag über versuchten( ( Schu?Ø"
"515";"00:10:23:12";"00:10:23:12";"FABst6lleiterin Kathi Kösters ÿÿ+9Ä"
"516";"00:10:23:12";"00:10:27:01";"Den ganzen Tag Èuber versuchten

Schulleiterin Kathi KÈosters"
"517";"00:10:27:03";"00:10:27:03";"FABst¼d und ihre Kollegen, die Aufgaben( ( vom Scò"
"518";"00:10:27:03";"00:10:27:03";"FABstBhulserver des Landes zu laden.ÿÿÄd"
"519";"00:10:27:03";"00:10:31:04";"und ihre Kollegen, die Aufgaben

vom Schulserver des Landes zu laden."
"520";"00:10:31:07";"00:10:31:07";"FABst½F Doch es tat sich nichts.ÿÿJl"
"521";"00:10:31:07";"00:10:35:22";"Doch es tat sich nichts."
"522";"00:10:37:04";"00:10:37:04";"FABst¾d Da waren wir schon nervös -( ( man sucvV"
"523";"00:10:37:04";"00:10:37:04";"FABst:ht ja den Fehler bei sich./Ô¾"
"524";"00:10:37:04";"00:10:40:20";"Da waren wir schon nervÈos -

man sucht ja den Fehler bei sich."
"525";"00:10:40:22";"00:10:40:22";"FABst¿8 Man denkt,ÿÿ%ZÄ"
"526";"00:10:40:22";"00:10:42:01";"Man denkt,"
"527";"00:10:42:03";"00:10:42:03";"FABstÀd es geht vielleicht mit( ( einem and§Ö"
"528";"00:10:42:03";"00:10:42:03";"FABst:eren Browser oder Rechner.ÿÿ'÷@"
"529";"00:10:42:03";"00:10:45:19";"es geht vielleicht mit

einem anderen Browser oder Rechner."
"530";"00:10:45:21";"00:10:45:21";"FABstÁJ Dann kriegten wir aber mit,ÿÿR"
"531";"00:10:45:21";"00:10:47:13";"Dann kriegten wir aber mit,"
"532";"00:10:47:15";"00:10:47:15";"FABstÂd dass es an vielen Schulen( ( µ~"
"533";"00:10:47:15";"00:10:47:15";"FABst$Probleme gibt.ÿÿ=Ç~"
"534";"00:10:47:15";"00:10:49:24";"dass es an vielen Schulen

Probleme gibt."
"535";"00:10:50:01";"00:10:50:01";"FABstÃd Heute muss Schulministerin( ( FeÓÒ"
"536";"00:10:50:01";"00:10:50:01";"FABst(ller eingestehen:ÿÿ9"
"537";"00:10:50:01";"00:10:53:02";"Heute muss Schulministerin

Feller eingestehen:"
"538";"00:10:53:04";"00:10:53:04";"FABstÄd Die komplette technische( ( Infrastré"
"539";"00:10:53:04";"00:10:53:04";"FABst2uktur der Abiturserverÿÿ/ÒÆ"
"540";"00:10:53:04";"00:10:56:09";"Die komplette technische

Infrastruktur der Abiturserver"
"541";"00:10:56:12";"00:10:56:12";"FABstÅd ging in die Knie und die Ursache( ( wuý0"
"542";"00:10:56:12";"00:10:56:12";"FABst6rde noch nicht gefunden.ÿÿ+ïÆ"
"543";"00:10:56:12";"00:11:00:04";"ging in die Knie und die Ursache

wurde noch nicht gefunden."
"544";"00:11:00:17";"00:11:00:17";"FABstÆd Ich entschuldige mich bei( ( Abiturieöü"
"545";"00:11:00:17";"00:11:00:17";"FABst8ntinnen und Abiturienten,1þ¸"
"546";"00:11:00:17";"00:11:04:06";"Ich entschuldige mich bei

Abiturientinnen und Abiturienten,"
"547";"00:11:04:09";"00:11:04:09";"FABstÇd bei den Eltern,( ( bei den Lehrerü¨"
"548";"00:11:04:09";"00:11:04:09";"FABst*innen und Lehrern.?J"
"549";"00:11:04:09";"00:11:07:05";"bei den Eltern,

bei den Lehrerinnen und Lehrern."
"550";"00:11:07:07";"00:11:07:07";"FABstÈPGerade aber bei den Abiturienten,ÿÿ^"
"551";"00:11:07:07";"00:11:09:08";"Gerade aber bei den Abiturienten,"
"552";"00:11:09:11";"00:11:09:11";"FABstÉd weil sie sich gezielt( ( daraufîZ"
"553";"00:11:09:11";"00:11:09:11";"FABst, vorbereitet haben.ÿÿ5Í"
"554";"00:11:09:11";"00:11:12:05";"weil sie sich gezielt

darauf vorbereitet haben."
"555";"00:11:12:07";"00:11:12:07";"FABstÊdSeit 12 Uhr funktioniert das Laden( ( dÊ:"
"556";"00:11:12:07";"00:11:12:07";"FABst8er Abituraufgaben wieder.ÿÿ)éX"
"557";"00:11:12:07";"00:11:15:23";"Seit 12 Uhr funktioniert das Laden

der Abituraufgaben wieder."
"558";"00:11:16:00";"00:11:16:00";"FABstËd Die Klausuren sollen am Freitag( ( nachgÊX"
"559";"00:11:16:00";"00:11:16:00";"FABst>eholt werden - teils später.ÿÿ#eì"
"560";"00:11:16:00";"00:11:20:04";"Die Klausuren sollen am Freitag

nachgeholt werden - teils spÈater."
"561";"00:11:20:21";"00:11:20:21";"FABstÌd Für Muslime ist am Freitag( ( dasx"
"562";"00:11:20:21";"00:11:20:21";"FABst* Ende des Ramadan,ÿÿ7ðì"
"563";"00:11:20:21";"00:11:23:23";"FÈur Muslime ist am Freitag

das Ende des Ramadan,"
"564";"00:11:24:00";"00:11:24:00";"FABstÍF ein religiöser Feiertag.ÿÿ´â"
"565";"00:11:24:00";"00:11:25:23";"ein religiÈoser Feiertag."
"566";"00:11:26:00";"00:11:26:00";"FABstÎd Sie dürfen sich( ( auf Wunsch vÌ"
"567";"00:11:26:00";"00:11:26:00";"FABst*beurlauben lassen.ÿÿ7éò"
"568";"00:11:26:00";"00:11:28:22";"Sie dÈurfen sich

auf Wunsch beurlauben lassen."
"569";"00:11:29:22";"00:11:29:22";"FABstÏdMit einer großen Gedenkveranstaltung( ( Ò"
"570";"00:11:29:22";"00:11:29:22";"FABst2 wurde in Polenÿÿ/Þ\"
"571";"00:11:29:22";"00:11:32:24";"Mit einer groûen Gedenkveranstaltung

wurde in Polen"
"572";"00:11:33:00";"00:11:33:00";"FABstÐdan den 80. Jahrestag des Aufstands( ( im ï"
"573";"00:11:33:00";"00:11:33:00";"FABst<Warschauer Ghetto erinnert.ÿÿ%Ý°"
"574";"00:11:33:00";"00:11:37:03";"an den 80. Jahrestag des Aufstands

im Warschauer Ghetto erinnert."
"575";"00:11:37:05";"00:11:37:05";"FABstÑd1943 leisteten jüdische Aufständische( ( Ý"
"576";"00:11:37:05";"00:11:37:05";"FABst< wochenlang Widerstand,ÿÿ%å"
"577";"00:11:37:05";"00:11:41:08";"1943 leisteten jÈudische AufstÈandische

wochenlang Widerstand,"
"578";"00:11:41:10";"00:11:41:10";"FABstÒd als die SS die Menschen( ( in Lagerô"
"579";"00:11:41:10";"00:11:41:10";"FABst. deportieren wollte.ÿÿ3º°"
"580";"00:11:41:10";"00:11:44:22";"als die SS die Menschen

in Lager deportieren wollte."
"581";"00:11:45:11";"00:11:45:11";"FABstÓH Bundespräsident Steinmeierÿÿ´Ä"
"582";"00:11:45:11";"00:11:47:04";"BundesprÈasident Steinmeier"
"583";"00:11:47:06";"00:11:47:06";"FABstÔd bat in seiner Rede um Vergebung( ( für dj"
"584";"00:11:47:06";"00:11:47:06";"FABst>ie Verbrechen der Deutschen.ÿÿ#æÜ"
"585";"00:11:47:06";"00:11:50:24";"bat in seiner Rede um Vergebung

fÈur die Verbrechen der Deutschen."
"586";"00:11:51:01";"00:11:51:01";"FABstÕdZugleich dankte er Polen und Israel ( ( für"
"587";"00:11:51:01";"00:11:51:01";"FABstH die Bereitschaft zur Versöhnung.ÿÿ¬"
"588";"00:11:51:01";"00:11:55:05";"Zugleich dankte er Polen und Israel

fÈur die Bereitschaft zur VersÈohnung."
"589";"00:11:55:23";"00:11:55:23";"FABstÖd Es ist ein schwieriger Besuch( ( fü#¢"
"590";"00:11:55:23";"00:11:55:23";"FABst4r den Bundespräsidenten5#"
"591";"00:11:55:23";"00:11:59:06";"Es ist ein schwieriger Besuch

fÈur den BundesprÈasidenten"
"592";"00:11:59:08";"00:11:59:08";"FABst×: in Warschau.+7²"
"593";"00:11:59:08";"00:12:00:12";"in Warschau."
"594";"00:12:00:14";"00:12:00:14";"FABstØd Er spricht auf Deutsch,( ( der êÎ"
"595";"00:12:00:14";"00:12:00:14";"FABst,Sprache der Täter. ÿÿ5Ü"
"596";"00:12:00:14";"00:12:03:07";"Er spricht auf Deutsch,

der Sprache der TÈater."
"597";"00:12:03:09";"00:12:03:09";"FABstÙd Zum ersten Mal darf( ( ein deuts÷""
"598";"00:12:03:09";"00:12:03:09";"FABst.ches Staatsoberhauptÿÿ3"
"599";"00:12:03:09";"00:12:06:06";"Zum ersten Mal darf

ein deutsches Staatsoberhaupt"
"600";"00:12:06:08";"00:12:06:08";"FABstÚH bei diesem Gedenken reden.ÿÿD¬"
"601";"00:12:06:08";"00:12:07:24";"bei diesem Gedenken reden."
"602";"00:12:08:09";"00:12:08:09";"FABstÛd Die entsetzlichen Verbrechen,( ( die DÒ"
"603";"00:12:08:09";"00:12:08:09";"FABst:eutsche hier verübt haben,/eÄ"
"604";"00:12:08:09";"00:12:12:12";"Die entsetzlichen Verbrechen,

die Deutsche hier verÈubt haben,"
"605";"00:12:12:14";"00:12:12:14";"FABstÜN erfüllen mich mit tiefer Scham.ÿÿÑP"
"606";"00:12:12:14";"00:12:15:15";"erfÈullen mich mit tiefer Scham."
"607";"00:12:16:13";"00:12:16:13";"FABstÝd Aber es erfüllt mich auch ( ( mit D5x"
"608";"00:12:16:13";"00:12:16:13";"FABst0ankbarkeit und Demut,ÿÿ1ôl"
"609";"00:12:16:13";"00:12:21:12";"Aber es erfÈullt mich auch

mit Dankbarkeit und Demut,"
"610";"00:12:23:23";"00:12:23:23";"FABstÞd dass ich an diesem Gedenken( ("
"611";"00:12:23:23";"00:12:23:23";"FABst(teilhaben kann.ÿÿ9r"
"612";"00:12:23:23";"00:12:26:17";"dass ich an diesem Gedenken

teilhaben kann."
"613";"00:12:26:19";"00:12:26:19";"FABstß< Warschau 1940:ÿÿ!\"
"614";"00:12:26:19";"00:12:28:02";"Warschau 1940:"
"615";"00:12:28:04";"00:12:28:04";"FABstàd Die Nazis sperren( ( über eine halVÀ"
"616";"00:12:28:04";"00:12:28:04";"FABst,be Million Menschenÿÿ5
\"
"617";"00:12:28:04";"00:12:31:19";"Die Nazis sperren

Èuber eine halbe Million Menschen"
"618";"00:12:32:15";"00:12:32:15";"FABstád in das Ghetto, durch eine Mauer( ( getÙ&"
"619";"00:12:32:15";"00:12:32:15";"FABst:rennt vom Rest der Stadt. ÿÿ'ü¨"
"620";"00:12:32:15";"00:12:36:05";"in das Ghetto, durch eine Mauer

getrennt vom Rest der Stadt."
"621";"00:12:36:07";"00:12:36:07";"FABstâd Die Menschen( ( leiden unter Huât"
"622";"00:12:36:07";"00:12:36:07";"FABst(nger, Krankheitenÿÿ9¨¢"
"623";"00:12:36:07";"00:12:39:00";"Die Menschen

leiden unter Hunger, Krankheiten"
"624";"00:12:39:02";"00:12:39:02";"FABstãL und der willkürlichen Gewalt.ÿÿ«"
"625";"00:12:39:02";"00:12:41:02";"und der willkÈurlichen Gewalt."
"626";"00:12:41:22";"00:12:41:22";"FABstäd Ab Juli 1942 werden( ( täglich 6000"
"627";"00:12:41:22";"00:12:41:22";"FABst0Menschen in Viehwagenÿÿ1²"
"628";"00:12:41:22";"00:12:45:16";"Ab Juli 1942 werden

tÈaglich 6000 Menschen in Viehwagen"
"629";"00:12:45:18";"00:12:45:18";"FABståd ins Vernichtungslager( ( nach Tre
®"
"630";"00:12:45:18";"00:12:45:18";"FABst*blinka deportiert.ÿÿ7ïä"
"631";"00:12:45:18";"00:12:48:19";"ins Vernichtungslager

nach Treblinka deportiert."
"632";"00:12:48:22";"00:12:48:22";"FABstæVInsgesamt sind es mindestens 350.000.ÿÿ"
"633";"00:12:48:22";"00:12:51:15";"Insgesamt sind es mindestens 350.000."
"634";"00:12:51:17";"00:12:51:17";"FABstçdDie verbliebenen Menschen im Ghetto( ( ­"
"635";"00:12:51:17";"00:12:51:17";"FABst4 wagen den Aufstand.ÿÿ-ñ6"
"636";"00:12:51:17";"00:12:55:03";"Die verbliebenen Menschen im Ghetto

wagen den Aufstand."
"637";"00:12:55:06";"00:12:55:06";"FABstèd Mit den wenigen Waffen,( ("
"638";"00:12:55:06";"00:12:55:06";"FABst"die sie haben.ÿÿ?©Ô"
"639";"00:12:55:06";"00:12:57:11";"Mit den wenigen Waffen,

die sie haben."
"640";"00:12:57:13";"00:12:57:13";"FABstéd Doch gegen die Übermacht( ( der Deuts"T"
"641";"00:12:57:13";"00:12:57:13";"FABst>chen haben sie keine Chance.ÿÿ#"
"642";"00:12:57:13";"00:13:01:04";"Doch gegen die ÈUbermacht

der Deutschen haben sie keine Chance."
"643";"00:13:01:06";"00:13:01:06";"FABstêd Für Marian Kalwary,( ( Überlebú"
"644";"00:13:01:06";"00:13:01:06";"FABst*ender des Ghettos,ÿÿ7<i>À"
"645";"00:13:01:06";"00:13:03:22";"FÈur Marian Kalwary,

ÈUberlebender des Ghettos,"
"646";"00:13:04:00";"00:13:04:00";"FABstëd war der Aufstand( ( trotzdemþz"
"647";"00:13:04:00";"00:13:04:00";"FABst$ nicht umsonst.ÿÿ=Ï"
"648";"00:13:04:00";"00:13:06:12";"war der Aufstand

trotzdem nicht umsonst."
"649";"00:13:06:23";"00:13:06:23";"FABstìd Die Menschen( ( hatten nichts mÂ¦"
"650";"00:13:06:23";"00:13:06:23";"FABst(ehr zu verlieren.A·>"
"651";"00:13:06:23";"00:13:09:16";"Die Menschen

hatten nichts mehr zu verlieren."
"652";"00:13:09:18";"00:13:09:18";"FABstíd Aber sie konnten( ( einen ehrenv¡T"
"653";"00:13:09:18";"00:13:09:18";"FABst,ollen Tod gewinnen.=ë¤"
"654";"00:13:09:18";"00:13:12:16";"Aber sie konnten

einen ehrenvollen Tod gewinnen."
"655";"00:13:12:18";"00:13:12:18";"FABstîF Das ist ihnen gelungen.ÿÿ2p"
"656";"00:13:12:18";"00:13:14:12";"Das ist ihnen gelungen."
"657";"00:13:14:17";"00:13:14:17";"FABstïd Sie haben das Ziel( ( des Aufsø4"
"658";"00:13:14:17";"00:13:14:17";"FABst&tandes erreicht.ÿÿ;á"
"659";"00:13:14:17";"00:13:17:07";"Sie haben das Ziel

des Aufstandes erreicht."
"660";"00:13:17:09";"00:13:17:09";"FABstðd Deshalb ehren wir heute( ( s°l"
"661";"00:13:17:09";"00:13:17:09";"FABst&einen Jahrestag.ÿÿ;Âà"
"662";"00:13:17:09";"00:13:20:03";"Deshalb ehren wir heute

seinen Jahrestag."
"663";"00:13:21:23";"00:13:21:23";"FABstñd Steinmeier bittet in Warschau( ( À"
"664";"00:13:21:23";"00:13:21:23";"FABst( um Vergebung.ÿÿ9·Ô"
"665";"00:13:21:23";"00:13:25:21";"Steinmeier bittet in Warschau

um Vergebung."
"666";"00:13:25:23";"00:13:25:23";"FABstòd Er macht klar,( ( dass es kein£>"
"667";"00:13:25:23";"00:13:25:23";"FABst&en Schlussstrichÿÿ;¦"
"668";"00:13:25:23";"00:13:28:15";"Er macht klar,

dass es keinen Schlussstrich"
"669";"00:13:28:17";"00:13:28:17";"FABstód unter dieses dunkle Kapitel( ( der ±`"
"670";"00:13:28:17";"00:13:28:17";"FABst4Geschichte geben wird. ÿÿ-°~"
"671";"00:13:28:17";"00:13:32:03";"unter dieses dunkle Kapitel

der Geschichte geben wird."
"672";"00:13:33:24";"00:13:33:24";"FABstôN In der DDR galt er als Legende:ÿÿ_<"
"673";"00:13:33:24";"00:13:36:07";"In der DDR galt er als Legende:"
"674";"00:13:36:09";"00:13:36:09";"FABstõdSportreporter Heinz Florian Oertel( ( D"
"675";"00:13:36:09";"00:13:36:09";"FABst& ist tot.ÿÿ;ÿÎ"
"676";"00:13:36:09";"00:13:39:11";"Sportreporter Heinz Florian Oertel

ist tot."
"677";"00:13:39:13";"00:13:39:13";"FABstöd Wie heute bekannt wurde,( ( starb er a÷À"
"678";"00:13:39:13";"00:13:39:13";"FABst8m 27. März mit 95 Jahren.ÿÿ)ST"
"679";"00:13:39:13";"00:13:43:17";"Wie heute bekannt wurde,

starb er am 27. MÈarz mit 95 Jahren."
"680";"00:13:44:19";"00:13:44:19";"FABst÷d Berühmt wurde Oertel v.a. durch ( ( seinen<"
"681";"00:13:44:19";"00:13:44:19";"FABst> Kommentar bei Olympia 1980,ÿÿ#µ"
"682";"00:13:44:19";"00:13:49:10";"BerÈuhmt wurde Oertel v.a. durch

seinen Kommentar bei Olympia 1980,"
"683";"00:13:50:01";"00:13:50:01";"FABstød als der DDR-Marathonläufer( ( Waldemadâ"
"684";"00:13:50:01";"00:13:50:01";"FABst6r Cierpinski Gold holte.ÿÿ+íè"
"685";"00:13:50:01";"00:13:54:10";"als der DDR-MarathonlÈaufer

Waldemar Cierpinski Gold holte."
"686";"00:13:56:07";"00:13:56:07";"FABstùd * (Originalton) Liebe junge Väter( ( visì"
"687";"00:13:56:07";"00:13:56:07";"FABst<elleicht, oder angehende: *ÿÿ%Ò"
"688";"00:13:56:07";"00:14:00:00";"* (Originalton) Liebe junge VÈater

vielleicht, oder angehende: *"
"689";"00:14:00:02";"00:14:00:02";"FABstú@ * Haben Sie Mut. *ÿÿ?Æ"
"690";"00:14:00:02";"00:14:01:05";"* Haben Sie Mut. *"
"691";"00:14:01:08";"00:14:01:08";"FABstûd * Nennen Sie Ihre Neuankömmlinge( ( ²"
"692";"00:14:01:08";"00:14:01:08";"FABst,ruhig Waldemar. *ÿÿ5´D"
"693";"00:14:01:08";"00:14:04:20";"* Nennen Sie Ihre NeuankÈommlinge

ruhig Waldemar. *"
"694";"00:14:06:15";"00:14:06:15";"FABstü> Die Lottozahlen:ÿÿê"
"695";"00:14:06:15";"00:14:10:15";"Die Lottozahlen:"
"696";"00:14:26:09";"00:14:26:09";"FABstýd Nun die Wettervorhersage( ( für Do5j"
"697";"00:14:26:09";"00:14:26:09";"FABst.nnerstag, 20. April:ÿÿ3æ"
"698";"00:14:26:09";"00:14:30:02";"Nun die Wettervorhersage

fÈur Donnerstag, 20. April:"
"699";"00:14:31:16";"00:14:31:16";"FABstþd Ein Höhentief sorgt( ( für kühles ud"
"700";"00:14:31:16";"00:14:31:16";"FABst6nd wechselhaftes Wetter.ÿÿ+È"
"701";"00:14:31:16";"00:14:34:24";"Ein HÈohentief sorgt

fÈur kÈuhles und wechselhaftes Wetter."
"702";"00:14:35:01";"00:14:35:01";"FABstÿTDahinter strömt mildere Luft zu uns.ÿÿÈ¬"
"703";"00:14:35:01";"00:14:37:11";"Dahinter strÈomt mildere Luft zu uns."
"704";"00:14:37:12";"00:14:37:12";"FABstd Heute Nacht breitet sich( ( aus demlÌ"
"705";"00:14:37:12";"00:14:37:12";"FABst0 Osten über die Mitteÿÿ1,"
"706";"00:14:37:12";"00:14:40:15";"Heute Nacht breitet sich

aus dem Osten Èuber die Mitte"
"707";"00:14:40:17";"00:14:40:17";"FABstd bis in den Westen Regen aus,( ( t}¼"
"708";"00:14:40:17";"00:14:40:17";"FABst*eils fällt Schnee.ÿÿ7À"
"709";"00:14:40:17";"00:14:43:15";"bis in den Westen Regen aus,

teils fÈallt Schnee."
"710";"00:14:43:17";"00:14:43:17";"FABstd Südlich der Donau( ( regnet e¹l"
"711";"00:14:43:17";"00:14:43:17";"FABst"s noch länger.ÿÿ?1¦"
"712";"00:14:43:17";"00:14:46:04";"SÈudlich der Donau

regnet es noch lÈanger."
"713";"00:14:46:06";"00:14:46:06";"FABstJ Morgen gibt es viele Wolken,ÿÿÇ"
"714";"00:14:46:06";"00:14:47:24";"Morgen gibt es viele Wolken,"
"715";"00:14:48:01";"00:14:48:01";"FABstd gebietsweise Regen oder Schauer,( ( ¼"
"716";"00:14:48:01";"00:14:48:01";"FABst0vereinzelt Gewitter.ÿÿ1Æ|"
"717";"00:14:48:01";"00:14:51:05";"gebietsweise Regen oder Schauer,

vereinzelt Gewitter."
"718";"00:14:51:07";"00:14:51:07";"FABstdHin und wieder zeigt sich die Sonne,( ( bô"
"719";"00:14:51:07";"00:14:51:07";"FABst<am längsten im Nordosten.ÿÿ%+Ô"
"720";"00:14:51:07";"00:14:54:23";"Hin und wieder zeigt sich die Sonne,

am lÈangsten im Nordosten."
"721";"00:15:03:07";"00:15:03:07";"FABstd Am Freitag im Südwesten( ( Sonne, Wolú"
"722";"00:15:03:07";"00:15:03:07";"FABst8ken, hier und da Schauer.ÿÿ)©f"
"723";"00:15:03:07";"00:15:07:02";"Am Freitag im SÈudwesten

Sonne, Wolken, hier und da Schauer."
"724";"00:15:07:04";"00:15:07:04";"FABstN Nach Nordosten durchweg sonnig.ÿÿÓB"
"725";"00:15:07:04";"00:15:09:04";"Nach Nordosten durchweg sonnig."
"726";"00:15:09:06";"00:15:09:06";"FABstd Der Samstag wird( ( der wärmstãÎ"
"727";"00:15:09:06";"00:15:09:06";"FABst&e Tag der Woche.ÿÿ;ìl"
"728";"00:15:09:06";"00:15:11:21";"Der Samstag wird

der wÈarmste Tag der Woche."
"729";"00:15:11:23";"00:15:11:23";"FABstdIm Verlauf ziehen von Westen Wolken( ( mi("
"730";"00:15:11:23";"00:15:11:23";"FABst@t Schauern und Gewittern auf,ÿÿ!©à"
"731";"00:15:11:23";"00:15:15:21";"Im Verlauf ziehen von Westen Wolken

mit Schauern und Gewittern auf,"
"732";"00:15:15:23";"00:15:15:23";"FABstd die am Sonntag( ( auch den O)""
"733";"00:15:15:23";"00:15:15:23";"FABst$sten erreichen.ÿÿ="
"734";"00:15:15:23";"00:15:18:11";"die am Sonntag

auch den Osten erreichen."
"735";"00:15:20:06";"00:15:20:06";"FABstd In den tagesthemen um 22.15 Uhr( ( sâ"
"736";"00:15:20:06";"00:15:20:06";"FABst, mit Aline Abboudÿÿ5Ô("
"737";"00:15:20:06";"00:15:23:07";"In den tagesthemen um 22.15 Uhr

mit Aline Abboud"
"738";"00:15:23:09";"00:15:23:09";"FABstd geht es um die( ( ausgefallenen ¼"
"739";"00:15:23:09";"00:15:23:09";"FABst4Abiturprüfungen in NRW.ÿÿ-@&"
"740";"00:15:23:09";"00:15:26:24";"geht es um die

ausgefallenen AbiturprÈufungen in NRW."
"741";"00:15:27:01";"00:15:27:01";"FABstd Und um um die Frage, wer da( ( seine H~"
"742";"00:15:27:01";"00:15:27:01";"FABstBausaufgaben nicht gemacht hat.ÿÿ°P"
"743";"00:15:27:01";"00:15:30:23";"Und um um die Frage, wer da

seine Hausaufgaben nicht gemacht hat."
"744";"00:15:31:00";"00:15:31:00";"FABst@ Und wir berichtenÿÿÌÎ"
"745";"00:15:31:00";"00:15:32:05";"Und wir berichten"
"746";"00:15:32:07";"00:15:32:07";"FABstd über das Scheitern der Waffenruhe( ( û"
"747";"00:15:32:07";"00:15:32:07";"FABst6im Sudan und die Folgen.ÿÿ+©"
"748";"00:15:32:07";"00:15:35:22";"Èuber das Scheitern der Waffenruhe

im Sudan und die Folgen."
"749";"00:15:35:24";"00:15:35:24";"FABstL Ihnen noch einen guten Abend.ÿÿ¡"
"750";"00:15:35:24";"00:15:37:24";"Ihnen noch einen guten Abend."
"751";"00:15:38:01";"00:15:38:01";"FABstLCopyright Untertitel: NDR 2023ÿÿü"
"752";"00:15:38:01";"00:15:42:02";"Copyright Untertitel: NDR 2023"
