No.;Timecode In;Timecode Out;Subtitle
"1";"00:00:03:00";"00:00:03:00";"FABst6 * Gong *ÿÿZZZZZZZZZZ¥¥ã¥¥¥¥¥6"
"2";"00:00:03:00";"00:00:03:00";"FABst¥¥¥á¥¥à¥ã¥¥¥¥§ª¦ªîªªªGÌ"
"3";"00:00:03:00";"00:00:04:03";"* Gong *"
"4";"00:00:04:12";"00:00:04:12";"FABstdHier ist das Erste Deutsche Fernsehen( ( 9"
"5";"00:00:04:12";"00:00:04:12";"FABst: mit der tagesschau.ÿÿ'õþ"
"6";"00:00:04:12";"00:00:07:23";"Hier ist das Erste Deutsche Fernsehen

mit der tagesschau."
"7";"00:00:09:21";"00:00:09:21";"FABstd Diese Sendung wurde vom NDR( ( live Af"
"8";"00:00:09:21";"00:00:09:21";"FABst6untertitelt (01.04.2023)ÿÿ+»°"
"9";"00:00:09:21";"00:00:13:15";"Diese Sendung wurde vom NDR

live untertitelt (01.04.2023)"
"10";"00:00:14:01";"00:00:14:01";"FABstN Heute im Studio: Judith Rakers.ÿÿÛè"
"11";"00:00:14:01";"00:00:16:10";"Heute im Studio: Judith Rakers."
"12";"00:00:17:10";"00:00:17:10";"FABstd Guten Abend,( ( ich begrüße Si3¦"
"13";"00:00:17:10";"00:00:17:10";"FABst(e zur tagesschau.ÿÿ9Â"
"14";"00:00:17:10";"00:00:20:12";"Guten Abend,

ich begrÈuûe Sie zur tagesschau."
"15";"00:00:21:19";"00:00:21:19";"FABstdDer Kompromiss der Ampel-Regierung( ( zu4<i>"
"16";"00:00:21:19";"00:00:21:19";"FABst8m Austausch von Heizungenÿÿ)ÐX"
"17";"00:00:21:19";"00:00:25:11";"Der Kompromiss der Ampel-Regierung

zum Austausch von Heizungen"
"18";"00:00:25:13";"00:00:25:13";"FABst@ stößt auf Kritik.ÿÿ¿"
"19";"00:00:25:13";"00:00:26:13";"stÈoût auf Kritik."
"20";"00:00:26:21";"00:00:26:21";"FABstd Im Kern soll es dabei bleiben,( ( dass*Ð"
"21";"00:00:26:21";"00:00:26:21";"FABst6 neue Heizungen zu 65 % ÿÿ+d"
"22";"00:00:26:21";"00:00:30:09";"Im Kern soll es dabei bleiben,

dass neue Heizungen zu 65 %"
"23";"00:00:30:11";"00:00:30:11";"FABstd mit erneuerbaren Energien( ( betrRº"
"24";"00:00:30:11";"00:00:30:11";"FABst0ieben werden müssen. ÿÿ1ä"
"25";"00:00:30:11";"00:00:33:11";"mit erneuerbaren Energien

betrieben werden mÈussen."
"26";"00:00:34:11";"00:00:34:11";"FABstd Geplant sind aber( ( Ausnahmen uoV"
"27";"00:00:34:11";"00:00:34:11";"FABst.nd Übergangsfristen.ÿÿ3P<i>"
"28";"00:00:34:11";"00:00:37:10";"Geplant sind aber

Ausnahmen und ÈUbergangsfristen."
"29";"00:00:37:12";"00:00:37:12";"FABstd Union und Linkspartei bemängeln, ( ( dass ±b"
"30";"00:00:37:12";"00:00:37:12";"FABstBdie Förderung noch unklar sei.ÿÿAr"
"31";"00:00:37:12";"00:00:41:21";"Union und Linkspartei bemÈangeln,

dass die FÈorderung noch unklar sei."
"32";"00:00:45:15";"00:00:45:15";"FABstd Heizen mit Erdgas oder Heizöl ( ( in DeõD"
"33";"00:00:45:15";"00:00:45:15";"FABst<utschland bisher die Regel.-¯è"
"34";"00:00:45:15";"00:00:49:11";"Heizen mit Erdgas oder HeizÈol Ð

in Deutschland bisher die Regel."
"35";"00:00:49:19";"00:00:49:19";"FABstd Mehr als 80 % der Wärme( ( stammt ó."
"36";"00:00:49:19";"00:00:49:19";"FABst2aus fossilen Energien.7
""
"37";"00:00:49:19";"00:00:52:24";"Mehr als 80 % der WÈarme

stammt aus fossilen Energien."
"38";"00:00:53:12";"00:00:53:12";"FABstD Das soll sich ändern.ÿÿT."
"39";"00:00:53:12";"00:00:55:04";"Das soll sich Èandern."
"40";"00:00:55:06";"00:00:55:06";"FABstL Ab 2024 soll jede neue Heizungÿÿû¼"
"41";"00:00:55:06";"00:00:57:07";"Ab 2024 soll jede neue Heizung"
"42";"00:00:57:09";"00:00:57:09";"FABstd zu 65 % mit erneuerbaren Energien( ( Cæ"
"43";"00:00:57:09";"00:00:57:09";"FABst0 betrieben werden.ÿÿ1Ì"
"44";"00:00:57:09";"00:01:00:23";"zu 65 % mit erneuerbaren Energien

betrieben werden."
"45";"00:01:02:21";"00:01:02:21";"FABstd Aber es gilt:( ( keine generellZÖ"
"46";"00:01:02:21";"00:01:02:21";"FABst,e Austauschpflicht.ÿÿ5¬ø"
"47";"00:01:02:21";"00:01:05:18";"Aber es gilt:

keine generelle Austauschpflicht."
"48";"00:01:06:05";"00:01:06:05";"FABstd Kaputte alte Heizungen( ( können¬"
"49";"00:01:06:05";"00:01:06:05";"FABst* repariert werden.ÿÿ7¯d"
"50";"00:01:06:05";"00:01:08:24";"Kaputte alte Heizungen

kÈonnen repariert werden."
"51";"00:01:09:06";"00:01:09:06";"FABstF Ist dies nicht möglich,ÿÿth"
"52";"00:01:09:06";"00:01:10:21";"Ist dies nicht mÈoglich,"
"53";"00:01:10:23";"00:01:10:23";"FABstd gelten Übergangsfristen( ( fÐÎ"
"54";"00:01:10:23";"00:01:10:23";"FABst$ür den Umstieg.ÿÿ=o"
"55";"00:01:10:23";"00:01:13:08";"gelten ÈUbergangsfristen

fÈur den Umstieg."
"56";"00:01:14:05";"00:01:14:05";"FABstd Keine Pflicht umzusteigen ( ( gibt e/"
"57";"00:01:14:05";"00:01:14:05";"FABst2s für über 80-Jährige.ÿÿ/Z"
"58";"00:01:14:05";"00:01:17:11";"Keine Pflicht umzusteigen

gibt es fÈur Èuber 80-JÈahrige."
"59";"00:01:17:21";"00:01:17:21";"FABstd Dem Sozialverband( ( reichen die1V"
"60";"00:01:17:21";"00:01:17:21";"FABst( Ausnahmen nicht.ÿÿ9ì¦"
"61";"00:01:17:21";"00:01:20:22";"Dem Sozialverband

reichen die Ausnahmen nicht."
"62";"00:01:22:23";"00:01:22:23";"FABstd Wir fordern mehr Parameter( ( als naÜ"
"63";"00:01:22:23";"00:01:22:23";"FABst0ur eine Altersgrenze.9ã"
"64";"00:01:22:23";"00:01:26:07";"Wir fordern mehr Parameter

als nur eine Altersgrenze."
"65";"00:01:26:09";"00:01:26:09";"FABstd Etwa die Betreuung( ( von PflÐ"
"66";"00:01:26:09";"00:01:26:09";"FABst$egebedürftigen,E("
"67";"00:01:26:09";"00:01:28:24";"Etwa die Betreuung

von PflegebedÈurftigen,"
"68";"00:01:29:01";"00:01:29:01";"FABstd finanzielle Möglichkeiten,( ( Betreuuñ¤"
"69";"00:01:29:01";"00:01:29:01";"FABst>ng pflegebedürftiger Kinder.ÿÿ#À"
"70";"00:01:29:01";"00:01:32:16";"finanzielle MÈoglichkeiten,

Betreuung pflegebedÈurftiger Kinder."
"71";"00:01:32:22";"00:01:32:22";"FABstd Das muss eine Rolle spielen,( ( w/Ö"
"72";"00:01:32:22";"00:01:32:22";"FABst*enn es darum geht,ÿÿ7þp"
"73";"00:01:32:22";"00:01:35:16";"Das muss eine Rolle spielen,

wenn es darum geht,"
"74";"00:01:35:18";"00:01:35:18";"FABstN wer einen Beitrag leisten soll.ÿÿÎ"
"75";"00:01:35:18";"00:01:38:02";"wer einen Beitrag leisten soll."
"76";"00:01:39:11";"00:01:39:11";"FABstd Für Neubauten sind( ( als HeizmöglT¸"
"77";"00:01:39:11";"00:01:39:11";"FABst0ichkeiten vorgesehen:ÿÿ1Z"
"78";"00:01:39:11";"00:01:42:11";"FÈur Neubauten sind

als HeizmÈoglichkeiten vorgesehen:"
"79";"00:01:49:03";"00:01:49:03";"FABstd Die Bürger sollen( ( bei den KostenÀò"
"80";"00:01:49:03";"00:01:49:03";"FABst. unterstützt werden.ÿÿ3(<u>"
"81";"00:01:49:03";"00:01:52:05";"Die BÈurger sollen

bei den Kosten unterstÈutzt werden."
"82";"00:01:52:24";"00:01:52:24";"FABstdFür Menschen mit geringen Einkommen( ( Ò¶"
"83";"00:01:52:24";"00:01:52:24";"FABst8 soll eine Wärmepumpe1~"
"84";"00:01:52:24";"00:01:56:12";"FÈur Menschen mit geringen Einkommen

soll eine WÈarmepumpe"
"85";"00:01:56:14";"00:01:56:14";"FABstd nicht mehr kosten ( ( als ei8Ö"
"86";"00:01:56:14";"00:01:56:14";"FABst"ne Gasheizung.G¯"
"87";"00:01:56:14";"00:01:58:19";"nicht mehr kosten

als eine Gasheizung."
"88";"00:01:58:21";"00:01:58:21";"FABst PWir haben Menschen mit mehr Geld,ÿÿÆ"
"89";"00:01:58:21";"00:02:01:01";"Wir haben Menschen mit mehr Geld,"
"90";"00:02:01:03";"00:02:01:03";"FABst!d für die das( ( eine ZukunftsùN"
"91";"00:02:01:03";"00:02:01:03";"FABst&investition ist.ÿÿ;öH"
"92";"00:02:01:03";"00:02:03:19";"fÈur die das

eine Zukunftsinvestition ist."
"93";"00:02:04:02";"00:02:04:02";"FABst"d Da sollten wir( ( mit KreditJ "
"94";"00:02:04:02";"00:02:04:02";"FABst$erleichterungenÿÿ="
"95";"00:02:04:02";"00:02:06:13";"Da sollten wir

mit Krediterleichterungen"
"96";"00:02:06:15";"00:02:06:15";"FABst#N und guten Konditionen arbeiten.ÿÿê"
"97";"00:02:06:15";"00:02:08:22";"und guten Konditionen arbeiten."
"98";"00:02:10:14";"00:02:10:14";"FABst$J Die Details sind noch offen.ÿÿâ|"
"99";"00:02:10:14";"00:02:12:11";"Die Details sind noch offen."
"100";"00:02:12:13";"00:02:12:13";"FABst%d Die Union kritisiert, dass die( ( Regieru'j"
"101";"00:02:12:13";"00:02:12:13";"FABst>ng nicht für Klarheit sorge.ÿÿ#0"
"102";"00:02:12:13";"00:02:16:16";"Die Union kritisiert, dass die

Regierung nicht fÈur Klarheit sorge."
"103";"00:02:16:23";"00:02:16:23";"FABst&d Sie lässt die Menschen( ( mit dÛ"
"104";"00:02:16:23";"00:02:16:23";"FABst(er Sorge allein, AÅÀ"
"105";"00:02:16:23";"00:02:19:16";"Sie lÈasst die Menschen

mit der Sorge allein,"
"106";"00:02:19:18";"00:02:19:18";"FABst'Vwie sie die Kosten schultern sollen.¼â"
"107";"00:02:19:18";"00:02:22:00";"wie sie die Kosten schultern sollen."
"108";"00:02:22:08";"00:02:22:08";"FABst(d Nach monatelangem Streit,( ( 30 Stun5."
"109";"00:02:22:08";"00:02:22:08";"FABst6den Koalitionsausschuss,ÿÿ+Ö0"
"110";"00:02:22:08";"00:02:25:13";"Nach monatelangem Streit,

30 Stunden Koalitionsausschuss,"
"111";"00:02:25:15";"00:02:25:15";"FABst)J gibt es kein Gesamtkonzept.ÿÿç:"
"112";"00:02:25:15";"00:02:27:07";"gibt es kein Gesamtkonzept."
"113";"00:02:27:09";"00:02:27:09";"FABst*dEin Gesamtkonzept will die Regierung( ( im 'Ö"
"114";"00:02:27:09";"00:02:27:09";"FABstHApril im Kabinett verabschieden. ÿÿ</u>"
"115";"00:02:27:09";"00:02:31:13";"Ein Gesamtkonzept will die Regierung

im April im Kabinett verabschieden."
"116";"00:02:31:22";"00:02:31:22";"FABst+d Bis dahin muss die Ampel( ( noch einC"
"117";"00:02:31:22";"00:02:31:22";"FABst<i>ge Unstimmigkeiten klären:-a<"
"118";"00:02:31:22";"00:02:35:17";"Bis dahin muss die Ampel

noch einige Unstimmigkeiten klÈaren:"
"119";"00:02:35:19";"00:02:35:19";"FABst,d Etwa bei der Länge( ( von Üb,<"
"120";"00:02:35:19";"00:02:35:19";"FABst"ergangsfristenG"
"121";"00:02:35:19";"00:02:38:12";"Etwa bei der LÈange

von ÈUbergangsfristen"
"122";"00:02:38:14";"00:02:38:14";"FABst-dund der Bedeutung von Wasserstoff( ( Sò"
"123";"00:02:38:14";"00:02:38:14";"FABst2 für die Wärmewende.ÿÿ/ÊF"
"124";"00:02:38:14";"00:02:42:01";"und der Bedeutung von Wasserstoff

fÈur die WÈarmewende."
"125";"00:02:42:11";"00:02:42:11";"FABst.d Auch bei der Frage,( ( wie die Bürgø"
"126";"00:02:42:11";"00:02:42:11";"FABst.er entlastet werden.ÿÿ3¢Ð"
"127";"00:02:42:11";"00:02:45:23";"Auch bei der Frage,

wie die BÈurger entlastet werden."
"128";"00:02:48:24";"00:02:48:24";"FABst/d Krankschreibungen( ( wegen ErÈ"
"129";"00:02:48:24";"00:02:48:24";"FABst(kältungssymptomenÿÿ9Ð"
"130";"00:02:48:24";"00:02:51:11";"Krankschreibungen

wegen ErkÈaltungssymptomen"
"131";"00:02:51:14";"00:02:51:14";"FABst0d sind ab sofort( ( nicht mehr te\<u>"
"132";"00:02:51:14";"00:02:51:14";"FABst*lefonisch möglich.ÿÿ7sî"
"133";"00:02:51:14";"00:02:54:05";"sind ab sofort

nicht mehr telefonisch mÈoglich."
"134";"00:02:54:07";"00:02:54:07";"FABst1d Nach drei Jahren( ( endet eine["
"135";"00:02:54:07";"00:02:54:07";"FABst& Sonderregelung.ÿÿ;Ú¬"
"136";"00:02:54:07";"00:02:56:20";"Nach drei Jahren

endet eine Sonderregelung."
"137";"00:02:56:22";"00:02:56:22";"FABst2d Die sollte in der Pandemie( ( die Cv"
"138";"00:02:56:22";"00:02:56:22";"FABst.Arztpraxen entlastenÿÿ3</u>p"
"139";"00:02:56:22";"00:03:00:02";"Die sollte in der Pandemie

die Arztpraxen entlasten"
"140";"00:03:00:04";"00:03:00:04";"FABst3J und Ansteckungen vermeiden.ÿÿ</u><"
"141";"00:03:00:04";"00:03:01:19";"und Ansteckungen vermeiden."
"142";"00:03:02:01";"00:03:02:01";"FABst4d Der Hausärzteverband( ( und Verô$"
"143";"00:03:02:01";"00:03:02:01";"FABst(braucherzentralenÿÿ9"
"144";"00:03:02:01";"00:03:04:15";"Der HausÈarzteverband

und Verbraucherzentralen"
"145";"00:03:04:17";"00:03:04:17";"FABst5L kritisierten die Abschaffung.ÿÿ²"
"146";"00:03:04:17";"00:03:06:09";"kritisierten die Abschaffung."
"147";"00:03:06:16";"00:03:06:16";"FABst6d Gesundheitsminister Lauterbach( ( gÜ"
"148";"00:03:06:16";"00:03:06:16";"FABst*zeigte sich offenÿÿ7¾"
"149";"00:03:06:16";"00:03:09:14";"Gesundheitsminister Lauterbach

zeigte sich offen"
"150";"00:03:09:16";"00:03:09:16";"FABst7d für eine Beibehaltung( ( der bisher¿j"
"151";"00:03:09:16";"00:03:09:16";"FABst.igen Sonderregelung.ÿÿ3ß|"
"152";"00:03:09:16";"00:03:12:18";"fÈur eine Beibehaltung

der bisherigen Sonderregelung."
"153";"00:03:13:03";"00:03:13:03";"FABst8d Zuständig dafür sei aber( ( der2<u>"
"154";"00:03:13:03";"00:03:13:03";"FABst& Bundesausschussÿÿ;¤"
"155";"00:03:13:03";"00:03:15:21";"ZustÈandig dafÈur sei aber

der Bundesausschuss"
"156";"00:03:15:23";"00:03:15:23";"FABst9d von Ärzten, Kliniken( ( und ¼"
"157";"00:03:15:23";"00:03:15:23";"FABst"Krankenkassen.ÿÿ?V"
"158";"00:03:15:23";"00:03:18:05";"von ÈArzten, Kliniken

und Krankenkassen."
"159";"00:03:19:23";"00:03:19:23";"FABst:d Die Tarifpartner( ( der Textil- up"
"160";"00:03:19:23";"00:03:19:23";"FABst4nd Bekleidungsindustrieÿÿ-ö>"
"161";"00:03:19:23";"00:03:23:10";"Die Tarifpartner

der Textil- und Bekleidungsindustrie"
"162";"00:03:23:12";"00:03:23:12";"FABst;d einigten sich auf einen Abschluss( ( für¿"
"163";"00:03:23:12";"00:03:23:12";"FABst> die 100.000 Beschäftigten. ÿÿ#AÖ"
"164";"00:03:23:12";"00:03:27:11";"einigten sich auf einen Abschluss

fÈur die 100.000 BeschÈaftigten."
"165";"00:03:27:20";"00:03:27:20";"FABst<d Sie erhalten ab Oktober( ( an`"
"166";"00:03:27:20";"00:03:27:20";"FABst& 4,8 % mehr Geldÿÿ;Íf"
"167";"00:03:27:20";"00:03:30:23";"Sie erhalten ab Oktober

an 4,8 % mehr Geld"
"168";"00:03:31:00";"00:03:31:00";"FABst=Tund weitere 3,3 % ab September 2024.ÿÿè*"
"169";"00:03:31:00";"00:03:33:22";"und weitere 3,3 % ab September 2024."
"170";"00:03:36:06";"00:03:36:06";"FABst>d Außerdem gibt es( ( eine steuer-"
"171";"00:03:36:06";"00:03:36:06";"FABst4und abgabenfreie Prämieÿÿ-=ú"
"172";"00:03:36:06";"00:03:39:19";"Auûerdem gibt es

eine steuer- und abgabenfreie PrÈamie"
"173";"00:03:39:21";"00:03:39:21";"FABst?d zum Inflationsausgleich( ( in HM$"
"174";"00:03:39:21";"00:03:39:21";"FABst,öhe von 1500 Euro. ÿÿ5N"
"175";"00:03:39:21";"00:03:43:08";"zum Inflationsausgleich

in HÈohe von 1500 Euro."
"176";"00:03:44:11";"00:03:44:11";"FABst@d Die Laufzeit des Vertrages( ( bD¬"
"177";"00:03:44:11";"00:03:44:11";"FABst(eträgt 24 Monate.ÿÿ9|ø"
"178";"00:03:44:11";"00:03:47:02";"Die Laufzeit des Vertrages

betrÈagt 24 Monate."
"179";"00:03:49:10";"00:03:49:10";"FABstAd In Bulgarien wird morgen( ( ein neu4°"
"180";"00:03:49:10";"00:03:49:10";"FABst0es Parlament gewählt.ÿÿ1il"
"181";"00:03:49:10";"00:03:52:13";"In Bulgarien wird morgen

ein neues Parlament gewÈahlt."
"182";"00:03:52:15";"00:03:52:15";"FABstBP Die Wahl musste angesetzt werden,ÿÿë"
"183";"00:03:52:15";"00:03:54:22";"Die Wahl musste angesetzt werden,"
"184";"00:03:54:24";"00:03:54:24";"FABstCd weil die politischen Verhältnisse( ( Èb"
"185";"00:03:54:24";"00:03:54:24";"FABst, instabil sind.ÿÿ5Ì^"
"186";"00:03:54:24";"00:03:57:20";"weil die politischen VerhÈaltnisse

instabil sind."
"187";"00:03:58:05";"00:03:58:05";"FABstDd Umfragen deuten darauf hin,( ( dasIÚ"
"188";"00:03:58:05";"00:03:58:05";"FABst2s die Wahlbeteiligung ÿÿ/"
"189";"00:03:58:05";"00:04:01:10";"Umfragen deuten darauf hin,

dass die Wahlbeteiligung"
"190";"00:04:01:12";"00:04:01:12";"FABstEd von zuletzt 39 %( ( weiter nî"
"191";"00:04:01:12";"00:04:01:12";"FABst"sinken könnte.ÿÿ?f"
"192";"00:04:01:12";"00:04:04:02";"von zuletzt 39 %

weiter sinken kÈonnte."
"193";"00:04:05:08";"00:04:05:08";"FABstFPBulgarien ist seit 2007 in der EU,ò"
"194";"00:04:05:08";"00:04:07:20";"Bulgarien ist seit 2007 in der EU,"
"195";"00:04:07:22";"00:04:07:22";"FABstGd gilt als wirtschaftlich( ( sch}"
"196";"00:04:07:22";"00:04:07:22";"FABst*wächstes Mitglied.?YÀ"
"197";"00:04:07:22";"00:04:10:20";"gilt als wirtschaftlich

schwÈachstes Mitglied."
"198";"00:04:12:12";"00:04:12:12";"FABstHd Die Wirtschaft hat traditionell ( ( starkep\"
"199";"00:04:12:12";"00:04:12:12";"FABst> Verbindungen nach Russland.ÿÿ#í¸"
"200";"00:04:12:12";"00:04:16:16";"Die Wirtschaft hat traditionell

starke Verbindungen nach Russland."
"201";"00:04:17:03";"00:04:17:03";"FABstId In Staat und Verwaltung( ( ist Korr,ª"
"202";"00:04:17:03";"00:04:17:03";"FABst4uption weit verbreitet.ÿÿ-Ô"
"203";"00:04:17:03";"00:04:20:14";"In Staat und Verwaltung

ist Korruption weit verbreitet."
"204";"00:04:22:20";"00:04:22:20";"FABstJH Morgen sollen die Bulgaren¨,"
"205";"00:04:22:20";"00:04:24:14";"Morgen sollen die Bulgaren"
"206";"00:04:24:16";"00:04:24:16";"FABstKdzum fünften Mal binnen zwei Jahren( ( ¨Ö"
"207";"00:04:24:16";"00:04:24:16";"FABst0 an die Urne gehen.9õz"
"208";"00:04:24:16";"00:04:27:20";"zum fÈunften Mal binnen zwei Jahren

an die Urne gehen."
"209";"00:04:28:02";"00:04:28:02";"FABstLd Am aussichtsreichsten( ( siEà"
"210";"00:04:28:02";"00:04:28:02";"FABst$nd zwei Männer:ÿÿ={"
"211";"00:04:28:02";"00:04:30:10";"Am aussichtsreichsten

sind zwei MÈanner:"
"212";"00:04:30:17";"00:04:30:17";"FABstMP Ministerpräsident Bojko Borissov,ÿÿA("
"213";"00:04:30:17";"00:04:32:22";"MinisterprÈasident Bojko Borissov,"
"214";"00:04:32:24";"00:04:32:24";"FABstNd der wegen Korruptionsvorwürfen( ( ÅÎ"
"215";"00:04:32:24";"00:04:32:24";"FABst.zurücktreten musste.ÿÿ3b"
"216";"00:04:32:24";"00:04:36:02";"der wegen KorruptionsvorwÈurfen

zurÈucktreten musste."
"217";"00:04:36:20";"00:04:36:20";"FABstOdUnd Kiril Petkow, Harvard-Absolvent,( ( M"
"218";"00:04:36:20";"00:04:36:20";"FABst< angetreten mit dem Ziel,ÿÿ%ïð"
"219";"00:04:36:20";"00:04:40:10";"Und Kiril Petkow, Harvard-Absolvent,

angetreten mit dem Ziel,"
"220";"00:04:40:12";"00:04:40:12";"FABstPJ die Korruption abzuschaffen.ÿÿ©¦"
"221";"00:04:40:12";"00:04:42:03";"die Korruption abzuschaffen."
"222";"00:04:42:10";"00:04:42:10";"FABstQL Es sieht nach einem Patt aus.ÿÿªb"
"223";"00:04:42:10";"00:04:44:05";"Es sieht nach einem Patt aus."
"224";"00:04:45:01";"00:04:45:01";"FABstRH Die Wahl wird überschattetÿÿ9Z"
"225";"00:04:45:01";"00:04:46:21";"Die Wahl wird Èuberschattet"
"226";"00:04:46:23";"00:04:46:23";"FABstSd von Unsicherheit,( ( versucht"
"227";"00:04:46:23";"00:04:46:23";"FABst(er Einflussnahme.ÿÿ9·"
"228";"00:04:46:23";"00:04:49:10";"von Unsicherheit,

versuchter Einflussnahme."
"229";"00:04:49:17";"00:04:49:17";"FABstTd Seit einer Woche( ( machen BÒ"
"230";"00:04:49:17";"00:04:49:17";"FABst"ombendrohungenÿÿ?ý"
"231";"00:04:49:17";"00:04:52:04";"Seit einer Woche

machen Bombendrohungen"
"232";"00:04:52:06";"00:04:52:06";"FABstUd gegen Schulen die Runde,( ( wo am SoBö"
"233";"00:04:52:06";"00:04:52:06";"FABst4nntag Wahlurnen stehen.ÿÿ-ù°"
"234";"00:04:52:06";"00:04:55:12";"gegen Schulen die Runde,

wo am Sonntag Wahlurnen stehen."
"235";"00:04:55:14";"00:04:55:14";"FABstVJ Wer dahintersteckt - unklar.ÿÿ±"
"236";"00:04:55:14";"00:04:57:05";"Wer dahintersteckt - unklar."
"237";"00:04:57:14";"00:04:57:14";"FABstWd Desinformationskampagnen( ( aus RussluÂ"
"238";"00:04:57:14";"00:04:57:14";"FABst4and schwächen das Land.ÿÿ-+"
"239";"00:04:57:14";"00:05:01:00";"Desinformationskampagnen

aus Russland schwÈachen das Land."
"240";"00:05:01:08";"00:05:01:08";"FABstXdZu diesem Schluss kommt eine Studie( ( d~"
"241";"00:05:01:08";"00:05:01:08";"FABst>er Konrad Adenauer-Stiftung.ÿÿ#Ôâ"
"242";"00:05:01:08";"00:05:05:04";"Zu diesem Schluss kommt eine Studie

der Konrad Adenauer-Stiftung."
"243";"00:05:05:14";"00:05:05:14";"FABstYd Diese Falschinformationen( ( sindtb"
"244";"00:05:05:14";"00:05:05:14";"FABst0 schnell verbreitbar,9Ö"
"245";"00:05:05:14";"00:05:09:00";"Diese Falschinformationen

sind schnell verbreitbar,"
"246";"00:05:09:10";"00:05:09:10";"FABstZd weil wir von einer( ( schwachen z"
"247";"00:05:09:10";"00:05:09:10";"FABst:Medienlandschaft ausgehen./Ç"
"248";"00:05:09:10";"00:05:12:16";"weil wir von einer

schwachen Medienlandschaft ausgehen."
"249";"00:05:13:09";"00:05:13:09";"FABst[d Und fehlendem Vertrauen( ( in ,"
"250";"00:05:13:09";"00:05:13:09";"FABst*die Institutionen.ÿÿ7É"
"251";"00:05:13:09";"00:05:16:14";"Und fehlendem Vertrauen

in die Institutionen."
"252";"00:05:17:20";"00:05:17:20";"FABst\d Nikola Tuletchki( ( analysiert den}"
"253";"00:05:17:20";"00:05:17:20";"FABst0 russischen Einfluss.ÿÿ1âN"
"254";"00:05:17:20";"00:05:21:00";"Nikola Tuletchki

analysiert den russischen Einfluss."
"255";"00:05:21:11";"00:05:21:11";"FABst]dTäglich würden die sozialen Netzwerke( ( mb:"
"256";"00:05:21:11";"00:05:21:11";"FABstHit russischen Fake News geflutet.ÿÿÄ"
"257";"00:05:21:11";"00:05:25:19";"TÈaglich wÈurden die sozialen Netzwerke

mit russischen Fake News geflutet."
"258";"00:05:27:21";"00:05:27:21";"FABst^REs ist das pro-russische Narrativ.ú"
"259";"00:05:27:21";"00:05:30:08";"Es ist das pro-russische Narrativ."
"260";"00:05:30:20";"00:05:30:20";"FABst_d Hier steht, dass NATO und EU( ( Ruuü"
"261";"00:05:30:20";"00:05:30:20";"FABst,ssland provozieren.=h"
"262";"00:05:30:20";"00:05:34:02";"Hier steht, dass NATO und EU

Russland provozieren."
"263";"00:05:34:04";"00:05:34:04";"FABst`d Deshalb stationieren sie( ( Atomrî"
"264";"00:05:34:04";"00:05:34:04";"FABst,aketen in Belarus, ÿÿ5±"
"265";"00:05:34:04";"00:05:36:23";"Deshalb stationieren sie

Atomraketen in Belarus,"
"266";"00:05:37:01";"00:05:37:01";"FABstad das ist( ( von den Russen zä"
"267";"00:05:37:01";"00:05:37:01";"FABst"abgeschrieben.ÿÿ?°<"
"268";"00:05:37:01";"00:05:39:09";"das ist

von den Russen abgeschrieben."
"269";"00:05:39:16";"00:05:39:16";"FABstbd Die Menschen übernehmen das,( ( wiede"
"270";"00:05:39:16";"00:05:39:16";"FABst4rholen die Nachrichten,ÿÿ-éô"
"271";"00:05:39:16";"00:05:43:04";"Die Menschen Èubernehmen das,

wiederholen die Nachrichten,"
"272";"00:05:43:06";"00:05:43:06";"FABstcd werden zu Verstärkern ( ( russiøò"
"273";"00:05:43:06";"00:05:43:06";"FABst(scher Propaganda.ÿÿ9¬ª"
"274";"00:05:43:06";"00:05:46:24";"werden zu VerstÈarkern

russischer Propaganda."
"275";"00:05:47:16";"00:05:47:16";"FABstdd Inwiefern sich das auf das( ( Wahlergeb²"
"276";"00:05:47:16";"00:05:47:16";"FABst8nis auswirkt, ist unklar.ÿÿ)ßl"
"277";"00:05:47:16";"00:05:51:14";"Inwiefern sich das auf das

Wahlergebnis auswirkt, ist unklar."
"278";"00:05:51:16";"00:05:51:16";"FABsted Umfragen zufolge( ( könnten pro-¹Æ"
"279";"00:05:51:16";"00:05:51:16";"FABst,russische Parteien,ÿÿ5»Ú"
"280";"00:05:51:16";"00:05:54:12";"Umfragen zufolge

kÈonnten pro-russische Parteien,"
"281";"00:05:54:23";"00:05:54:23";"FABstfd Sozialisten und Nationalisten,( ( aufLh"
"282";"00:05:54:23";"00:05:54:23";"FABst2 mehr als 20 % kommen.ÿÿ/ºÊ"
"283";"00:05:54:23";"00:05:58:14";"Sozialisten und Nationalisten,

auf mehr als 20 % kommen."
"284";"00:06:01:24";"00:06:01:24";"FABstgd In Israel gingen erneut( ( za]Ö"
"285";"00:06:01:24";"00:06:01:24";"FABst(hlreiche Menschenÿÿ9ý$"
"286";"00:06:01:24";"00:06:04:13";"In Israel gingen erneut

zahlreiche Menschen"
"287";"00:06:04:15";"00:06:04:15";"FABsthd gegen die geplante Justizreform( ( s¶"
"288";"00:06:04:15";"00:06:04:15";"FABst, auf die Straße.ÿÿ5N"
"289";"00:06:04:15";"00:06:07:24";"gegen die geplante Justizreform

auf die Straûe."
"290";"00:06:08:06";"00:06:08:06";"FABstid Die Demonstranten sehen( ( die D'j"
"291";"00:06:08:06";"00:06:08:06";"FABst.emokratie in Gefahr,ÿÿ3</u><"
"292";"00:06:08:06";"00:06:11:03";"Die Demonstranten sehen

die Demokratie in Gefahr,"
"293";"00:06:12:15";"00:06:12:15";"FABstjd seit Wochen gibt es Proteste( ( g"
"294";"00:06:12:15";"00:06:12:15";"FABst*egen das Vorhaben.ÿÿ7
Ð"
"295";"00:06:12:15";"00:06:15:19";"seit Wochen gibt es Proteste

gegen das Vorhaben."
"296";"00:06:15:21";"00:06:15:21";"FABstkd Es sieht vor, dass das Parlament( ( A¬"
"297";"00:06:15:21";"00:06:15:21";"FABst2künftig Entscheidungenÿÿ/ì"
"298";"00:06:15:21";"00:06:19:02";"Es sieht vor, dass das Parlament

kÈunftig Entscheidungen"
"299";"00:06:19:04";"00:06:19:04";"FABstld des höchsten Gerichts mit( ( einfacher¬X"
"300";"00:06:19:04";"00:06:19:04";"FABst: Mehrheit aufheben könnte.ÿÿ'Ff"
"301";"00:06:19:04";"00:06:22:21";"des hÈochsten Gerichts mit

einfacher Mehrheit aufheben kÈonnte."
"302";"00:06:25:02";"00:06:25:02";"FABstmT"Ihr legt euch mit den Falschen an",ö"
"303";"00:06:25:02";"00:06:27:18";""Ihr legt euch mit den Falschen an","
"304";"00:06:27:20";"00:06:27:20";"FABstnd rufen sie am Nachmittag( ( in RechovD8"
"305";"00:06:27:20";"00:06:27:20";"FABst6ot südlich von Tel Aviv.3/î"
"306";"00:06:27:20";"00:06:31:02";"rufen sie am Nachmittag

in Rechovot sÈudlich von Tel Aviv."
"307";"00:06:31:09";"00:06:31:09";"FABstod Zu Hunderten( ( protestieren ¢"
"308";"00:06:31:09";"00:06:31:09";"FABst&sie hier erneut.ÿÿ;ª"
"309";"00:06:31:09";"00:06:33:22";"Zu Hunderten

protestieren sie hier erneut."
"310";"00:06:34:04";"00:06:34:04";"FABstpd Dass Netanjahu( ( einen vorübÂ"
"311";"00:06:34:04";"00:06:34:04";"FABst&ergehenden Stoppÿÿ;</i>Ì"
"312";"00:06:34:04";"00:06:37:04";"Dass Netanjahu

einen vorÈubergehenden Stopp"
"313";"00:06:37:06";"00:06:37:06";"FABstqd der Reformen angekündigt hatte,( ( µ4"
"314";"00:06:37:06";"00:06:37:06";"FABst0reicht ihnen nicht.ÿÿ1ß$"
"315";"00:06:37:06";"00:06:40:09";"der Reformen angekÈundigt hatte,

reicht ihnen nicht."
"316";"00:06:42:08";"00:06:42:08";"FABstrd Sie haben die Reformen( ( niº"
"317";"00:06:42:08";"00:06:42:08";"FABst cht gestoppt.Iþä"
"318";"00:06:42:08";"00:06:44:16";"Sie haben die Reformen

nicht gestoppt."
"319";"00:06:45:01";"00:06:45:01";"FABstsd Sie sagen nur,( ( dass sie s)æ"
"320";"00:06:45:01";"00:06:45:01";"FABst$ie verschieben.Eç"
"321";"00:06:45:01";"00:06:47:11";"Sie sagen nur,

dass sie sie verschieben."
"322";"00:06:47:13";"00:06:47:13";"FABsttJ Wir kennen diese Politiker.ÿÿp"
"323";"00:06:47:13";"00:06:49:06";"Wir kennen diese Politiker."
"324";"00:06:49:08";"00:06:49:08";"FABstud Wir trauen ihnen nicht,( ( deshal0&"
"325";"00:06:49:08";"00:06:49:08";"FABst0b kämpfen wir weiter.ÿÿ1ì"
"326";"00:06:49:08";"00:06:52:07";"Wir trauen ihnen nicht,

deshalb kÈampfen wir weiter."
"327";"00:06:52:19";"00:06:52:19";"FABstvd Am Abend in Tel Aviv -( ( auch hÈ"
"328";"00:06:52:19";"00:06:52:19";"FABst*ier volle Straßen.ÿÿ7<|"
"329";"00:06:52:19";"00:06:56:08";"Am Abend in Tel Aviv -

auch hier volle Straûen."
"330";"00:06:57:21";"00:06:57:21";"FABstwN Sie fürchten um die Demokratie.ÿÿm"
"331";"00:06:57:21";"00:06:59:19";"Sie fÈurchten um die Demokratie."
"332";"00:07:01:07";"00:07:01:07";"FABstxd In einem Monat tritt die Knesset ( ( nach)r"
"333";"00:07:01:07";"00:07:01:07";"FABst@ einer Pause wieder zusammen.ÿÿ!Ô"
"334";"00:07:01:07";"00:07:05:01";"In einem Monat tritt die Knesset

nach einer Pause wieder zusammen."
"335";"00:07:05:07";"00:07:05:07";"FABstyd Jederzeit kann dann( ( ein Gesetz v"
"336";"00:07:05:07";"00:07:05:07";"FABst.erabschiedet werden,ÿÿ3æv"
"337";"00:07:05:07";"00:07:08:10";"Jederzeit kann dann

ein Gesetz verabschiedet werden,"
"338";"00:07:08:12";"00:07:08:12";"FABstzd das der Regierung mehr Kontrolle( ( über Çà"
"339";"00:07:08:12";"00:07:08:12";"FABstFdie Ernennung von Richtern gibt.ÿÿäÌ"
"340";"00:07:08:12";"00:07:12:12";"das der Regierung mehr Kontrolle

Èuber die Ernennung von Richtern gibt."
"341";"00:07:12:15";"00:07:12:15";"FABst{L Außerdem könnte das Parlamentÿÿõ&"
"342";"00:07:12:15";"00:07:14:08";"Auûerdem kÈonnte das Parlament"
"343";"00:07:14:10";"00:07:14:10";"FABst|dEntscheidungen des Obersten Gerichts( ( "Ä"
"344";"00:07:14:10";"00:07:14:10";"FABst. aushebeln.ÿÿ3±d"
"345";"00:07:14:10";"00:07:17:05";"Entscheidungen des Obersten Gerichts

aushebeln."
"346";"00:07:17:11";"00:07:17:11";"FABst}d Die Justizreformen( ( belasten aD®"
"347";"00:07:17:11";"00:07:17:11";"FABst*uch das Verhältnisÿÿ7Y"
"348";"00:07:17:11";"00:07:20:04";"Die Justizreformen

belasten auch das VerhÈaltnis"
"349";"00:07:20:06";"00:07:20:06";"FABst~J zwischen Israel und den USA.ÿÿ¬b"
"350";"00:07:20:06";"00:07:22:11";"zwischen Israel und den USA."
"351";"00:07:23:24";"00:07:23:24";"FABstd Israel könne diesen Weg( ( niÒÒ"
"352";"00:07:23:24";"00:07:23:24";"FABst&cht weitergehen,ÿÿ;ú|"
"353";"00:07:23:24";"00:07:26:12";"Israel kÈonne diesen Weg

nicht weitergehen,"
"354";"00:07:26:14";"00:07:26:14";"FABst<i>D so US-Präsident Biden.ÿÿ¢\"
"355";"00:07:26:14";"00:07:28:06";"so US-PrÈasident Biden."
"356";"00:07:28:24";"00:07:28:24";"FABst</i>d Eine Einladung( ( für Netanjah$"
"357";"00:07:28:24";"00:07:28:24";"FABst&u ins Weiße Hausÿÿ;`"
"358";"00:07:28:24";"00:07:31:12";"Eine Einladung

fÈur Netanjahu ins Weiûe Haus"
"359";"00:07:31:14";"00:07:31:14";"FABst<u>d werde es( ( in nächster Zei"
"360";"00:07:31:14";"00:07:31:14";"FABst"t nicht geben.ÿÿ?¹ª"
"361";"00:07:31:14";"00:07:33:19";"werde es

in nÈachster Zeit nicht geben."
"362";"00:07:34:00";"00:07:34:00";"FABst</u>d Es ist eine der größten Krisen( ( in deÕn"
"363";"00:07:34:00";"00:07:34:00";"FABst8r 75-jährigen Geschichte 14ì"
"364";"00:07:34:00";"00:07:37:11";"Es ist eine der grÈoûten Krisen

in der 75-jÈahrigen Geschichte"
"365";"00:07:37:13";"00:07:37:13";"FABstB des Staates Israel.#¨"
"366";"00:07:37:13";"00:07:38:20";"des Staates Israel."
"367";"00:07:39:04";"00:07:39:04";"FABstF Das Land ist gespalten.ÿÿu¸"
"368";"00:07:39:04";"00:07:40:20";"Das Land ist gespalten."
"369";"00:07:40:22";"00:07:40:22";"FABstVEin Kompromiss ist unwahrscheinlich.ÿÿ5â"
"370";"00:07:40:22";"00:07:43:10";"Ein Kompromiss ist unwahrscheinlich."
"371";"00:07:43:19";"00:07:43:19";"FABstd Die Befürworter( ( beharren au/"
"372";"00:07:43:19";"00:07:43:19";"FABst$f den Reformen.ÿÿ=ù8"
"373";"00:07:43:19";"00:07:46:19";"Die BefÈurworter

beharren auf den Reformen."
"374";"00:07:47:03";"00:07:47:03";"FABstdDie Gegner wollen demonstrieren,( ( bû@"
"375";"00:07:47:03";"00:07:47:03";"FABst2is sie vom Tisch sind.ÿÿ/ì"
"376";"00:07:47:03";"00:07:50:16";"Die Gegner wollen demonstrieren,

bis sie vom Tisch sind."
"377";"00:07:53:02";"00:07:53:02";"FABstd Papst Franziskus ist( ( aus dem KraÓ¶"
"378";"00:07:53:02";"00:07:53:02";"FABst:nkenhaus entlassen worden.ÿÿ'£ú"
"379";"00:07:53:02";"00:07:56:12";"Papst Franziskus ist

aus dem Krankenhaus entlassen worden."
"380";"00:07:56:14";"00:07:56:14";"FABst
d Nach dreitägiger( ( stationäÓð"
"381";"00:07:56:14";"00:07:56:14";"FABst"rer Behandlungÿÿ?</i>z"
"382";"00:07:56:14";"00:07:59:03";"Nach dreitÈagiger

stationÈarer Behandlung"
"383";"00:07:59:05";"00:07:59:05";"FABstd wegen einer Bronchitis gehe es( ( dem 86Ñ"
"384";"00:07:59:05";"00:07:59:05";"FABst:-Jährigen deutlich besser,ÿÿ'^L"
"385";"00:07:59:05";"00:08:03:02";"wegen einer Bronchitis gehe es

dem 86-JÈahrigen deutlich besser,"
"386";"00:08:03:12";"00:08:03:12";"FABst> so der Vatikan.ÿÿG¬"
"387";"00:08:03:12";"00:08:04:19";"so der Vatikan."
"388";"00:08:04:21";"00:08:04:21";"FABstd Nach seiner Entlassung( ( traf FranzÖB"
"389";"00:08:04:21";"00:08:04:21";"FABst4iskus heute gut gelauntÿÿ-Ì´"
"390";"00:08:04:21";"00:08:08:04";"Nach seiner Entlassung

traf Franziskus heute gut gelaunt"
"391";"00:08:08:06";"00:08:08:06";"FABstN auf Passanten und Journalisten.ÿÿL2"
"392";"00:08:08:06";"00:08:10:02";"auf Passanten und Journalisten."
"393";"00:08:10:12";"00:08:10:12";"FABstd Morgen soll er wie geplant( ( die M´,"
"394";"00:08:10:12";"00:08:10:12";"FABst0esse zum Palmsonntag ÿÿ1ðN"
"395";"00:08:10:12";"00:08:13:12";"Morgen soll er wie geplant

die Messe zum Palmsonntag"
"396";"00:08:13:14";"00:08:13:14";"FABstJ auf dem Petersplatz halten.ÿÿp2"
"397";"00:08:13:14";"00:08:15:03";"auf dem Petersplatz halten."
"398";"00:08:17:01";"00:08:17:01";"FABstd Heftige Unwetter haben( ( im MittlÀî"
"399";"00:08:17:01";"00:08:17:01";"FABst0eren Westen und Südenÿÿ1Q"
"400";"00:08:17:01";"00:08:20:04";"Heftige Unwetter haben

im Mittleren Westen und SÈuden"
"401";"00:08:20:06";"00:08:20:06";"FABstd der USA zu Chaos( ( und Verwü] "
"402";"00:08:20:06";"00:08:20:06";"FABst&stungen geführt.ÿÿ;xR"
"403";"00:08:20:06";"00:08:22:20";"der USA zu Chaos

und VerwÈustungen gefÈuhrt."
"404";"00:08:23:01";"00:08:23:01";"FABstd Mindestens 17 Menschen( ( kamen lau·"
"405";"00:08:23:01";"00:08:23:01";"FABst0t Behörden ums Leben,ÿÿ1*"
"406";"00:08:23:01";"00:08:26:10";"Mindestens 17 Menschen

kamen laut BehÈorden ums Leben,"
"407";"00:08:26:12";"00:08:26:12";"FABstP dutzende weitere wurden verletzt.ÿÿg"
"408";"00:08:26:12";"00:08:28:11";"dutzende weitere wurden verletzt."
"409";"00:08:28:22";"00:08:28:22";"FABstdVielerorts zerstörten die Stürme und( ( Tor×"
"410";"00:08:28:22";"00:08:28:22";"FABstHnados Häuser, entwurzelten Bäume.ÿÿ¬"
"411";"00:08:28:22";"00:08:33:20";"Vielerorts zerstÈorten die StÈurme und

Tornados HÈauser, entwurzelten BÈaume."
"412";"00:08:34:02";"00:08:34:02";"FABstd Zeitweise waren( ( Zehntausende ¡"
"413";"00:08:34:02";"00:08:34:02";"FABst.Menschen ohne Strom.ÿÿ3°"
"414";"00:08:34:02";"00:08:37:00";"Zeitweise waren

Zehntausende Menschen ohne Strom."
"415";"00:08:38:23";"00:08:38:23";"FABstB Diese Autos zeigen,#2N"
"416";"00:08:38:23";"00:08:40:07";"Diese Autos zeigen,"
"417";"00:08:40:09";"00:08:40:09";"FABstd mit welcher Wucht der Tornado( ( in ù~"
"418";"00:08:40:09";"00:08:40:09";"FABst6Little Rock gewütet hat.3{`"
"419";"00:08:40:09";"00:08:43:17";"mit welcher Wucht der Tornado

in Little Rock gewÈutet hat."
"420";"00:08:44:05";"00:08:44:05";"FABstd Auch die Feuerwache( ( hat der î"
"421";"00:08:44:05";"00:08:44:05";"FABst&Sturm getroffen.ÿÿ;Ó"
"422";"00:08:44:05";"00:08:46:22";"Auch die Feuerwache

hat der Sturm getroffen."
"423";"00:08:46:24";"00:08:46:24";"FABstTDas macht das Aufräumen schwieriger.ÿÿà"
"424";"00:08:46:24";"00:08:49:05";"Das macht das AufrÈaumen schwieriger."
"425";"00:08:50:03";"00:08:50:03";"FABstd Die Gouverneurin( ( hat den Notè"
"426";"00:08:50:03";"00:08:50:03";"FABst(stand ausgerufen,ÿÿ9"
"427";"00:08:50:03";"00:08:53:00";"Die Gouverneurin

hat den Notstand ausgerufen,"
"428";"00:08:53:03";"00:08:53:03";"FABstd verspricht nach Telefonaten,( ( auch mit`"
"429";"00:08:53:03";"00:08:53:03";"FABst< US-Präsident Biden, Hilfe.ÿÿ%0,"
"430";"00:08:53:03";"00:08:56:22";"verspricht nach Telefonaten,

auch mit US-PrÈasident Biden, Hilfe."
"431";"00:08:58:00";"00:08:58:00";"FABstd Uns wurde( ( große UnterstüÐj"
"432";"00:08:58:00";"00:08:58:00";"FABst$tzung zugesagt.EéH"
"433";"00:08:58:00";"00:09:00:11";"Uns wurde

groûe UnterstÈutzung zugesagt."
"434";"00:09:00:21";"00:09:00:21";"FABstdAlle Mittel, die Arkansas braucht,( ( ð"
"435";"00:09:00:21";"00:09:00:21";"FABst6 werden wir bekommen.3¸"
"436";"00:09:00:21";"00:09:04:08";"Alle Mittel, die Arkansas braucht,

werden wir bekommen."
"437";"00:09:06:00";"00:09:06:00";"FABstd Den Bundesstaat hat es( ( besonderòª"
"438";"00:09:06:00";"00:09:06:00";"FABst.s schlimm getroffen.ÿÿ3°Ò"
"439";"00:09:06:00";"00:09:09:00";"Den Bundesstaat hat es

besonders schlimm getroffen."
"440";"00:09:09:02";"00:09:09:02";"FABst d In Little Rock( ( sterben mindesèH"
"441";"00:09:09:02";"00:09:09:02";"FABst,tens fünf Menschen.ÿÿ5qò"
"442";"00:09:09:02";"00:09:11:24";"In Little Rock

sterben mindestens fÈunf Menschen."
"443";"00:09:12:01";"00:09:12:01";"FABst¡d Eine Frau filmt gestern,( ( wie der Sà´"
"444";"00:09:12:01";"00:09:12:01";"FABst<turm auf die Stadt zukommt.ÿÿ%÷ð"
"445";"00:09:12:01";"00:09:15:16";"Eine Frau filmt gestern,

wie der Sturm auf die Stadt zukommt."
"446";"00:09:15:18";"00:09:15:18";"FABst¢dAuch in Wynne, 1,5 Stunden entfernt,( ( ©¨"
"447";"00:09:15:18";"00:09:15:18";"FABst4 sterben Menschen.ÿÿ-¶¬"
"448";"00:09:15:18";"00:09:19:02";"Auch in Wynne, 1,5 Stunden entfernt,

sterben Menschen."
"449";"00:09:21:14";"00:09:21:14";"FABst£d Es ist so schrecklich.( ( All d¤"
"450";"00:09:21:14";"00:09:21:14";"FABst(ie Menschen hier.A¸"
"451";"00:09:21:14";"00:09:24:07";"Es ist so schrecklich.

All die Menschen hier."
"452";"00:09:24:10";"00:09:24:10";"FABst¤d Wir wissen nicht,( ( ob es ¥r"
"453";"00:09:24:10";"00:09:24:10";"FABst$ihnen gut geht.E«þ"
"454";"00:09:24:10";"00:09:26:18";"Wir wissen nicht,

ob es ihnen gut geht."
"455";"00:09:27:00";"00:09:27:00";"FABst¥d In mehreren Bundesstaaten( ( ÈÂ"
"456";"00:09:27:00";"00:09:27:00";"FABst$wüten Stürme.ÿÿ=¯¦"
"457";"00:09:27:00";"00:09:29:13";"In mehreren Bundesstaaten

wÈuten StÈurme."
"458";"00:09:29:15";"00:09:29:15";"FABst¦d In Illinois stürzt( ( das Dach e7°"
"459";"00:09:29:15";"00:09:29:15";"FABst*ines Theaters ein.ÿÿ7¶"
"460";"00:09:29:15";"00:09:32:13";"In Illinois stÈurzt

das Dach eines Theaters ein."
"461";"00:09:33:07";"00:09:33:07";"FABst§d Das Unwettergebiet( ( ist ungÒ¾"
"462";"00:09:33:07";"00:09:33:07";"FABst$ewöhnlich groß.ÿÿ=³"
"463";"00:09:33:07";"00:09:35:20";"Das Unwettergebiet

ist ungewÈohnlich groû."
"464";"00:09:37:02";"00:09:37:02";"FABst¨d Das ist das erste Mal( ( in ü"
"465";"00:09:37:02";"00:09:37:02";"FABst(ber zehn Jahren, AËÀ"
"466";"00:09:37:02";"00:09:40:21";"Das ist das erste Mal

in Èuber zehn Jahren,"
"467";"00:09:40:23";"00:09:40:23";"FABst©d dass wir( ( zwei Hochrisikoÿ:"
"468";"00:09:40:23";"00:09:40:23";"FABst"gebiete haben.GT"
"469";"00:09:40:23";"00:09:43:13";"dass wir

zwei Hochrisikogebiete haben."
"470";"00:09:44:11";"00:09:44:11";"FABstªD Das ist ungewöhnlich.ÿÿ"
"471";"00:09:44:11";"00:09:45:21";"Das ist ungewÈohnlich."
"472";"00:09:46:08";"00:09:46:08";"FABst«d Sonst fokussiert sich( ( die Wetter¤"
"473";"00:09:46:08";"00:09:46:08";"FABst.lage auf ein Gebiet.ÿÿ3ÙH"
"474";"00:09:46:08";"00:09:49:17";"Sonst fokussiert sich

die Wetterlage auf ein Gebiet."
"475";"00:09:53:20";"00:09:53:20";"FABst¬d Auch wenn sich( ( der Sturm aØ\"
"476";"00:09:53:20";"00:09:53:20";"FABst&bgeschwächt hat:ÿÿ;c"
"477";"00:09:53:20";"00:09:56:09";"Auch wenn sich

der Sturm abgeschwÈacht hat:"
"478";"00:09:56:17";"00:09:56:17";"FABst­L Noch gibt es keine Entwarnung,ÿÿX¾"
"479";"00:09:56:17";"00:09:58:18";"Noch gibt es keine Entwarnung,"
"480";"00:09:58:20";"00:09:58:20";"FABst®d weil sich die Wetterlage( ( schne®"
"481";"00:09:58:20";"00:09:58:20";"FABst,ll verändern kann. ÿÿ5"
"482";"00:09:58:20";"00:10:01:14";"weil sich die Wetterlage

schnell verÈandern kann."
"483";"00:10:03:05";"00:10:03:05";"FABst¯d Im Norden Norwegens ( ( wurdená¾"
"484";"00:10:03:05";"00:10:03:05";"FABst& mehrere Gebieteÿÿ;Íî"
"485";"00:10:03:05";"00:10:05:18";"Im Norden Norwegens

wurden mehrere Gebiete"
"486";"00:10:05:20";"00:10:05:20";"FABst°L nach Lawinenabgängen geräumt.ÿÿ.¨"
"487";"00:10:05:20";"00:10:07:16";"nach LawinenabgÈangen gerÈaumt."
"488";"00:10:08:01";"00:10:08:01";"FABst±d Mindestens vier Menschen( ( waren zuÏê"
"489";"00:10:08:01";"00:10:08:01";"FABst4vor ums Leben gekommen.ÿÿ-·@"
"490";"00:10:08:01";"00:10:11:13";"Mindestens vier Menschen

waren zuvor ums Leben gekommen."
"491";"00:10:11:19";"00:10:11:19";"FABst²d Gestern wurde Touristengruppe( ( ÔR"
"492";"00:10:11:19";"00:10:11:19";"FABst.in der Region Tromsöÿÿ3=ò"
"493";"00:10:11:19";"00:10:14:22";"Gestern wurde Touristengruppe

in der Region TromsÈo"
"494";"00:10:14:24";"00:10:14:24";"FABst³Tvon den Schneemassen erfasst worden.ÿÿm¦"
"495";"00:10:14:24";"00:10:17:01";"von den Schneemassen erfasst worden."
"496";"00:10:17:08";"00:10:17:08";"FABst´d Auf der Insel Reinöya ( ( starbwÀ"
"497";"00:10:17:08";"00:10:17:08";"FABst(en zwei Menschen.ÿÿ9í"
"498";"00:10:17:08";"00:10:19:24";"Auf der Insel ReinÈoya

starben zwei Menschen."
"499";"00:10:20:06";"00:10:20:06";"FABstµd Sie wurden von einer Lawine( ( mitsamt </u>ä"
"500";"00:10:20:06";"00:10:20:06";"FABst>einem Haus und einer Scheuneÿÿ#üÀ"
"501";"00:10:20:06";"00:10:23:24";"Sie wurden von einer Lawine

mitsamt einem Haus und einer Scheune"
"502";"00:10:24:01";"00:10:24:01";"FABst¶@ ins Meer gerissen.ÿÿyf"
"503";"00:10:24:01";"00:10:25:03";"ins Meer gerissen."
"504";"00:10:27:04";"00:10:27:04";"FABst·d In der Fußball-Bundesliga( ( hat LeipsT"
"505";"00:10:27:04";"00:10:27:04";"FABst@zig einen weiteren Rückschlagÿÿ!^"
"506";"00:10:27:04";"00:10:31:01";"In der Fuûball-Bundesliga

hat Leipzig einen weiteren RÈuckschlag"
"507";"00:10:31:04";"00:10:31:04";"FABst¸d im Kampf um Plätze( ( in der Champr8"
"508";"00:10:31:04";"00:10:31:04";"FABst0ions League kassiert.ÿÿ1æh"
"509";"00:10:31:04";"00:10:34:06";"im Kampf um PlÈatze

in der Champions League kassiert."
"510";"00:10:34:15";"00:10:34:15";"FABst¹d Gegen Mainz verloren( ( die S±V"
"511";"00:10:34:15";"00:10:34:15";"FABst$achsen mit 0:3.ÿÿ=</i>2"
"512";"00:10:34:15";"00:10:37:02";"Gegen Mainz verloren

die Sachsen mit 0:3."
"513";"00:10:37:10";"00:10:37:10";"FABstºd Die Mainzer sind( ( seit sieben Sý,"
"514";"00:10:37:10";"00:10:37:10";"FABst,pielen ungeschlagenÿÿ5Ï"
"515";"00:10:37:10";"00:10:40:07";"Die Mainzer sind

seit sieben Spielen ungeschlagen"
"516";"00:10:40:09";"00:10:40:09";"FABst»Pund das zweitbeste Rückrundenteam.ÿÿ©"
"517";"00:10:40:09";"00:10:42:11";"und das zweitbeste RÈuckrundenteam."
"518";"00:10:44:19";"00:10:44:19";"FABst¼D 57. Minute in Leipzig:!rÚ"
"519";"00:10:44:19";"00:10:46:08";"57. Minute in Leipzig:"
"520";"00:10:47:01";"00:10:47:01";"FABst½d Stach flankt,( ( Ajorque hältF"
"521";"00:10:47:01";"00:10:47:01";"FABst" den Fuß rein,Gö"
"522";"00:10:47:01";"00:10:49:12";"Stach flankt,

Ajorque hÈalt den Fuû rein,"
"523";"00:10:49:23";"00:10:49:23";"FABst¾Perzielt ein preisverdächtiges Tor.ÿÿ¡*"
"524";"00:10:49:23";"00:10:52:01";"erzielt ein preisverdÈachtiges Tor."
"525";"00:10:54:07";"00:10:54:07";"FABst¿d Er lässt( ( den Ball beiläufin"
"526";"00:10:54:07";"00:10:54:07";"FABst.g ins Tor abtropfen:ÿÿ3Ç"
"527";"00:10:54:07";"00:10:57:03";"Er lÈasst

den Ball beilÈaufig ins Tor abtropfen:"
"528";"00:10:57:18";"00:10:57:18";"FABstÀd Diese Leichtigkeit( ( ist typis¢L"
"529";"00:10:57:18";"00:10:57:18";"FABst(ch für das Spiel.ÿÿ9$0"
"530";"00:10:57:18";"00:11:00:14";"Diese Leichtigkeit

ist typisch fÈur das Spiel."
"531";"00:11:01:22";"00:11:01:22";"FABstÁd Ajorque, madegassische Wurzeln,( ( im Wi "
"532";"00:11:01:22";"00:11:01:22";"FABst>nter aus Straßburg gekommen,ÿÿ#r"
"533";"00:11:01:22";"00:11:05:18";"Ajorque, madegassische Wurzeln,

im Winter aus Straûburg gekommen,"
"534";"00:11:05:20";"00:11:05:20";"FABstÂP mit seinem dritten Bundesligator.ÿÿ"
"535";"00:11:05:20";"00:11:07:20";"mit seinem dritten Bundesligator."
"536";"00:11:08:06";"00:11:08:06";"FABstÃdDie Mainzer Demonstration der Stärke( ( s"
"537";"00:11:08:06";"00:11:08:06";"FABst<beginnt in der 9. Minute.ÿÿ%êb"
"538";"00:11:08:06";"00:11:12:00";"Die Mainzer Demonstration der StÈarke

beginnt in der 9. Minute."
"539";"00:11:12:10";"00:11:12:10";"FABstÄd Konsequent( ( dringen sie inÑÖ"
"540";"00:11:12:10";"00:11:12:10";"FABst$ den Strafraum.ÿÿ=ì4"
"541";"00:11:12:10";"00:11:14:19";"Konsequent

dringen sie in den Strafraum."
"542";"00:11:15:02";"00:11:15:02";"FABstÅd Blaswich hält gegen Barreiro,( ( gegen qº"
"543";"00:11:15:02";"00:11:15:02";"FABst<Ingvartsen ist er machtlos.ÿÿ%©"
"544";"00:11:15:02";"00:11:18:24";"Blaswich hÈalt gegen Barreiro,

gegen Ingvartsen ist er machtlos."
"545";"00:11:19:10";"00:11:19:10";"FABstÆP Der Däne mit seinem 9. Saisontor.ÿÿÒ"
"546";"00:11:19:10";"00:11:21:16";"Der DÈane mit seinem 9. Saisontor."
"547";"00:11:23:06";"00:11:23:06";"FABstÇd In der 67. Minute( ( sorgt Kohr fü\°"
"548";"00:11:23:06";"00:11:23:06";"FABst,r den 0:3-Endstand.ÿÿ5ðð"
"549";"00:11:23:06";"00:11:26:16";"In der 67. Minute

sorgt Kohr fÈur den 0:3-Endstand."
"550";"00:11:28:05";"00:11:28:05";"FABstÈd Eigentlich als Abräumer bekannt,( ( erzielyn"
"551";"00:11:28:05";"00:11:28:05";"FABst>t er hier sein 3. Saisontor.ÿÿ#Ç¦"
"552";"00:11:28:05";"00:11:32:07";"Eigentlich als AbrÈaumer bekannt,

erzielt er hier sein 3. Saisontor."
"553";"00:11:33:09";"00:11:33:09";"FABstÉd Leipzig verliert( ( das dritte Pfç¬"
"554";"00:11:33:09";"00:11:33:09";"FABst.lichtspiel in Folge,ÿÿ3*"
"555";"00:11:33:09";"00:11:36:08";"Leipzig verliert

das dritte Pflichtspiel in Folge,"
"556";"00:11:36:10";"00:11:36:10";"FABstÊN bleibt zum dritten Mal ohne Tor.ÿÿGH"
"557";"00:11:36:10";"00:11:38:12";"bleibt zum dritten Mal ohne Tor."
"558";"00:11:39:05";"00:11:39:05";"FABstËd Mainz dagegen feiert( ( den ersten À"
"559";"00:11:39:05";"00:11:39:05";"FABst:Sieg in Leipzig überhaupt.ÿÿ't8"
"560";"00:11:39:05";"00:11:42:20";"Mainz dagegen feiert

den ersten Sieg in Leipzig Èuberhaupt."
"561";"00:11:45:02";"00:11:45:02";"FABstÌd Union Berlin( ( bleibt auf Cham×¨"
"562";"00:11:45:02";"00:11:45:02";"FABst*pions-League-Kurs,?ª*"
"563";"00:11:45:02";"00:11:47:21";"Union Berlin

bleibt auf Champions-League-Kurs,"
"564";"00:11:47:23";"00:11:47:23";"FABstÍPsiegt 3:0 gegen den VfB Stuttgart.j"
"565";"00:11:47:23";"00:11:50:01";"siegt 3:0 gegen den VfB Stuttgart."
"566";"00:11:50:09";"00:11:50:09";"FABstÎd Die Gäste in der ersten Hälfte( ( £n"
"567";"00:11:50:09";"00:11:50:09";"FABst*das bessere Team,ÿÿ7éÌ"
"568";"00:11:50:09";"00:11:53:09";"Die GÈaste in der ersten HÈalfte

das bessere Team,"
"569";"00:11:53:11";"00:11:53:11";"FABstÏd das Tor von Perea zählte( ( wegen HanAb"
"570";"00:11:53:11";"00:11:53:11";"FABst4dspiels zu Recht nicht.ÿÿ-±<"
"571";"00:11:53:11";"00:11:56:24";"das Tor von Perea zÈahlte

wegen Handspiels zu Recht nicht."
"572";"00:12:06:12";"00:12:06:12";"FABstÐd Stuttgarts Trainer Labbadia( ( R"
"573";"00:12:06:12";"00:12:06:12";"FABst& verzweifelte,ÿÿ;â8"
"574";"00:12:06:12";"00:12:09:08";"Stuttgarts Trainer Labbadia

verzweifelte,"
"575";"00:12:09:19";"00:12:09:19";"FABstÑd denn Union( ( kam stärker a_`"
"576";"00:12:09:19";"00:12:09:19";"FABst"us der Kabine.ÿÿ?</i>"
"577";"00:12:09:19";"00:12:12:06";"denn Union

kam stÈarker aus der Kabine."
"578";"00:12:13:23";"00:12:13:23";"FABstÒVRoussillon bediente Becker - das 1:0.ÿÿ"
"579";"00:12:13:23";"00:12:16:07";"Roussillon bediente Becker - das 1:0."
"580";"00:12:20:14";"00:12:20:14";"FABstÓd Becker leitete auch( ( das 2:0 Íj"
"581";"00:12:20:14";"00:12:20:14";"FABst&von Behrens ein.ÿÿ;F"
"582";"00:12:20:14";"00:12:23:21";"Becker leitete auch

das 2:0 von Behrens ein."
"583";"00:12:25:17";"00:12:25:17";"FABstÔd Die VfB-Abwehr( ( nicht koníÂ"
"584";"00:12:25:17";"00:12:25:17";"FABst"sequent genug.ÿÿ?í"
"585";"00:12:25:17";"00:12:28:00";"Die VfB-Abwehr

nicht konsequent genug."
"586";"00:12:32:16";"00:12:32:16";"FABstÕd Die Köpenicker legten eins drauf ( ( das ;x"
"587";"00:12:32:16";"00:12:32:16";"FABstF3:0, ein Eigentor von Haraguchi.ÿÿý¬"
"588";"00:12:32:16";"00:12:37:20";"Die KÈopenicker legten eins drauf Ð

das 3:0, ein Eigentor von Haraguchi."
"589";"00:12:40:08";"00:12:40:08";"FABstÖN Union gewinnt am Ende verdient.ÿÿRB"
"590";"00:12:40:08";"00:12:42:15";"Union gewinnt am Ende verdient."
"591";"00:12:45:12";"00:12:45:12";"FABst×F Die weiteren Ergebnisse:ÿÿ"
"592";"00:12:45:12";"00:12:47:02";"Die weiteren Ergebnisse:"
"593";"00:12:55:03";"00:12:55:03";"FABstØd In der Partie München-Dortmund( ( steht3~"
"594";"00:12:55:03";"00:12:55:03";"FABst8 es kurz vor Schluss 4:1.ÿÿ)çr"
"595";"00:12:55:03";"00:12:58:21";"In der Partie MÈunchen-Dortmund

steht es kurz vor Schluss 4:1."
"596";"00:13:26:24";"00:13:26:24";"FABstÙ> Die Lottozahlen:ÿÿ7è"
"597";"00:13:26:24";"00:13:28:01";"Die Lottozahlen:"
"598";"00:13:48:19";"00:13:48:19";"FABstÚd Die Wettervorhersage für morgen,( ( |Ö"
"599";"00:13:48:19";"00:13:48:19";"FABst2Sonntag, den 2. April:ÿÿ/½`"
"600";"00:13:48:19";"00:13:52:12";"Die Wettervorhersage fÈur morgen,

Sonntag, den 2. April:"
"601";"00:13:54:13";"00:13:54:13";"FABstÛd Ein Hoch über Skandinavien( ( lenkt kaXÌ"
"602";"00:13:54:13";"00:13:54:13";"FABst>lte und trockene Luft heran.ÿÿ#:"
"603";"00:13:54:13";"00:13:58:05";"Ein Hoch Èuber Skandinavien

lenkt kalte und trockene Luft heran."
"604";"00:13:58:07";"00:13:58:07";"FABstÜd Es wird von Norden( ( zunehò8"
"605";"00:13:58:07";"00:13:58:07";"FABst mend sonnig. ÿÿA²ì"
"606";"00:13:58:07";"00:14:00:10";"Es wird von Norden

zunehmend sonnig."
"607";"00:14:00:16";"00:14:00:16";"FABstÝd Dort klart es heute Nacht( ( </u>j"
"608";"00:14:00:16";"00:14:00:16";"FABst&vielerorts auf.ÿÿ;"
"609";"00:14:00:16";"00:14:03:02";"Dort klart es heute Nacht

vielerorts auf."
"610";"00:14:03:04";"00:14:03:04";"FABstÞVSonst teils länger anhaltender Regen.ÿÿÝl"
"611";"00:14:03:04";"00:14:05:10";"Sonst teils lÈanger anhaltender Regen."
"612";"00:14:05:13";"00:14:05:13";"FABstßd Für einige Berglagen( ( gelten kb"
"613";"00:14:05:13";"00:14:05:13";"FABst*Unwetterwarnungen.ÿÿ7Ö"
"614";"00:14:05:13";"00:14:08:07";"FÈur einige Berglagen

gelten Unwetterwarnungen."
"615";"00:14:09:02";"00:14:09:02";"FABstàd Morgen im Norden oft Sonnenschein( ( £ò"
"616";"00:14:09:02";"00:14:09:02";"FABst2 und lockere Wolken.ÿÿ/Ì@"
"617";"00:14:09:02";"00:14:12:08";"Morgen im Norden oft Sonnenschein

und lockere Wolken."
"618";"00:14:12:16";"00:14:12:16";"FABstád Sonst verbreitet Regen,( ( im östlUr"
"619";"00:14:12:16";"00:14:12:16";"FABst2ichen Bergland Schnee.ÿÿ/´®"
"620";"00:14:12:16";"00:14:15:22";"Sonst verbreitet Regen,

im Èostlichen Bergland Schnee."
"621";"00:14:16:06";"00:14:16:06";"FABstâd Später zieht sich der Regen( ( iKX"
"622";"00:14:16:06";"00:14:16:06";"FABst,n den Süden zurück.ÿÿ5²\"
"623";"00:14:16:06";"00:14:19:05";"SpÈater zieht sich der Regen

in den SÈuden zurÈuck."
"624";"00:14:19:15";"00:14:19:15";"FABstãd Im Westen und Teilen der Mitte( ( komÕF"
"625";"00:14:19:15";"00:14:19:15";"FABst2mt die Sonne zum Zuge.ÿÿ/¹Ø"
"626";"00:14:19:15";"00:14:22:23";"Im Westen und Teilen der Mitte

kommt die Sonne zum Zuge."
"627";"00:14:32:12";"00:14:32:12";"FABstäd Am Montag im Osten( ( und Südenú"
"628";"00:14:32:12";"00:14:32:12";"FABst* teilweise wolkig.ÿÿ7¶X"
"629";"00:14:32:12";"00:14:35:07";"Am Montag im Osten

und SÈuden teilweise wolkig."
"630";"00:14:35:09";"00:14:35:09";"FABståd An den Alpen Schneeschauer,( ( sonstð("
"631";"00:14:35:09";"00:14:35:09";"FABst6 überwiegend freundlich.ÿÿ+$º"
"632";"00:14:35:09";"00:14:38:21";"An den Alpen Schneeschauer,

sonst Èuberwiegend freundlich."
"633";"00:14:38:23";"00:14:38:23";"FABstæd In den folgenden Tagen( ( in vielenÌ"
"634";"00:14:38:23";"00:14:38:23";"FABst2 Regionen Sonnenscheinÿÿ/îü"
"635";"00:14:38:23";"00:14:42:03";"In den folgenden Tagen

in vielen Regionen Sonnenschein"
"636";"00:14:42:05";"00:14:42:05";"FABstçd und meist trocken,( ( es bÛ°"
"637";"00:14:42:05";"00:14:42:05";"FABstleibt kühl. ÿÿC{ì"
"638";"00:14:42:05";"00:14:44:05";"und meist trocken,

es bleibt kÈuhl."
"639";"00:14:46:13";"00:14:46:13";"FABstèdGegen 23.15 Uhr schaut Ingo Zamperoni( ( R"
"640";"00:14:46:13";"00:14:46:13";"FABst8 in den tagesthemenÿÿ)Ï>"
"641";"00:14:46:13";"00:14:50:01";"Gegen 23.15 Uhr schaut Ingo Zamperoni

in den tagesthemen"
"642";"00:14:50:03";"00:14:50:03";"FABstéN auf die Heizungspläne der Ampel.ÿÿ½"
"643";"00:14:50:03";"00:14:52:10";"auf die HeizungsplÈane der Ampel."
"644";"00:14:52:24";"00:14:52:24";"FABstêd Und auf Fischer( ( aus dem Senãþ"
"645";"00:14:52:24";"00:14:52:24";"FABst$egal und Büsum,ÿÿ=}"
"646";"00:14:52:24";"00:14:56:18";"Und auf Fischer

aus dem Senegal und BÈusum,"
"647";"00:14:57:07";"00:14:57:07";"FABstëd die gemeinsam( ( den KlimawaýÊ"
"648";"00:14:57:07";"00:14:57:07";"FABst&ndel erforschen.ÿÿ;â"
"649";"00:14:57:07";"00:14:59:23";"die gemeinsam

den Klimawandel erforschen."
"650";"00:15:01:17";"00:15:01:17";"FABstìH Ihnen einen schönen Abend.ÿÿÐ"
"651";"00:15:01:17";"00:15:03:08";"Ihnen einen schÈonen Abend."
"652";"00:15:03:14";"00:15:03:14";"FABstíLCopyright Untertitel: NDR 2023ÿÿp>"
"653";"00:15:03:14";"00:15:05:13";"Copyright Untertitel: NDR 2023"
