No.;Timecode In;Timecode Out;Subtitle
"1";"00:00:03:00";"00:00:03:00";"FABst6 * Gong *ÿÿZZZZZZZZZZ¥¥ã¥¥¥¥¥6"
"2";"00:00:03:00";"00:00:03:00";"FABst¥¥¥æ¥¥ã¥¥¥ç¥¥§ª¦ªîªªªG¦"
"3";"00:00:03:00";"00:00:04:03";"* Gong *"
"4";"00:00:04:10";"00:00:04:10";"FABstdHier ist das Erste Deutsche Fernsehen( ( 9"
"5";"00:00:04:10";"00:00:04:10";"FABst: mit der tagesschau.ÿÿ'õþ"
"6";"00:00:04:10";"00:00:07:21";"Hier ist das Erste Deutsche Fernsehen

mit der tagesschau."
"7";"00:00:08:01";"00:00:08:01";"FABstd Diese Sendung wurde vom NDR( ( live Af"
"8";"00:00:08:01";"00:00:08:01";"FABst6untertitelt (24.05.2023)ÿÿ+½¨"
"9";"00:00:08:01";"00:00:12:02";"Diese Sendung wurde vom NDR

live untertitelt (24.05.2023)"
"10";"00:00:15:01";"00:00:15:01";"FABstP Heute im Studio: Susanne Daubner.ÿÿïD"
"11";"00:00:15:01";"00:00:17:10";"Heute im Studio: Susanne Daubner."
"12";"00:00:18:04";"00:00:18:04";"FABstd Guten Abend,( ( ich begrüße Si3¦"
"13";"00:00:18:04";"00:00:18:04";"FABst(e zur tagesschau.A¯R"
"14";"00:00:18:04";"00:00:21:23";"Guten Abend,

ich begrÈuûe Sie zur tagesschau."
"15";"00:00:22:20";"00:00:22:20";"FABstd In mehreren Bundesländern ging( ( die PolÔF"
"16";"00:00:22:20";"00:00:22:20";"FABst<i>zei und Staatsanwaltschaftÿÿ%¾|"
"17";"00:00:22:20";"00:00:27:12";"In mehreren BundeslÈandern ging

die Polizei und Staatsanwaltschaft"
"18";"00:00:27:14";"00:00:27:14";"FABstd mit einer Razzia( ( gegen die LetuP"
"19";"00:00:27:14";"00:00:27:14";"FABst,zte Generation vor.ÿÿ5üÒ"
"20";"00:00:27:14";"00:00:31:18";"mit einer Razzia

gegen die Letzte Generation vor."
"21";"00:00:31:20";"00:00:31:20";"FABstdDabei durchsuchten die Beamten Räume,( ( ´"
"22";"00:00:31:20";"00:00:31:20";"FABst< beschlagnahmten Kontenÿÿ%¡"
"23";"00:00:31:20";"00:00:35:09";"Dabei durchsuchten die Beamten RÈaume,

beschlagnahmten Konten"
"24";"00:00:35:11";"00:00:35:11";"FABstd und sperrten( ( die Webseite \"
"25";"00:00:35:11";"00:00:35:11";"FABst$der Aktivisten.ÿÿ=­""
"26";"00:00:35:11";"00:00:38:17";"und sperrten

die Webseite der Aktivisten."
"27";"00:00:38:20";"00:00:38:20";"FABstdDie Generalstaatsanwaltschaft München( ( Öx"
"28";"00:00:38:20";"00:00:38:20";"FABst> verdächtigt die Gruppe,ÿÿ#U"
"29";"00:00:38:20";"00:00:42:13";"Die Generalstaatsanwaltschaft MÈunchen

verdÈachtigt die Gruppe,"
"30";"00:00:42:15";"00:00:42:15";"FABstd eine kriminelle Vereinigung( ( PL"
"31";"00:00:42:15";"00:00:42:15";"FABst,gegründet zu haben.ÿÿ5E"
"32";"00:00:42:15";"00:00:45:06";"eine kriminelle Vereinigung

gegrÈundet zu haben."
"33";"00:00:45:08";"00:00:45:08";"FABstL Mit umstrittenen Klebeaktionenÿÿ¸"
"34";"00:00:45:08";"00:00:47:16";"Mit umstrittenen Klebeaktionen"
"35";"00:00:47:18";"00:00:47:18";"FABstd protestiert die Letzte Generation( ( rege&Æ"
"36";"00:00:47:18";"00:00:47:18";"FABst@lmäßig für mehr Klimaschutz. ÿÿ!-È"
"37";"00:00:47:18";"00:00:51:18";"protestiert die Letzte Generation

regelmÈaûig fÈur mehr Klimaschutz."
"38";"00:00:52:14";"00:00:52:14";"FABstRHeute Morgen durchsuchten Ermittler¸"
"39";"00:00:52:14";"00:00:55:05";"Heute Morgen durchsuchten Ermittler"
"40";"00:00:55:07";"00:00:55:07";"FABstd Wohnungen und Geschäftsräume( ( deri"
"41";"00:00:55:07";"00:00:55:07";"FABst. Letzten Generation.;½"
"42";"00:00:55:07";"00:00:59:00";"Wohnungen und GeschÈaftsrÈaume

der Letzten Generation."
"43";"00:00:59:02";"00:00:59:02";"FABstd Es wird neben Fällen von Nötigung( ( aucL²"
"44";"00:00:59:02";"00:00:59:02";"FABst>h wegen versuchter Sabotage ÿÿ#ÁÐ"
"45";"00:00:59:02";"00:01:02:20";"Es wird neben FÈallen von NÈotigung

auch wegen versuchter Sabotage"
"46";"00:01:02:23";"00:01:02:23";"FABstd an der Öl-Pipeline( ( Triest-Ing¯â"
"47";"00:01:02:23";"00:01:02:23";"FABst*olstadt ermittelt.ÿÿ7åÌ"
"48";"00:01:02:23";"00:01:06:14";"an der ÈOl-Pipeline

Triest-Ingolstadt ermittelt."
"49";"00:01:06:19";"00:01:06:19";"FABstVDiese Unterlagen werden ausgewertet.¾"
"50";"00:01:06:19";"00:01:09:12";"Diese Unterlagen werden ausgewertet."
"51";"00:01:09:14";"00:01:09:14";"FABstd Am Ende der Auswertung( ( der umfa®"
"52";"00:01:09:14";"00:01:09:14";"FABst.ngreichen Unterlagen;</u>L"
"53";"00:01:09:14";"00:01:12:22";"Am Ende der Auswertung

der umfangreichen Unterlagen"
"54";"00:01:12:24";"00:01:12:24";"FABstd steht ein Ermittlungsergebnis( ( und"
"55";"00:01:12:24";"00:01:12:24";"FABst6 eine gesamte Bewertung.ÿÿ+Úæ"
"56";"00:01:12:24";"00:01:17:00";"steht ein Ermittlungsergebnis

und eine gesamte Bewertung."
"57";"00:01:17:08";"00:01:17:08";"FABstd Ziel sei das Auffinden( ( von:X"
"58";"00:01:17:08";"00:01:17:08";"FABst" Beweismittelnÿÿ?D"
"59";"00:01:17:08";"00:01:19:17";"Ziel sei das Auffinden

von Beweismitteln"
"60";"00:01:19:20";"00:01:19:20";"FABstd zu Mitgliederstruktur( ( un"
"61";"00:01:19:20";"00:01:19:20";"FABst$d Finanzierung.ÿÿ=¨0"
"62";"00:01:19:20";"00:01:22:24";"zu Mitgliederstruktur

und Finanzierung."
"63";"00:01:23:04";"00:01:23:04";"FABstdDie Gruppierung soll 1,4 Mio. Euro( ( anxv"
"64";"00:01:23:04";"00:01:23:04";"FABst8 Spenden gesammelt haben,ÿÿ)ºÖ"
"65";"00:01:23:04";"00:01:28:00";"Die Gruppierung soll 1,4 Mio. Euro

an Spenden gesammelt haben,"
"66";"00:01:28:03";"00:01:28:03";"FABstd um Straftaten zu finanzieren,( ( so QZ"
"67";"00:01:28:03";"00:01:28:03";"FABst6die Staatsanwaltschaft. ÿÿ+Ü"
"68";"00:01:28:03";"00:01:31:20";"um Straftaten zu finanzieren,

so die Staatsanwaltschaft."
"69";"00:01:31:24";"00:01:31:24";"FABstdAuch die Wohnung des Klimaaktivisten( ( Ingo"
"70";"00:01:31:24";"00:01:31:24";"FABstHo Blechschmidt wurde durchsucht. ÿÿ±"
"71";"00:01:31:24";"00:01:36:06";"Auch die Wohnung des Klimaaktivisten

Ingo Blechschmidt wurde durchsucht."
"72";"00:01:36:08";"00:01:36:08";"FABstN Er betreibt Website und Hotline.ÿÿåF"
"73";"00:01:36:08";"00:01:38:24";"Er betreibt Website und Hotline."
"74";"00:01:39:12";"00:01:39:12";"FABstd Eine kriminelle Vereinigung( ( ist .È"
"75";"00:01:39:12";"00:01:39:12";"FABst4etwas ganz Erhebliches.5ñ<i>"
"76";"00:01:39:12";"00:01:43:02";"Eine kriminelle Vereinigung

ist etwas ganz Erhebliches."
"77";"00:01:43:04";"00:01:43:04";"FABstd Gangsterbanden,( ( die sich z"
"78";"00:01:43:04";"00:01:43:04";"FABst(usammenschließen,Aô"
"79";"00:01:43:04";"00:01:45:24";"Gangsterbanden,

die sich zusammenschlieûen,"
"80";"00:01:46:01";"00:01:46:01";"FABstdum nachts Straftaten zu begehen,( ( g"
"81";"00:01:46:01";"00:01:46:01";"FABst0das sind Kriminelle.ÿÿ1."
"82";"00:01:46:01";"00:01:49:09";"um nachts Straftaten zu begehen,

das sind Kriminelle."
"83";"00:01:49:11";"00:01:49:11";"FABstdDie Menschen der Letzten Generation( ( yÀ"
"84";"00:01:49:11";"00:01:49:11";"FABst: und ich vom Klimacampÿÿ'ÄÎ"
"85";"00:01:49:11";"00:01:52:24";"Die Menschen der Letzten Generation

und ich vom Klimacamp"
"86";"00:01:53:01";"00:01:53:01";"FABstd engagieren uns friedlich( ( für Kp"
"87";"00:01:53:01";"00:01:53:01";"FABst,limagerechtigkeit. ÿÿ5"
"88";"00:01:53:01";"00:01:56:00";"engagieren uns friedlich

fÈur Klimagerechtigkeit."
"89";"00:01:56:02";"00:01:56:02";"FABst d Am Mittag kündigten( ( die Aktiviste÷"
"90";"00:01:56:02";"00:01:56:02";"FABst0n an, weiterzumachen:ÿÿ1<i>à"
"91";"00:01:56:02";"00:01:59:05";"Am Mittag kÈundigten

die Aktivisten an, weiterzumachen:"
"92";"00:01:59:09";"00:01:59:09";"FABst!d Die 15 Hausdurchsuchen, ( ( die s"
"93";"00:01:59:09";"00:01:59:09";"FABst,tattgefunden haben,ÿÿ5"
"94";"00:01:59:09";"00:02:03:12";"Die 15 Hausdurchsuchen,

die stattgefunden haben,"
"95";"00:02:03:14";"00:02:03:14";"FABst"d haben alle Unterstützer( ( ëR"
"96";"00:02:03:14";"00:02:03:14";"FABst$hart getroffen.Eøl"
"97";"00:02:03:14";"00:02:06:14";"haben alle UnterstÈutzer

hart getroffen."
"98";"00:02:06:21";"00:02:06:21";"FABst#D Sie machen uns Angst,!Íú"
"99";"00:02:06:21";"00:02:08:19";"Sie machen uns Angst,"
"100";"00:02:08:21";"00:02:08:21";"FABst$d aber wir dürfen( ( nicht in dieseÍR"
"101";"00:02:08:21";"00:02:08:21";"FABst*r Angst verharren.?4"
"102";"00:02:08:21";"00:02:11:19";"aber wir dÈurfen

nicht in dieser Angst verharren."
"103";"00:02:11:24";"00:02:11:24";"FABst%d Die Innenministerin( ( rechtferti®"
"104";"00:02:11:24";"00:02:11:24";"FABst0gte die Ermittlungen:ÿÿ1àd"
"105";"00:02:11:24";"00:02:15:10";"Die Innenministerin

rechtfertigte die Ermittlungen:"
"106";"00:02:15:15";"00:02:15:15";"FABst&D Die Maßnahmen zeigen,!<ð"
"107";"00:02:15:15";"00:02:17:02";"Die Maûnahmen zeigen,"
"108";"00:02:17:04";"00:02:17:04";"FABst'd dass sich der Rechtsstaat nicht( ( auf 5"
"109";"00:02:17:04";"00:02:17:04";"FABst<der Nase herumtanzen lässt.-<¢"
"110";"00:02:17:04";"00:02:21:03";"dass sich der Rechtsstaat nicht

auf der Nase herumtanzen lÈasst."
"111";"00:02:21:06";"00:02:21:06";"FABst(dPolizei und Justiz nehmen Straftaten( ( :B"
"112";"00:02:21:06";"00:02:21:06";"FABstB nicht hin, sondern handeln.ÿÿ®v"
"113";"00:02:21:06";"00:02:25:16";"Polizei und Justiz nehmen Straftaten

nicht hin, sondern handeln."
"114";"00:02:25:21";"00:02:25:21";"FABst)dDie Frage, wie die Letzte Generation( ( %6"
"115";"00:02:25:21";"00:02:25:21";"FABst>juristisch einzuordnen ist,ÿÿ#Úf"
"116";"00:02:25:21";"00:02:29:18";"Die Frage, wie die Letzte Generation

juristisch einzuordnen ist,"
"117";"00:02:29:20";"00:02:29:20";"FABst*J wird kontrovers diskutiert:ÿÿ«¢"
"118";"00:02:29:20";"00:02:31:14";"wird kontrovers diskutiert:"
"119";"00:02:32:05";"00:02:32:05";"FABst+dErmittlungsverfahren wegen Bildung( ( e_"
"120";"00:02:32:05";"00:02:32:05";"FABst>iner kriminellen Vereinigung+ØÄ"
"121";"00:02:32:05";"00:02:36:02";"Ermittlungsverfahren wegen Bildung

einer kriminellen Vereinigung"
"122";"00:02:36:04";"00:02:36:04";"FABst,d werden bei unterschiedlichen ( ( Staa0&"
"123";"00:02:36:04";"00:02:36:04";"FABst8tsanwaltschaften geführt.1º"
"124";"00:02:36:04";"00:02:40:13";"werden bei unterschiedlichen

Staatsanwaltschaften gefÈuhrt."
"125";"00:02:40:18";"00:02:40:18";"FABst-d Ob die Aktivisten( ( eine krimA*"
"126";"00:02:40:18";"00:02:40:18";"FABst*inelle Vereinigungÿÿ72"
"127";"00:02:40:18";"00:02:44:04";"Ob die Aktivisten

eine kriminelle Vereinigung"
"128";"00:02:44:06";"00:02:44:06";"FABst.d im Sinne des Gesetzes sind, ( ( ist koJ¼"
"129";"00:02:44:06";"00:02:44:06";"FABst6mplex und nicht geklärt.ÿÿ+r"
"130";"00:02:44:06";"00:02:48:04";"im Sinne des Gesetzes sind,

ist komplex und nicht geklÈart."
"131";"00:02:48:14";"00:02:48:14";"FABst/dAls Reaktion auf die Razzia formierte( ( ?`"
"132";"00:02:48:14";"00:02:48:14";"FABstHsich in Berlin ein Protestmarsch.ÿÿÞ"
"133";"00:02:48:14";"00:02:53:06";"Als Reaktion auf die Razzia formierte

sich in Berlin ein Protestmarsch."
"134";"00:02:53:08";"00:02:53:08";"FABst0d Die Letzte Generation( ( ruft zu wewn"
"135";"00:02:53:08";"00:02:53:08";"FABst<i>teren Protestmärschen auf.ÿÿ%zr"
"136";"00:02:53:08";"00:02:58:05";"Die Letzte Generation

ruft zu weiteren ProtestmÈarschen auf."
"137";"00:02:59:08";"00:02:59:08";"FABst1dDer Bundestag beschäftigte sich heute( ( Âô"
"138";"00:02:59:08";"00:02:59:08";"FABst@ in einer Aktuellen Stundeÿÿ!¦À"
"139";"00:02:59:08";"00:03:03:01";"Der Bundestag beschÈaftigte sich heute

in einer Aktuellen Stunde"
"140";"00:03:03:03";"00:03:03:03";"FABst2d mit den Heizungsplänen( ( von Wirts
`"
"141";"00:03:03:03";"00:03:03:03";"FABst2chaftsminister Habeck.ÿÿ/À"
"142";"00:03:03:03";"00:03:06:07";"mit den HeizungsplÈanen

von Wirtschaftsminister Habeck."
"143";"00:03:06:10";"00:03:06:10";"FABst3d Sein Gesetzentwurf( ( sollte eigenr"
"144";"00:03:06:10";"00:03:06:10";"FABst0tlich in dieser Wocheÿÿ1ë"
"145";"00:03:06:10";"00:03:09:12";"Sein Gesetzentwurf

sollte eigentlich in dieser Woche"
"146";"00:03:09:14";"00:03:09:14";"FABst4d in erster Lesung( ( im Parlamenº"
"147";"00:03:09:14";"00:03:09:14";"FABst(t beraten werden.ÿÿ9Â¬"
"148";"00:03:09:14";"00:03:12:04";"in erster Lesung

im Parlament beraten werden."
"149";"00:03:12:06";"00:03:12:06";"FABst5d Das scheiterte an der FDP,( ( die nocZþ"
"150";"00:03:12:06";"00:03:12:06";"FABst4h Klärungsbedarf sieht.ÿÿ-yÐ"
"151";"00:03:12:06";"00:03:15:12";"Das scheiterte an der FDP,

die noch KlÈarungsbedarf sieht."
"152";"00:03:15:14";"00:03:15:14";"FABst6d SPD und Grüne forderten( ( ihren KoðÂ"
"153";"00:03:15:14";"00:03:15:14";"FABst.alitionspartner auf,ÿÿ3ë>"
"154";"00:03:15:14";"00:03:19:11";"SPD und GrÈune forderten

ihren Koalitionspartner auf,"
"155";"00:03:19:13";"00:03:19:13";"FABst7d das Vorhaben zügig( ( im Bundes²"
"156";"00:03:19:13";"00:03:19:13";"FABst(tag zu behandeln.ÿÿ9Ì°"
"157";"00:03:19:13";"00:03:23:09";"das Vorhaben zÈugig

im Bundestag zu behandeln."
"158";"00:03:23:14";"00:03:23:14";"FABst8VDie Union lehnte den Gesetzentwurf abÿÿ"
"159";"00:03:23:14";"00:03:26:07";"Die Union lehnte den Gesetzentwurf ab"
"160";"00:03:26:09";"00:03:26:09";"FABst9d und zog die Handlungsfähigkeit( ( üf"
"161";"00:03:26:09";"00:03:26:09";"FABst,der Ampel in Frage.ÿÿ5ò"
"162";"00:03:26:09";"00:03:29:20";"und zog die HandlungsfÈahigkeit

der Ampel in Frage."
"163";"00:03:31:01";"00:03:31:01";"FABst:P Ob es der Tagesordnungspunkt ist,"
"164";"00:03:31:01";"00:03:33:05";"Ob es der Tagesordnungspunkt ist,"
"165";"00:03:33:07";"00:03:33:07";"FABst;düber den Wirtschaftsminister Habeck( ( ´,"
"166";"00:03:33:07";"00:03:33:07";"FABst:etwas schmunzelt - offen./ÜJ"
"167";"00:03:33:07";"00:03:36:19";"Èuber den Wirtschaftsminister Habeck

etwas schmunzelt - offen."
"168";"00:03:36:21";"00:03:36:21";"FABst<d Aber das Heizungsgesetz( ( hat es docA"
"169";"00:03:36:21";"00:03:36:21";"FABst:h ins Parlament geschafft:ÿÿ'Åd"
"170";"00:03:36:21";"00:03:40:08";"Aber das Heizungsgesetz

hat es doch ins Parlament geschafft:"
"171";"00:03:40:10";"00:03:40:10";"FABst=d Eine Aktuelle Stunde,( ( auf eb"
"172";"00:03:40:10";"00:03:40:10";"FABst(Antrag der Union.ÿÿ9ÝÊ"
"173";"00:03:40:10";"00:03:42:22";"Eine Aktuelle Stunde,

auf Antrag der Union."
"174";"00:03:42:24";"00:03:42:24";"FABst>TDie teilt gleich Richtung Ampel aus.ÿÿ¦"
"175";"00:03:42:24";"00:03:45:08";"Die teilt gleich Richtung Ampel aus."
"176";"00:03:45:13";"00:03:45:13";"FABst?d Sie sorgen sich um Zeitpläne( ( und F´ª"
"177";"00:03:45:13";"00:03:45:13";"FABstDormalien, streiten auf Twitter.%Æ"
"178";"00:03:45:13";"00:03:50:01";"Sie sorgen sich um ZeitplÈane

und Formalien, streiten auf Twitter."
"179";"00:03:50:03";"00:03:50:03";"FABst@dNur um die existenziellen Ängste( ( deåÂ"
"180";"00:03:50:03";"00:03:50:03";"FABst4r Leute im echten Leben5Z"
"181";"00:03:50:03";"00:03:55:00";"Nur um die existenziellen ÈAngste

der Leute im echten Leben"
"182";"00:03:55:02";"00:03:55:02";"FABstAB kümmert sich keiner.ÿÿ+"
"183";"00:03:55:02";"00:03:56:20";"kÈummert sich keiner."
"184";"00:03:56:24";"00:03:56:24";"FABstBd Das ist machtvergessen, ( ( selbsr"
"185";"00:03:56:24";"00:03:56:24";"FABst,tbezogen, unwürdig.ÿÿ5TÊ"
"186";"00:03:56:24";"00:04:03:09";"Das ist machtvergessen,

selbstbezogen, unwÈurdig."
"187";"00:04:03:17";"00:04:03:17";"FABstCd Ziehen Sie( ( den Gesetzen@"
"188";"00:04:03:17";"00:04:03:17";"FABst twurf zurück.ÿÿAi$"
"189";"00:04:03:17";"00:04:07:17";"Ziehen Sie

den Gesetzentwurf zurÈuck."
"190";"00:04:08:07";"00:04:08:07";"FABstDd Konkrete Verbesserungsvorschläge( ( ³4"
"191";"00:04:08:07";"00:04:08:07";"FABst* gibt es nicht.ÿÿ7¨Ô"
"192";"00:04:08:07";"00:04:11:06";"Konkrete VerbesserungsvorschlÈage

gibt es nicht."
"193";"00:04:11:10";"00:04:11:10";"FABstEB Die SPD wehrt sich.ÿÿ""
"194";"00:04:11:10";"00:04:12:23";"Die SPD wehrt sich."
"195";"00:04:13:12";"00:04:13:12";"FABstFdWo sind Vorschläge, das Thema Wärme( ( &d"
"196";"00:04:13:12";"00:04:13:12";"FABst@von der CDU zu beantworten?)P"
"197";"00:04:13:12";"00:04:19:24";"Wo sind VorschlÈage, das Thema WÈarme

von der CDU zu beantworten?"
"198";"00:04:20:23";"00:04:20:23";"FABstGd Auch AfD und Linke( ( sparen ncP"
"199";"00:04:20:23";"00:04:20:23";"FABst&icht mit Kritik.ÿÿ;,"
"200";"00:04:20:23";"00:04:24:15";"Auch AfD und Linke

sparen nicht mit Kritik."
"201";"00:04:25:10";"00:04:25:10";"FABstHd Jetzt muss auch dieser( ( Heizungshx&"
"202";"00:04:25:10";"00:04:25:10";"FABst0ammer weg - komplett.9Á"
"203";"00:04:25:10";"00:04:30:01";"Jetzt muss auch dieser

Heizungshammer weg - komplett."
"204";"00:04:30:03";"00:04:30:03";"FABstIdEs ist doch absurd, den Menschen( ( zu ve¤"
"205";"00:04:30:03";"00:04:30:03";"FABst<rbieten, mit Gas zu heizen.ÿÿ%ª"
"206";"00:04:30:03";"00:04:35:17";"Es ist doch absurd, den Menschen

zu verbieten, mit Gas zu heizen."
"207";"00:04:36:00";"00:04:36:00";"FABstJdBauministerin Geywitz und der SPD( ( j"
"208";"00:04:36:00";"00:04:36:00";"FABst4fällt erst jetzt auf,5"
"209";"00:04:36:00";"00:04:40:21";"Bauministerin Geywitz und der SPD

fÈallt erst jetzt auf,"
"210";"00:04:40:23";"00:04:40:23";"FABstKddass die Mehrkosten auf die Mieten( ( /B"
"211";"00:04:40:23";"00:04:40:23";"FABst8 abgewälzt werden wird.ÿÿ)~"
"212";"00:04:40:23";"00:04:47:07";"dass die Mehrkosten auf die Mieten

abgewÈalzt werden wird."
"213";"00:04:48:07";"00:04:48:07";"FABstLPDie Mieten werden massiv steigen!ÿÿÚâ"
"214";"00:04:48:07";"00:04:51:18";"Die Mieten werden massiv steigen!"
"215";"00:04:53:09";"00:04:53:09";"FABstMd Die Liberalen, die gestern( ( kaumnØ"
"216";"00:04:53:09";"00:04:53:09";"FABst. mit Kritik sparten,ÿÿ3Å"
"217";"00:04:53:09";"00:04:56:22";"Die Liberalen, die gestern

kaum mit Kritik sparten,"
"218";"00:04:56:24";"00:04:56:24";"FABstNd schlagen heute andere Töne an,( ("
"219";"00:04:56:24";"00:04:56:24";"FABst$ lenken ein.ÿÿ=~"
"220";"00:04:56:24";"00:05:00:19";"schlagen heute andere TÈone an,

lenken ein."
"221";"00:05:02:01";"00:05:02:01";"FABstOd Es ist doch klar,( ( dass wir ein ú"
"222";"00:05:02:01";"00:05:02:01";"FABst,neues GEG brauchen.=î"
"223";"00:05:02:01";"00:05:07:02";"Es ist doch klar,

dass wir ein neues GEG brauchen."
"224";"00:05:07:12";"00:05:07:12";"FABstP< Auch klar ist:)éP"
"225";"00:05:07:12";"00:05:08:19";"Auch klar ist:"
"226";"00:05:08:24";"00:05:08:24";"FABstQd So wie es gekommen ist,( ( kommt es nP´"
"227";"00:05:08:24";"00:05:08:24";"FABst2icht durchs Parlament.ÿÿ/z"
"228";"00:05:08:24";"00:05:12:17";"So wie es gekommen ist,

kommt es nicht durchs Parlament."
"229";"00:05:12:22";"00:05:12:22";"FABstRd Hier ist der richtige Ort,( ( wo wkT"
"230";"00:05:12:22";"00:05:12:22";"FABst.ir das diskutieren. ÿÿ3òÖ"
"231";"00:05:12:22";"00:05:16:10";"Hier ist der richtige Ort,

wo wir das diskutieren."
"232";"00:05:16:18";"00:05:16:18";"FABstSd Dass die Liberalen es waren, die( ( das Geì"
"233";"00:05:16:18";"00:05:16:18";"FABst>setz an diesem richtigen Ortÿÿ#Ü¦"
"234";"00:05:16:18";"00:05:20:17";"Dass die Liberalen es waren, die

das Gesetz an diesem richtigen Ort"
"235";"00:05:20:19";"00:05:20:19";"FABstTd in dieser Woche( ( nicht auf den W,N"
"236";"00:05:20:19";"00:05:20:19";"FABst,eg bringen wollten,ÿÿ5Æ"
"237";"00:05:20:19";"00:05:23:15";"in dieser Woche

nicht auf den Weg bringen wollten,"
"238";"00:05:23:16";"00:05:23:16";"FABstUH daran erinnern die Grünen.ÿÿXd"
"239";"00:05:23:16";"00:05:25:11";"daran erinnern die GrÈunen."
"240";"00:05:25:15";"00:05:25:15";"FABstVVDas Gesetz muss hier beraten werden,ö¬"
"241";"00:05:25:15";"00:05:28:19";"Das Gesetz muss hier beraten werden,"
"242";"00:05:28:22";"00:05:28:22";"FABstWd das ist Aufgabe( ( von uns Pa%¨"
"243";"00:05:28:22";"00:05:28:22";"FABst"rlamentariern.GÝ"
"244";"00:05:28:22";"00:05:32:16";"das ist Aufgabe

von uns Parlamentariern."
"245";"00:05:32:18";"00:05:32:18";"FABstXd Lassen Sie uns die Blockade( ( anÖ"
"246";"00:05:32:18";"00:05:32:18";"FABst0 der Stelle auflösen.ÿÿ1&ò"
"247";"00:05:32:18";"00:05:35:16";"Lassen Sie uns die Blockade

an der Stelle auflÈosen."
"248";"00:05:35:18";"00:05:35:18";"FABstYH Ein intensiver Austausch,ÿÿóB"
"249";"00:05:35:18";"00:05:37:07";"Ein intensiver Austausch,"
"250";"00:05:37:09";"00:05:37:09";"FABstZd den Wirtschaftsminister Habeck( ( schwe=Ô"
"251";"00:05:37:09";"00:05:37:09";"FABst8igend zur Kenntnis nimmt.ÿÿ)³"
"252";"00:05:37:09";"00:05:41:11";"den Wirtschaftsminister Habeck

schweigend zur Kenntnis nimmt."
"253";"00:05:42:11";"00:05:42:11";"FABst[d Neben dem Heizungsgesetz ist auch( ( die pì"
"254";"00:05:42:11";"00:05:42:11";"FABstHEtatplanung für 2024 Streitthema.ÿÿM"
"255";"00:05:42:11";"00:05:47:05";"Neben dem Heizungsgesetz ist auch

die Etatplanung fÈur 2024 Streitthema."
"256";"00:05:47:07";"00:05:47:07";"FABst\dBundesfinanzminister Lindner legte( ( weder/¦"
"257";"00:05:47:07";"00:05:47:07";"FABst@ Zeitplan noch Eckwerte vor. ÿÿ!îâ"
"258";"00:05:47:07";"00:05:53:04";"Bundesfinanzminister Lindner legte

weder Zeitplan noch Eckwerte vor."
"259";"00:05:53:15";"00:05:53:15";"FABst]d Bekannt ist nur, dass noch( ( eine Lück¨ô"
"260";"00:05:53:15";"00:05:53:15";"FABst:e von 20 Mrd. Euro klafft.ÿÿ'¤Ô"
"261";"00:05:53:15";"00:05:58:16";"Bekannt ist nur, dass noch

eine LÈucke von 20 Mrd. Euro klafft."
"262";"00:05:59:00";"00:05:59:00";"FABst^d Heute musste der FDP-Politiker( ( iè"
"263";"00:05:59:00";"00:05:59:00";"FABst.m Haushaltsausschussÿÿ3Z"
"264";"00:05:59:00";"00:06:02:02";"Heute musste der FDP-Politiker

im Haushaltsausschuss"
"265";"00:06:02:04";"00:06:02:04";"FABst_F Rede und Antwort stehen.ÿÿÈþ"
"266";"00:06:02:04";"00:06:03:15";"Rede und Antwort stehen."
"267";"00:06:03:17";"00:06:03:17";"FABst`F Auch hier blieb er vage.ÿÿ°"
"268";"00:06:03:17";"00:06:05:02";"Auch hier blieb er vage."
"269";"00:06:05:04";"00:06:05:04";"FABstad Aber er bekräftigte, keine( ( neuen ScJ"
"270";"00:06:05:04";"00:06:05:04";"FABst6hulden machen zu wollen.ÿÿ+ð"
"271";"00:06:05:04";"00:06:08:14";"Aber er bekrÈaftigte, keine

neuen Schulden machen zu wollen."
"272";"00:06:09:21";"00:06:09:21";"FABstbd Von Finanzminister Linder ( ( wollen.ô"
"273";"00:06:09:21";"00:06:09:21";"FABst2 alle Antworten haben.7Ù."
"274";"00:06:09:21";"00:06:13:11";"Von Finanzminister Linder

wollen alle Antworten haben."
"275";"00:06:13:15";"00:06:13:15";"FABstcd Wofür wird Geld( ( aus dem HaushêF"
"276";"00:06:13:15";"00:06:13:15";"FABst(alt 2024 da sein?AçZ"
"277";"00:06:13:15";"00:06:17:04";"WofÈur wird Geld

aus dem Haushalt 2024 da sein?"
"278";"00:06:17:09";"00:06:17:09";"FABstdd Wer muss sparen?( ( Wann gibt :"
"279";"00:06:17:09";"00:06:17:09";"FABst(es einen Entwurf?ÿÿ9õp"
"280";"00:06:17:09";"00:06:20:19";"Wer muss sparen?

Wann gibt es einen Entwurf?"
"281";"00:06:20:23";"00:06:20:23";"FABsted Zeitnah, so der Minister,( ( konkJ""
"282";"00:06:20:23";"00:06:20:23";"FABst0reter wird es nicht. ÿÿ1Ðê"
"283";"00:06:20:23";"00:06:23:23";"Zeitnah, so der Minister,

konkreter wird es nicht."
"284";"00:06:24:00";"00:06:24:00";"FABstfd Pauschal gekürzt werden Etats( ( bei dÛx"
"285";"00:06:24:00";"00:06:24:00";"FABst:en Ministerien aber nicht.ÿÿ'Èd"
"286";"00:06:24:00";"00:06:28:00";"Pauschal gekÈurzt werden Etats

bei den Ministerien aber nicht."
"287";"00:06:28:03";"00:06:28:03";"FABstg> Es sei klar ...ÿÿðô"
"288";"00:06:28:03";"00:06:29:05";"Es sei klar ..."
"289";"00:06:29:06";"00:06:29:06";"FABsthd ... dass es keine( ( pauschale Ein8Æ"
"290";"00:06:29:06";"00:06:29:06";"FABst,sparung geben kann,=È¼"
"291";"00:06:29:06";"00:06:35:21";"... dass es keine

pauschale Einsparung geben kann,"
"292";"00:06:35:23";"00:06:35:23";"FABstiH das wäre nicht gestaltend.ÿÿeD"
"293";"00:06:35:23";"00:06:37:20";"das wÈare nicht gestaltend."
"294";"00:06:37:22";"00:06:37:22";"FABstjdEntsprechende Medienspekulationen( ( ["
"295";"00:06:37:22";"00:06:37:22";"FABst2sind gegenstandslos.ÿÿ/ïj"
"296";"00:06:37:22";"00:06:42:00";"Entsprechende Medienspekulationen

sind gegenstandslos."
"297";"00:06:42:02";"00:06:42:02";"FABstkdGemeinsam gestalten bedeutet auch,( ( W"
"298";"00:06:42:02";"00:06:42:02";"FABst<dass es nicht möglich ist,ÿÿ%$´"
"299";"00:06:42:02";"00:06:46:10";"Gemeinsam gestalten bedeutet auch,

dass es nicht mÈoglich ist,"
"300";"00:06:46:12";"00:06:46:12";"FABstld Einsparungen und Belastungen( ( einB"
"301";"00:06:46:12";"00:06:46:12";"FABst.seitig zu verteilen.ÿÿ3ª¶"
"302";"00:06:46:12";"00:06:50:15";"Einsparungen und Belastungen

einseitig zu verteilen."
"303";"00:06:51:07";"00:06:51:07";"FABstmd Im Haushaltsausschuss( ( ist die S,"
"304";"00:06:51:07";"00:06:51:07";"FABst,timmung angespannt,ÿÿ5<u>ô"
"305";"00:06:51:07";"00:06:54:06";"Im Haushaltsausschuss

ist die Stimmung angespannt,"
"306";"00:06:54:08";"00:06:54:08";"FABstnd da die Parlamentarier( ( über die GeÆb"
"307";"00:06:54:08";"00:06:54:08";"FABst8lder noch beraten müssen.ÿÿ)°"
"308";"00:06:54:08";"00:06:57:20";"da die Parlamentarier

Èuber die Gelder noch beraten mÈussen."
"309";"00:06:57:22";"00:06:57:22";"FABstodDie Zeit drängt, ein Termin für einen( ( {b"
"310";"00:06:57:22";"00:06:57:22";"FABstFEntwurf ist noch nicht in Sicht.ÿÿ©6"
"311";"00:06:57:22";"00:07:01:23";"Die Zeit drÈangt, ein Termin fÈur einen

Entwurf ist noch nicht in Sicht."
"312";"00:07:02:00";"00:07:02:00";"FABstpD Man hat den Eindruck,!"
"313";"00:07:02:00";"00:07:03:20";"Man hat den Eindruck,"
"314";"00:07:03:22";"00:07:03:22";"FABstqd Der Finanzminister ist alleine( ( ni6"
"315";"00:07:03:22";"00:07:03:22";"FABst0cht mehr in der Lage,9ëÈ"
"316";"00:07:03:22";"00:07:07:05";"Der Finanzminister ist alleine

nicht mehr in der Lage,"
"317";"00:07:07:07";"00:07:07:07";"FABstrd diese Haushaltsaufstellung( ( in geor"x"
"318";"00:07:07:07";"00:07:07:07";"FABst6dnete Bahnen zu bringen.ÿÿ+Úð"
"319";"00:07:07:07";"00:07:10:24";"diese Haushaltsaufstellung

in geordnete Bahnen zu bringen."
"320";"00:07:11:05";"00:07:11:05";"FABstsd Das Parlament soll nicht( ( die B "
"321";"00:07:11:05";"00:07:11:05";"FABst*Gelegenheit haben,?Öú"
"322";"00:07:11:05";"00:07:14:06";"Das Parlament soll nicht

die Gelegenheit haben,"
"323";"00:07:14:08";"00:07:14:08";"FABsttD gründlich zu beraten.!D"
"324";"00:07:14:08";"00:07:15:21";"grÈundlich zu beraten."
"325";"00:07:15:23";"00:07:15:23";"FABstud Das ist einer Demokratie( ( ²"
"326";"00:07:15:23";"00:07:15:23";"FABst nicht würdig.ÿÿAiX"
"327";"00:07:15:23";"00:07:18:18";"Das ist einer Demokratie

nicht wÈurdig."
"328";"00:07:18:23";"00:07:18:23";"FABstvd Die Budgetverhandlungen( ( sind schwi"
"329";"00:07:18:23";"00:07:18:23";"FABst2erig, die Kasse knapp.ÿÿ/"
"330";"00:07:18:23";"00:07:22:17";"Die Budgetverhandlungen

sind schwierig, die Kasse knapp."
"331";"00:07:22:19";"00:07:22:19";"FABstwP Die Grünen sehen folgende Lösung:ÿÿù~"
"332";"00:07:22:19";"00:07:24:18";"Die GrÈunen sehen folgende LÈosung:"
"333";"00:07:24:20";"00:07:24:20";"FABstxd Wir müssen auch über Alternativen( ( red]ê"
"334";"00:07:24:20";"00:07:24:20";"FABstHen, über eine blinde Sparpolitik.!Bx"
"335";"00:07:24:20";"00:07:28:21";"Wir mÈussen auch Èuber Alternativen

reden, Èuber eine blinde Sparpolitik."
"336";"00:07:28:23";"00:07:28:23";"FABstyd Etwa, wie man eine gerechtere( ( Steî"
"337";"00:07:28:23";"00:07:28:23";"FABst6uerpolitik machen kann, 3ùN"
"338";"00:07:28:23";"00:07:33:02";"Etwa, wie man eine gerechtere

Steuerpolitik machen kann,"
"339";"00:07:33:04";"00:07:33:04";"FABstzd die Reiche stärker ( ( in diò<i>"
"340";"00:07:33:04";"00:07:33:04";"FABst&e Pflicht nimmt.ÿÿ;R"
"341";"00:07:33:04";"00:07:35:11";"die Reiche stÈarker

in die Pflicht nimmt."
"342";"00:07:35:13";"00:07:35:13";"FABst{d Oder auch klimaschädliche( ( SÍ²"
"343";"00:07:35:13";"00:07:35:13";"FABst*ubventionen kürzt.ÿÿ7hª"
"344";"00:07:35:13";"00:07:38:02";"Oder auch klimaschÈadliche

Subventionen kÈurzt."
"345";"00:07:38:08";"00:07:38:08";"FABst|B Vor der Sommerpauseÿÿ¡ô"
"346";"00:07:38:08";"00:07:39:13";"Vor der Sommerpause"
"347";"00:07:39:15";"00:07:39:15";"FABst}d soll der Finanzminister( ( einen HausDp"
"348";"00:07:39:15";"00:07:39:15";"FABst2haltsentwurf vorlegen.ÿÿ/ûz"
"349";"00:07:39:15";"00:07:44:03";"soll der Finanzminister

einen Haushaltsentwurf vorlegen."
"350";"00:07:45:20";"00:07:45:20";"FABst~d Kanzler Scholz hat zurückhaltend( ( aufÕ¶"
"351";"00:07:45:20";"00:07:45:20";"FABst8 Forderungen der Kommunenÿÿ)Ä~"
"352";"00:07:45:20";"00:07:50:10";"Kanzler Scholz hat zurÈuckhaltend

auf Forderungen der Kommunen"
"353";"00:07:50:12";"00:07:50:12";"FABstd nach dauerhafter Hilfe bei der( ( Versor["
"354";"00:07:50:12";"00:07:50:12";"FABstDgung von Flüchtlingen reagiert.ÿÿc¨"
"355";"00:07:50:12";"00:07:54:11";"nach dauerhafter Hilfe bei der

Versorgung von FlÈuchtlingen reagiert."
"356";"00:07:54:13";"00:07:54:13";"FABst<i>dDer Bund leiste bereits seinen Teil,( ( 2"
"357";"00:07:54:13";"00:07:54:13";"FABst<deutlich mehr als früher,ÿÿ%â"
"358";"00:07:54:13";"00:07:58:04";"Der Bund leiste bereits seinen Teil,

deutlich mehr als frÈuher,"
"359";"00:07:58:06";"00:07:58:06";"FABst</i>d sagte er auf der Hauptversammlung( ( d"
"360";"00:07:58:06";"00:07:58:06";"FABst8es Deutschen Städtetages.ÿÿ)E|"
"361";"00:07:58:06";"00:08:02:05";"sagte er auf der Hauptversammlung

des Deutschen StÈadtetages."
"362";"00:08:02:11";"00:08:02:11";"FABst<u>d Auch beim Thema( ( Energie- uÓÔ"
"363";"00:08:02:11";"00:08:02:11";"FABst"nd Wärmewende.ÿÿ?@j"
"364";"00:08:02:11";"00:08:04:24";"Auch beim Thema

Energie- und WÈarmewende."
"365";"00:08:05:03";"00:08:05:03";"FABst</u>d Es ging um Geld( ( und um mehr pol±È"
"366";"00:08:05:03";"00:08:05:03";"FABst,itische Mitsprache.ÿÿ5½î"
"367";"00:08:05:03";"00:08:08:01";"Es ging um Geld

und um mehr politische Mitsprache."
"368";"00:08:08:03";"00:08:08:03";"FABstd Der kommunale Spitzenverband( ( vertritt¾"
"369";"00:08:08:03";"00:08:08:03";"FABst< 3200 Städte und Gemeinden.ÿÿ%Pd"
"370";"00:08:08:03";"00:08:12:20";"Der kommunale Spitzenverband

vertritt 3200 StÈadte und Gemeinden."
"371";"00:08:14:17";"00:08:14:17";"FABstJ "Gemeinsam neue Wege wagen":¶"
"372";"00:08:14:17";"00:08:16:12";""Gemeinsam neue Wege wagen":"
"373";"00:08:16:14";"00:08:16:14";"FABstdDer Titel, des Deutschen Städtetages( ( VÂ"
"374";"00:08:16:14";"00:08:16:14";"FABst>für seine Hauptversammlung.+o$"
"375";"00:08:16:14";"00:08:20:06";"Der Titel, des Deutschen StÈadtetages

fÈur seine Hauptversammlung."
"376";"00:08:20:09";"00:08:20:09";"FABstdNeue Wege müssen die Städte suchen, ( ( den"
"377";"00:08:20:09";"00:08:20:09";"FABstHn sie stehen vor großen Aufgaben:ÿÿNÎ"
"378";"00:08:20:09";"00:08:24:11";"Neue Wege mÈussen die StÈadte suchen,

denn sie stehen vor groûen Aufgaben:"
"379";"00:08:24:13";"00:08:24:13";"FABstd Unterbringung von Flüchtlingen,( ( ErnG"
"380";"00:08:24:13";"00:08:24:13";"FABst:euerung von Infrastruktur,ÿÿ'ì"
"381";"00:08:24:13";"00:08:28:01";"Unterbringung von FlÈuchtlingen,

Erneuerung von Infrastruktur,"
"382";"00:08:28:03";"00:08:28:03";"FABstJ Umgang mit dem Klimawandel.ÿÿG¦"
"383";"00:08:28:03";"00:08:29:18";"Umgang mit dem Klimawandel."
"384";"00:08:29:20";"00:08:29:20";"FABst
d Das müssen die Städte finanzieren( ( und dõà"
"385";"00:08:29:20";"00:08:29:20";"FABstBeswegen geht es auch ums Geld.ÿÿ<i>"
"386";"00:08:29:20";"00:08:34:00";"Das mÈussen die StÈadte finanzieren

und deswegen geht es auch ums Geld."
"387";"00:08:34:21";"00:08:34:21";"FABstTWenn unser Land funktionieren soll,8"
"388";"00:08:34:21";"00:08:37:03";"Wenn unser Land funktionieren soll,"
"389";"00:08:37:05";"00:08:37:05";"FABstd wenn die Menschen( ( zusammenÂ"
"390";"00:08:37:05";"00:08:37:05";"FABst(halten sollen ...A²Ø"
"391";"00:08:37:05";"00:08:40:16";"wenn die Menschen

zusammenhalten sollen ..."
"392";"00:08:40:18";"00:08:40:18";"FABstd Dann müssen wir( ( für wesenËn"
"393";"00:08:40:18";"00:08:40:18";"FABst tliche PunkteÿÿA<u>¬"
"394";"00:08:40:18";"00:08:43:01";"Dann mÈussen wir

fÈur wesentliche Punkte"
"395";"00:08:43:03";"00:08:43:03";"FABstdwie Klimaschutz und Klimaanpassung( ( ×"
"396";"00:08:43:03";"00:08:43:03";"FABst:mitberücksichtigt werden.ÿÿ'&"
"397";"00:08:43:03";"00:08:47:18";"wie Klimaschutz und Klimaanpassung

mitberÈucksichtigt werden."
"398";"00:08:47:20";"00:08:47:20";"FABst> Auch finanziell.ÿÿa*"
"399";"00:08:47:20";"00:08:48:22";"Auch finanziell."
"400";"00:08:49:03";"00:08:49:03";"FABstd Gerade die Zahl von Geflüchteten ( ( ist HÎ"
"401";"00:08:49:03";"00:08:49:03";"FABst@für die Kommunen ein Problem.ÿÿ!?Ô"
"402";"00:08:49:03";"00:08:53:01";"Gerade die Zahl von GeflÈuchteten

ist fÈur die Kommunen ein Problem."
"403";"00:08:53:03";"00:08:53:03";"FABstN Es gibt nicht genug Unterkünfte.ÿÿÅ8"
"404";"00:08:53:03";"00:08:55:02";"Es gibt nicht genug UnterkÈunfte."
"405";"00:08:55:04";"00:08:55:04";"FABstdUnd es sei mehr Unterstützung nötig( ( beiü|"
"406";"00:08:55:04";"00:08:55:04";"FABstB Sprachkursen und Kitaplätzen,ÿÿ&@"
"407";"00:08:55:04";"00:08:59:02";"Und es sei mehr UnterstÈutzung nÈotig

bei Sprachkursen und KitaplÈatzen,"
"408";"00:08:59:04";"00:08:59:04";"FABstd kritisierte der Präsident ( ( des Dw"
"409";"00:08:59:04";"00:08:59:04";"FABst0eutschen Städtetages.ÿÿ1'^"
"410";"00:08:59:04";"00:09:02:23";"kritisierte der PrÈasident

des Deutschen StÈadtetages."
"411";"00:09:03:02";"00:09:03:02";"FABstdKanzler Scholz betonte, der Bund habe( ( ã"
"412";"00:09:03:02";"00:09:03:02";"FABstDden Kommunen bereits geholfen.ÿÿz"
"413";"00:09:03:02";"00:09:07:18";"Kanzler Scholz betonte, der Bund habe

den Kommunen bereits geholfen."
"414";"00:09:07:23";"00:09:07:23";"FABstd Wir dürfen unseren Umgang( ( mgì"
"415";"00:09:07:23";"00:09:07:23";"FABst*it Fluchtmigration?²"
"416";"00:09:07:23";"00:09:11:08";"Wir dÈurfen unseren Umgang

mit Fluchtmigration"
"417";"00:09:11:10";"00:09:11:10";"FABstd nicht auf finanzielle Fragen( ( Ïl"
"418";"00:09:11:10";"00:09:11:10";"FABst" reduzieren.GÈ"
"419";"00:09:11:10";"00:09:14:07";"nicht auf finanzielle Fragen

reduzieren."
"420";"00:09:14:09";"00:09:14:09";"FABstd Wer das tut,( ( spielt denenô"
"421";"00:09:14:09";"00:09:14:09";"FABst" in die Hände,ÿÿ?P"
"422";"00:09:14:09";"00:09:17:06";"Wer das tut,

spielt denen in die HÈande,"
"423";"00:09:17:08";"00:09:17:08";"FABstd die mit dem Feuer( ( des Ressenô"
"424";"00:09:17:08";"00:09:17:08";"FABst&timents zündeln.ÿÿ;iV"
"425";"00:09:17:08";"00:09:20:23";"die mit dem Feuer

des Ressentiments zÈundeln."
"426";"00:09:21:00";"00:09:21:00";"FABstd Es geht darum,( ( Migration zu sõÒ"
"427";"00:09:21:00";"00:09:21:00";"FABst*teuern und ordnen.ÿÿ7 f"
"428";"00:09:21:00";"00:09:24:22";"Es geht darum,

Migration zu steuern und ordnen."
"429";"00:09:25:02";"00:09:25:02";"FABstd Nur wenn uns das gelingt,( ( entlaste"
"430";"00:09:25:02";"00:09:25:02";"FABst2n wir unsere Kommunen.ÿÿ/ÒP"
"431";"00:09:25:02";"00:09:30:02";"Nur wenn uns das gelingt,

entlasten wir unsere Kommunen."
"432";"00:09:31:10";"00:09:31:10";"FABstd Scholz wolle versuchen,( ( überschuldeR8"
"433";"00:09:31:10";"00:09:31:10";"FABst4ten Kommunen zu helfen.ÿÿ-²8"
"434";"00:09:31:10";"00:09:34:23";"Scholz wolle versuchen,

Èuberschuldeten Kommunen zu helfen."
"435";"00:09:35:00";"00:09:35:00";"FABstd Er möchte ihnen( ( einen Teil ihrw4"
"436";"00:09:35:00";"00:09:35:00";"FABst0er Schulden erlassen.ÿÿ1êl"
"437";"00:09:35:00";"00:09:37:23";"Er mÈochte ihnen

einen Teil ihrer Schulden erlassen."
"438";"00:09:38:00";"00:09:38:00";"FABstd Doch dafür muss erst( ( das Grundgeq"
"439";"00:09:38:00";"00:09:38:00";"FABst0setz geändert werden.ÿÿ1ZN"
"440";"00:09:38:00";"00:09:41:00";"Doch dafÈur muss erst

das Grundgesetz geÈandert werden."
"441";"00:09:41:20";"00:09:41:20";"FABstdDarf ein freigesprochener Angeklagter( ( ¦à"
"442";"00:09:41:20";"00:09:41:20";"FABst> wegen derselben Straftatÿÿ#Ýz"
"443";"00:09:41:20";"00:09:45:13";"Darf ein freigesprochener Angeklagter

wegen derselben Straftat"
"444";"00:09:45:15";"00:09:45:15";"FABstRerneut vor Gericht gestellt werden?ÿÿ7"
"445";"00:09:45:15";"00:09:47:20";"erneut vor Gericht gestellt werden?"
"446";"00:09:47:22";"00:09:47:22";"FABst d Damit hat sich heute das( ( BundesverÛ("
"447";"00:09:47:22";"00:09:47:22";"FABst>fassungsgericht beschäftigt.ÿÿ#cø"
"448";"00:09:47:22";"00:09:51:14";"Damit hat sich heute das

Bundesverfassungsgericht beschÈaftigt."
"449";"00:09:51:16";"00:09:51:16";"FABst¡d Es geht um einen Mordfall( ( auÈö"
"450";"00:09:51:16";"00:09:51:16";"FABst*s den 80er-Jahren.ÿÿ7Ê."
"451";"00:09:51:16";"00:09:54:12";"Es geht um einen Mordfall

aus den 80er-Jahren."
"452";"00:09:54:16";"00:09:54:16";"FABst¢d Ein Verdächtiger( ( war freigeô"
"453";"00:09:54:16";"00:09:54:16";"FABst&sprochen worden,ÿÿ;çt"
"454";"00:09:54:16";"00:09:57:06";"Ein VerdÈachtiger

war freigesprochen worden,"
"455";"00:09:57:08";"00:09:57:08";"FABst£d inzwischen gibt es aber( ( neue HinweøÚ"
"456";"00:09:57:08";"00:09:57:08";"FABst2ise, die ihn belasten.ÿÿ/¬æ"
"457";"00:09:57:08";"00:10:00:20";"inzwischen gibt es aber

neue Hinweise, die ihn belasten."
"458";"00:10:00:24";"00:10:00:24";"FABst¤d Eine Gesetzesänderung von 2021( ( macht T"
"459";"00:10:00:24";"00:10:00:24";"FABstBein zweites Verfahren möglich.ÿÿB"
"460";"00:10:00:24";"00:10:05:22";"Eine GesetzesÈanderung von 2021

macht ein zweites Verfahren mÈoglich."
"461";"00:10:06:01";"00:10:06:01";"FABst¥d Doch dagegen( ( wehrt sich dðd"
"462";"00:10:06:01";"00:10:06:01";"FABst$er Verdächtige.ÿÿ=84"
"463";"00:10:06:01";"00:10:08:22";"Doch dagegen

wehrt sich der VerdÈachtige."
"464";"00:10:10:09";"00:10:10:09";"FABst¦d In diesem Waldstück( ( wird @t"
"465";"00:10:10:09";"00:10:10:09";"FABst&im November 1981C²f"
"466";"00:10:10:09";"00:10:13:11";"In diesem WaldstÈuck

wird im November 1981"
"467";"00:10:13:13";"00:10:13:13";"FABst§ddie 17-jährige Frederike von Möhlmann( ( Ð"
"468";"00:10:13:13";"00:10:13:13";"FABst@ vergewaltigt und ermordet.)å~"
"469";"00:10:13:13";"00:10:17:18";"die 17-jÈahrige Frederike von MÈohlmann

vergewaltigt und ermordet."
"470";"00:10:17:20";"00:10:17:20";"FABst¨PSchnell gerät Ismet H. ins Visier.ÿÿËR"
"471";"00:10:17:20";"00:10:20:15";"Schnell gerÈat Ismet H. ins Visier."
"472";"00:10:20:19";"00:10:20:19";"FABst©d 1983 wird er( ( rechtskräftigX`"
"473";"00:10:20:19";"00:10:20:19";"FABst& freigesprochen.ÿÿ;ú|"
"474";"00:10:20:19";"00:10:24:15";"1983 wird er

rechtskrÈaftig freigesprochen."
"475";"00:10:26:11";"00:10:26:11";"FABstªd 2012 ergibt eine DNA-Analyse: ( ( Er kö/¼"
"476";"00:10:26:11";"00:10:26:11";"FABst8nnte doch der Täter sein.ÿÿ)rÆ"
"477";"00:10:26:11";"00:10:31:10";"2012 ergibt eine DNA-Analyse:

Er kÈonnte doch der TÈater sein."
"478";"00:10:31:15";"00:10:31:15";"FABst«d Doch nach geltendem Recht war( ( ein zwei"
"479";"00:10:31:15";"00:10:31:15";"FABst:ter Prozess nicht erlaubt.ÿÿ'Î""
"480";"00:10:31:15";"00:10:36:12";"Doch nach geltendem Recht war

ein zweiter Prozess nicht erlaubt."
"481";"00:10:36:20";"00:10:36:20";"FABst¬d 2021 ändert die Große Koalition( ( d§"
"482";"00:10:36:20";"00:10:36:20";"FABst4ie Strafprozessordnung.ÿÿ-½~"
"483";"00:10:36:20";"00:10:40:22";"2021 Èandert die Groûe Koalition

die Strafprozessordnung."
"484";"00:10:41:02";"00:10:41:02";"FABst­d Gibt es neue Beweismittel, die( ( jemandÀ¤"
"485";"00:10:41:02";"00:10:41:02";"FABstBen dringend verdächtig machen,ÿÿ2P"
"486";"00:10:41:02";"00:10:45:13";"Gibt es neue Beweismittel, die

jemanden dringend verdÈachtig machen,"
"487";"00:10:45:15";"00:10:45:15";"FABst®d ist bei schwersten Straftaten( ( wie Mor6"
"488";"00:10:45:15";"00:10:45:15";"FABst>d ein neuer Prozess möglich.ÿÿ#""
"489";"00:10:45:15";"00:10:49:11";"ist bei schwersten Straftaten

wie Mord ein neuer Prozess mÈoglich."
"490";"00:10:49:13";"00:10:49:13";"FABst¯B Ein Argument dafür:ÿÿµ~"
"491";"00:10:49:13";"00:10:51:04";"Ein Argument dafÈur:"
"492";"00:10:51:08";"00:10:51:08";"FABst°dGerechtigkeit ist gerade bei Mord,( ( V®X"
"493";"00:10:51:08";"00:10:51:08";"FABst>ölkermord besonders wichtig.++"
"494";"00:10:51:08";"00:10:55:21";"Gerechtigkeit ist gerade bei Mord,

VÈolkermord besonders wichtig."
"495";"00:10:55:23";"00:10:55:23";"FABst±L Es muss im Vordergrund stehen.`@"
"496";"00:10:55:23";"00:10:58:10";"Es muss im Vordergrund stehen."
"497";"00:10:59:03";"00:10:59:03";"FABst²d Dagegen spricht,( ( aus dem GrundÄN"
"498";"00:10:59:03";"00:10:59:03";"FABst,gesetz ergibt sich:ÿÿ5Êø"
"499";"00:10:59:03";"00:11:02:05";"Dagegen spricht,

aus dem Grundgesetz ergibt sich:"
"500";"00:11:02:07";"00:11:02:07";"FABst³d Niemand darf wegen derselben Tat( ( zweÆ"
"501";"00:11:02:07";"00:11:02:07";"FABst6imal vor Gericht stehen.ÿÿ+ÛØ"
"502";"00:11:02:07";"00:11:05:16";"Niemand darf wegen derselben Tat

zweimal vor Gericht stehen."
"503";"00:11:05:19";"00:11:05:19";"FABst´d Eine Reaktion auf Machtmissbrauch( ( ¯ò"
"504";"00:11:05:19";"00:11:05:19";"FABst. in der NS-Zeit.ÿÿ3"
"505";"00:11:05:19";"00:11:09:21";"Eine Reaktion auf Machtmissbrauch

in der NS-Zeit."
"506";"00:11:10:06";"00:11:10:06";"FABstµd Das ist( ( ein wichtiges Sc*"
"507";"00:11:10:06";"00:11:10:06";"FABst$hutzinstrument.E±"
"508";"00:11:10:06";"00:11:13:12";"Das ist

ein wichtiges Schutzinstrument."
"509";"00:11:13:14";"00:11:13:14";"FABst¶d Man darf sich darauf verlassen,( ( dasû"
"510";"00:11:13:14";"00:11:13:14";"FABst:s diese Rechtskraft hält. /"
"511";"00:11:13:14";"00:11:18:18";"Man darf sich darauf verlassen,

dass diese Rechtskraft hÈalt."
"512";"00:11:19:20";"00:11:19:20";"FABst·D Karlsruhe muss klären:ÿÿú"
"513";"00:11:19:20";"00:11:21:06";"Karlsruhe muss klÈaren:"
"514";"00:11:21:07";"00:11:21:07";"FABst¸d Lässt die Verfassung( ( beò"
"515";"00:11:21:07";"00:11:21:07";"FABstim VerdachtÿÿE«0"
"516";"00:11:21:07";"00:11:23:07";"LÈasst die Verfassung

beim Verdacht"
"517";"00:11:23:09";"00:11:23:09";"FABst¹d schwerster Straftaten und neuen( ( BeweiÈÂ"
"518";"00:11:23:09";"00:11:23:09";"FABstFsmitteln einen neuen Prozess zu?ÿÿÞ\"
"519";"00:11:23:09";"00:11:28:11";"schwerster Straftaten und neuen

Beweismitteln einen neuen Prozess zu?"
"520";"00:11:29:04";"00:11:29:04";"FABstºd Es prallen zwei Prinzipien ( ( des Rö "
"521";"00:11:29:04";"00:11:29:04";"FABst6echtsstaats aufeinander.3öÂ"
"522";"00:11:29:04";"00:11:33:22";"Es prallen zwei Prinzipien

des Rechtsstaats aufeinander."
"523";"00:11:33:24";"00:11:33:24";"FABst»< Das Vertrauen,)z&"
"524";"00:11:33:24";"00:11:35:02";"Das Vertrauen,"
"525";"00:11:35:04";"00:11:35:04";"FABst¼d dass ein rechtskräftiges Urteil( ( ni4Ü"
"526";"00:11:35:04";"00:11:35:04";"FABst8cht mehr angetastet wird.ÿÿ)®"
"527";"00:11:35:04";"00:11:39:09";"dass ein rechtskrÈaftiges Urteil

nicht mehr angetastet wird."
"528";"00:11:39:11";"00:11:39:11";"FABst½d Und der Anspruch( ( von Opf¨"
"529";"00:11:39:11";"00:11:39:11";"FABst"ern und Staat,ÿÿ?Þ"
"530";"00:11:39:11";"00:11:42:15";"Und der Anspruch

von Opfern und Staat,"
"531";"00:11:42:18";"00:11:42:18";"FABst¾d das schwerste Straftaten( ( aufgeklä.ð"
"532";"00:11:42:18";"00:11:42:18";"FABst4rt und bestraft werden.ÿÿ-B"
"533";"00:11:42:18";"00:11:46:20";"das schwerste Straftaten

aufgeklÈart und bestraft werden."
"534";"00:11:46:22";"00:11:46:22";"FABst¿d Das Grundsatzurteil( ( wird in einÖ"
"535";"00:11:46:22";"00:11:46:22";"FABst2igen Monaten erwartet.ÿÿ/\"
"536";"00:11:46:22";"00:11:50:04";"Das Grundsatzurteil

wird in einigen Monaten erwartet."
"537";"00:11:52:11";"00:11:52:11";"FABstÀd Der umstrittene Einstieg( ( e¥Ö"
"538";"00:11:52:11";"00:11:52:11";"FABst"ines Investorsÿÿ?$"
"539";"00:11:52:11";"00:11:55:00";"Der umstrittene Einstieg

eines Investors"
"540";"00:11:55:02";"00:11:55:02";"FABstÁd in die Deutsche Fußball Liga( ( h"
"541";"00:11:55:02";"00:11:55:02";"FABst&ist vom Tisch.ÿÿ;</i>ö"
"542";"00:11:55:02";"00:11:57:14";"in die Deutsche Fuûball Liga

ist vom Tisch."
"543";"00:11:57:16";"00:11:57:16";"FABstÂd Ein entsprechender Antrag( ( fa§t"
"544";"00:11:57:16";"00:11:57:16";"FABst,nd bei den 36 Klubsÿÿ5¹"
"545";"00:11:57:16";"00:12:01:01";"Ein entsprechender Antrag

fand bei den 36 Klubs"
"546";"00:12:01:03";"00:12:01:03";"FABstÃd aus der ersten und zweiten Liga( ( nichÕ~"
"547";"00:12:01:03";"00:12:01:03";"FABst<t die notwendige Mehrheit. ÿÿ%âB"
"548";"00:12:01:03";"00:12:04:17";"aus der ersten und zweiten Liga

nicht die notwendige Mehrheit."
"549";"00:12:04:19";"00:12:04:19";"FABstÄd Dabei ging es( ( um zwei Milø"
"550";"00:12:04:19";"00:12:04:19";"FABst liarden Euro.ÿÿAÖ "
"551";"00:12:04:19";"00:12:06:24";"Dabei ging es

um zwei Milliarden Euro."
"552";"00:12:07:02";"00:12:07:02";"FABstÅd Geld, das in die Vermarktung( ( ä"
"553";"00:12:07:02";"00:12:07:02";"FABst&der Bundesliga,ÿÿ;¬\"
"554";"00:12:07:02";"00:12:09:20";"Geld, das in die Vermarktung

der Bundesliga,"
"555";"00:12:09:22";"00:12:09:22";"FABstÆd aber auch direkt( ( in die Vereinn"
"556";"00:12:09:22";"00:12:09:22";"FABst4skassen fließen sollte.ÿÿ-w¨"
"557";"00:12:09:22";"00:12:13:01";"aber auch direkt

in die Vereinskassen flieûen sollte."
"558";"00:12:13:03";"00:12:13:03";"FABstÇN Viele Fans waren gegen den Deal.ÿÿf "
"559";"00:12:13:03";"00:12:15:00";"Viele Fans waren gegen den Deal."
"560";"00:12:15:02";"00:12:15:02";"FABstÈd Sie befürchteten eine weitere ( ( Kommerc"
"561";"00:12:15:02";"00:12:15:02";"FABst:zialisierung des Fußballs.ÿÿ'6&"
"562";"00:12:15:02";"00:12:18:15";"Sie befÈurchteten eine weitere

Kommerzialisierung des Fuûballs."
"563";"00:12:20:03";"00:12:20:03";"FABstÉN Keine Einigung der Profi-Klubs:Y("
"564";"00:12:20:03";"00:12:22:00";"Keine Einigung der Profi-Klubs:"
"565";"00:12:22:02";"00:12:22:02";"FABstÊd Keine zwei Milliarden Euro für die( ( erst"
"566";"00:12:22:02";"00:12:22:02";"FABstHe und zweite Liga von Investoren.!äJ"
"567";"00:12:22:02";"00:12:28:08";"Keine zwei Milliarden Euro fÈur die

erste und zweite Liga von Investoren."
"568";"00:12:29:15";"00:12:29:15";"FABstËd Für uns ist klar,( ( dass der Pr~Ð"
"569";"00:12:29:15";"00:12:29:15";"FABst6ozess heute zu Ende ist.3</i>ö"
"570";"00:12:29:15";"00:12:33:03";"FÈur uns ist klar,

dass der Prozess heute zu Ende ist."
"571";"00:12:33:05";"00:12:33:05";"FABstÌdManchmal ist das Leben einfach -( ( ÂD"
"572";"00:12:33:05";"00:12:33:05";"FABst.das ist Demokratie.;ó¾"
"573";"00:12:33:05";"00:12:37:17";"Manchmal ist das Leben einfach -

das ist Demokratie."
"574";"00:12:38:04";"00:12:38:04";"FABstÍd Mit dem Geld sollte( ( die GesamtvÖü"
"575";"00:12:38:04";"00:12:38:04";"FABst:ermarktung der Bundesliga,ÿÿ'R"
"576";"00:12:38:04";"00:12:41:15";"Mit dem Geld sollte

die Gesamtvermarktung der Bundesliga,"
"577";"00:12:41:17";"00:12:41:17";"FABstÎd gestärkt werden,( ( vorrang'"
"578";"00:12:41:17";"00:12:41:17";"FABst"ig im Ausland.ÿÿ?ì"
"579";"00:12:41:17";"00:12:44:10";"gestÈarkt werden,

vorrangig im Ausland."
"580";"00:12:44:14";"00:12:44:14";"FABstÏd Der ursprüngliche Plan der DFL sah( ( die _r"
"581";"00:12:44:14";"00:12:44:14";"FABstFGründung einer Tochterfirma vor:ÿÿ)"
"582";"00:12:44:14";"00:12:48:19";"Der ursprÈungliche Plan der DFL sah

die GrÈundung einer Tochterfirma vor:"
"583";"00:12:48:21";"00:12:48:21";"FABstÐ@ Die DFL Media Co.ÿÿ("
"584";"00:12:48:21";"00:12:50:06";"Die DFL Media Co."
"585";"00:12:50:08";"00:12:50:08";"FABstÑB Deren Kerngeschäft:ÿÿR"
"586";"00:12:50:08";"00:12:51:12";"Deren KerngeschÈaft:"
"587";"00:12:51:14";"00:12:51:14";"FABstÒd Der Verkauf der nationalen und( ( interna¼Þ"
"588";"00:12:51:14";"00:12:51:14";"FABst>tionalen Übertragungsrechte.ÿÿ#O"
"589";"00:12:51:14";"00:12:55:09";"Der Verkauf der nationalen und

internationalen ÈUbertragungsrechte."
"590";"00:12:55:11";"00:12:55:11";"FABstÓd Der Investor sollte der DFL( ( zwei Milàê"
"591";"00:12:55:11";"00:12:55:11";"FABst6liarden Euro überweisen.ÿÿ+à"
"592";"00:12:55:11";"00:12:58:24";"Der Investor sollte der DFL

zwei Milliarden Euro Èuberweisen."
"593";"00:12:59:01";"00:12:59:01";"FABstÔd Als Gegenleistung( ( wäre er 2iÎ"
"594";"00:12:59:01";"00:12:59:01";"FABst*0 Jahre mit 12,5 %ÿÿ7Û,"
"595";"00:12:59:01";"00:13:02:19";"Als Gegenleistung

wÈare er 20 Jahre mit 12,5 %"
"596";"00:13:02:21";"00:13:02:21";"FABstÕd an den Erlösen( ( der neuen FirmaX"
"597";"00:13:02:21";"00:13:02:21";"FABst,a beteiligt worden.ÿÿ5×"
"598";"00:13:02:21";"00:13:06:07";"an den ErlÈosen

der neuen Firma beteiligt worden."
"599";"00:13:07:00";"00:13:07:00";"FABstÖd Seit Wochen gab es( ( massive öØ"
"600";"00:13:07:00";"00:13:07:00";"FABst(Proteste der Fansÿÿ9Ò"
"601";"00:13:07:00";"00:13:10:05";"Seit Wochen gab es

massive Proteste der Fans"
"602";"00:13:10:07";"00:13:10:07";"FABst×N gegen einen Investoreneinstieg.ÿÿqx"
"603";"00:13:10:07";"00:13:12:18";"gegen einen Investoreneinstieg."
"604";"00:13:13:00";"00:13:13:00";"FABstØd Der Deal hätte den Klubs ( ( einma"
"605";"00:13:13:00";"00:13:13:00";"FABst2lig etwa 300 Mio. Euroÿÿ/îp"
"606";"00:13:13:00";"00:13:16:18";"Der Deal hÈatte den Klubs

einmalig etwa 300 Mio. Euro"
"607";"00:13:16:20";"00:13:16:20";"FABstÙJ für neue Spieler garantiert.ÿÿé"
"608";"00:13:16:20";"00:13:18:16";"fÈur neue Spieler garantiert."
"609";"00:13:18:18";"00:13:18:18";"FABstÚH Doch weil das meiste Geldÿÿ*"
"610";"00:13:18:18";"00:13:20:06";"Doch weil das meiste Geld"
"611";"00:13:20:08";"00:13:20:08";"FABstÛdan die großen und erfolgreichsten ( ( Klubsu@"
"612";"00:13:20:08";"00:13:20:08";"FABst@ gehen sollte, gab es Kritik.ÿÿ!"
"613";"00:13:20:08";"00:13:26:04";"an die groûen und erfolgreichsten

Klubs gehen sollte, gab es Kritik."
"614";"00:13:26:24";"00:13:26:24";"FABstÜd Speziell von kleineren Vereinen( ( Öü"
"615";"00:13:26:24";"00:13:26:24";"FABst2wie dem FC St. Pauli.ÿÿ/"
"616";"00:13:26:24";"00:13:30:03";"Speziell von kleineren Vereinen

wie dem FC St. Pauli."
"617";"00:13:30:05";"00:13:30:05";"FABstÝL Auch etliche Zweitliga-Vereineÿÿf"
"618";"00:13:30:05";"00:13:32:02";"Auch etliche Zweitliga-Vereine"
"619";"00:13:32:04";"00:13:32:04";"FABstÞd entschieden sich( ( gegen dieº¶"
"620";"00:13:32:04";"00:13:32:04";"FABst$ Pläne der DFL.ÿÿ=T"
"621";"00:13:32:04";"00:13:34:13";"entschieden sich

gegen die PlÈane der DFL."
"622";"00:13:34:17";"00:13:34:17";"FABstßF Das ist zu respektieren.W"
"623";"00:13:34:17";"00:13:36:06";"Das ist zu respektieren."
"624";"00:13:36:08";"00:13:36:08";"FABstàd Die Konsequenzen( ( sind schw<u>"
"625";"00:13:36:08";"00:13:36:08";"FABst$er abschätzbar.E`"
"626";"00:13:36:08";"00:13:38:24";"Die Konsequenzen

sind schwer abschÈatzbar."
"627";"00:13:39:03";"00:13:39:03";"FABstád Wir sehen keinen( ( leichten ùì"
"628";"00:13:39:03";"00:13:39:03";"FABst&Zeiten entgegen.ÿÿ;ÆÈ"
"629";"00:13:39:03";"00:13:41:22";"Wir sehen keinen

leichten Zeiten entgegen."
"630";"00:13:42:08";"00:13:42:08";"FABstâd In Sachen Auslandsvermarktung( ( kann di¨þ"
"631";"00:13:42:08";"00:13:42:08";"FABst>e Bundesliga nicht mithaltenÿÿ#Ò"
"632";"00:13:42:08";"00:13:46:05";"In Sachen Auslandsvermarktung

kann die Bundesliga nicht mithalten"
"633";"00:13:46:07";"00:13:46:07";"FABstãd mit den europäischen Topligen( ( inmä"
"634";"00:13:46:07";"00:13:46:07";"FABst2 England oder Spanien.ÿÿ/ç¦"
"635";"00:13:46:07";"00:13:49:24";"mit den europÈaischen Topligen

in England oder Spanien."
"636";"00:13:51:21";"00:13:51:21";"FABstä> Die Lottozahlen:ÿÿ"
"637";"00:13:51:21";"00:13:53:08";"Die Lottozahlen:"
"638";"00:14:10:05";"00:14:10:05";"FABståd Und nun die Wettervorhersage für( ( morge¾"
"639";"00:14:10:05";"00:14:10:05";"FABst<n, Donnerstag, den 25. Mai:ÿÿ%Ì"
"640";"00:14:10:05";"00:14:15:16";"Und nun die Wettervorhersage fÈur

morgen, Donnerstag, den 25. Mai:"
"641";"00:14:16:15";"00:14:16:15";"FABstæd Hoher Luftdruck( ( sorgt mit kühlW|"
"642";"00:14:16:15";"00:14:16:15";"FABst0er und trockener Luftÿÿ1òV"
"643";"00:14:16:15";"00:14:19:17";"Hoher Luftdruck

sorgt mit kÈuhler und trockener Luft"
"644";"00:14:19:19";"00:14:19:19";"FABstçL für meist freundliches Wetter.ÿÿìÜ"
"645";"00:14:19:19";"00:14:21:13";"fÈur meist freundliches Wetter."
"646";"00:14:21:15";"00:14:21:15";"FABstèd Auch der Regen im Süden( ( läss¤ì"
"647";"00:14:21:15";"00:14:21:15";"FABst,t heute Nacht nach.ÿÿ5³"
"648";"00:14:21:15";"00:14:24:08";"Auch der Regen im SÈuden

lÈasst heute Nacht nach."
"649";"00:14:24:10";"00:14:24:10";"FABstéd Weiter nördlich( ( klart es vf"
"650";"00:14:24:10";"00:14:24:10";"FABst"ielerorts auf.ÿÿ?á"
"651";"00:14:24:10";"00:14:26:17";"Weiter nÈordlich

klart es vielerorts auf."
"652";"00:14:26:19";"00:14:26:19";"FABstêJ Es bilden sich Nebelfelder.ÿÿ+"
"653";"00:14:26:19";"00:14:28:11";"Es bilden sich Nebelfelder."
"654";"00:14:28:13";"00:14:28:13";"FABstëd Im Nordwesten( ( beginnt der T«Ì"
"655";"00:14:28:13";"00:14:28:13";"FABst*ag teilweise trüb,ÿÿ7;V"
"656";"00:14:28:13";"00:14:31:03";"Im Nordwesten

beginnt der Tag teilweise trÈub,"
"657";"00:14:31:05";"00:14:31:05";"FABstìd sonst oft schon freundlich( ( mÇø"
"658";"00:14:31:05";"00:14:31:05";"FABst&it Sonnenschein.ÿÿ;Î´"
"659";"00:14:31:05";"00:14:34:00";"sonst oft schon freundlich

mit Sonnenschein."
"660";"00:14:34:02";"00:14:34:02";"FABstíd Ab und zu einige, meist lockere( ( Wolk"
"661";"00:14:34:02";"00:14:34:02";"FABst<en, es bleibt aber trocken.ÿÿ%</i>Ú"
"662";"00:14:34:02";"00:14:37:22";"Ab und zu einige, meist lockere

Wolken, es bleibt aber trocken."
"663";"00:14:37:24";"00:14:37:24";"FABstîd Nur an den Alpen sind noch ( ( einzN"
"664";"00:14:37:24";"00:14:37:24";"FABst4elne Schauer unterwegs.ÿÿ-ý¬"
"665";"00:14:37:24";"00:14:41:17";"Nur an den Alpen sind noch

einzelne Schauer unterwegs."
"666";"00:14:45:01";"00:14:45:01";"FABstïd Dort ist stellenweise Bodenfrost( ( </i>Ê"
"667";"00:14:45:01";"00:14:45:01";"FABst$ möglich.ÿÿ=$"
"668";"00:14:45:01";"00:14:48:03";"Dort ist stellenweise Bodenfrost

mÈoglich."
"669";"00:14:52:20";"00:14:52:20";"FABstðd Ab Freitag wird es wärmer,( ( dazu6"
"670";"00:14:52:20";"00:14:52:20";"FABst. viel Sonnenschein, ÿÿ3Ç""
"671";"00:14:52:20";"00:14:55:19";"Ab Freitag wird es wÈarmer,

dazu viel Sonnenschein,"
"672";"00:14:55:21";"00:14:55:21";"FABstñd im Süden etwas wolkiger( ( und an denoÆ"
"673";"00:14:55:21";"00:14:55:21";"FABst2 Alpen lokale Schauer.ÿÿ/ó"
"674";"00:14:55:21";"00:14:59:01";"im SÈuden etwas wolkiger

und an den Alpen lokale Schauer."
"675";"00:14:59:03";"00:14:59:03";"FABstòP Ähnliches Wetter auch am Samstag.ÿÿö¤"
"676";"00:14:59:03";"00:15:01:04";"ÈAhnliches Wetter auch am Samstag."
"677";"00:15:01:06";"00:15:01:06";"FABstód Am Sonntag in der Nordhälfte( ( YR"
"678";"00:15:01:06";"00:15:01:06";"FABst(wieder wolkiger,ÿÿ9õ"
"679";"00:15:01:06";"00:15:03:20";"Am Sonntag in der NordhÈalfte

wieder wolkiger,"
"680";"00:15:03:21";"00:15:03:21";"FABstôd aber meist trocken,( ( sonst änt"
"681";"00:15:03:21";"00:15:03:21";"FABst&dert sich wenig.ÿÿ;º"
"682";"00:15:03:21";"00:15:06:09";"aber meist trocken,

sonst Èandert sich wenig."
"683";"00:15:07:02";"00:15:07:02";"FABstõd Um 22.15 Uhr fragt Aline Abboud( ( <"
"684";"00:15:07:02";"00:15:07:02";"FABst.in den tagesthemenÿÿ3ã4"
"685";"00:15:07:02";"00:15:11:08";"Um 22.15 Uhr fragt Aline Abboud

in den tagesthemen"
"686";"00:15:11:10";"00:15:11:10";"FABstöd die Berliner Justizsenatorin( ( ÷T"
"687";"00:15:11:10";"00:15:11:10";"FABst(Felor Badenberg:ÿÿ9áþ"
"688";"00:15:11:10";"00:15:14:08";"die Berliner Justizsenatorin

Felor Badenberg:"
"689";"00:15:14:11";"00:15:14:11";"FABst÷d Wie soll die Letzte Generation( ( juris¨V"
"690";"00:15:14:11";"00:15:14:11";"FABst8tisch eingestuft werden? ÿÿ) "
"691";"00:15:14:11";"00:15:17:21";"Wie soll die Letzte Generation

juristisch eingestuft werden?"
"692";"00:15:17:23";"00:15:17:23";"FABstød Und es geht um den Widerstand( ( å"
"693";"00:15:17:23";"00:15:17:23";"FABst,der Fußballvereineÿÿ5%D"
"694";"00:15:17:23";"00:15:20:18";"Und es geht um den Widerstand

der Fuûballvereine"
"695";"00:15:20:21";"00:15:20:21";"FABstùd gegen die Kommerzialisierung( ( ý>"
"696";"00:15:20:21";"00:15:20:21";"FABst" des Sports.ÿÿ?|"
"697";"00:15:20:21";"00:15:23:22";"gegen die Kommerzialisierung

des Sports."
"698";"00:15:23:24";"00:15:23:24";"FABstúd Ich wünsche Ihnen ( ( einen Zj"
"699";"00:15:23:24";"00:15:23:24";"FABst"schönen Abend.ÿÿ?Yf"
"700";"00:15:23:24";"00:15:26:18";"Ich wÈunsche Ihnen

einen schÈonen Abend."
"701";"00:15:29:19";"00:15:29:19";"FABstûLCopyright Untertitel: NDR 2023ÿÿf:"
"702";"00:15:29:19";"00:15:32:05";"Copyright Untertitel: NDR 2023"
