No.;Timecode In;Timecode Out;Subtitle
"1";"00:00:03:00";"00:00:03:00";"FABst6 * Gong *ÿÿZZZZZZZZZZ¥¥ã¥¥¥¥¥6"
"2";"00:00:03:00";"00:00:03:00";"FABst¥¥¥á¥¥à¥ã¥¥¥¥§ª¦ªîªªªGÌ"
"3";"00:00:03:00";"00:00:04:03";"* Gong *"
"4";"00:00:04:07";"00:00:04:07";"FABstdHier ist das Erste Deutsche Fernsehen( ( 9"
"5";"00:00:04:07";"00:00:04:07";"FABst: mit der tagesschau.ÿÿ'õþ"
"6";"00:00:04:07";"00:00:07:14";"Hier ist das Erste Deutsche Fernsehen

mit der tagesschau."
"7";"00:00:07:18";"00:00:07:18";"FABstd Herzlich willkommen zur Live-( ( UnteB^"
"8";"00:00:07:18";"00:00:07:18";"FABstBrtitelung des NDR (02.04.2023)ÿÿÐÔ"
"9";"00:00:07:18";"00:00:12:06";"Herzlich willkommen zur Live-

Untertitelung des NDR (02.04.2023)"
"10";"00:00:14:09";"00:00:14:09";"FABstJ Heute im Studio: Jens Riewa.ÿÿ$"
"11";"00:00:14:09";"00:00:16:09";"Heute im Studio: Jens Riewa."
"12";"00:00:18:00";"00:00:18:00";"FABstd Guten Abend,( ( ich begrüße Si3¦"
"13";"00:00:18:00";"00:00:18:00";"FABst(e zur tagesschau.ÿÿ9Â"
"14";"00:00:18:00";"00:00:21:02";"Guten Abend,

ich begrÈuûe Sie zur tagesschau."
"15";"00:00:21:23";"00:00:21:23";"FABstd Die Bundesregierung( ( arbeitet nvÂ"
"16";"00:00:21:23";"00:00:21:23";"FABst*ach dem Kompromissÿÿ7Ö("
"17";"00:00:21:23";"00:00:24:19";"Die Bundesregierung

arbeitet nach dem Kompromiss"
"18";"00:00:24:23";"00:00:24:23";"FABstd zum Austausch von Heizungen( ( an <ø"
"19";"00:00:24:23";"00:00:24:23";"FABst2einem Förderprogramm. ÿÿ/f"
"20";"00:00:24:23";"00:00:27:23";"zum Austausch von Heizungen

an einem FÈorderprogramm."
"21";"00:00:28:01";"00:00:28:01";"FABstPFinanzminister Lindner schlug vor,ÿÿ x"
"22";"00:00:28:01";"00:00:30:01";"Finanzminister Lindner schlug vor,"
"23";"00:00:30:13";"00:00:30:13";"FABstd die Unterstützung vom Zustand ( ( der A<u>ú"
"24";"00:00:30:13";"00:00:30:13";"FABst8nlage abhängig zu machen.ÿÿ)ê"
"25";"00:00:30:13";"00:00:34:21";"die UnterstÈutzung vom Zustand

der Anlage abhÈangig zu machen."
"26";"00:00:35:17";"00:00:35:17";"FABstd Wirtschaftsminister Habeck( ( sagte ,"
"27";"00:00:35:17";"00:00:35:17";"FABst2im Bericht aus Berlin,ÿÿ/â¢"
"28";"00:00:35:17";"00:00:39:07";"Wirtschaftsminister Habeck

sagte im Bericht aus Berlin,"
"29";"00:00:39:11";"00:00:39:11";"FABstd niemand( ( werde mit den KosQz"
"30";"00:00:39:11";"00:00:39:11";"FABst&ten überfordert.ÿÿ;td"
"31";"00:00:39:11";"00:00:42:11";"niemand

werde mit den Kosten Èuberfordert."
"32";"00:00:42:16";"00:00:42:16";"FABstN Ab 2024 sollen Heizungen zu 65 %ÿÿØ"
"33";"00:00:42:16";"00:00:45:17";"Ab 2024 sollen Heizungen zu 65 %"
"34";"00:00:46:08";"00:00:46:08";"FABstd mit erneuerbaren Energien( ( WÞ"
"35";"00:00:46:08";"00:00:46:08";"FABst(betrieben werden.ÿÿ9"
"36";"00:00:46:08";"00:00:49:02";"mit erneuerbaren Energien

betrieben werden."
"37";"00:00:49:06";"00:00:49:06";"FABstd Geplant sind aber( ( Ausnahmen ukV"
"38";"00:00:49:06";"00:00:49:06";"FABst.nd Übergangsfristen.ÿÿ3P<i>"
"39";"00:00:49:06";"00:00:52:17";"Geplant sind aber

Ausnahmen und ÈUbergangsfristen."
"40";"00:00:53:10";"00:00:53:10";"FABstd Beratung für die Umrüstung ( ( der :ô"
"41";"00:00:53:10";"00:00:53:10";"FABst420 Jahre alten Heizung,5¸"
"42";"00:00:53:10";"00:00:57:05";"Beratung fÈur die UmrÈustung

der 20 Jahre alten Heizung,"
"43";"00:00:57:09";"00:00:57:09";"FABstVden mögliche Einbau einer Wärmepumpe.¼"
"44";"00:00:57:09";"00:01:00:04";"den mÈogliche Einbau einer WÈarmepumpe."
"45";"00:01:00:09";"00:01:00:09";"FABstd In den nächsten Jahren ( ( stehóâ"
"46";"00:01:00:09";"00:01:00:09";"FABst,t das für viele an.ÿÿ5L"
"47";"00:01:00:09";"00:01:03:12";"In den nÈachsten Jahren

steht das fÈur viele an."
"48";"00:01:03:16";"00:01:03:16";"FABstd Das Förderprogramm der( ( BundesregiB"
"49";"00:01:03:16";"00:01:03:16";"FABst<erung dazu, noch in Arbeit.ÿÿ%³ª"
"50";"00:01:03:16";"00:01:07:14";"Das FÈorderprogramm der

Bundesregierung dazu, noch in Arbeit."
"51";"00:01:07:18";"00:01:07:18";"FABstdEs könnte danach gestaffelt werden,( ( wieÞÞ"
"52";"00:01:07:18";"00:01:07:18";"FABstB alt und schmutzig die HeizungÿÿÜN"
"53";"00:01:07:18";"00:01:11:24";"Es kÈonnte danach gestaffelt werden,

wie alt und schmutzig die Heizung"
"54";"00:01:12:03";"00:01:12:03";"FABstL ist, sagt der Finanzminister.ÿÿ"
"55";"00:01:12:03";"00:01:14:13";"ist, sagt der Finanzminister."
"56";"00:01:22:24";"00:01:22:24";"FABstd Im Bericht aus Berlin( ( nennt Hab("
"57";"00:01:22:24";"00:01:22:24";"FABst2eck Lindners Vorschlagÿÿ/á"
"58";"00:01:22:24";"00:01:26:15";"Im Bericht aus Berlin

nennt Habeck Lindners Vorschlag"
"59";"00:01:26:19";"00:01:26:19";"FABstd eine Möglichkeit unter mehreren,( ( um ò"
"60";"00:01:26:19";"00:01:26:19";"FABst6die Bürger zu entlasten.ÿÿ+[Â"
"61";"00:01:26:19";"00:01:30:23";"eine MÈoglichkeit unter mehreren,

um die BÈurger zu entlasten."
"62";"00:01:31:23";"00:01:31:23";"FABstd Man könnte es( ( am Einkomme÷"
"63";"00:01:31:23";"00:01:31:23";"FABst n ausrichten.Iùú"
"64";"00:01:31:23";"00:01:34:10";"Man kÈonnte es

am Einkommen ausrichten."
"65";"00:01:34:14";"00:01:34:14";"FABstdMan könnte die Beträge versteuern,( ( s>"
"66";"00:01:34:14";"00:01:34:14";"FABst@odass die besser Verdienenden)<i>"
"67";"00:01:34:14";"00:01:39:14";"Man kÈonnte die BetrÈage versteuern,

sodass die besser Verdienenden"
"68";"00:01:39:18";"00:01:39:18";"FABstd das Gleiche bekommen,( ( aber eine´"
"69";"00:01:39:18";"00:01:39:18";"FABst:n Teil zurückgeben müssen.ÿÿ'Ü"
"70";"00:01:39:18";"00:01:43:09";"das Gleiche bekommen,

aber einen Teil zurÈuckgeben mÈussen."
"71";"00:01:43:14";"00:01:43:14";"FABstdDann hätte man die soziale Förderung( ( a"
"72";"00:01:43:14";"00:01:43:14";"FABstB des Steuersystems da drin.ÿÿ"
"73";"00:01:43:14";"00:01:47:05";"Dann hÈatte man die soziale FÈorderung

des Steuersystems da drin."
"74";"00:01:47:09";"00:01:47:09";"FABstd Die Koalitionspartner seien sich( ( einikæ"
"75";"00:01:47:09";"00:01:47:09";"FABst:g, dass die mit wenig Geldÿÿ'Þö"
"76";"00:01:47:09";"00:01:51:00";"Die Koalitionspartner seien sich

einig, dass die mit wenig Geld"
"77";"00:01:51:04";"00:01:51:04";"FABstd beim Umstieg unterstützt( ( werden
>"
"78";"00:01:51:04";"00:01:51:04";"FABst0sollten, sagt Habeck.ÿÿ1ªü"
"79";"00:01:51:04";"00:01:54:11";"beim Umstieg unterstÈutzt

werden sollten, sagt Habeck."
"80";"00:01:54:15";"00:01:54:15";"FABstd Im ZDF bringt Bundesbauministerin( ( Geyw7,"
"81";"00:01:54:15";"00:01:54:15";"FABstHitz eine Abwrackprämie ins Spiel.ÿÿà"
"82";"00:01:54:15";"00:01:59:12";"Im ZDF bringt Bundesbauministerin

Geywitz eine AbwrackprÈamie ins Spiel."
"83";"00:02:00:23";"00:02:00:23";"FABstdWichtig ist, dass die schmutzigsten( ( Ke+x"
"84";"00:02:00:23";"00:02:00:23";"FABstHssel zuerst ausgetauscht werden. !¯æ"
"85";"00:02:00:23";"00:02:05:07";"Wichtig ist, dass die schmutzigsten

Kessel zuerst ausgetauscht werden."
"86";"00:02:05:11";"00:02:05:11";"FABstNEine Abwrackprämie ist sinnvoll,;Ä"
"87";"00:02:05:11";"00:02:07:15";"Eine AbwrackprÈamie ist sinnvoll,"
"88";"00:02:07:19";"00:02:07:19";"FABst d die die alten Modelle( ( als erstml"
"89";"00:02:07:19";"00:02:07:19";"FABst*e vom Markt nimmt.ÿÿ7Ý"
"90";"00:02:07:19";"00:02:10:17";"die die alten Modelle

als erste vom Markt nimmt."
"91";"00:02:10:21";"00:02:10:21";"FABst!REine Prämie wäre technologieoffen,ÿÿ</i>à"
"92";"00:02:10:21";"00:02:13:03";"Eine PrÈamie wÈare technologieoffen,"
"93";"00:02:13:07";"00:02:13:07";"FABst"d d.h. der Hausbesitzer kann( ( entsche)"
"94";"00:02:13:07";"00:02:13:07";"FABst>iden, wofür er sie einsetzt.ÿÿ#bÜ"
"95";"00:02:13:07";"00:02:17:03";"d.h. der Hausbesitzer kann

entscheiden, wofÈur er sie einsetzt."
"96";"00:02:17:06";"00:02:17:06";"FABst#L Schon jetzt zeichnet sich ab:ÿÿ½"
"97";"00:02:17:06";"00:02:19:01";"Schon jetzt zeichnet sich ab:"
"98";"00:02:19:05";"00:02:19:05";"FABst$dOhne Mehrkosten für die Bürger*innen( ( wir=¤"
"99";"00:02:19:05";"00:02:19:05";"FABstHd die Wärmewende nicht gelingen. ÿÿwÊ"
"100";"00:02:19:05";"00:02:23:15";"Ohne Mehrkosten fÈur die BÈurger*innen

wird die WÈarmewende nicht gelingen."
"101";"00:02:23:19";"00:02:23:19";"FABst%d Bis Ende April will die Koalition( ( Ö"
"102";"00:02:23:19";"00:02:23:19";"FABst0 Klarheit schaffen,ÿÿ1öD"
"103";"00:02:23:19";"00:02:26:19";"Bis Ende April will die Koalition

Klarheit schaffen,"
"104";"00:02:26:24";"00:02:26:24";"FABst&d wie sie bei der Umrüstung ( ( unter½´"
"105";"00:02:26:24";"00:02:26:24";"FABst0stützt werden sollen.ÿÿ1["
"106";"00:02:26:24";"00:02:30:10";"wie sie bei der UmrÈustung

unterstÈutzt werden sollen."
"107";"00:02:31:14";"00:02:31:14";"FABst'F Streit gibt es weiterhinÿÿÇÚ"
"108";"00:02:31:14";"00:02:33:05";"Streit gibt es weiterhin"
"109";"00:02:33:09";"00:02:33:09";"FABst(d über die geplante( ( KinderáZ"
"110";"00:02:33:09";"00:02:33:09";"FABst$grundsicherung.ÿÿ=Ê"
"111";"00:02:33:09";"00:02:35:23";"Èuber die geplante

Kindergrundsicherung."
"112";"00:02:36:02";"00:02:36:02";"FABst)d Bundesfinanzminister Lindner( ( bekräftiÅ`"
"113";"00:02:36:02";"00:02:36:02";"FABst<gte in der Bild am Sonntag,ÿÿ%"
"114";"00:02:36:02";"00:02:39:21";"Bundesfinanzminister Lindner

bekrÈaftigte in der Bild am Sonntag,"
"115";"00:02:40:00";"00:02:40:00";"FABst*der sehe kaum finanziellen Spielraum( ( x"
"116";"00:02:40:00";"00:02:40:00";"FABst2 für das Vorhaben.ÿÿ/KÜ"
"117";"00:02:40:00";"00:02:43:02";"er sehe kaum finanziellen Spielraum

fÈur das Vorhaben."
"118";"00:02:43:06";"00:02:43:06";"FABst+N Für Familien sei viel passiert,ÿÿ4"
"119";"00:02:43:06";"00:02:45:07";"FÈur Familien sei viel passiert,"
"120";"00:02:45:12";"00:02:45:12";"FABst,d er verwies auf die Erhöhung( ( É"
"121";"00:02:45:12";"00:02:45:12";"FABst*des Kindergeldes.ÿÿ7¤Ê"
"122";"00:02:45:12";"00:02:48:20";"er verwies auf die ErhÈohung

des Kindergeldes."
"123";"00:02:49:01";"00:02:49:01";"FABst-d Familienministerin Paus( ( V"
"124";"00:02:49:01";"00:02:49:01";"FABst"von den Grünenÿÿ?DX"
"125";"00:02:49:01";"00:02:51:13";"Familienministerin Paus

von den GrÈunen"
"126";"00:02:51:17";"00:02:51:17";"FABst.N hält das nicht für ausreichend.ÿÿ«h"
"127";"00:02:51:17";"00:02:53:19";"hÈalt das nicht fÈur ausreichend."
"128";"00:02:53:23";"00:02:53:23";"FABst/PSie dringt auf zusätzliche Mittel.ÿÿFv"
"129";"00:02:53:23";"00:02:56:10";"Sie dringt auf zusÈatzliche Mittel."
"130";"00:02:56:14";"00:02:56:14";"FABst0F Die Kindergrundsicherungÿÿãf"
"131";"00:02:56:14";"00:02:58:01";"Die Kindergrundsicherung"
"132";"00:02:58:05";"00:02:58:05";"FABst1d soll Leistungen wie Kindergeld( ( und î"
"133";"00:02:58:05";"00:02:58:05";"FABst6Kinderzuschläge bündeln.ÿÿ+ÏV"
"134";"00:02:58:05";"00:03:01:24";"soll Leistungen wie Kindergeld

und KinderzuschlÈage bÈundeln."
"135";"00:03:03:06";"00:03:03:06";"FABst2dRussland hat turnusgemäß den Vorsitz( ( im#~"
"136";"00:03:03:06";"00:03:03:06";"FABstF UN-Sicherheitsrat übernommen - ÿÿp"
"137";"00:03:03:06";"00:03:07:22";"Russland hat turnusgemÈaû den Vorsitz

im UN-Sicherheitsrat Èubernommen -"
"138";"00:03:08:01";"00:03:08:01";"FABst3d trotz des Angriffskrieges( ( ^x"
"139";"00:03:08:01";"00:03:08:01";"FABst&in der Ukraine.ÿÿ;îP"
"140";"00:03:08:01";"00:03:11:07";"trotz des Angriffskrieges

in der Ukraine."
"141";"00:03:11:11";"00:03:11:11";"FABst4H Deren Präsident Selenskyjÿÿi^"
"142";"00:03:11:11";"00:03:13:02";"Deren PrÈasident Selenskyj"
"143";"00:03:13:06";"00:03:13:06";"FABst5d sprach von einem Bankrott( ( internat ¶"
"144";"00:03:13:06";"00:03:13:06";"FABst2ionaler Institutionen.ÿÿ/ÓÄ"
"145";"00:03:13:06";"00:03:16:23";"sprach von einem Bankrott

internationaler Institutionen."
"146";"00:03:17:03";"00:03:17:03";"FABst6d Dass Russland( ( dem wichtigsten"
"147";"00:03:17:03";"00:03:17:03";"FABst0 UN-Gremium vorsitze,ÿÿ1 ö"
"148";"00:03:17:03";"00:03:20:08";"Dass Russland

dem wichtigsten UN-Gremium vorsitze,"
"149";"00:03:20:12";"00:03:20:12";"FABst7H sei absurd und destruktiv.ÿÿx"
"150";"00:03:20:12";"00:03:23:01";"sei absurd und destruktiv."
"151";"00:03:23:03";"00:03:23:03";"FABst8d Der EU-Außenbeauftragte Borrell( ( â"
"152";"00:03:23:03";"00:03:23:03";"FABst( kündigte an,ÿÿ9]æ"
"153";"00:03:23:03";"00:03:25:18";"Der EU-Auûenbeauftragte Borrell

kÈundigte an,"
"154";"00:03:25:22";"00:03:25:22";"FABst9ddie EU werde den Sicherheitsrat vor( ( Missú"
"155";"00:03:25:22";"00:03:25:22";"FABstDbrauch durch Russland schützen.ÿÿ|~"
"156";"00:03:25:22";"00:03:30:13";"die EU werde den Sicherheitsrat vor

Missbrauch durch Russland schÈutzen."
"157";"00:03:31:17";"00:03:31:17";"FABst:d In Bulgarien ist( ( ein neues Par`>"
"158";"00:03:31:17";"00:03:31:17";"FABst4lament gewählt worden -ÿÿ-\"
"159";"00:03:31:17";"00:03:35:04";"In Bulgarien ist

ein neues Parlament gewÈahlt worden -"
"160";"00:03:35:08";"00:03:35:08";"FABst;Rzum fünften Mal binnen zwei Jahren.ÿÿ}:"
"161";"00:03:35:08";"00:03:37:21";"zum fÈunften Mal binnen zwei Jahren."
"162";"00:03:38:00";"00:03:38:00";"FABst<d Es zeichnet sich( ( ein Kopf-aV"
"163";"00:03:38:00";"00:03:38:00";"FABst(n-Kopf-Rennen ab:Aè"
"164";"00:03:38:00";"00:03:41:00";"Es zeichnet sich

ein Kopf-an-Kopf-Rennen ab:"
"165";"00:03:41:04";"00:03:41:04";"FABst=d Zwischen dem liberal-konservativen( ( BlocZ("
"166";"00:03:41:04";"00:03:41:04";"FABstHk von Ex-Ministerpräsident Petkov!ZÊ"
"167";"00:03:41:04";"00:03:45:07";"Zwischen dem liberal-konservativen

Block von Ex-MinisterprÈasident Petkov"
"168";"00:03:45:11";"00:03:45:11";"FABst>d und dem Mitte-Rechts-Bündnis( ( des Ex-Â"
"169";"00:03:45:11";"00:03:45:11";"FABst8Regierungschefs Borissow.ÿÿ)V"
"170";"00:03:45:11";"00:03:48:23";"und dem Mitte-Rechts-BÈundnis

des Ex-Regierungschefs Borissow."
"171";"00:03:49:02";"00:03:49:02";"FABst?d Die Neuwahl war nötig geworden,( ( nacÍú"
"172";"00:03:49:02";"00:03:49:02";"FABst:hdem die Regierungsbildungÿÿ'Âò"
"173";"00:03:49:02";"00:03:52:18";"Die Neuwahl war nÈotig geworden,

nachdem die Regierungsbildung"
"174";"00:03:52:22";"00:03:52:22";"FABst@H im Herbst gescheitert war.ÿÿÍt"
"175";"00:03:52:22";"00:03:54:24";"im Herbst gescheitert war."
"176";"00:03:55:03";"00:03:55:03";"FABstAd Auch dieses Mal gehen Beobachter( ( von sc~"
"177";"00:03:55:03";"00:03:55:03";"FABst>hwierigen Verhandlungen aus.ÿÿ#²"
"178";"00:03:55:03";"00:03:59:18";"Auch dieses Mal gehen Beobachter

von schwierigen Verhandlungen aus."
"179";"00:04:01:05";"00:04:01:05";"FABstBd Zum Wahlausgang in Bulgarien( ( jetztR´"
"180";"00:04:01:05";"00:04:01:05";"FABst4 Anna Tillack in Sofia.ÿÿ-û¶"
"181";"00:04:01:05";"00:04:04:24";"Zum Wahlausgang in Bulgarien

jetzt Anna Tillack in Sofia."
"182";"00:04:08:16";"00:04:08:16";"FABstCd Die Umfragen( ( von zwei verschrr"
"183";"00:04:08:16";"00:04:08:16";"FABst*iedenen Institutenÿÿ7"
"184";"00:04:08:16";"00:04:14:06";"Die Umfragen

von zwei verschiedenen Instituten"
"185";"00:04:14:10";"00:04:14:10";"FABstDd sehen Kiril Petkow( ( knapp vo<ä"
"186";"00:04:14:10";"00:04:14:10";"FABst(r Bojko Borissov.ÿÿ9Ì¾"
"187";"00:04:14:10";"00:04:17:13";"sehen Kiril Petkow

knapp vor Bojko Borissov."
"188";"00:04:17:17";"00:04:17:17";"FABstEN Das kann sich aber noch ändern.ÿÿ"
"189";"00:04:17:17";"00:04:22:03";"Das kann sich aber noch Èandern."
"190";"00:04:22:08";"00:04:22:08";"FABstFd Auch die pro-russische Partei( ( .>"
"191";"00:04:22:08";"00:04:22:08";"FABst( hat über 10 %.ÿÿ9ø"
"192";"00:04:22:08";"00:04:26:19";"Auch die pro-russische Partei

hat Èuber 10 %."
"193";"00:04:26:23";"00:04:26:23";"FABstGd Der Wahlsieger wird mit( ( der RegieI®"
"194";"00:04:26:23";"00:04:26:23";"FABst6rungsbildung beauftragt.ÿÿ+ý"
"195";"00:04:26:23";"00:04:32:01";"Der Wahlsieger wird mit

der Regierungsbildung beauftragt."
"196";"00:04:32:06";"00:04:32:06";"FABstHd Wird Kiril Petkow beauftragt, ( ( kann h"
"197";"00:04:32:06";"00:04:32:06";"FABst8er das nicht alleine tun.ÿÿ)Âà"
"198";"00:04:32:06";"00:04:36:10";"Wird Kiril Petkow beauftragt,

kann er das nicht alleine tun."
"199";"00:04:36:14";"00:04:36:14";"FABstId Er würde aber auch( ( eine Minderhì"
"200";"00:04:36:14";"00:04:36:14";"FABst0eitsregierung führen.ÿÿ1D"
"201";"00:04:36:14";"00:04:41:03";"Er wÈurde aber auch

eine Minderheitsregierung fÈuhren."
"202";"00:04:41:07";"00:04:41:07";"FABstJd Ob Bojko Borissov da mitspielt,( ( RÜ"
"203";"00:04:41:07";"00:04:41:07";"FABst, ist noch unklar.ÿÿ58"
"204";"00:04:41:07";"00:04:44:20";"Ob Bojko Borissov da mitspielt,

ist noch unklar."
"205";"00:04:44:24";"00:04:44:24";"FABstKd Der Druck aus der Gesellschaft( ( d"
"206";"00:04:44:24";"00:04:44:24";"FABst,wird aber stärker.ÿÿ5"
"207";"00:04:44:24";"00:04:48:18";"Der Druck aus der Gesellschaft

wird aber stÈarker."
"208";"00:04:48:22";"00:04:48:22";"FABstLd Die Menschen wollen( ( eine handl}"
"209";"00:04:48:22";"00:04:48:22";"FABst0ungsfähige Regierung.ÿÿ1>V"
"210";"00:04:48:22";"00:04:52:11";"Die Menschen wollen

eine handlungsfÈahige Regierung."
"211";"00:04:52:15";"00:04:52:15";"FABstMTU.a. die Inflation ist ein Problem.ÿÿ¶F"
"212";"00:04:52:15";"00:04:54:19";"U.a. die Inflation ist ein Problem."
"213";"00:04:57:06";"00:04:57:06";"FABstN: Vielen Dank.ÿÿ#</i>~"
"214";"00:04:57:06";"00:04:58:10";"Vielen Dank."
"215";"00:04:59:07";"00:04:59:07";"FABstOdAuch in Finnland waren die Menschen ( ( heub"
"216";"00:04:59:07";"00:04:59:07";"FABstHte zur Parlamentswahl aufgerufen.ÿÿùê"
"217";"00:04:59:07";"00:05:03:13";"Auch in Finnland waren die Menschen

heute zur Parlamentswahl aufgerufen."
"218";"00:05:03:15";"00:05:03:15";"FABstPd Vor einer Stunde( ( schlossen4¤"
"219";"00:05:03:15";"00:05:03:15";"FABst& die Wahllokale.ÿÿ;p"
"220";"00:05:03:15";"00:05:06:00";"Vor einer Stunde

schlossen die Wahllokale."
"221";"00:05:07:05";"00:05:07:05";"FABstQTNach Auszählung von 50 % der Stimmenÿÿ0"
"222";"00:05:07:05";"00:05:09:07";"Nach AuszÈahlung von 50 % der Stimmen"
"223";"00:05:09:11";"00:05:09:11";"FABstRd liegen Konservative( ( und Sozial#"
"224";"00:05:09:11";"00:05:09:11";"FABst0demokraten gleichauf.ÿÿ1v"
"225";"00:05:09:11";"00:05:12:12";"liegen Konservative

und Sozialdemokraten gleichauf."
"226";"00:05:13:16";"00:05:13:16";"FABstSd Finnland ist seit 1917 unabhängig( ( undËÚ"
"227";"00:05:13:16";"00:05:13:16";"FABst> gehörte vorher zu Russland.ÿÿ#ò"
"228";"00:05:13:16";"00:05:17:12";"Finnland ist seit 1917 unabhÈangig

und gehÈorte vorher zu Russland."
"229";"00:05:17:17";"00:05:17:17";"FABstTd Seit 1995( ( ist das Land M"
"230";"00:05:17:17";"00:05:17:17";"FABst$itglied der EU,ÿÿ=Å"
"231";"00:05:17:17";"00:05:20:13";"Seit 1995

ist das Land Mitglied der EU,"
"232";"00:05:22:23";"00:05:22:23";"FABstUTin Kürze tritt es auch der NATO bei.ÿÿQò"
"233";"00:05:22:23";"00:05:25:23";"in KÈurze tritt es auch der NATO bei."
"234";"00:05:26:03";"00:05:26:03";"FABstVd Etwa 5,5 Mio. Menschen( ( lebQ"
"235";"00:05:26:03";"00:05:26:03";"FABst$en in Finnland.ÿÿ=þ:"
"236";"00:05:26:03";"00:05:29:09";"Etwa 5,5 Mio. Menschen

leben in Finnland."
"237";"00:05:30:00";"00:05:30:00";"FABstWH Einer UN-Erhebung zufolgeÿÿà¨"
"238";"00:05:30:00";"00:05:32:07";"Einer UN-Erhebung zufolge"
"239";"00:05:32:17";"00:05:32:17";"FABstXd ist Finnland( ( das glücklichsÝ@"
"240";"00:05:32:17";"00:05:32:17";"FABst(te Land der Welt.ÿÿ9\"
"241";"00:05:32:17";"00:05:35:19";"ist Finnland

das glÈucklichste Land der Welt."
"242";"00:05:37:12";"00:05:37:12";"FABstYVSie hofft weiter auf ihre Wiederwahl.´"
"243";"00:05:37:12";"00:05:40:03";"Sie hofft weiter auf ihre Wiederwahl."
"244";"00:05:40:23";"00:05:40:23";"FABstZd Ministerpräsidentin Sanna Marin( ( sÇ¬"
"245";"00:05:40:23";"00:05:40:23";"FABst6ieht vor wenigen Minuten3b"
"246";"00:05:40:23";"00:05:44:06";"MinisterprÈasidentin Sanna Marin

sieht vor wenigen Minuten"
"247";"00:05:44:10";"00:05:44:10";"FABst[B erste Auszählungen.ÿÿ6Ú"
"248";"00:05:44:10";"00:05:45:18";"erste AuszÈahlungen."
"249";"00:05:45:22";"00:05:45:22";"FABst\d 1,7 Million Menschen( ( hatten be="
"250";"00:05:45:22";"00:05:45:22";"FABst.reits vorab gewählt.;3f"
"251";"00:05:45:22";"00:05:48:22";"1,7 Million Menschen

hatten bereits vorab gewÈahlt."
"252";"00:05:49:01";"00:05:49:01";"FABst]d Die regierenden Sozialdemokraten( ( lac"
"253";"00:05:49:01";"00:05:49:01";"FABst6nden danach auf Platz 2.ÿÿ+Í"
"254";"00:05:49:01";"00:05:53:06";"Die regierenden Sozialdemokraten

landen danach auf Platz 2."
"255";"00:05:54:09";"00:05:54:09";"FABst^d Früher war es so,( ( dass dieÑ<u>"
"256";"00:05:54:09";"00:05:54:09";"FABst( SozialdemokratenA"
"257";"00:05:54:09";"00:05:57:04";"FrÈuher war es so,

dass die Sozialdemokraten"
"258";"00:05:57:08";"00:05:57:08";"FABst_d in diesen Stimmen( ( gut abges"
"259";"00:05:57:08";"00:05:57:08";"FABst$chnitten haben.Eð"
"260";"00:05:57:08";"00:05:59:21";"in diesen Stimmen

gut abgeschnitten haben."
"261";"00:06:00:00";"00:06:00:00";"FABst`dDann haben wir über den Wahlabend( ( Æ~"
"262";"00:06:00:00";"00:06:00:00";"FABst0 Prozente verloren.ÿÿ1ôò"
"263";"00:06:00:00";"00:06:03:00";"Dann haben wir Èuber den Wahlabend

Prozente verloren."
"264";"00:06:03:04";"00:06:03:04";"FABstad Jetzt habe ich das Gefühl,( ( dasß"
"265";"00:06:03:04";"00:06:03:04";"FABst*s wir überraschen.ÿÿ7(`"
"266";"00:06:03:04";"00:06:06:03";"Jetzt habe ich das GefÈuhl,

dass wir Èuberraschen."
"267";"00:06:06:07";"00:06:06:07";"FABstbdDass sie Finnland in die NATO führt,( ( spþ"
"268";"00:06:06:07";"00:06:06:07";"FABstFielte im Wahlkampf keine Rolle. ÿÿ¼`"
"269";"00:06:06:07";"00:06:10:10";"Dass sie Finnland in die NATO fÈuhrt,

spielte im Wahlkampf keine Rolle."
"270";"00:06:10:14";"00:06:10:14";"FABstcd Die Zustimmung( ( ist über Par¥²"
"271";"00:06:10:14";"00:06:10:14";"FABst&teigrenzen groß.C!n"
"272";"00:06:10:14";"00:06:13:03";"Die Zustimmung

ist Èuber Parteigrenzen groû."
"273";"00:06:13:07";"00:06:13:07";"FABstddVielmehr bestimmten soziale Themen ( ( und FZ"
"274";"00:06:13:07";"00:06:13:07";"FABstDStaatsverschuldung die Debatte.ÿÿê"
"275";"00:06:13:07";"00:06:17:10";"Vielmehr bestimmten soziale Themen

und Staatsverschuldung die Debatte."
"276";"00:06:17:14";"00:06:17:14";"FABsteL Er lag nach den ersten ZahlenÿÿÄ"
"277";"00:06:17:14";"00:06:19:17";"Er lag nach den ersten Zahlen"
"278";"00:06:19:21";"00:06:19:21";"FABstfd mit seiner konservativen( ( Nationale%2"
"279";"00:06:19:21";"00:06:19:21";"FABst6n Sammlungspartei vorne.ÿÿ+¬"
"280";"00:06:19:21";"00:06:23:12";"mit seiner konservativen

Nationalen Sammlungspartei vorne."
"281";"00:06:23:16";"00:06:23:16";"FABstgd Petteri Orpo will Finnlands( ( nächster íÖ"
"282";"00:06:23:16";"00:06:23:16";"FABst8Ministerpräsident werden.ÿÿ))"
"283";"00:06:23:16";"00:06:27:14";"Petteri Orpo will Finnlands

nÈachster MinisterprÈasident werden."
"284";"00:06:27:20";"00:06:27:20";"FABsthd Im Wahlkampf forderte er( ( Kürzungenþ^"
"285";"00:06:27:20";"00:06:27:20";"FABst6 bei den Sozialausgaben.ÿÿ+Õ"
"286";"00:06:27:20";"00:06:31:24";"Im Wahlkampf forderte er

KÈurzungen bei den Sozialausgaben."
"287";"00:06:33:09";"00:06:33:09";"FABstidDass wir bei bei ersten Auszählungen( ("
"288";"00:06:33:09";"00:06:33:09";"FABstFan der Spitze sind, ist stark.#ã<i>"
"289";"00:06:33:09";"00:06:37:05";"Dass wir bei bei ersten AuszÈahlungen

an der Spitze sind, ist stark."
"290";"00:06:37:09";"00:06:37:09";"FABstjdWir hatten einen guten Wahlkampf( ( T&"
"291";"00:06:37:09";"00:06:37:09";"FABst* und ich glaube,?ä"
"292";"00:06:37:09";"00:06:40:02";"Wir hatten einen guten Wahlkampf

und ich glaube,"
"293";"00:06:40:06";"00:06:40:06";"FABstkddass der Spitzenplatz gehalten wird.( ( (*"
"294";"00:06:40:06";"00:06:40:06";"FABst> Ein sehr guter Anfang.+ýF"
"295";"00:06:40:06";"00:06:43:18";"dass der Spitzenplatz gehalten wird.

Ein sehr guter Anfang."
"296";"00:06:43:22";"00:06:43:22";"FABstlRAuch Rikka Purra will an die Macht.øv"
"297";"00:06:43:22";"00:06:46:00";"Auch Rikka Purra will an die Macht."
"298";"00:06:46:04";"00:06:46:04";"FABstmd Ihre rechtspopulistische( ( Pa2"
"299";"00:06:46:04";"00:06:46:04";"FABst$rtei Die Finnenÿÿ="
"300";"00:06:46:04";"00:06:48:17";"Ihre rechtspopulistische

Partei Die Finnen"
"301";"00:06:48:21";"00:06:48:21";"FABstnd will Zuwanderung begrenzen,( ( warnt vornZ"
"302";"00:06:48:21";"00:06:48:21";"FABst8 steigender Kriminalität.ÿÿ)|&"
"303";"00:06:48:21";"00:06:53:03";"will Zuwanderung begrenzen,

warnt vor steigender KriminalitÈat."
"304";"00:06:53:11";"00:06:53:11";"FABstodDie Wahl ist spannend wie selten -( ( 9"
"305";"00:06:53:11";"00:06:53:11";"FABst<noch ist das Rennen offen.-¦"
"306";"00:06:53:11";"00:06:57:00";"Die Wahl ist spannend wie selten -

noch ist das Rennen offen."
"307";"00:06:57:04";"00:06:57:04";"FABstpd Die Sozialdemokraten( ( setzen weit&"
"308";"00:06:57:04";"00:06:57:04";"FABst2er auf die Popularität7"
"309";"00:06:57:04";"00:07:00:05";"Die Sozialdemokraten

setzen weiter auf die PopularitÈat"
"310";"00:07:00:09";"00:07:00:09";"FABstqVihrer Spitzenkandidatin Sanna Marin.ÿÿó<u>"
"311";"00:07:00:09";"00:07:02:12";"ihrer Spitzenkandidatin Sanna Marin."
"312";"00:07:02:16";"00:07:02:16";"FABstrd Sie hat offenbar( ( mehr Wähl×&"
"313";"00:07:02:16";"00:07:02:16";"FABst$er mobilisiert,ÿÿ="
"314";"00:07:02:16";"00:07:04:24";"Sie hat offenbar

mehr WÈahler mobilisiert,"
"315";"00:07:05:03";"00:07:05:03";"FABstsJ als ihr Umfragen zutrauten.ÿÿ©"
"316";"00:07:05:03";"00:07:07:01";"als ihr Umfragen zutrauten."
"317";"00:07:07:05";"00:07:07:05";"FABsttd Ergebnisse( ( werden in der -l"
"318";"00:07:07:05";"00:07:07:05";"FABst$Nacht erwartet.ÿÿ=¼"
"319";"00:07:07:05";"00:07:09:12";"Ergebnisse

werden in der Nacht erwartet."
"320";"00:07:09:16";"00:07:09:16";"FABstuN Die Regierung kommt nicht voranÿÿ§"
"321";"00:07:09:16";"00:07:11:21";"Die Regierung kommt nicht voran"
"322";"00:07:11:23";"00:07:11:23";"FABstvd mit ihrem Vorhaben( ( zum Schutz"
"323";"00:07:11:23";"00:07:11:23";"FABst.vor neuen Pandemien.ÿÿ3"
"324";"00:07:11:23";"00:07:14:21";"mit ihrem Vorhaben

zum Schutz vor neuen Pandemien."
"325";"00:07:15:02";"00:07:15:02";"FABstwdDer Aufbau einer nationalen Reserve( ( 7<u>"
"326";"00:07:15:02";"00:07:15:02";"FABst<mit Masken und Medikamentenÿÿ%Òî"
"327";"00:07:15:02";"00:07:18:20";"Der Aufbau einer nationalen Reserve

mit Masken und Medikamenten"
"328";"00:07:19:00";"00:07:19:00";"FABstxH liege hinter dem Zeitplan.ÿÿý"
"329";"00:07:19:00";"00:07:20:21";"liege hinter dem Zeitplan."
"330";"00:07:21:00";"00:07:21:00";"FABstyP Das berichtet die Welt am SonntagÿÿåÀ"
"331";"00:07:21:00";"00:07:22:23";"Das berichtet die Welt am Sonntag"
"332";"00:07:23:00";"00:07:23:00";"FABstzd unter Berufung( ( auf das GesunA:"
"333";"00:07:23:00";"00:07:23:00";"FABst*dheitsministerium.ÿÿ7»´"
"334";"00:07:23:00";"00:07:25:16";"unter Berufung

auf das Gesundheitsministerium."
"335";"00:07:25:20";"00:07:25:20";"FABst{dDas 2020 beschlossene Projekt befinde( ( sAb"
"336";"00:07:25:20";"00:07:25:20";"FABstHich immer noch im Anfangsstadium.ÿÿ¡Æ"
"337";"00:07:25:20";"00:07:30:21";"Das 2020 beschlossene Projekt befinde

sich immer noch im Anfangsstadium."
"338";"00:07:31:00";"00:07:31:00";"FABst|d Die weitere Finanzierung( ( HÜ"
"339";"00:07:31:00";"00:07:31:00";"FABst"sei ungeklärt.ÿÿ?}"
"340";"00:07:31:00";"00:07:33:12";"Die weitere Finanzierung

sei ungeklÈart."
"341";"00:07:33:16";"00:07:33:16";"FABst}: Ziel ist es,ÿÿ#Ï"
"342";"00:07:33:16";"00:07:34:17";"Ziel ist es,"
"343";"00:07:34:21";"00:07:34:21";"FABst~dDeutschland unabhängiger zu machen( ( von æ("
"344";"00:07:34:21";"00:07:34:21";"FABst>Lieferungen aus dem Ausland.ÿÿ#óÄ"
"345";"00:07:34:21";"00:07:38:24";"Deutschland unabhÈangiger zu machen

von Lieferungen aus dem Ausland."
"346";"00:07:39:17";"00:07:39:17";"FABstd In Polen sind Tausende( ( in Erinneru8"
"347";"00:07:39:17";"00:07:39:17";"FABst6ng an den früheren Papstÿÿ+Cü"
"348";"00:07:39:17";"00:07:43:10";"In Polen sind Tausende

in Erinnerung an den frÈuheren Papst"
"349";"00:07:43:14";"00:07:43:14";"FABst<i>d Johannes Paul II.( ( auf die SÂ"
"350";"00:07:43:14";"00:07:43:14";"FABst$traße gegangen.ÿÿ=!D"
"351";"00:07:43:14";"00:07:46:08";"Johannes Paul II.

auf die Straûe gegangen."
"352";"00:07:46:12";"00:07:46:12";"FABst</i>d Anlass sind Vorwürfe ( ( in e<i><"
"353";"00:07:46:12";"00:07:46:12";"FABst*ner Dokumentation.ÿÿ7Ý"
"354";"00:07:46:12";"00:07:49:16";"Anlass sind VorwÈurfe

in einer Dokumentation."
"355";"00:07:49:20";"00:07:49:20";"FABst<u>d Demnach soll( ( der aus Polen sþØ"
"356";"00:07:49:20";"00:07:49:20";"FABst(tammende Ex-Papstÿÿ9Ä"
"357";"00:07:49:20";"00:07:53:08";"Demnach soll

der aus Polen stammende Ex-Papst"
"358";"00:07:53:13";"00:07:53:13";"FABst</u>d sexualisierte Gewalt durch ihm( ( untersÔÀ"
"359";"00:07:53:13";"00:07:53:13";"FABstDtellte Pfarrer vertuscht haben.ÿÿö"
"360";"00:07:53:13";"00:07:59:00";"sexualisierte Gewalt durch ihm

unterstellte Pfarrer vertuscht haben."
"361";"00:08:00:02";"00:08:00:02";"FABstd Die Berichte sorgen in dem Land( ( seitt"
"362";"00:08:00:02";"00:08:00:02";"FABst< Wochen für Erschütterung. ÿÿ%Ò0"
"363";"00:08:00:02";"00:08:04:06";"Die Berichte sorgen in dem Land

seit Wochen fÈur ErschÈutterung."
"364";"00:08:05:11";"00:08:05:11";"FABstd Sie wollen die Anschuldigungen( ( ÎÌ"
"365";"00:08:05:11";"00:08:05:11";"FABst*gegen ihren Papst?¶V"
"366";"00:08:05:11";"00:08:08:06";"Sie wollen die Anschuldigungen

gegen ihren Papst"
"367";"00:08:08:10";"00:08:08:10";"FABstVnicht ohne Widerspruch stehen lassen.0f"
"368";"00:08:08:10";"00:08:10:14";"nicht ohne Widerspruch stehen lassen."
"369";"00:08:10:18";"00:08:10:18";"FABstd Tausende ziehen am 18. Todestag( ( ¸"
"370";"00:08:10:18";"00:08:10:18";"FABst2von Johannes Paul II.ÿÿ/v"
"371";"00:08:10:18";"00:08:13:23";"Tausende ziehen am 18. Todestag

von Johannes Paul II."
"372";"00:08:14:02";"00:08:14:02";"FABstd durch Warschau( ( und andere pÉì"
"373";"00:08:14:02";"00:08:14:02";"FABst&olnische Städte.ÿÿ;Q¼"
"374";"00:08:14:02";"00:08:16:14";"durch Warschau

und andere polnische StÈadte."
"375";"00:08:16:18";"00:08:16:18";"FABstd Beten für ihn,( ( halten seinFp"
"376";"00:08:16:18";"00:08:16:18";"FABst$ Andenken hoch.ÿÿ=öP"
"377";"00:08:16:18";"00:08:19:09";"Beten fÈur ihn,

halten sein Andenken hoch."
"378";"00:08:19:13";"00:08:19:13";"FABst
d"Wie du uns damals verteidigt hast,( ( vØä"
"379";"00:08:19:13";"00:08:19:13";"FABst<erteidigen wir dich heute",ÿÿ%×8"
"380";"00:08:19:13";"00:08:23:07";""Wie du uns damals verteidigt hast,

verteidigen wir dich heute","
"381";"00:08:23:11";"00:08:23:11";"FABstF steht auf einem Banner.ÿÿc"
"382";"00:08:23:11";"00:08:25:08";"steht auf einem Banner."
"383";"00:08:26:05";"00:08:26:05";"FABstJ Der Papst ist ein Heiliger.ö"
"384";"00:08:26:05";"00:08:28:13";"Der Papst ist ein Heiliger."
"385";"00:08:28:22";"00:08:28:22";"FABstd Wenn man Autoritäten zerstört,( ( zerêâ"
"386";"00:08:28:22";"00:08:28:22";"FABst2stört man alle Werte 7"
"387";"00:08:28:22";"00:08:32:16";"Wenn man AutoritÈaten zerstÈort,

zerstÈort man alle Werte Ð"
"388";"00:08:32:20";"00:08:32:20";"FABstH Menschen, Kirche, Familie.nò"
"389";"00:08:32:20";"00:08:34:24";"Menschen, Kirche, Familie."
"390";"00:08:37:20";"00:08:37:20";"FABstd Johannes Paul II.( ( hat sein LeÁ"
"391";"00:08:37:20";"00:08:37:20";"FABst(ben lang gezeigt,A·t"
"392";"00:08:37:20";"00:08:40:21";"Johannes Paul II.

hat sein Leben lang gezeigt,"
"393";"00:08:41:01";"00:08:41:01";"FABstB wie stark Liebe ist.# `"
"394";"00:08:41:01";"00:08:42:14";"wie stark Liebe ist."
"395";"00:08:42:18";"00:08:42:18";"FABstPDas sollte uns eine Lektion sein.ÿÿ^@"
"396";"00:08:42:18";"00:08:44:18";"Das sollte uns eine Lektion sein."
"397";"00:08:44:22";"00:08:44:22";"FABstd Alles andere sollte( ( von Behörd>b"
"398";"00:08:44:22";"00:08:44:22";"FABst0en aufgeklärt werden.ÿÿ1Sl"
"399";"00:08:44:22";"00:08:48:10";"Alles andere sollte

von BehÈorden aufgeklÈart werden."
"400";"00:08:50:21";"00:08:50:21";"FABstd Anlass für die Kundgebung( ( ist`B"
"401";"00:08:50:21";"00:08:50:21";"FABst. eine Dokumentation ÿÿ3"
"402";"00:08:50:21";"00:08:53:21";"Anlass fÈur die Kundgebung

ist eine Dokumentation"
"403";"00:08:54:00";"00:08:54:00";"FABstd über Johannes Paul( ( vor kna7>"
"404";"00:08:54:00";"00:08:54:00";"FABst$pp vier Wochen.ÿÿ=ê("
"405";"00:08:54:00";"00:08:56:09";"Èuber Johannes Paul

vor knapp vier Wochen."
"406";"00:08:56:13";"00:08:56:13";"FABstd Darin wird er beschuldigt,( ( als ÇF"
"407";"00:08:56:13";"00:08:56:13";"FABst.Erzbischof in Krakauÿÿ3ç¤"
"408";"00:08:56:13";"00:09:00:09";"Darin wird er beschuldigt,

als Erzbischof in Krakau"
"409";"00:09:00:13";"00:09:00:13";"FABstdsexualisierte Gewalt von Priestern( ( é"
"410";"00:09:00:13";"00:09:00:13";"FABst0vertuscht zu haben.ÿÿ1Á"
"411";"00:09:00:13";"00:09:04:17";"sexualisierte Gewalt von Priestern

vertuscht zu haben."
"412";"00:09:05:08";"00:09:05:08";"FABstL Die Vorwürfe spalten das Land.ÿÿØæ"
"413";"00:09:05:08";"00:09:07:22";"Die VorwÈurfe spalten das Land."
"414";"00:09:08:22";"00:09:08:22";"FABstd In Lodz wurde eine Statue( ( des â"
"415";"00:09:08:22";"00:09:08:22";"FABst0verstorbenen Papstes ÿÿ1¥L"
"416";"00:09:08:22";"00:09:11:23";"In Lodz wurde eine Statue

des verstorbenen Papstes"
"417";"00:09:12:02";"00:09:12:02";"FABstD mit Farbe beschmiert.ÿÿ&"
"418";"00:09:12:02";"00:09:13:09";"mit Farbe beschmiert."
"419";"00:09:13:13";"00:09:13:13";"FABstd Maxima Culpa größte Schuld,( ( habeîÄ"
"420";"00:09:13:13";"00:09:13:13";"FABst8n Unbekannte geschrieben.ÿÿ)öJ"
"421";"00:09:13:13";"00:09:17:01";"Maxima Culpa Ð grÈoûte Schuld,

haben Unbekannte geschrieben."
"422";"00:09:17:05";"00:09:17:05";"FABstd Ministerpräsident Morawiecki( ( meldet bÜ"
"423";"00:09:17:05";"00:09:17:05";"FABst8sich auf twitter zu Wort:ÿÿ)ér"
"424";"00:09:17:05";"00:09:20:17";"MinisterprÈasident Morawiecki

meldet sich auf twitter zu Wort:"
"425";"00:09:20:22";"00:09:20:22";"FABst@ Er ruft dazu auf,ÿÿR4"
"426";"00:09:20:22";"00:09:22:00";"Er ruft dazu auf,"
"427";"00:09:22:04";"00:09:22:04";"FABstd sich gegen Lügen, Verleumdung( ( und 2x"
"428";"00:09:22:04";"00:09:22:04";"FABst8Beleidigungen zu stellen.ÿÿ)î2"
"429";"00:09:22:04";"00:09:26:02";"sich gegen LÈugen, Verleumdung

und Beleidigungen zu stellen."
"430";"00:09:26:08";"00:09:26:08";"FABstd Johannes Paul II.( ( gilt vielen¾"
"431";"00:09:26:08";"00:09:26:08";"FABst6 Polen als Nationalheld.3î¢"
"432";"00:09:26:08";"00:09:29:23";"Johannes Paul II.

gilt vielen Polen als Nationalheld."
"433";"00:09:30:03";"00:09:30:03";"FABstdDie Kontroverse dürfte bei der Wahl( ( imØ"
"434";"00:09:30:03";"00:09:30:03";"FABstH Herbst eine große Rolle spielen !\"
"435";"00:09:30:03";"00:09:34:17";"Die Kontroverse dÈurfte bei der Wahl

im Herbst eine groûe Rolle spielen"
"436";"00:09:34:21";"00:09:34:21";"FABst dund v.a. von der konservativen PiS( ( Èv"
"437";"00:09:34:21";"00:09:34:21";"FABst0 genutzt werden.ÿÿ1&"
"438";"00:09:34:21";"00:09:38:07";"und v.a. von der konservativen PiS

genutzt werden."
"439";"00:09:40:07";"00:09:40:07";"FABst¡> Papst Franziskusÿÿê"
"440";"00:09:40:07";"00:09:41:13";"Papst Franziskus"
"441";"00:09:41:17";"00:09:41:17";"FABst¢d hat auf dem Petersplatz in Rom( ( heute ê"
"442";"00:09:41:17";"00:09:41:17";"FABstDdie Palmsonntagsmesse gefeiert.ÿÿ¹¢"
"443";"00:09:41:17";"00:09:45:17";"hat auf dem Petersplatz in Rom

heute die Palmsonntagsmesse gefeiert."
"444";"00:09:45:20";"00:09:45:20";"FABst£d Der 86-Jährige( ( wurde zuvor ¦"
"445";"00:09:45:20";"00:09:45:20";"FABst(mit dem Papamobilÿÿ9¥¼"
"446";"00:09:45:20";"00:09:48:15";"Der 86-JÈahrige

wurde zuvor mit dem Papamobil"
"447";"00:09:48:20";"00:09:48:20";"FABst¤d über den Platz mit etwa ( ( 60.000iT"
"448";"00:09:48:20";"00:09:48:20";"FABst. Gläubigen gefahren.ÿÿ3:"
"449";"00:09:48:20";"00:09:52:15";"Èuber den Platz mit etwa

60.000 GlÈaubigen gefahren."
"450";"00:09:53:02";"00:09:53:02";"FABst¥d Franziskus hatte gestern( ( das KrÛ"
"451";"00:09:53:02";"00:09:53:02";"FABst.ankenhaus verlassen.ÿÿ3ù8"
"452";"00:09:53:02";"00:09:56:08";"Franziskus hatte gestern

das Krankenhaus verlassen."
"453";"00:09:56:12";"00:09:56:12";"FABst¦d Aus dem Vatikan hieß es, ( ( nach qà"
"454";"00:09:56:12";"00:09:56:12";"FABst2dreitägiger Behandlungÿÿ/"
"455";"00:09:56:12";"00:10:00:09";"Aus dem Vatikan hieû es,

nach dreitÈagiger Behandlung"
"456";"00:10:00:13";"00:10:00:13";"FABst§d wegen einer Bronchitis( ( gehe es ih¾r"
"457";"00:10:00:13";"00:10:00:13";"FABst2m nun deutlich besser.ÿÿ/ø2"
"458";"00:10:00:13";"00:10:04:12";"wegen einer Bronchitis

gehe es ihm nun deutlich besser."
"459";"00:10:06:14";"00:10:06:14";"FABst¨d In Thüringen sind( ( bei einemUÜ"
"460";"00:10:06:14";"00:10:06:14";"FABst$ Verkehrsunfallÿÿ=î "
"461";"00:10:06:14";"00:10:09:00";"In ThÈuringen sind

bei einem Verkehrsunfall"
"462";"00:10:09:04";"00:10:09:04";"FABst©dsieben Menschen ums Leben gekommen, ( ( dreÄ"
"463";"00:10:09:04";"00:10:09:04";"FABstHi weitere wurden schwer verletzt.ÿÿV"
"464";"00:10:09:04";"00:10:13:12";"sieben Menschen ums Leben gekommen,

drei weitere wurden schwer verletzt."
"465";"00:10:13:17";"00:10:13:17";"FABstªd Der Unfall ereignete sich gestern( ( auÍ"
"466";"00:10:13:17";"00:10:13:17";"FABst:f der B247 in einer Kurve.ÿÿ'µÊ"
"467";"00:10:13:17";"00:10:17:09";"Der Unfall ereignete sich gestern

auf der B247 in einer Kurve."
"468";"00:10:17:13";"00:10:17:13";"FABst«d Aus ungeklärter Ursache( ( geriet eiO"
"469";"00:10:17:13";"00:10:17:13";"FABst>n Wagen in den Gegenverkehr,ÿÿ#»N"
"470";"00:10:17:13";"00:10:21:02";"Aus ungeklÈarter Ursache

geriet ein Wagen in den Gegenverkehr,"
"471";"00:10:21:06";"00:10:21:06";"FABst¬d stieß mit zwei anderen Fahrzeugen( ( RÆ"
"472";"00:10:21:06";"00:10:21:06";"FABst( zusammen.ÿÿ9Ä~"
"473";"00:10:21:06";"00:10:23:21";"stieû mit zwei anderen Fahrzeugen

zusammen."
"474";"00:10:24:00";"00:10:24:00";"FABst­d Der mutmaßliche Verursacher ( ( besit<ê"
"475";"00:10:24:00";"00:10:24:00";"FABst4zt keinen Führerschein.ÿÿ-{¬"
"476";"00:10:24:00";"00:10:28:14";"Der mutmaûliche Verursacher

besitzt keinen FÈuhrerschein."
"477";"00:10:29:12";"00:10:29:12";"FABst®d Möglicherweise( ( habe er AlkNþ"
"478";"00:10:29:12";"00:10:29:12";"FABst$ohol getrunken.ÿÿ=</i>&"
"479";"00:10:29:12";"00:10:32:11";"MÈoglicherweise

habe er Alkohol getrunken."
"480";"00:10:35:19";"00:10:35:19";"FABst¯RZum Sport - zur Fußball-Bundesliga:ÿÿþ"
"481";"00:10:35:19";"00:10:38:08";"Zum Sport - zur Fuûball-Bundesliga:"
"482";"00:10:38:20";"00:10:38:20";"FABst°d Dort hat sich Hoffenheim( ( a<u>"
"483";"00:10:38:20";"00:10:38:20";"FABst"m 26. Spieltagÿÿ?Z"
"484";"00:10:38:20";"00:10:41:16";"Dort hat sich Hoffenheim

am 26. Spieltag"
"485";"00:10:41:20";"00:10:41:20";"FABst±d etwas Luft( ( im Abstiegskam`"
"486";"00:10:41:20";"00:10:41:20";"FABst"pf verschafft.ÿÿ?ä("
"487";"00:10:41:20";"00:10:44:15";"etwas Luft

im Abstiegskampf verschafft."
"488";"00:10:44:19";"00:10:44:19";"FABst²VDie TSG gewann 2:1 bei Werder Bremen.ÿÿcn"
"489";"00:10:44:19";"00:10:47:14";"Die TSG gewann 2:1 bei Werder Bremen."
"490";"00:10:47:21";"00:10:47:21";"FABst³d Im rheinischen Derby( ( hatten sÛ6"
"491";"00:10:47:21";"00:10:47:21";"FABst*ich der 1. FC Kölnÿÿ7D"
"492";"00:10:47:21";"00:10:51:10";"Im rheinischen Derby

hatten sich der 1. FC KÈoln"
"493";"00:10:51:16";"00:10:51:16";"FABst´d und Borussia Mönchengladbach( ( ("
"494";"00:10:51:16";"00:10:51:16";"FABst$0:0 getrennt.ÿÿ=Õ@"
"495";"00:10:51:16";"00:10:54:14";"und Borussia MÈonchengladbach

0:0 getrennt."
"496";"00:10:55:24";"00:10:55:24";"FABstµd Große Vorfreude in Köln( ( auf dasN"
"497";"00:10:55:24";"00:10:55:24";"FABst2 96. rheinische Derby.7"
"498";"00:10:55:24";"00:10:59:20";"Groûe Vorfreude in KÈoln

auf das 96. rheinische Derby."
"499";"00:10:59:24";"00:10:59:24";"FABst¶d Die meisten der 50.000 hoffen( ( auf drei¨¾"
"500";"00:10:59:24";"00:10:59:24";"FABst: Punkte gegen den Abstieg./¼"
"501";"00:10:59:24";"00:11:04:08";"Die meisten der 50.000 hoffen

auf drei Punkte gegen den Abstieg."
"502";"00:11:04:20";"00:11:04:20";"FABst·d Köln mit dem besseren Start -( ( Sch-"
"503";"00:11:04:20";"00:11:04:20";"FABst6indler nach elf Minuten.ÿÿ+Íþ"
"504";"00:11:04:20";"00:11:08:20";"KÈoln mit dem besseren Start -

Schindler nach elf Minuten."
"505";"00:11:09:07";"00:11:09:07";"FABst¸d Die Gladbacher eher zurückhaltend( ( ü"
"506";"00:11:09:07";"00:11:09:07";"FABst4in der ersten Hälfte,ÿÿ- ."
"507";"00:11:09:07";"00:11:13:02";"Die Gladbacher eher zurÈuckhaltend

in der ersten HÈalfte,"
"508";"00:11:13:07";"00:11:13:07";"FABst¹d dann in der Mitte( ( Hübersì"
"509";"00:11:13:07";"00:11:13:07";"FABst$ gegen Neuhaus:ÿÿ=ñ0"
"510";"00:11:13:07";"00:11:16:04";"dann in der Mitte

HÈubers gegen Neuhaus:"
"511";"00:11:16:11";"00:11:16:11";"FABstºd Schiedsrichter Zwayer( ( und der VAR ö&"
"512";"00:11:16:11";"00:11:16:11";"FABst2geben keinen Elfmeter.ÿÿ/"
"513";"00:11:16:11";"00:11:20:04";"Schiedsrichter Zwayer

und der VAR geben keinen Elfmeter."
"514";"00:11:20:12";"00:11:20:12";"FABst»N Den hätte es aber geben müssen.ÿÿD¶"
"515";"00:11:20:12";"00:11:23:03";"Den hÈatte es aber geben mÈussen."
"516";"00:11:25:08";"00:11:25:08";"FABst¼d Viel Glück also für den FC, ( ( der wÙT"
"517";"00:11:25:08";"00:11:25:08";"FABst4eiter mehr investierte.ÿÿ-Ûª"
"518";"00:11:25:08";"00:11:30:01";"Viel GlÈuck also fÈur den FC,

der weiter mehr investierte."
"519";"00:11:31:18";"00:11:31:18";"FABst½d Schindler und Omlin - der Torwart( ( b¹b"
"520";"00:11:31:18";"00:11:31:18";"FABst:ester Mann bei den Gästen.ÿÿ')ô"
"521";"00:11:31:18";"00:11:36:01";"Schindler und Omlin - der Torwart

bester Mann bei den GÈasten."
"522";"00:11:36:11";"00:11:36:11";"FABst¾d Das bleibt auch so( ( bei dem Vt"
"523";"00:11:36:11";"00:11:36:11";"FABst*ersuch von Martel.ÿÿ7"
"524";"00:11:36:11";"00:11:40:04";"Das bleibt auch so

bei dem Versuch von Martel."
"525";"00:11:40:10";"00:11:40:10";"FABst¿< 0:0 zur Pause.ÿÿ!|"
"526";"00:11:40:10";"00:11:42:10";"0:0 zur Pause."
"527";"00:11:43:10";"00:11:43:10";"FABstÀd Danach hat Gladbach( ( 15 aèf"
"528";"00:11:43:10";"00:11:43:10";"FABst$ktive Minuten, ÿÿ=ý"
"529";"00:11:43:10";"00:11:46:09";"Danach hat Gladbach

15 aktive Minuten,"
"530";"00:11:46:15";"00:11:46:15";"FABstÁVden Rest bestimmen wieder die Kölner.ÿÿ&"
"531";"00:11:46:15";"00:11:49:16";"den Rest bestimmen wieder die KÈolner."
"532";"00:11:50:00";"00:11:50:00";"FABstÂd Martel - die letzte Chance( ( in  "
"533";"00:11:50:00";"00:11:50:00";"FABst*der Nachspielzeit,ÿÿ7Ê0"
"534";"00:11:50:00";"00:11:53:04";"Martel - die letzte Chance

in der Nachspielzeit,"
"535";"00:11:53:11";"00:11:53:11";"FABstÃH das Derby endet ohne Tore.ÿÿ5"
"536";"00:11:53:11";"00:11:55:01";"das Derby endet ohne Tore."
"537";"00:12:15:22";"00:12:15:22";"FABstÄL Das ist ein Grund zum Feiern:ÿÿ"
"538";"00:12:15:22";"00:12:17:23";"Das ist ein Grund zum Feiern:"
"539";"00:12:18:02";"00:12:18:02";"FABstÅTSegler Boris Herrmann und seine Crewÿÿ;:"
"540";"00:12:18:02";"00:12:20:04";"Segler Boris Herrmann und seine Crew"
"541";"00:12:20:08";"00:12:20:08";"FABstÆd gewannen beim Ocean Race( ( die KöniLª"
"542";"00:12:20:08";"00:12:20:08";"FABst2gsetappe um Kap Hoorn.ÿÿ/éx"
"543";"00:12:20:08";"00:12:23:17";"gewannen beim Ocean Race

die KÈonigsetappe um Kap Hoorn."
"544";"00:12:24:00";"00:12:24:00";"FABstÇd Bei der Regatta um die ganze Welt( ( liegà"
"545";"00:12:24:00";"00:12:24:00";"FABst@en sie auf Gesamtplatz zwei. ÿÿ!ßÖ"
"546";"00:12:24:00";"00:12:28:01";"Bei der Regatta um die ganze Welt

liegen sie auf Gesamtplatz zwei."
"547";"00:12:28:05";"00:12:28:05";"FABstÈVNach dem Start in Alicante in Spanienÿÿ"
"548";"00:12:28:05";"00:12:31:05";"Nach dem Start in Alicante in Spanien"
"549";"00:12:33:16";"00:12:33:16";"FABstÉd ging es über die Kapverden( ( qÄ"
"550";"00:12:33:16";"00:12:33:16";"FABst$nach Kapstadt.ÿÿ=Ùr"
"551";"00:12:33:16";"00:12:36:02";"ging es Èuber die Kapverden

nach Kapstadt."
"552";"00:12:36:06";"00:12:36:06";"FABstÊd Dort begann die über 27.000 km( ( &"
"553";"00:12:36:06";"00:12:36:06";"FABst,lange Königsetappeÿÿ5J"
"554";"00:12:36:06";"00:12:39:03";"Dort begann die Èuber 27.000 km

lange KÈonigsetappe"
"555";"00:12:39:07";"00:12:39:07";"FABstËL bis nach Itajai in Brasilien.ÿÿ}ú"
"556";"00:12:39:07";"00:12:41:05";"bis nach Itajai in Brasilien."
"557";"00:12:41:11";"00:12:41:11";"FABstÌd Das Ocean Race( ( geht weiter ØB"
"558";"00:12:41:11";"00:12:41:11";"FABst(über Nordamerika,ÿÿ96"
"559";"00:12:41:11";"00:12:44:10";"Das Ocean Race

geht weiter Èuber Nordamerika,"
"560";"00:12:44:14";"00:12:44:14";"FABstÍd bis das Ziel Genua ( ( im JuN"
"561";"00:12:44:14";"00:12:44:14";"FABst&ni erreicht ist.ÿÿ;¡"
"562";"00:12:44:14";"00:12:47:07";"bis das Ziel Genua

im Juni erreicht ist."
"563";"00:12:49:09";"00:12:49:09";"FABstÎVItajai, Brasilien, Ortszeit 2.20 Uhr.[¸"
"564";"00:12:49:09";"00:12:51:21";"Itajai, Brasilien, Ortszeit 2.20 Uhr."
"565";"00:12:52:00";"00:12:52:00";"FABstÏd Boris Herrmann( ( und seine·\"
"566";"00:12:52:00";"00:12:52:00";"FABst" Crew am Ziel.Gü"
"567";"00:12:52:00";"00:12:54:20";"Boris Herrmann

und seine Crew am Ziel."
"568";"00:12:54:24";"00:12:54:24";"FABstÐd Diese Etappe ist für uns( ( wie ein w,º"
"569";"00:12:54:24";"00:12:54:24";"FABst4ahr gewordenes Märchen.5f"
"570";"00:12:54:24";"00:12:58:11";"Diese Etappe ist fÈur uns

wie ein wahr gewordenes MÈarchen."
"571";"00:12:58:16";"00:12:58:16";"FABstÑVWeil wir überlegt haben, aufzugeben.ÇÄ"
"572";"00:12:58:16";"00:13:01:00";"Weil wir Èuberlegt haben, aufzugeben."
"573";"00:13:01:04";"00:13:01:04";"FABstÒd 35 Tage sind sie unterwegs, ( ( auf dßþ"
"574";"00:13:01:04";"00:13:01:04";"FABst4er Malizia Seaexplorer.ÿÿ-Ê"
"575";"00:13:01:04";"00:13:04:21";"35 Tage sind sie unterwegs,

auf der Malizia Seaexplorer."
"576";"00:13:05:00";"00:13:05:00";"FABstÓF Der Frust beim Skipper,ÿÿ;"
"577";"00:13:05:00";"00:13:06:14";"Der Frust beim Skipper,"
"578";"00:13:06:19";"00:13:06:19";"FABstÔd als im Mast-Top( ( ein Riss"
"579";"00:13:06:19";"00:13:06:19";"FABst$ entdeckt wird.ÿÿ=Ð4"
"580";"00:13:06:19";"00:13:09:07";"als im Mast-Top

ein Riss entdeckt wird."
"581";"00:13:09:11";"00:13:09:11";"FABstÕP Eine Reparatur in 28 Metern Höhe.ÿÿ¹¼"
"582";"00:13:09:11";"00:13:11:15";"Eine Reparatur in 28 Metern HÈohe."
"583";"00:13:11:19";"00:13:11:19";"FABstÖd Sie jagen den drei anderen( ( teilnehmÁÌ"
"584";"00:13:11:19";"00:13:11:19";"FABst8enden Schiffen hinterher.ÿÿ)ÿ@"
"585";"00:13:11:19";"00:13:15:09";"Sie jagen den drei anderen

teilnehmenden Schiffen hinterher."
"586";"00:13:15:13";"00:13:15:13";"FABst×d Dabei wird die Niederländerin( ( hÊ"
"587";"00:13:15:13";"00:13:15:13";"FABst( Rosalin Kuiperÿÿ9"
"588";"00:13:15:13";"00:13:18:00";"Dabei wird die NiederlÈanderin

Rosalin Kuiper"
"589";"00:13:18:06";"00:13:18:06";"FABstØH aus der Koje geschleudert:ÿÿDl"
"590";"00:13:18:06";"00:13:19:19";"aus der Koje geschleudert:"
"591";"00:13:19:21";"00:13:19:21";"FABstÙN Platzwunde, Gehirnerschütterung.ÿÿj"
"592";"00:13:19:21";"00:13:21:19";"Platzwunde, GehirnerschÈutterung."
"593";"00:13:21:23";"00:13:21:23";"FABstÚd Wo Südpazifik( ( und SüdatlantikÌ¸"
"594";"00:13:21:23";"00:13:21:23";"FABst( zusammentreffen,ÿÿ9<u>"
"595";"00:13:21:23";"00:13:24:14";"Wo SÈudpazifik

und SÈudatlantik zusammentreffen,"
"596";"00:13:24:19";"00:13:24:19";"FABstÛD sind sie wieder vorn.ÿÿ/Æ"
"597";"00:13:24:19";"00:13:26:06";"sind sie wieder vorn."
"598";"00:13:26:21";"00:13:26:21";"FABstÜ8 Kap Hoorn.ÿÿ%"
"599";"00:13:26:21";"00:13:28:16";"Kap Hoorn."
"600";"00:13:29:00";"00:13:29:00";"FABstÝL Mit der Holcim PRB Bug an Bug.ÿÿ$"
"601";"00:13:29:00";"00:13:31:08";"Mit der Holcim PRB Bug an Bug."
"602";"00:13:31:12";"00:13:31:12";"FABstÞdEin Zweikampf, den das Team Malizia( ( ¨^"
"603";"00:13:31:12";"00:13:31:12";"FABst:für sich entscheiden kann.ÿÿ'i"
"604";"00:13:31:12";"00:13:36:05";"Ein Zweikampf, den das Team Malizia

fÈur sich entscheiden kann."
"605";"00:13:37:24";"00:13:37:24";"FABstßF That is the final push.ÿÿ^"
"606";"00:13:37:24";"00:13:40:09";"That is the final push."
"607";"00:13:41:16";"00:13:41:16";"FABstàd Im Ziel nach 27.250 km,( ( den längst"
"608";"00:13:41:16";"00:13:41:16";"FABst2en Abschnitt gewonnen.ÿÿ/r"
"609";"00:13:41:16";"00:13:46:01";"Im Ziel nach 27.250 km,

den lÈangsten Abschnitt gewonnen."
"610";"00:13:46:11";"00:13:46:11";"FABstáL In drei Wochen geht es weiter.ÿÿBê"
"611";"00:13:46:11";"00:13:48:13";"In drei Wochen geht es weiter."
"612";"00:13:48:17";"00:13:48:17";"FABstâd Mit der vierten Etappe( ( nacØê"
"613";"00:13:48:17";"00:13:48:17";"FABst"h Newport/USA.ÿÿ?»ä"
"614";"00:13:48:17";"00:13:51:06";"Mit der vierten Etappe

nach Newport/USA."
"615";"00:13:52:13";"00:13:52:13";"FABstãd Und nun die Wettervorhersage( ( für _æ"
"616";"00:13:52:13";"00:13:52:13";"FABst2Montag, den 3. April: ÿÿ/ì"
"617";"00:13:52:13";"00:13:56:01";"Und nun die Wettervorhersage

fÈur Montag, den 3. April:"
"618";"00:13:57:17";"00:13:57:17";"FABstäd In der neuen Woche( ( beschert un</u>Z"
"619";"00:13:57:17";"00:13:57:17";"FABst,s Hochdruckeinflussÿÿ5ý^"
"620";"00:13:57:17";"00:14:00:15";"In der neuen Woche

beschert uns Hochdruckeinfluss"
"621";"00:14:00:19";"00:14:00:19";"FABståd mit trocken-kalter Luft( ( häu2t"
"622";"00:14:00:19";"00:14:00:19";"FABst*fig Sonnenschein. ÿÿ7ª"
"623";"00:14:00:19";"00:14:03:06";"mit trocken-kalter Luft

hÈaufig Sonnenschein."
"624";"00:14:03:10";"00:14:03:10";"FABstædIm Norden klart es heute Nacht auf,( ( øì"
"625";"00:14:03:10";"00:14:03:10";"FABst8während vom Schwarzwaldÿÿ)6Ò"
"626";"00:14:03:10";"00:14:06:19";"Im Norden klart es heute Nacht auf,

wÈahrend vom Schwarzwald"
"627";"00:14:06:23";"00:14:06:23";"FABstçd bis ins östliche Bergland( ( RegeFÞ"
"628";"00:14:06:23";"00:14:06:23";"FABst0n oder Schnee fällt. ÿÿ1p"
"629";"00:14:06:23";"00:14:10:04";"bis ins Èostliche Bergland

Regen oder Schnee fÈallt."
"630";"00:14:10:08";"00:14:10:08";"FABstèPStellenweise besteht Glättegefahr.ÿÿ"
"631";"00:14:10:08";"00:14:12:10";"Stellenweise besteht GlÈattegefahr."
"632";"00:14:12:14";"00:14:12:14";"FABstédIm Osten und Süden beginnt der Tag( ( wolki"
"633";"00:14:12:14";"00:14:12:14";"FABst@g, sonst ist es meist sonnig.ÿÿ!°þ"
"634";"00:14:12:14";"00:14:16:22";"Im Osten und SÈuden beginnt der Tag

wolkig, sonst ist es meist sonnig."
"635";"00:14:17:05";"00:14:17:05";"FABstêN Später tauchen Quellwolken auf,ÿÿ¡"
"636";"00:14:17:05";"00:14:19:04";"SpÈater tauchen Quellwolken auf,"
"637";"00:14:19:08";"00:14:19:08";"FABstëd die im südöstlichen Bergland ( ( einzeç`"
"638";"00:14:19:08";"00:14:19:08";"FABst:lne Schneeschauer bringen.ÿÿ'b"
"639";"00:14:19:08";"00:14:23:17";"die im sÈudÈostlichen Bergland

einzelne Schneeschauer bringen."
"640";"00:14:25:07";"00:14:25:07";"FABstìd An der See und im Südwesten( ( hew:"
"641";"00:14:25:07";"00:14:25:07";"FABst.ute Nacht frostfrei,ÿÿ3"
"642";"00:14:25:07";"00:14:28:11";"An der See und im SÈudwesten

heute Nacht frostfrei,"
"643";"00:14:28:15";"00:14:28:15";"FABstíJ sonst verbreitet Minusgrade.ÿÿ"
"644";"00:14:28:15";"00:14:30:19";"sonst verbreitet Minusgrade."
"645";"00:14:34:22";"00:14:34:22";"FABstîd Am Dienstag Sonne,( ( ab und zu WoÌr"
"646";"00:14:34:22";"00:14:34:22";"FABst6lken und weiterhin kalt.ÿÿ+è¦"
"647";"00:14:34:22";"00:14:38:01";"Am Dienstag Sonne,

ab und zu Wolken und weiterhin kalt."
"648";"00:14:38:05";"00:14:38:05";"FABstïd In den folgenden Tagen( ( stellenweÔ2"
"649";"00:14:38:05";"00:14:38:05";"FABst2ise Regen oder Schnee.ÿÿ/ð"
"650";"00:14:38:05";"00:14:41:06";"In den folgenden Tagen

stellenweise Regen oder Schnee."
"651";"00:14:41:10";"00:14:41:10";"FABstðL Am Mittwoch Sonne und Wolken,ÿÿMê"
"652";"00:14:41:10";"00:14:43:06";"Am Mittwoch Sonne und Wolken,"
"653";"00:14:43:08";"00:14:43:08";"FABstñd am Donnerstag( ( gewinnt die SÞ"
"654";"00:14:43:08";"00:14:43:08";"FABst*onne die Oberhand.ÿÿ7Ü"
"655";"00:14:43:08";"00:14:46:04";"am Donnerstag

gewinnt die Sonne die Oberhand."
"656";"00:14:47:15";"00:14:47:15";"FABstòd Um 23.20 Uhr schaut Caren Miosga( ( Â¢"
"657";"00:14:47:15";"00:14:47:15";"FABst.in den tagesthemenÿÿ3ã4"
"658";"00:14:47:15";"00:14:51:04";"Um 23.20 Uhr schaut Caren Miosga

in den tagesthemen"
"659";"00:14:51:09";"00:14:51:09";"FABstód zu dem künftigen( ( Nato-MitD"
"660";"00:14:51:09";"00:14:51:09";"FABst$glied Finnland.ÿÿ=±L"
"661";"00:14:51:09";"00:14:54:19";"zu dem kÈunftigen

Nato-Mitglied Finnland."
"662";"00:14:55:17";"00:14:55:17";"FABstôd Und wie die Wahl ausgeht für( ( Ministemn"
"663";"00:14:55:17";"00:14:55:17";"FABst8rpräsidentin Sanna Marin.ÿÿ)Jp"
"664";"00:14:55:17";"00:14:59:03";"Und wie die Wahl ausgeht fÈur

MinisterprÈasidentin Sanna Marin."
"665";"00:14:59:07";"00:14:59:07";"FABstõ2 Und:ÿÿ+Lâ"
"666";"00:14:59:07";"00:15:00:08";"Und:"
"667";"00:15:00:13";"00:15:00:13";"FABstö6 Im Iranÿÿ'2X"
"668";"00:15:00:13";"00:15:01:13";"Im Iran"
"669";"00:15:01:17";"00:15:01:17";"FABst÷düben immer mehr Männer Selbstjustiz( ( <"
"670";"00:15:01:17";"00:15:01:17";"FABst<gegen Frauen ohne Kopftuch.ÿÿ%t"
"671";"00:15:01:17";"00:15:05:07";"Èuben immer mehr MÈanner Selbstjustiz

gegen Frauen ohne Kopftuch."
"672";"00:15:05:11";"00:15:05:11";"FABstød Ich wünsche Ihnen( ( noch einen RL"
"673";"00:15:05:11";"00:15:05:11";"FABst(angenehmen Abend.ÿÿ9¶Â"
"674";"00:15:05:11";"00:15:08:02";"Ich wÈunsche Ihnen

noch einen angenehmen Abend."
"675";"00:15:11:16";"00:15:11:16";"FABstùLCopyright Untertitel: NDR 2023ÿÿd>"
"676";"00:15:11:16";"00:15:13:20";"Copyright Untertitel: NDR 2023"
