No.;Timecode In;Timecode Out;Subtitle
"1";"00:00:17:16";"00:00:17:16";"FABst6 * Gong *ÿÿZZZZZZZZZZ¥¥ã¥¥¥¥¥6"
"2";"00:00:17:16";"00:00:17:16";"FABst¥¥¥á¥¥à¥ã¥¥¥¥§ª¦ªîªªªGÌ"
"3";"00:00:17:16";"00:00:18:18";"* Gong *"
"4";"00:00:18:20";"00:00:18:20";"FABstdHier ist das Erste Deutsche Fernsehen( ( 9"
"5";"00:00:18:20";"00:00:18:20";"FABst: mit den tagesthemen.ÿÿ'ºð"
"6";"00:00:18:20";"00:00:22:03";"Hier ist das Erste Deutsche Fernsehen

mit den tagesthemen."
"7";"00:00:22:05";"00:00:22:05";"FABstd Diese Sendung wurde vom NDR( ( live Af"
"8";"00:00:22:05";"00:00:22:05";"FABst6untertitelt (18.05.2023)ÿÿ+²°"
"9";"00:00:22:05";"00:00:25:11";"Diese Sendung wurde vom NDR

live untertitelt (18.05.2023)"
"10";"00:00:25:14";"00:00:25:14";"FABstd Heute im Studio:( ( Caren Miosga udn"
"11";"00:00:25:14";"00:00:25:14";"FABst0nd Thorsten Schröder.ÿÿ1J"
"12";"00:00:25:14";"00:00:28:18";"Heute im Studio:

Caren Miosga und Thorsten SchrÈoder."
"13";"00:00:28:24";"00:00:28:24";"FABstd Schön, dass Sie so spät( ( noch da$þ"
"14";"00:00:28:24";"00:00:28:24";"FABst2bei sind.Guten Abend.ÿÿ/f"
"15";"00:00:28:24";"00:00:32:07";"SchÈon, dass Sie so spÈat

noch dabei sind.Guten Abend."
"16";"00:00:32:13";"00:00:32:13";"FABstd Nach dem Rauswurf( ( von HabeckZ"
"17";"00:00:32:13";"00:00:32:13";"FABst&s Staatssekretärÿÿ;¦"
"18";"00:00:32:13";"00:00:35:03";"Nach dem Rauswurf

von Habecks StaatssekretÈar"
"19";"00:00:35:05";"00:00:35:05";"FABstd streitet die Regierung( ( über das Éà"
"20";"00:00:35:05";"00:00:35:05";"FABst:von ihm entworfene Gesetz.ÿÿ'Â4"
"21";"00:00:35:05";"00:00:38:14";"streitet die Regierung

Èuber das von ihm entworfene Gesetz."
"22";"00:00:39:04";"00:00:39:04";"FABstd Also die Frage,( ( wie wir künftá"
"23";"00:00:39:04";"00:00:39:04";"FABst(ig heizen werden.ÿÿ9Æª"
"24";"00:00:39:04";"00:00:42:07";"Also die Frage,

wie wir kÈunftig heizen werden."
"25";"00:00:42:09";"00:00:42:09";"FABstL Dass die Gelben und die Grünen{Î"
"26";"00:00:42:09";"00:00:44:13";"Dass die Gelben und die GrÈunen"
"27";"00:00:44:15";"00:00:44:15";"FABstd in der Klimapolitik( ( nicht miteiCô"
"28";"00:00:44:15";"00:00:44:15";"FABst,nander warm werden:ÿÿ5Úê"
"29";"00:00:44:15";"00:00:47:24";"in der Klimapolitik

nicht miteinander warm werden:"
"30";"00:00:48:01";"00:00:48:01";"FABstd Das ist klar und hat auch den( ( roten ê"
"31";"00:00:48:01";"00:00:48:01";"FABst>Kanzler nicht kalt gelassen.ÿÿ#Õ²"
"32";"00:00:48:01";"00:00:52:09";"Das ist klar und hat auch den

roten Kanzler nicht kalt gelassen."
"33";"00:00:52:11";"00:00:52:11";"FABstd Nur mühsam( ( hatte sich die Á¨"
"34";"00:00:52:11";"00:00:52:11";"FABst$Ampel geeinigt,ÿÿ=·<"
"35";"00:00:52:11";"00:00:55:06";"Nur mÈuhsam

hatte sich die Ampel geeinigt,"
"36";"00:00:55:08";"00:00:55:08";"FABstd das grüne Gesetz zum Austausch( ( vo°"
"37";"00:00:55:08";"00:00:55:08";"FABst2n Öl- Und Gasheizungenÿÿ/J¶"
"38";"00:00:55:08";"00:00:58:19";"das grÈune Gesetz zum Austausch

von ÈOl- Und Gasheizungen"
"39";"00:00:58:21";"00:00:58:21";"FABstd bis zur Sommerpause( ( zu Jô"
"40";"00:00:58:21";"00:00:58:21";"FABst"verabschieden.ÿÿ?§4"
"41";"00:00:58:21";"00:01:01:11";"bis zur Sommerpause

zu verabschieden."
"42";"00:01:01:13";"00:01:01:13";"FABstd Nun scheint die FDP die Schwäche ( ( desô"
"43";"00:01:01:13";"00:01:01:13";"FABstF Wirtschaftsministers zu nutzen,ÿÿ\"
"44";"00:01:01:13";"00:01:05:20";"Nun scheint die FDP die SchwÈache

des Wirtschaftsministers zu nutzen,"
"45";"00:01:05:22";"00:01:05:22";"FABstd um dessen Pläne( ( doch nocB"
"46";"00:01:05:22";"00:01:05:22";"FABst$h auszubremsen.ÿÿ="
"47";"00:01:05:22";"00:01:08:07";"um dessen PlÈane

doch noch auszubremsen."
"48";"00:01:08:09";"00:01:08:09";"FABst: Frank Jahn.ÿÿ#¸ì"
"49";"00:01:08:09";"00:01:09:22";"Frank Jahn."
"50";"00:01:11:24";"00:01:11:24";"FABstd Robert Habecks rechte Hand für( ( die Ene¬æ"
"51";"00:01:11:24";"00:01:11:24";"FABst>rgiewende, Patrick Graichen,+â"
"52";"00:01:11:24";"00:01:15:23";"Robert Habecks rechte Hand fÈur

die Energiewende, Patrick Graichen,"
"53";"00:01:16:00";"00:01:16:00";"FABstJ musste seinen Stuhl räumen.|"
"54";"00:01:16:00";"00:01:17:23";"musste seinen Stuhl rÈaumen."
"55";"00:01:18:00";"00:01:18:00";"FABstd Nun gebe es ein Machtvakuum( ( im grünæ"
"56";"00:01:18:00";"00:01:18:00";"FABst:en Wirtschaftsministerium,ÿÿ'Õ"
"57";"00:01:18:00";"00:01:21:21";"Nun gebe es ein Machtvakuum

im grÈunen Wirtschaftsministerium,"
"58";"00:01:21:23";"00:01:21:23";"FABst< sagt die FDP.ÿÿ!Ø"
"59";"00:01:21:23";"00:01:23:16";"sagt die FDP."
"60";"00:01:23:18";"00:01:23:18";"FABstD Der Koalitionspartnerÿÿ¼l"
"61";"00:01:23:18";"00:01:25:07";"Der Koalitionspartner"
"62";"00:01:25:09";"00:01:25:09";"FABstd will nicht nur den Zeitplan ( ( für daj"
"63";"00:01:25:09";"00:01:25:09";"FABst6s Heizungsgesetz ändern.ÿÿ+¼"
"64";"00:01:25:09";"00:01:29:03";"will nicht nur den Zeitplan

fÈur das Heizungsgesetz Èandern."
"65";"00:01:29:06";"00:01:29:06";"FABstd An diesem Gesetz( ( muss vieles1à"
"66";"00:01:29:06";"00:01:29:06";"FABst( geändert werden.A?^"
"67";"00:01:29:06";"00:01:32:06";"An diesem Gesetz

muss vieles geÈandert werden."
"68";"00:01:32:08";"00:01:32:08";"FABstdEs muss zurück in die Montagehalle( ( ñ""
"69";"00:01:32:08";"00:01:32:08";"FABst>und dann neu beraten werden.+£À"
"70";"00:01:32:08";"00:01:36:21";"Es muss zurÈuck in die Montagehalle

und dann neu beraten werden."
"71";"00:01:37:14";"00:01:37:14";"FABstd Von 100 offenen Fragen an Habeck( ( spricOH"
"72";"00:01:37:14";"00:01:37:14";"FABst<ht der FDP-Generalsekretär.ÿÿ% "
"73";"00:01:37:14";"00:01:42:07";"Von 100 offenen Fragen an Habeck

spricht der FDP-GeneralsekretÈar."
"74";"00:01:42:19";"00:01:42:19";"FABstd Die FDP zweifelt an( ( der PraxistaD,"
"75";"00:01:42:19";"00:01:42:19";"FABst4uglichkeit des Gesetzesÿÿ-¥Ö"
"76";"00:01:42:19";"00:01:46:09";"Die FDP zweifelt an

der Praxistauglichkeit des Gesetzes"
"77";"00:01:46:11";"00:01:46:11";"FABstd und hält die geplante( ( Verabschiedu""
"78";"00:01:46:11";"00:01:46:11";"FABst2ng vor der Sommerpauseÿÿ/\"
"79";"00:01:46:11";"00:01:49:18";"und hÈalt die geplante

Verabschiedung vor der Sommerpause"
"80";"00:01:49:20";"00:01:49:20";"FABstB für ausgeschlossen.ÿÿRÜ"
"81";"00:01:49:20";"00:01:51:05";"fÈur ausgeschlossen."
"82";"00:01:51:07";"00:01:51:07";"FABstdDie Grünen fordern Verlässlichkeit( ( d"
"83";"00:01:51:07";"00:01:51:07";"FABst6er Koalitionspartner einÿÿ+ÄX"
"84";"00:01:51:07";"00:01:55:03";"Die GrÈunen fordern VerlÈasslichkeit

der Koalitionspartner ein"
"85";"00:01:55:05";"00:01:55:05";"FABstd und wollen am Zeitplan festhalten,( ( den V"
"86";"00:01:55:05";"00:01:55:05";"FABstFdie Ampelspitze verabredet habe.ÿÿê"
"87";"00:01:55:05";"00:01:59:16";"und wollen am Zeitplan festhalten,

den die Ampelspitze verabredet habe."
"88";"00:01:59:18";"00:01:59:18";"FABst : Wichtig ist,+ïÆ"
"89";"00:01:59:18";"00:02:01:00";"Wichtig ist,"
"90";"00:02:01:02";"00:02:01:02";"FABst!d dass das Gebäudeenergiegesetz ( ( vor de²"
"91";"00:02:01:02";"00:02:01:02";"FABst:m Sommer beschlossen wird./ÚÔ"
"92";"00:02:01:02";"00:02:05:04";"dass das GebÈaudeenergiegesetz

vor dem Sommer beschlossen wird."
"93";"00:02:05:06";"00:02:05:06";"FABst"d Dazu haben sich der Kanzler( ( und de"
"94";"00:02:05:06";"00:02:05:06";"FABstBr Finanzminister verpflichtet,ÿÿÕ¨"
"95";"00:02:05:06";"00:02:10:03";"Dazu haben sich der Kanzler

und der Finanzminister verpflichtet,"
"96";"00:02:10:05";"00:02:10:05";"FABst#L die Zustimmungen sind erteilt.ÿÿ"
"97";"00:02:10:05";"00:02:12:10";"die Zustimmungen sind erteilt."
"98";"00:02:12:12";"00:02:12:12";"FABst$d Jetzt ist es( ( an den Fraktio"
"99";"00:02:12:12";"00:02:12:12";"FABst(nen im Bundestag:ÿÿ9þ"
"100";"00:02:12:12";"00:02:15:08";"Jetzt ist es

an den Fraktionen im Bundestag:"
"101";"00:02:15:10";"00:02:15:10";"FABst%d Dass vor der Sommerpause das( ( wichti6"
"102";"00:02:15:10";"00:02:15:10";"FABst@ge Gesetz für den Klimaschutzÿÿ!rT"
"103";"00:02:15:10";"00:02:19:09";"Dass vor der Sommerpause das

wichtige Gesetz fÈur den Klimaschutz"
"104";"00:02:19:11";"00:02:19:11";"FABst&L rechtzeitig beschlossen wird.ÿÿ¨z"
"105";"00:02:19:11";"00:02:21:19";"rechtzeitig beschlossen wird."
"106";"00:02:21:21";"00:02:21:21";"FABst'd Laut Gesetzentwurf soll ab 2024( ( je[Î"
"107";"00:02:21:21";"00:02:21:21";"FABst8de neu eingebaute Heizungÿÿ)æ\"
"108";"00:02:21:21";"00:02:26:04";"Laut Gesetzentwurf soll ab 2024

jede neu eingebaute Heizung"
"109";"00:02:26:06";"00:02:26:06";"FABst(d überwiegend mit erneuerbaren( ( Ener­Ø"
"110";"00:02:26:06";"00:02:26:06";"FABst2gien betrieben werden.ÿÿ/°V"
"111";"00:02:26:06";"00:02:29:21";"Èuberwiegend mit erneuerbaren

Energien betrieben werden."
"112";"00:02:29:23";"00:02:29:23";"FABst)d Ziel ist das Aus( ( für fossile G½"
"113";"00:02:29:23";"00:02:29:23";"FABst.as- und Ölheizungen.ÿÿ3Mþ"
"114";"00:02:29:23";"00:02:33:17";"Ziel ist das Aus

fÈur fossile Gas- und ÈOlheizungen."
"115";"00:02:34:15";"00:02:34:15";"FABst*d Zu viel Verbot,( ( zu wenig Techw"
"116";"00:02:34:15";"00:02:34:15";"FABst(nologieoffenheit,ÿÿ9Í"
"117";"00:02:34:15";"00:02:37:17";"Zu viel Verbot,

zu wenig Technologieoffenheit,"
"118";"00:02:37:19";"00:02:37:19";"FABst+J heißt es aus der Opposition.ÿÿr"
"119";"00:02:37:19";"00:02:39:19";"heiût es aus der Opposition."
"120";"00:02:39:21";"00:02:39:21";"FABst,d Die Union nennt es( ( Eigent}\"
"121";"00:02:39:21";"00:02:39:21";"FABst"umsvernichtungÿÿ?þ\"
"122";"00:02:39:21";"00:02:42:09";"Die Union nennt es

Eigentumsvernichtung"
"123";"00:02:42:11";"00:02:42:11";"FABst-P und würde das Gesetz gern kippen.ÿÿgÒ"
"124";"00:02:42:11";"00:02:44:15";"und wÈurde das Gesetz gern kippen."
"125";"00:02:44:17";"00:02:44:17";"FABst.d Ich erwarte von Minister Habeck,( ( dassr°"
"126";"00:02:44:17";"00:02:44:17";"FABstB er auf die Stopptaste drückt.'7N"
"127";"00:02:44:17";"00:02:48:21";"Ich erwarte von Minister Habeck,

dass er auf die Stopptaste drÈuckt."
"128";"00:02:48:23";"00:02:48:23";"FABst/d Dass er nicht mit der Brechstange( ( verDÎ"
"129";"00:02:48:23";"00:02:48:23";"FABstHsucht, ein Gesetz durchzudrücken,!"
"130";"00:02:48:23";"00:02:53:04";"Dass er nicht mit der Brechstange

versucht, ein Gesetz durchzudrÈucken,"
"131";"00:02:53:06";"00:02:53:06";"FABst0d was gegen jede( ( wissenschaftÊ"
"132";"00:02:53:06";"00:02:53:06";"FABst&liche Berechnungÿÿ;à"
"133";"00:02:53:06";"00:02:56:03";"was gegen jede

wissenschaftliche Berechnung"
"134";"00:02:56:05";"00:02:56:05";"FABst1d und gegen die Bedürfnisse( ( der Bürì"
"135";"00:02:56:05";"00:02:56:05";"FABst6gerinnen und Bürger ist.ÿÿ+AÞ"
"136";"00:02:56:05";"00:03:00:06";"und gegen die BedÈurfnisse

der BÈurgerinnen und BÈurger ist."
"137";"00:03:00:16";"00:03:00:16";"FABst2d Trotz Gegenwind( ( möchte auch dÂ<"
"138";"00:03:00:16";"00:03:00:16";"FABst(ie Kanzlerpartei,ÿÿ9¢"
"139";"00:03:00:16";"00:03:03:15";"Trotz Gegenwind

mÈochte auch die Kanzlerpartei,"
"140";"00:03:03:17";"00:03:03:17";"FABst3d genau wie die Grünen,( ( am ZeÜR"
"141";"00:03:03:17";"00:03:03:17";"FABst*itplan festhalten.ÿÿ7îâ"
"142";"00:03:03:17";"00:03:06:13";"genau wie die GrÈunen,

am Zeitplan festhalten."
"143";"00:03:06:15";"00:03:06:15";"FABst4TDer Wirbel im Wirtschaftsministeriumÿÿþ2"
"144";"00:03:06:15";"00:03:09:00";"Der Wirbel im Wirtschaftsministerium"
"145";"00:03:09:02";"00:03:09:02";"FABst5d soll die Wende beim Heizen( ( nSâ"
"146";"00:03:09:02";"00:03:09:02";"FABst&icht ausbremsen.ÿÿ;ï~"
"147";"00:03:09:02";"00:03:11:20";"soll die Wende beim Heizen

nicht ausbremsen."
"148";"00:03:11:22";"00:03:11:22";"FABst6d Das geht nur, wenn wir zügig( ( in dþê"
"149";"00:03:11:22";"00:03:11:22";"FABst2as Verfahren eintreten7Æª"
"150";"00:03:11:22";"00:03:15:15";"Das geht nur, wenn wir zÈugig

in das Verfahren eintreten"
"151";"00:03:15:17";"00:03:15:17";"FABst7H und es zügig abschließen.ÿÿËâ"
"152";"00:03:15:17";"00:03:17:14";"und es zÈugig abschlieûen."
"153";"00:03:17:16";"00:03:17:16";"FABst8VDie Entlassung seines StaatssekretärsÿÿN"
"154";"00:03:17:16";"00:03:20:06";"Die Entlassung seines StaatssekretÈars"
"155";"00:03:20:08";"00:03:20:08";"FABst9d sollte für Habeck( ( wohl ein BeÈ"
"156";"00:03:20:08";"00:03:20:08";"FABst.freiungsschlag sein.ÿÿ3êT"
"157";"00:03:20:08";"00:03:23:11";"sollte fÈur Habeck

wohl ein Befreiungsschlag sein."
"158";"00:03:23:13";"00:03:23:13";"FABst:d Doch sein Ministerium( ( sieht sich"
"159";"00:03:23:13";"00:03:23:13";"FABst< zu Erklärungen veranlasst:ÿÿ%'î"
"160";"00:03:23:13";"00:03:27:05";"Doch sein Ministerium

sieht sich zu ErklÈarungen veranlasst:"
"161";"00:03:27:07";"00:03:27:07";"FABst;d Zum nächsten Staatssekretär( ( Kà"
"162";"00:03:27:07";"00:03:27:07";"FABst$ Udo Philip.ÿÿ=<i>È"
"163";"00:03:27:07";"00:03:29:19";"Zum nÈachsten StaatssekretÈar

Udo Philip."
"164";"00:03:29:21";"00:03:29:21";"FABst<d Es geht um seine( ( BeteiligunIÔ"
"165";"00:03:29:21";"00:03:29:21";"FABst(gen an Start-ups.ÿÿ9ª"
"166";"00:03:29:21";"00:03:32:15";"Es geht um seine

Beteiligungen an Start-ups."
"167";"00:03:32:17";"00:03:32:17";"FABst=VDas Ministerium weist Vorwürfe zurückÿÿÙþ"
"168";"00:03:32:17";"00:03:35:05";"Das Ministerium weist VorwÈurfe zurÈuck"
"169";"00:03:35:07";"00:03:35:07";"FABst>d und veröffentlicht ( ( desse<i>"
"170";"00:03:35:07";"00:03:35:07";"FABst&n Beteiligungen.ÿÿ;ÚÀ"
"171";"00:03:35:07";"00:03:38:00";"und verÈoffentlicht

dessen Beteiligungen."
"172";"00:03:38:02";"00:03:38:02";"FABst?d Philip( ( habe seinen AktienbFü"
"173";"00:03:38:02";"00:03:38:02";"FABst&esitz angezeigt,ÿÿ;åz"
"174";"00:03:38:02";"00:03:40:16";"Philip

habe seinen Aktienbesitz angezeigt,"
"175";"00:03:40:18";"00:03:40:18";"FABst@J obwohl er dies nicht musste.ÿÿ""
"176";"00:03:40:18";"00:03:42:12";"obwohl er dies nicht musste."
"177";"00:03:42:14";"00:03:42:14";"FABstAd Über Förderungen der Firmen( ( habe_p"
"178";"00:03:42:14";"00:03:42:14";"FABst4 er nicht entschieden. ÿÿ-Ñt"
"179";"00:03:42:14";"00:03:45:22";"ÈUber FÈorderungen der Firmen

habe er nicht entschieden."
"180";"00:03:45:24";"00:03:45:24";"FABstBd Personaldebatten( ( und Zwist u-"
"181";"00:03:45:24";"00:03:45:24";"FABst*ms Heizungsgesetz.ÿÿ7Ëü"
"182";"00:03:45:24";"00:03:48:21";"Personaldebatten

und Zwist ums Heizungsgesetz."
"183";"00:03:48:24";"00:03:48:24";"FABstCF Der Wirtschaftsministerÿÿ×~"
"184";"00:03:48:24";"00:03:50:17";"Der Wirtschaftsminister"
"185";"00:03:50:19";"00:03:50:19";"FABstDd kann den Ärger( ( wohl noch nichtJ"
"186";"00:03:50:19";"00:03:50:19";"FABst. hinter sich lassen.ÿÿ3åæ"
"187";"00:03:50:19";"00:03:53:24";"kann den ÈArger

wohl noch nicht hinter sich lassen."
"188";"00:03:54:18";"00:03:54:18";"FABstEd Das ist der Ursprung dessen,( ( was uns8ö"
"189";"00:03:54:18";"00:03:54:18";"FABst:er Zusammenleben ausmacht:ÿÿ'("
"190";"00:03:54:18";"00:03:58:24";"Das ist der Ursprung dessen,

was unser Zusammenleben ausmacht:"
"191";"00:03:59:01";"00:03:59:01";"FABstFdDie Demokratie, für die die Menschen( ( Ë"
"192";"00:03:59:01";"00:03:59:01";"FABstB im Jahr 1848 erst gekämpftÿÿ"
"193";"00:03:59:01";"00:04:03:18";"Die Demokratie, fÈur die die Menschen

im Jahr 1848 erst gekÈampft"
"194";"00:04:03:20";"00:04:03:20";"FABstGdund dann eine Nationalversammlung( ( P"
"195";"00:04:03:20";"00:04:03:20";"FABst, gewählt haben.ÿÿ5[f"
"196";"00:04:03:20";"00:04:07:20";"und dann eine Nationalversammlung

gewÈahlt haben."
"197";"00:04:09:07";"00:04:09:07";"FABstHB Vor genau 175 JahrenÿÿèÂ"
"198";"00:04:09:07";"00:04:11:03";"Vor genau 175 Jahren"
"199";"00:04:11:05";"00:04:11:05";"FABstId traf man sich zum ersten Mal ( ( in deØ"
"200";"00:04:11:05";"00:04:11:05";"FABst:r Frankfurter Paulskirche.ÿÿ'»$"
"201";"00:04:11:05";"00:04:15:10";"traf man sich zum ersten Mal

in der Frankfurter Paulskirche."
"202";"00:04:15:13";"00:04:15:13";"FABstJd Wie im Kreise dieser Männer( ( die ers"
"203";"00:04:15:13";"00:04:15:13";"FABst<te demokratische Verfassungÿÿ%¤"
"204";"00:04:15:13";"00:04:19:17";"Wie im Kreise dieser MÈanner

die erste demokratische Verfassung"
"205";"00:04:19:19";"00:04:19:19";"FABstKd für ganz Deutschland entstand,( ( daraÐ¸"
"206";"00:04:19:19";"00:04:19:19";"FABst6n wurde heute erinnert. ÿÿ+µ"
"207";"00:04:19:19";"00:04:23:23";"fÈur ganz Deutschland entstand,

daran wurde heute erinnert."
"208";"00:04:24:00";"00:04:24:00";"FABstLd Und daran, dass Demokratie ( ( nicht.ò"
"209";"00:04:24:00";"00:04:24:00";"FABst6 selbstverständlich ist,ÿÿ++"
"210";"00:04:24:00";"00:04:27:23";"Und daran, dass Demokratie

nicht selbstverstÈandlich ist,"
"211";"00:04:28:00";"00:04:28:00";"FABstMd sondern zerbrechlicher( ( a~Ú"
"212";"00:04:28:00";"00:04:28:00";"FABst ls man denkt.ÿÿA¯ð"
"213";"00:04:28:00";"00:04:30:14";"sondern zerbrechlicher

als man denkt."
"214";"00:04:30:16";"00:04:30:16";"FABstNd Über den Blick zurück ( ( mit de("
"215";"00:04:30:16";"00:04:30:16";"FABst*n Augen von heute,ÿÿ7Ô¨"
"216";"00:04:30:16";"00:04:33:15";"ÈUber den Blick zurÈuck

mit den Augen von heute,"
"217";"00:04:33:17";"00:04:33:17";"FABstO> Alex Jakubowski.ÿÿD"
"218";"00:04:33:17";"00:04:35:10";"Alex Jakubowski."
"219";"00:04:36:13";"00:04:36:13";"FABstPRSchlange stehen für eine Zeitreise.RÆ"
"220";"00:04:36:13";"00:04:39:00";"Schlange stehen fÈur eine Zeitreise."
"221";"00:04:39:03";"00:04:39:03";"FABstQd Eintauchen( ( in die Zeit vh"
"222";"00:04:39:03";"00:04:39:03";"FABst"or 175 Jahren.G§"
"223";"00:04:39:03";"00:04:41:16";"Eintauchen

in die Zeit vor 175 Jahren."
"224";"00:04:41:18";"00:04:41:18";"FABstRd Per virtueller Realität werden ( ( die ìt"
"225";"00:04:41:18";"00:04:41:18";"FABst<Besucher an der Paulskircheÿÿ%Ðü"
"226";"00:04:41:18";"00:04:45:11";"Per virtueller RealitÈat werden

die Besucher an der Paulskirche"
"227";"00:04:45:13";"00:04:45:13";"FABstSd Teil der Deutschen( ( NationC,"
"228";"00:04:45:13";"00:04:45:13";"FABst"alversammlung.ÿÿ?°"
"229";"00:04:45:13";"00:04:48:04";"Teil der Deutschen

Nationalversammlung."
"230";"00:04:48:06";"00:04:48:06";"FABstTdSo, wie sie stattgefunden haben muss,( ( U""
"231";"00:04:48:06";"00:04:48:06";"FABstB detailgetreu rekonstruiert.ÿÿì,"
"232";"00:04:48:06";"00:04:52:18";"So, wie sie stattgefunden haben muss,

detailgetreu rekonstruiert."
"233";"00:04:53:17";"00:04:53:17";"FABstUD Wir haben Protokolle.ÿÿÛ¶"
"234";"00:04:53:17";"00:04:56:02";"Wir haben Protokolle."
"235";"00:04:56:04";"00:04:56:04";"FABstVdUm das Rednerpult waren Sekretäre,( ( diÂ"
"236";"00:04:56:04";"00:04:56:04";"FABstBe alles mitgeschrieben haben. 'Ü"
"237";"00:04:56:04";"00:05:01:05";"Um das Rednerpult waren SekretÈare,

die alles mitgeschrieben haben."
"238";"00:05:02:00";"00:05:02:00";"FABstWd Sodass weitestgehend( ( Wort für Woß8"
"239";"00:05:02:00";"00:05:02:00";"FABst2rt alles erhalten ist,7ãê"
"240";"00:05:02:00";"00:05:06:06";"Sodass weitestgehend

Wort fÈur Wort alles erhalten ist,"
"241";"00:05:06:08";"00:05:06:08";"FABstXd was die Redner gesagt haben,( ( au"
"242";"00:05:06:08";"00:05:06:08";"FABst.ch die Zwischenrufe.ÿÿ3"
"243";"00:05:06:08";"00:05:09:23";"was die Redner gesagt haben,

auch die Zwischenrufe."
"244";"00:05:10:00";"00:05:10:00";"FABstYP Zwischenrufe gibt es heute keine.ÿÿ×"
"245";"00:05:10:00";"00:05:12:15";"Zwischenrufe gibt es heute keine."
"246";"00:05:12:17";"00:05:12:17";"FABstZd Der Bundespräsident ist gekommen( ( unªd"
"247";"00:05:12:17";"00:05:12:17";"FABst6d würdigt die Verdiensteÿÿ+Î"
"248";"00:05:12:17";"00:05:16:07";"Der BundesprÈasident ist gekommen

und wÈurdigt die Verdienste"
"249";"00:05:16:09";"00:05:16:09";"FABst[d der Abgeordneten der ersten ( ( Deutsck"
"250";"00:05:16:09";"00:05:16:09";"FABst6hen Nationalversammlung.ÿÿ+ÀX"
"251";"00:05:16:09";"00:05:20:02";"der Abgeordneten der ersten

Deutschen Nationalversammlung."
"252";"00:05:20:04";"00:05:20:04";"FABst\dEr erinnert daran, dass Demokratie( ( nicwê"
"253";"00:05:20:04";"00:05:20:04";"FABst:ht selbstverständlich ist.ÿÿ'5Þ"
"254";"00:05:20:04";"00:05:24:03";"Er erinnert daran, dass Demokratie

nicht selbstverstÈandlich ist."
"255";"00:05:24:05";"00:05:24:05";"FABst]PDie Geschichte unserer Demokratieá"
"256";"00:05:24:05";"00:05:26:17";"Die Geschichte unserer Demokratie"
"257";"00:05:26:19";"00:05:26:19";"FABst^d ist keine( ( gradlinige Erfº"
"258";"00:05:26:19";"00:05:26:19";"FABst$olgsgeschichte.E©~"
"259";"00:05:26:19";"00:05:29:19";"ist keine

gradlinige Erfolgsgeschichte."
"260";"00:05:30:11";"00:05:30:11";"FABst_d Ihre Schattenseiten( ( verdr;ê"
"261";"00:05:30:11";"00:05:30:11";"FABst&ängen wir nicht.ÿÿ;,"
"262";"00:05:30:11";"00:05:33:16";"Ihre Schattenseiten

verdrÈangen wir nicht."
"263";"00:05:33:18";"00:05:33:18";"FABst`d Aber wir erinnern uns auch( ( an gut6"
"264";"00:05:33:18";"00:05:33:18";"FABstBe Zeiten und mutige Vorbilder.ÿÿõJ"
"265";"00:05:33:18";"00:05:38:24";"Aber wir erinnern uns auch

an gute Zeiten und mutige Vorbilder."
"266";"00:05:40:24";"00:05:40:24";"FABstaTHeute an die Revolutionäre von 1848ÿÿ~Ê"
"267";"00:05:40:24";"00:05:44:03";"Heute an die RevolutionÈare von 1848"
"268";"00:05:44:05";"00:05:44:05";"FABstbd und die Abgeordneten der ersten( ( Deutä"
"269";"00:05:44:05";"00:05:44:05";"FABst<schen Nationalversammlung. ÿÿ%ô"
"270";"00:05:44:05";"00:05:48:18";"und die Abgeordneten der ersten

Deutschen Nationalversammlung."
"271";"00:05:49:19";"00:05:49:19";"FABstcPDie Versammlung in der Paulskircheÿÿá2"
"272";"00:05:49:19";"00:05:52:00";"Die Versammlung in der Paulskirche"
"273";"00:05:52:02";"00:05:52:02";"FABstdd präge die deutsche( ( Demokratieg¦¨"
"274";"00:05:52:02";"00:05:52:02";"FABst.eschichte bis heute.ÿÿ3¡ø"
"275";"00:05:52:02";"00:05:55:13";"prÈage die deutsche

Demokratiegeschichte bis heute."
"276";"00:05:55:15";"00:05:55:15";"FABsted Deshalb haben wir allen Grund,( ( <i>"
"277";"00:05:55:15";"00:05:55:15";"FABst( das zu feiern.ÿÿ9Ú"
"278";"00:05:55:15";"00:05:59:00";"Deshalb haben wir allen Grund,

das zu feiern."
"279";"00:05:59:02";"00:05:59:02";"FABstf> Auch als Zeichenÿÿ¶2"
"280";"00:05:59:02";"00:06:01:03";"Auch als Zeichen"
"281";"00:06:01:05";"00:06:01:05";"FABstgd gegen die Verächter unserer( ( parla½"
"282";"00:06:01:05";"00:06:01:05";"FABst6mentarischen Demokratie.ÿÿ+Æn"
"283";"00:06:01:05";"00:06:05:10";"gegen die VerÈachter unserer

parlamentarischen Demokratie."
"284";"00:06:07:08";"00:06:07:08";"FABsthd Der Platz vor der Paulskirche( ( is8"
"285";"00:06:07:08";"00:06:07:08";"FABst2t festlich geschmückt.ÿÿ/7,"
"286";"00:06:07:08";"00:06:11:02";"Der Platz vor der Paulskirche

ist festlich geschmÈuckt."
"287";"00:06:11:04";"00:06:11:04";"FABstid Freiheitsbäume: ein Symbol( ( der Revoý^"
"288";"00:06:11:04";"00:06:11:04";"FABst6lution und der Freiheit.ÿÿ+ßÎ"
"289";"00:06:11:04";"00:06:15:11";"FreiheitsbÈaume: ein Symbol

der Revolution und der Freiheit."
"290";"00:06:15:13";"00:06:15:13";"FABstjd Zur Erinnerung an( ( die Nationalv:"
"291";"00:06:15:13";"00:06:15:13";"FABst2ersammlung von damals,ÿÿ/¨8"
"292";"00:06:15:13";"00:06:19:02";"Zur Erinnerung an

die Nationalversammlung von damals,"
"293";"00:06:19:04";"00:06:19:04";"FABstkd deren Bedeutung( ( den Zaungäè"
"294";"00:06:19:04";"00:06:19:04";"FABst(sten bekannt ist.ÿÿ9É"
"295";"00:06:19:04";"00:06:22:17";"deren Bedeutung

den ZaungÈasten bekannt ist."
"296";"00:06:23:04";"00:06:23:04";"FABstldDas war der Anfang der Demokratie,( ( g`"
"297";"00:06:23:04";"00:06:23:04";"FABst6 das war sehr wichtig.3¢¦"
"298";"00:06:23:04";"00:06:27:08";"Das war der Anfang der Demokratie,

das war sehr wichtig."
"299";"00:06:27:10";"00:06:27:10";"FABstmL Die steht fast auf der Kippe.µ"
"300";"00:06:27:10";"00:06:29:18";"Die steht fast auf der Kippe."
"301";"00:06:30:03";"00:06:30:03";"FABstnd Es ist wichtig,( ( uns dar}Ø"
"302";"00:06:30:03";"00:06:30:03";"FABst"an zu erinnernG"
"303";"00:06:30:03";"00:06:32:23";"Es ist wichtig,

uns daran zu erinnern"
"304";"00:06:33:00";"00:06:33:00";"FABstod und zu versuchen,( ( die DemokcÊ"
"305";"00:06:33:00";"00:06:33:00";"FABst*ratie zu schützen.?&è"
"306";"00:06:33:00";"00:06:36:20";"und zu versuchen,

die Demokratie zu schÈutzen."
"307";"00:06:37:10";"00:06:37:10";"FABstpd Das Grundgesetz( ( hat ja vi¨"
"308";"00:06:37:10";"00:06:37:10";"FABst el übernommenI;ú"
"309";"00:06:37:10";"00:06:40:14";"Das Grundgesetz

hat ja viel Èubernommen"
"310";"00:06:40:16";"00:06:40:16";"FABstqd von den Grundrechten( ( der Pault"
"311";"00:06:40:16";"00:06:40:16";"FABst,skirchenverfassung.=Þò"
"312";"00:06:40:16";"00:06:44:06";"von den Grundrechten

der Paulskirchenverfassung."
"313";"00:06:44:14";"00:06:44:14";"FABstr> Das ist positiv.ÿÿÍò"
"314";"00:06:44:14";"00:06:46:08";"Das ist positiv."
"315";"00:06:46:10";"00:06:46:10";"FABstsd Drei Tage wird in Frankfurt( ( diekÂ"
"316";"00:06:46:10";"00:06:46:10";"FABst2 Demokratie gefeiert, ÿÿ/Ô"
"317";"00:06:46:10";"00:06:50:00";"Drei Tage wird in Frankfurt

die Demokratie gefeiert,"
"318";"00:06:50:02";"00:06:50:02";"FABsttD beim Paulskirchenfest.ÿÿîÊ"
"319";"00:06:50:02";"00:06:51:20";"beim Paulskirchenfest."
"320";"00:06:51:22";"00:06:51:22";"FABstud Mittags schon( ( beim Konzert a[("
"321";"00:06:51:22";"00:06:51:22";"FABst&uf dem Römerbergÿÿ;CØ"
"322";"00:06:51:22";"00:06:55:02";"Mittags schon

beim Konzert auf dem RÈomerberg"
"323";"00:06:55:04";"00:06:55:04";"FABstvd oder am Mainufer -( ( die ganze StKL"
"324";"00:06:55:04";"00:06:55:04";"FABst6adt wird zur Partymeile.ÿÿ+Ü²"
"325";"00:06:55:04";"00:06:59:08";"oder am Mainufer -

die ganze Stadt wird zur Partymeile."
"326";"00:07:00:09";"00:07:00:09";"FABstwN Ein Highlight heute und morgen:ÿÿñ"
"327";"00:07:00:09";"00:07:02:22";"Ein Highlight heute und morgen:"
"328";"00:07:02:24";"00:07:02:24";"FABstxd Die Lichtinstallation am Main( ( "Oø"
"329";"00:07:02:24";"00:07:02:24";"FABst2de an die Demokratie".ÿÿ/4"
"330";"00:07:02:24";"00:07:06:19";"Die Lichtinstallation am Main

"Ode an die Demokratie"."
"331";"00:07:06:21";"00:07:06:21";"FABstyP Mit Botschaften einfacher Bürger.ÿÿ#®"
"332";"00:07:06:21";"00:07:09:09";"Mit Botschaften einfacher BÈurger."
"333";"00:07:09:11";"00:07:09:11";"FABstzd Einen Steinwurf nur entfernt( ( v\Z"
"334";"00:07:09:11";"00:07:09:11";"FABst,on der Paulskirche,ÿÿ5ï"
"335";"00:07:09:11";"00:07:12:15";"Einen Steinwurf nur entfernt

von der Paulskirche,"
"336";"00:07:12:17";"00:07:12:17";"FABst{d dem Ort der Deutschen( ( Nationz0"
"337";"00:07:12:17";"00:07:12:17";"FABst,alversammlung 1848.ÿÿ5À"
"338";"00:07:12:17";"00:07:16:03";"dem Ort der Deutschen

Nationalversammlung 1848."
"339";"00:07:21:08";"00:07:21:08";"FABst|d Wie schwer es ist,( ( eine DemokrAf"
"340";"00:07:21:08";"00:07:21:08";"FABst6atie am Leben zu halten,ÿÿ+~"
"341";"00:07:21:08";"00:07:24:20";"Wie schwer es ist,

eine Demokratie am Leben zu halten,"
"342";"00:07:24:22";"00:07:24:22";"FABst}d wissen die Menschen( ( in TQ"
"343";"00:07:24:22";"00:07:24:22";"FABst$unesien genau. ÿÿ=Í8"
"344";"00:07:24:22";"00:07:27:19";"wissen die Menschen

in Tunesien genau."
"345";"00:07:27:21";"00:07:27:21";"FABst~d Denn das Land war zwar( ( Ausgangspu}("
"346";"00:07:27:21";"00:07:27:21";"FABst4nkt und Hoffnungsträgerÿÿ-.²"
"347";"00:07:27:21";"00:07:31:17";"Denn das Land war zwar

Ausgangspunkt und HoffnungstrÈager"
"348";"00:07:31:19";"00:07:31:19";"FABstH der Arabischen Revolution.ÿÿ½<"
"349";"00:07:31:19";"00:07:33:19";"der Arabischen Revolution."
"350";"00:07:33:21";"00:07:33:21";"FABst<i>d Inzwischen( ( wird es wieder aÐ"
"351";"00:07:33:21";"00:07:33:21";"FABst(utoritär geführt.ÿÿ9\"
"352";"00:07:33:21";"00:07:37:07";"Inzwischen

wird es wieder autoritÈar gefÈuhrt."
"353";"00:07:37:09";"00:07:37:09";"FABst</i>d Es ist überfordert mit( ( den vieleWÊ"
"354";"00:07:37:09";"00:07:37:09";"FABst:n Geflüchteten aus Afrika,ÿÿ'r\"
"355";"00:07:37:09";"00:07:42:03";"Es ist Èuberfordert mit

den vielen GeflÈuchteten aus Afrika,"
"356";"00:07:42:05";"00:07:42:05";"FABst<u>d die von hier die Überfahrt( ( nZ"
"357";"00:07:42:05";"00:07:42:05";"FABst(ach Europa wagen.ÿÿ9þ "
"358";"00:07:42:05";"00:07:45:24";"die von hier die ÈUberfahrt

nach Europa wagen."
"359";"00:07:47:20";"00:07:47:20";"FABst</u>d Kann man in so ein Land guten( ( GewissÓ"
"360";"00:07:47:20";"00:07:47:20";"FABst>ens Menschen zurückschicken,ÿÿ# "
"361";"00:07:47:20";"00:07:52:07";"Kann man in so ein Land guten

Gewissens Menschen zurÈuckschicken,"
"362";"00:07:52:09";"00:07:52:09";"FABstTdie bei uns kein Bleiberecht haben?ÿÿoÔ"
"363";"00:07:52:09";"00:07:54:22";"die bei uns kein Bleiberecht haben?"
"364";"00:07:54:24";"00:07:54:24";"FABstd Kann Tunesien ein sicheres( ( Her´"
"365";"00:07:54:24";"00:07:54:24";"FABst*kunftsland werden?ÿÿ7öÀ"
"366";"00:07:54:24";"00:07:58:16";"Kann Tunesien ein sicheres

Herkunftsland werden?"
"367";"00:07:58:18";"00:07:58:18";"FABstd Diese Frage wird angesichts( ( der viçv"
"368";"00:07:58:18";"00:07:58:18";"FABst@elen Flüchtlinge aus Tunesienÿÿ!2X"
"369";"00:07:58:18";"00:08:03:08";"Diese Frage wird angesichts

der vielen FlÈuchtlinge aus Tunesien"
"370";"00:08:03:10";"00:08:03:10";"FABstD auch bei uns gestellt.ÿÿ"
"371";"00:08:03:10";"00:08:05:07";"auch bei uns gestellt."
"372";"00:08:05:09";"00:08:05:09";"FABstPKristina Böker sucht die Antwort.ÿÿµ."
"373";"00:08:05:09";"00:08:08:02";"Kristina BÈoker sucht die Antwort."
"374";"00:08:09:06";"00:08:09:06";"FABstd Die Küche -( ( ein Provisorium <i>"
"375";"00:08:09:06";"00:08:09:06";"FABst&auf dem Asphalt.Cþ"
"376";"00:08:09:06";"00:08:12:11";"Die KÈuche -

ein Provisorium auf dem Asphalt."
"377";"00:08:12:13";"00:08:12:13";"FABst
L Was im Topf ist - Glückssache.Þ"
"378";"00:08:12:13";"00:08:14:16";"Was im Topf ist - GlÈuckssache."
"379";"00:08:14:18";"00:08:14:18";"FABstd Aziz und seine Familie( ( aus Sierraè"
"380";"00:08:14:18";"00:08:14:18";"FABst< Leone leben vom Nötigsten.ÿÿ%MZ"
"381";"00:08:14:18";"00:08:19:02";"Aziz und seine Familie

aus Sierra Leone leben vom NÈotigsten."
"382";"00:08:19:04";"00:08:19:04";"FABstTEin aus der Not geborenes Zeltlager,ÿÿÔ"
"383";"00:08:19:04";"00:08:21:17";"Ein aus der Not geborenes Zeltlager,"
"384";"00:08:21:19";"00:08:21:19";"FABstd mitten im Botschaftsviertel( ( Å"
"385";"00:08:21:19";"00:08:21:19";"FABst" von Tunis.ÿÿ?Üv"
"386";"00:08:21:19";"00:08:24:07";"mitten im Botschaftsviertel

von Tunis."
"387";"00:08:24:09";"00:08:24:09";"FABstL Menschen aus Subsahara-LändernÿÿÞv"
"388";"00:08:24:09";"00:08:26:10";"Menschen aus Subsahara-LÈandern"
"389";"00:08:26:12";"00:08:26:12";"FABstd campieren hier( ( seit MonatenÈ"
"390";"00:08:26:12";"00:08:26:12";"FABst& auf der Straße.ÿÿ;qD"
"391";"00:08:26:12";"00:08:29:18";"campieren hier

seit Monaten auf der Straûe."
"392";"00:08:29:20";"00:08:29:20";"FABstdWir leiden, ich bin schwanger, wir ( ( haÖF"
"393";"00:08:29:20";"00:08:29:20";"FABstHben kein Essen, kein Trinkwasser.!ÿF"
"394";"00:08:29:20";"00:08:34:13";"Wir leiden, ich bin schwanger, wir

haben kein Essen, kein Trinkwasser."
"395";"00:08:35:04";"00:08:35:04";"FABstd Wir schlafen mit vielen( ( kleinen Ñè"
"396";"00:08:35:04";"00:08:35:04";"FABst4Babys in diesen Zelten.5J"
"397";"00:08:35:04";"00:08:39:01";"Wir schlafen mit vielen

kleinen Babys in diesen Zelten."
"398";"00:08:39:03";"00:08:39:03";"FABstd Wir haben kein Geld,( ( um für uns>Ø"
"399";"00:08:39:03";"00:08:39:03";"FABst0ere Kinder zu sorgen.ÿÿ1¢è"
"400";"00:08:39:03";"00:08:42:21";"Wir haben kein Geld,

um fÈur unsere Kinder zu sorgen."
"401";"00:08:44:00";"00:08:44:00";"FABstd Angst um die Kinder ( ( und v­ì"
"402";"00:08:44:00";"00:08:44:00";"FABst$or der Zukunft.ÿÿ=ù"
"403";"00:08:44:00";"00:08:46:23";"Angst um die Kinder

und vor der Zukunft."
"404";"00:08:47:00";"00:08:47:00";"FABstdUnd aus Angst vor der Polizei wollen( ( vil"
"405";"00:08:47:00";"00:08:47:00";"FABstFele ihre Gesichter nicht zeigen.ÿÿÖà"
"406";"00:08:47:00";"00:08:51:10";"Und aus Angst vor der Polizei wollen

viele ihre Gesichter nicht zeigen."
"407";"00:08:51:12";"00:08:51:12";"FABstd Dabei sollte Tunesien( ( für sie eid¨"
"408";"00:08:51:12";"00:08:51:12";"FABst.ne neue Heimat sein.ÿÿ3Ã8"
"409";"00:08:51:12";"00:08:55:02";"Dabei sollte Tunesien

fÈur sie eine neue Heimat sein."
"410";"00:08:55:16";"00:08:55:16";"FABstd Wir lebten hier friedlich,( ( es"
"411";"00:08:55:16";"00:08:55:16";"FABst,gab keine Probleme.ÿÿ5ü"
"412";"00:08:55:16";"00:08:59:16";"Wir lebten hier friedlich,

es gab keine Probleme."
"413";"00:09:00:22";"00:09:00:22";"FABstd Nachdem der Präsident sagte,( ( wir sodJ"
"414";"00:09:00:22";"00:09:00:22";"FABst6llen das Land verlassen,ÿÿ+Á"
"415";"00:09:00:22";"00:09:04:20";"Nachdem der PrÈasident sagte,

wir sollen das Land verlassen,"
"416";"00:09:04:22";"00:09:04:22";"FABstd seitdem wurden wir gequält, ( ( durft<D"
"417";"00:09:04:22";"00:09:04:22";"FABst4en z.B. nicht in Busse.ÿÿ-Ä"
"418";"00:09:04:22";"00:09:09:02";"seitdem wurden wir gequÈalt,

durften z.B. nicht in Busse."
"419";"00:09:10:01";"00:09:10:01";"FABstPVon "Horden illegaler Immigranten"ÿÿXÒ"
"420";"00:09:10:01";"00:09:12:14";"Von "Horden illegaler Immigranten""
"421";"00:09:12:16";"00:09:12:16";"FABstd sprach der tunesische Präsident( ( `"
"422";"00:09:12:16";"00:09:12:16";"FABst( im Februar.ÿÿ9£"
"423";"00:09:12:16";"00:09:15:21";"sprach der tunesische PrÈasident

im Februar."
"424";"00:09:15:23";"00:09:15:23";"FABstd Kurz davor begann( ( eine Ver³H"
"425";"00:09:15:23";"00:09:15:23";"FABst"haftungswelle.ÿÿ?½ø"
"426";"00:09:15:23";"00:09:18:20";"Kurz davor begann

eine Verhaftungswelle."
"427";"00:09:18:22";"00:09:18:22";"FABstd Regierungskritiker, der Chef( ( der hö!"
"428";"00:09:18:22";"00:09:18:22";"FABst6chsten Oppositionsparteiÿÿ+"
"429";"00:09:18:22";"00:09:22:16";"Regierungskritiker, der Chef

der hÈochsten Oppositionspartei"
"430";"00:09:22:18";"00:09:22:18";"FABstVund Journalisten sitzen im Gefängnis.ÿÿÎ"
"431";"00:09:22:18";"00:09:25:13";"und Journalisten sitzen im GefÈangnis."
"432";"00:09:25:15";"00:09:25:15";"FABstd Heute Protest von Journalisten( ( f"
"433";"00:09:25:15";"00:09:25:15";"FABst0ür eine freie Presse.ÿÿ14à"
"434";"00:09:25:15";"00:09:29:04";"Heute Protest von Journalisten

fÈur eine freie Presse."
"435";"00:09:29:06";"00:09:29:06";"FABstd Experten sehen Tunesien( ( auf dem ý<i>"
"436";"00:09:29:06";"00:09:29:06";"FABst4Weg in eine Autokratie.ÿÿ-<i>¨"
"437";"00:09:29:06";"00:09:33:05";"Experten sehen Tunesien

auf dem Weg in eine Autokratie."
"438";"00:09:33:07";"00:09:33:07";"FABst dNachdem es anfing, gibt es jetzt( ( ei»²"
"439";"00:09:33:07";"00:09:33:07";"FABst6ne Art repressive Welle.3â"
"440";"00:09:33:07";"00:09:38:06";"Nachdem es anfing, gibt es jetzt

eine Art repressive Welle."
"441";"00:09:38:22";"00:09:38:22";"FABst¡N Die trifft immer wieder andere.9Z"
"442";"00:09:38:22";"00:09:41:08";"Die trifft immer wieder andere."
"443";"00:09:41:10";"00:09:41:10";"FABst¢d Erst die Politiker,( ( dann dÛ "
"444";"00:09:41:10";"00:09:41:10";"FABst(ie Journalisten -ÿÿ9ù"
"445";"00:09:41:10";"00:09:44:15";"Erst die Politiker,

dann die Journalisten -"
"446";"00:09:44:17";"00:09:44:17";"FABst£L wer weiß, wen es dann trifft.ÿÿ
¼"
"447";"00:09:44:17";"00:09:46:24";"wer weiû, wen es dann trifft."
"448";"00:09:47:01";"00:09:47:01";"FABst¤NWir sind mitten im Prozess drin.ÿÿ"
"449";"00:09:47:01";"00:09:49:23";"Wir sind mitten im Prozess drin."
"450";"00:09:55:21";"00:09:55:21";"FABst¥d Das tunesische Volk leidet eher( ( an deÖ"
"451";"00:09:55:21";"00:09:55:21";"FABst>r miserablen Wirtschaftslageÿÿ#É8"
"452";"00:09:55:21";"00:10:00:01";"Das tunesische Volk leidet eher

an der miserablen Wirtschaftslage"
"453";"00:10:00:03";"00:10:00:03";"FABst¦Pals an der bröckelnden Demokratie.ÿÿ÷~"
"454";"00:10:00:03";"00:10:02:15";"als an der brÈockelnden Demokratie."
"455";"00:10:02:17";"00:10:02:17";"FABst§dHier ist es ansonsten voller Trubel,( ("
"456";"00:10:02:17";"00:10:02:17";"FABst6 heute öde und leer.ÿÿ+!"
"457";"00:10:02:17";"00:10:06:17";"Hier ist es ansonsten voller Trubel,

heute Èode und leer."
"458";"00:10:06:19";"00:10:06:19";"FABst¨d Erst als frischer Fisch( ( zum Spottº^"
"459";"00:10:06:19";"00:10:06:19";"FABst0preis angeboten wird,ÿÿ1Êl"
"460";"00:10:06:19";"00:10:10:18";"Erst als frischer Fisch

zum Spottpreis angeboten wird,"
"461";"00:10:10:20";"00:10:10:20";"FABst©< kommen Kunden.ÿÿ!oh"
"462";"00:10:10:20";"00:10:12:09";"kommen Kunden."
"463";"00:10:13:22";"00:10:13:22";"FABstªd Unsere Wirtschaft ist am Boden,( ( ¸""
"464";"00:10:13:22";"00:10:13:22";"FABst0es läuft nicht gut.ÿÿ1¨"
"465";"00:10:13:22";"00:10:17:14";"Unsere Wirtschaft ist am Boden,

es lÈauft nicht gut."
"466";"00:10:17:16";"00:10:17:16";"FABst«L Die Menschen haben kein Geld.ÿÿê"
"467";"00:10:17:16";"00:10:20:05";"Die Menschen haben kein Geld."
"468";"00:10:22:05";"00:10:22:05";"FABst¬d Es ist dramatisch,( ( aber kein F
æ"
"469";"00:10:22:05";"00:10:22:05";"FABst,ehler der Politik -ÿÿ5°"
"470";"00:10:22:05";"00:10:25:13";"Es ist dramatisch,

aber kein Fehler der Politik -"
"471";"00:10:25:15";"00:10:25:15";"FABst­F das hören wir mehrfach.ÿÿô6"
"472";"00:10:25:15";"00:10:27:15";"das hÈoren wir mehrfach."
"473";"00:10:28:02";"00:10:28:02";"FABst®d Lassen Sie den Präsidenten( ( seux"
"474";"00:10:28:02";"00:10:28:02";"FABst*ine Arbeit machen.ÿÿ7Î"
"475";"00:10:28:02";"00:10:31:21";"Lassen Sie den PrÈasidenten

seine Arbeit machen."
"476";"00:10:32:10";"00:10:32:10";"FABst¯d Die Tunesier( ( scheinen wenV"
"477";"00:10:32:10";"00:10:32:10";"FABst$ig interessiertÿÿ=Ñ"
"478";"00:10:32:10";"00:10:35:06";"Die Tunesier

scheinen wenig interessiert"
"479";"00:10:35:08";"00:10:35:08";"FABst°L an einer weiteren Revolution.ÿÿdl"
"480";"00:10:35:08";"00:10:37:19";"an einer weiteren Revolution."
"481";"00:10:39:15";"00:10:39:15";"FABst±H Sie sind desillusioniert.ÿÿÊ"
"482";"00:10:39:15";"00:10:41:20";"Sie sind desillusioniert."
"483";"00:10:41:22";"00:10:41:22";"FABst²VEs gibt eine große Politikmüdigkeit.ÿÿf"
"484";"00:10:41:22";"00:10:44:15";"Es gibt eine groûe PolitikmÈudigkeit."
"485";"00:10:44:17";"00:10:44:17";"FABst³d Die Menschen( ( fühlen sich niZ"
"486";"00:10:44:17";"00:10:44:17";"FABst(cht angesprochen.ÿÿ9"
"487";"00:10:44:17";"00:10:47:15";"Die Menschen

fÈuhlen sich nicht angesprochen."
"488";"00:10:47:17";"00:10:47:17";"FABst´d Sie wollen dem Präsidenten( ( die Mögû>"
"489";"00:10:47:17";"00:10:47:17";"FABst<lichkeit geben, das zu tun,ÿÿ%ª"
"490";"00:10:47:17";"00:10:51:15";"Sie wollen dem PrÈasidenten

die MÈoglichkeit geben, das zu tun,"
"491";"00:10:51:17";"00:10:51:17";"FABstµd was die, die vor ihm regierten,( ( <i>"
"492";"00:10:51:17";"00:10:51:17";"FABst.nicht getan haben.ÿÿ3¿ª"
"493";"00:10:51:17";"00:10:55:09";"was die, die vor ihm regierten,

nicht getan haben."
"494";"00:10:57:12";"00:10:57:12";"FABst¶d So ist es erstaunlich ruhig,( ( obwohlý<u>"
"495";"00:10:57:12";"00:10:57:12";"FABst6 viele unzufrieden sind.ÿÿ+þ"
"496";"00:10:57:12";"00:11:02:02";"So ist es erstaunlich ruhig,

obwohl viele unzufrieden sind."
"497";"00:11:02:04";"00:11:02:04";"FABst·d Junge Menschen suchen resigniert( ( åÚ"
"498";"00:11:02:04";"00:11:02:04";"FABst0ihr Glück in Europa.ÿÿ1~"
"499";"00:11:02:04";"00:11:06:03";"Junge Menschen suchen resigniert

ihr GlÈuck in Europa."
"500";"00:11:06:05";"00:11:06:05";"FABst¸d Und landen in Schlepperbooten -( ( mitÝî"
"501";"00:11:06:05";"00:11:06:05";"FABst: Migranten aus Subsahara. ÿÿ'´Ú"
"502";"00:11:06:05";"00:11:11:10";"Und landen in Schlepperbooten -

mit Migranten aus Subsahara."
"503";"00:11:11:12";"00:11:11:12";"FABst¹d Nicht alle( ( schaffen es übhN"
"504";"00:11:11:12";"00:11:11:12";"FABst$ers Mittelmeer.ÿÿ=¬"
"505";"00:11:11:12";"00:11:14:09";"Nicht alle

schaffen es Èubers Mittelmeer."
"506";"00:11:16:19";"00:11:16:19";"FABstºd Weitere Nachrichten( ( mit Ë "
"507";"00:11:16:19";"00:11:16:19";"FABst$dir, Thorsten. ÿÿ=¤¦"
"508";"00:11:16:19";"00:11:19:09";"Weitere Nachrichten

mit dir, Thorsten."
"509";"00:11:20:06";"00:11:20:06";"FABst»d Im japanischen Hiroshima( ( beginnt e"
"510";"00:11:20:06";"00:11:20:06";"FABst>in dreitägiges Gipfeltreffenÿÿ#[B"
"511";"00:11:20:06";"00:11:24:04";"Im japanischen Hiroshima

beginnt ein dreitÈagiges Gipfeltreffen"
"512";"00:11:24:06";"00:11:24:06";"FABst¼d der sieben größten( ( westlichen½Â"
"513";"00:11:24:06";"00:11:24:06";"FABst* Industriestaaten.ÿÿ7É"
"514";"00:11:24:06";"00:11:27:07";"der sieben grÈoûten

westlichen Industriestaaten."
"515";"00:11:27:09";"00:11:27:09";"FABst½dEines der Themen: der russische Krieg( ( ú&"
"516";"00:11:27:09";"00:11:27:09";"FABst8 gegen die Ukraine.ÿÿ)»À"
"517";"00:11:27:09";"00:11:30:24";"Eines der Themen: der russische Krieg

gegen die Ukraine."
"518";"00:11:31:01";"00:11:31:01";"FABst¾d Ein US-Regierungsvertreter( ( <i> "
"519";"00:11:31:01";"00:11:31:01";"FABst"kündigte an,ÿÿ?qØ"
"520";"00:11:31:01";"00:11:33:12";"Ein US-Regierungsvertreter

kÈundigte an,"
"521";"00:11:33:14";"00:11:33:14";"FABst¿d seine Delegation werde weitere( ( SanktioÌ"
"522";"00:11:33:14";"00:11:33:14";"FABst>nen gegen Russland vorlegen.ÿÿ#Û¢"
"523";"00:11:33:14";"00:11:37:16";"seine Delegation werde weitere

Sanktionen gegen Russland vorlegen."
"524";"00:11:37:19";"00:11:37:19";"FABstÀd Kanzler Scholz( ( reiste mit ÿ¸"
"525";"00:11:37:19";"00:11:37:19";"FABst$seiner Frau an.ÿÿ=ó6"
"526";"00:11:37:19";"00:11:40:11";"Kanzler Scholz

reiste mit seiner Frau an."
"527";"00:11:40:13";"00:11:40:13";"FABstÁd Vom G7-Gipfel( ( erwarte er ei"
"528";"00:11:40:13";"00:11:40:13";"FABst$n klares Signalÿÿ=¦F"
"529";"00:11:40:13";"00:11:43:11";"Vom G7-Gipfel

erwarte er ein klares Signal"
"530";"00:11:43:13";"00:11:43:13";"FABstÂd gegen den Einsatz von Atomwaffen,( ( ûî"
"531";"00:11:43:13";"00:11:43:13";"FABst( so Scholz.ÿÿ9ïn"
"532";"00:11:43:13";"00:11:47:16";"gegen den Einsatz von Atomwaffen,

so Scholz."
"533";"00:11:47:18";"00:11:47:18";"FABstÃd Hiroshima sei( ( ein symbolp"
"534";"00:11:47:18";"00:11:47:18";"FABst$trächtiger Ort.ÿÿ=7"
"535";"00:11:47:18";"00:11:51:01";"Hiroshima sei

ein symboltrÈachtiger Ort."
"536";"00:11:51:03";"00:11:51:03";"FABstÄdIn den Gesprächen geht es auch um die( ( BeLz"
"537";"00:11:51:03";"00:11:51:03";"FABstJziehungen der G7-Staaten zu China.ÿÿÃî"
"538";"00:11:51:03";"00:11:56:03";"In den GesprÈachen geht es auch um die

Beziehungen der G7-Staaten zu China."
"539";"00:11:57:06";"00:11:57:06";"FABstÅJ Der älteste erhaltene Globusÿÿú"
"540";"00:11:57:06";"00:11:59:10";"Der Èalteste erhaltene Globus"
"541";"00:11:59:12";"00:11:59:12";"FABstÆd wurde in das Welt-Dokumentenerbe( ( d®"
"542";"00:11:59:12";"00:11:59:12";"FABst2er UNESCO aufgenommen.ÿÿ/²ö"
"543";"00:11:59:12";"00:12:04:00";"wurde in das Welt-Dokumentenerbe

der UNESCO aufgenommen."
"544";"00:12:05:01";"00:12:05:01";"FABstÇd Er wurde auf Anregung( ( des deutµ<"
"545";"00:12:05:01";"00:12:05:01";"FABst*schen Tuchhändlersÿÿ74"
"546";"00:12:05:01";"00:12:08:06";"Er wurde auf Anregung

des deutschen TuchhÈandlers"
"547";"00:12:08:08";"00:12:08:08";"FABstÈN Martin Behaim 1492 angefertigt.ÿÿH"
"548";"00:12:08:08";"00:12:10:21";"Martin Behaim 1492 angefertigt."
"549";"00:12:10:23";"00:12:10:23";"FABstÉd Er steht in Nürnberg( ( im GermaniSâ"
"550";"00:12:10:23";"00:12:10:23";"FABst0schen Nationalmuseum.ÿÿ1¹D"
"551";"00:12:10:23";"00:12:14:17";"Er steht in NÈurnberg

im Germanischen Nationalmuseum."
"552";"00:12:14:19";"00:12:14:19";"FABstÊH Amerika fehlt darauf noch.ÿÿX"
"553";"00:12:14:19";"00:12:16:16";"Amerika fehlt darauf noch."
"554";"00:12:16:18";"00:12:16:18";"FABstËd Daneben wurden 63 weitere Werke( ( auf à"
"555";"00:12:16:18";"00:12:16:18";"FABst<die Welterbeliste gesetzt. ÿÿ%¡"
"556";"00:12:16:18";"00:12:20:24";"Daneben wurden 63 weitere Werke

auf die Welterbeliste gesetzt."
"557";"00:12:21:01";"00:12:21:01";"FABstÌd Unter anderem die mitteldeutsche( ( Lied«"
"558";"00:12:21:01";"00:12:21:01";"FABst:ersammlung "Codex Manesse"ÿÿ'òT"
"559";"00:12:21:01";"00:12:25:00";"Unter anderem die mitteldeutsche

Liedersammlung "Codex Manesse""
"560";"00:12:25:02";"00:12:25:02";"FABstÍd und der Dokumentarfilm( ( "Shoah" ±>"
"561";"00:12:25:02";"00:12:25:02";"FABst.von Claude Lanzmann.ÿÿ3¦"
"562";"00:12:25:02";"00:12:28:12";"und der Dokumentarfilm

"Shoah" von Claude Lanzmann."
"563";"00:12:29:14";"00:12:29:14";"FABstÎd Über 110 Jahre( ( nach dem UnteV"
"564";"00:12:29:14";"00:12:29:14";"FABst(rgang der Titanicÿÿ9¾¢"
"565";"00:12:29:14";"00:12:32:21";"ÈUber 110 Jahre

nach dem Untergang der Titanic"
"566";"00:12:32:23";"00:12:32:23";"FABstÏdhat die BBC hochauflösende Bilder des( ( vefô"
"567";"00:12:32:23";"00:12:32:23";"FABstJrsunkenen Schiffes veröffentlicht.ÿÿZ~"
"568";"00:12:32:23";"00:12:37:11";"hat die BBC hochauflÈosende Bilder des

versunkenen Schiffes verÈoffentlicht."
"569";"00:12:37:13";"00:12:37:13";"FABstÐJ Damit wollen WissenschaftlerÿÿOX"
"570";"00:12:37:13";"00:12:39:09";"Damit wollen Wissenschaftler"
"571";"00:12:39:11";"00:12:39:11";"FABstÑd die Ursache des Unglücks( ( gen|D"
"572";"00:12:39:11";"00:12:39:11";"FABst(auer untersuchen.ÿÿ9x"
"573";"00:12:39:11";"00:12:42:06";"die Ursache des UnglÈucks

genauer untersuchen."
"574";"00:12:42:09";"00:12:42:09";"FABstÒd Die Aufnahmen( ( entstanden durcæØ"
"575";"00:12:42:09";"00:12:42:09";"FABst0h die Zusammensetzungÿÿ1¾6"
"576";"00:12:42:09";"00:12:45:15";"Die Aufnahmen

entstanden durch die Zusammensetzung"
"577";"00:12:45:17";"00:12:45:17";"FABstÓB von 700.000 Bildern.ÿÿef"
"578";"00:12:45:17";"00:12:47:01";"von 700.000 Bildern."
"579";"00:12:47:03";"00:12:47:03";"FABstÔd Die Titanic( ( hatte auf ihrª"
"580";"00:12:47:03";"00:12:47:03";"FABst&er Jungfernfahrtÿÿ;Æ"
"581";"00:12:47:03";"00:12:49:16";"Die Titanic

hatte auf ihrer Jungfernfahrt"
"582";"00:12:49:18";"00:12:49:18";"FABstÕd im Atlantik einen Eisberg gerammt( ( §"
"583";"00:12:49:18";"00:12:49:18";"FABst0 und war gesunken.ÿÿ1Ó¦"
"584";"00:12:49:18";"00:12:52:22";"im Atlantik einen Eisberg gerammt

und war gesunken."
"585";"00:12:52:24";"00:12:52:24";"FABstÖd Bis heute liegt das Wrack( ( au­à"
"586";"00:12:52:24";"00:12:52:24";"FABst*f dem Meeresboden.ÿÿ7Â"
"587";"00:12:52:24";"00:12:55:21";"Bis heute liegt das Wrack

auf dem Meeresboden."
"588";"00:12:55:23";"00:12:55:23";"FABst×d Nach den schweren Unwettern( ( è"
"589";"00:12:55:23";"00:12:55:23";"FABst&in Norditalienÿÿ;<i>"
"590";"00:12:55:23";"00:12:58:11";"Nach den schweren Unwettern

in Norditalien"
"591";"00:12:58:13";"00:12:58:13";"FABstØd ist die Zahl der Toten( ( auf mind½("
"592";"00:12:58:13";"00:12:58:13";"FABst.estens 13 gestiegen.ÿÿ3£N"
"593";"00:12:58:13";"00:13:01:13";"ist die Zahl der Toten

auf mindestens 13 gestiegen."
"594";"00:13:01:15";"00:13:01:15";"FABstÙTNoch immer werden Menschen vermisst.ÿÿ0Ö"
"595";"00:13:01:15";"00:13:04:01";"Noch immer werden Menschen vermisst."
"596";"00:13:04:03";"00:13:04:03";"FABstÚJ In der Region Emilia-RomagnaFú"
"597";"00:13:04:03";"00:13:05:23";"In der Region Emilia-Romagna"
"598";"00:13:06:00";"00:13:06:00";"FABstÛd mussten über 10.000 Einwohner( ( iÂ"
"599";"00:13:06:00";"00:13:06:00";"FABst0hre Häuser verlassen.9zð"
"600";"00:13:06:00";"00:13:09:17";"mussten Èuber 10.000 Einwohner

ihre HÈauser verlassen."
"601";"00:13:09:19";"00:13:09:19";"FABstÜd Es wurden Notunterkünfte( ( a"
"602";"00:13:09:19";"00:13:09:19";"FABst eingerichtet.ÿÿA·^"
"603";"00:13:09:19";"00:13:11:24";"Es wurden NotunterkÈunfte

eingerichtet."
"604";"00:13:12:01";"00:13:12:01";"FABstÝdVielerorts richteten Überschwemmungen( ( un|"
"605";"00:13:12:01";"00:13:12:01";"FABstHnd Erdrutsche schwere Schäden an.`r"
"606";"00:13:12:01";"00:13:16:04";"Vielerorts richteten ÈUberschwemmungen

und Erdrutsche schwere SchÈaden an."
"607";"00:13:16:06";"00:13:16:06";"FABstÞd In einigen Orten( ( begannen diìd"
"608";"00:13:16:06";"00:13:16:06";"FABst*e Aufräumarbeiten.`73Ø"
"609";"00:13:16:06";"00:13:18:24";"In einigen Orten

begannen die AufrÈaumarbeiten."
"610";"00:13:19:15";"00:13:19:15";"FABstßTDie Fußballerinnen des VfL WolfsburgÿÿøÖ"
"611";"00:13:19:15";"00:13:21:24";"Die Fuûballerinnen des VfL Wolfsburg"
"612";"00:13:22:01";"00:13:22:01";"FABstàd haben zum zehnten Mal( ( den DØô"
"613";"00:13:22:01";"00:13:22:01";"FABst*FB-Pokal gewonnen.ÿÿ7Ú"
"614";"00:13:22:01";"00:13:24:22";"haben zum zehnten Mal

den DFB-Pokal gewonnen."
"615";"00:13:24:23";"00:13:24:23";"FABstád Die Titelverteidigerinnen ( ( mit Ka¢8"
"616";"00:13:24:23";"00:13:24:23";"FABst2pitänin Alexandra Poppÿÿ/g"
"617";"00:13:24:23";"00:13:28:10";"Die Titelverteidigerinnen

mit KapitÈanin Alexandra Popp"
"618";"00:13:28:12";"00:13:28:12";"FABstâd setzten sich in Köln mit 4:1( ( gegen:¦"
"619";"00:13:28:12";"00:13:28:12";"FABst4 den SC Freiburg durch.ÿÿ-÷¬"
"620";"00:13:28:12";"00:13:32:07";"setzten sich in KÈoln mit 4:1

gegen den SC Freiburg durch."
"621";"00:13:33:07";"00:13:33:07";"FABstãd Vor 45.000 Fans( ( ging der Îà"
"622";"00:13:33:07";"00:13:33:07";"FABst VfL WolfsburgÿÿAÈ"
"623";"00:13:33:07";"00:13:36:01";"Vor 45.000 Fans

ging der VfL Wolfsburg"
"624";"00:13:36:03";"00:13:36:03";"FABstäd bereits in der vierten Minute( (  Ú"
"625";"00:13:36:03";"00:13:36:03";"FABst& in Führung.ChÖ"
"626";"00:13:36:03";"00:13:38:23";"bereits in der vierten Minute

in FÈuhrung."
"627";"00:13:39:00";"00:13:39:00";"FABståd Nach dem Pass von Wilms( ( UnsicherhÅ^"
"628";"00:13:39:00";"00:13:39:00";"FABst6eit in Freiburgs Abwehr,3ì"
"629";"00:13:39:00";"00:13:43:00";"Nach dem Pass von Wilms

Unsicherheit in Freiburgs Abwehr,"
"630";"00:13:43:02";"00:13:43:02";"FABstæH Karl traf ins eigene Tor.ÿÿ]ú"
"631";"00:13:43:02";"00:13:45:05";"Karl traf ins eigene Tor."
"632";"00:13:45:07";"00:13:45:07";"FABstçd Der VfL von Tommy Stroot( ( s¸N"
"633";"00:13:45:07";"00:13:45:07";"FABst$pielbestimmend.ÿÿ=Ì®"
"634";"00:13:45:07";"00:13:48:08";"Der VfL von Tommy Stroot

spielbestimmend."
"635";"00:13:48:10";"00:13:48:10";"FABstèP Nach starkem Zuspiel von Oberdorfÿÿ=~"
"636";"00:13:48:10";"00:13:50:21";"Nach starkem Zuspiel von Oberdorf"
"637";"00:13:50:23";"00:13:50:23";"FABstéd scheiterte Rauch( ( an TorhüGÜ"
"638";"00:13:50:23";"00:13:50:23";"FABst"terin Lambert.ÿÿ?ÛJ"
"639";"00:13:50:23";"00:13:54:02";"scheiterte Rauch

an TorhÈuterin Lambert."
"640";"00:13:54:04";"00:13:54:04";"FABstêd Kurz vor der Pause: Ecke Freiburg( ( uÜ"
"641";"00:13:54:04";"00:13:54:04";"FABst8nd Ausgleich durch Minge.ÿÿ)"
"642";"00:13:54:04";"00:13:59:08";"Kurz vor der Pause: Ecke Freiburg

und Ausgleich durch Minge."
"643";"00:13:59:10";"00:13:59:10";"FABstëd Der Außenseiter, Platz sechs ( ( in dÔ"
"644";"00:13:59:10";"00:13:59:10";"FABst8er Liga, zurück im Spiel.ÿÿ)v"
"645";"00:13:59:10";"00:14:03:06";"Der Auûenseiter, Platz sechs

in der Liga, zurÈuck im Spiel."
"646";"00:14:03:08";"00:14:03:08";"FABstìd In der zweiten Hälfte traf erst( ( Wol#ü"
"647";"00:14:03:08";"00:14:03:08";"FABst:fsburgs Pajor den Pfosten ÿÿ'èN"
"648";"00:14:03:08";"00:14:06:23";"In der zweiten HÈalfte traf erst

Wolfsburgs Pajor den Pfosten"
"649";"00:14:07:01";"00:14:07:01";"FABstíd und dann, im zweiten Versuch,( ( \"
"650";"00:14:07:01";"00:14:07:01";"FABst,Blomquist das Tor.ÿÿ5¨¤"
"651";"00:14:07:01";"00:14:09:21";"und dann, im zweiten Versuch,

Blomquist das Tor."
"652";"00:14:09:23";"00:14:09:23";"FABstîR2:1 - die Favoritinnen wieder vorn.ÿÿ6"
"653";"00:14:09:23";"00:14:12:06";"2:1 - die Favoritinnen wieder vorn."
"654";"00:14:12:08";"00:14:12:08";"FABstïd Aber auch Freiburg gefährlich:( ( G¼"
"655";"00:14:12:08";"00:14:12:08";"FABst*Kayici Frohms.ÿÿ7ðd"
"656";"00:14:12:08";"00:14:15:07";"Aber auch Freiburg gefÈahrlich:

Kayici Ð Frohms."
"657";"00:14:15:09";"00:14:15:09";"FABstðd SC-Trainerin Merk( ( hoffte vergebæ"
"658";"00:14:15:09";"00:14:15:09";"FABst2ens auf den Ausgleich.ÿÿ/Ð "
"659";"00:14:15:09";"00:14:18:18";"SC-Trainerin Merk

hoffte vergebens auf den Ausgleich."
"660";"00:14:18:20";"00:14:18:20";"FABstñd Stattdessen das 3:1( ( durch Wolfsbì"
"661";"00:14:18:20";"00:14:18:20";"FABst.urgs Kapitänin Popp.ÿÿ38è"
"662";"00:14:18:20";"00:14:22:17";"Stattdessen das 3:1

durch Wolfsburgs KapitÈanin Popp."
"663";"00:14:23:05";"00:14:23:05";"FABstòd Kurz vor Schluss erzielte( ( Janssen pe¾"
"664";"00:14:23:05";"00:14:23:05";"FABst6r Hand-Elfmeter das 4:1.ÿÿ+ïæ"
"665";"00:14:23:05";"00:14:27:01";"Kurz vor Schluss erzielte

Janssen per Hand-Elfmeter das 4:1."
"666";"00:14:27:03";"00:14:27:03";"FABstód Für den VfL Wolfsburg( ( der"
"667";"00:14:27:03";"00:14:27:03";"FABst(zehnte Pokalsieg,ÿÿ9¹"
"668";"00:14:27:03";"00:14:30:17";"FÈur den VfL Wolfsburg

der zehnte Pokalsieg,"
"669";"00:14:31:15";"00:14:31:15";"FABstôd für Popp gar der zwölfte ( ( b¢ò"
"670";"00:14:31:15";"00:14:31:15";"FABst(eides ist Rekord.ÿÿ9ç "
"671";"00:14:31:15";"00:14:37:11";"fÈur Popp gar der zwÈolfte Ð

beides ist Rekord."
"672";"00:14:39:01";"00:14:39:01";"FABstõd Das ist vielleicht( ( das be¢"
"673";"00:14:39:01";"00:14:39:01";"FABst"rühmteste Bildÿÿ?N"
"674";"00:14:39:01";"00:14:41:14";"Das ist vielleicht

das berÈuhmteste Bild"
"675";"00:14:41:16";"00:14:41:16";"FABstöd des jungen, wunderschönen ( ( Schausiì"
"676";"00:14:41:16";"00:14:41:16";"FABst2pielers Helmut Berger.ÿÿ/¢<u>"
"677";"00:14:41:16";"00:14:45:01";"des jungen, wunderschÈonen

Schauspielers Helmut Berger."
"678";"00:14:45:03";"00:14:45:03";"FABst÷F Es entstammt einer Szeneÿÿú"
"679";"00:14:45:03";"00:14:46:22";"Es entstammt einer Szene"
"680";"00:14:46:24";"00:14:46:24";"FABstød aus Viscontis Film( ( "Gewalt u½È"
"681";"00:14:46:24";"00:14:46:24";"FABst(nd Leidenschaft":ÿÿ9ê´"
"682";"00:14:46:24";"00:14:49:21";"aus Viscontis Film

"Gewalt und Leidenschaft":"
"683";"00:14:49:23";"00:14:49:23";"FABstùB Zwei Gefühlswelten,ÿÿ<i>&"
"684";"00:14:49:23";"00:14:51:10";"Zwei GefÈuhlswelten,"
"685";"00:14:51:12";"00:14:51:12";"FABstúdmit denen auch der Mensch Berger( ( ¥Ò"
"686";"00:14:51:12";"00:14:51:12";"FABst.zeitlebens kämpfte.ÿÿ3"
"687";"00:14:51:12";"00:14:54:20";"mit denen auch der Mensch Berger

zeitlebens kÈampfte."
"688";"00:14:54:22";"00:14:54:22";"FABstûF Denn Berger war beides:ÿÿ´"
"689";"00:14:54:22";"00:14:56:12";"Denn Berger war beides:"
"690";"00:14:56:14";"00:14:56:14";"FABstüd Muse und Monster,( ( Wunderkind ý""
"691";"00:14:56:14";"00:14:56:14";"FABst(und Wahnsinniger.ÿÿ9¾v"
"692";"00:14:56:14";"00:14:59:24";"Muse und Monster,

Wunderkind und Wahnsinniger."
"693";"00:15:00:01";"00:15:00:01";"FABstýB Ein elegantes Ekel.ÿÿJd"
"694";"00:15:00:01";"00:15:01:23";"Ein elegantes Ekel."
"695";"00:15:02:19";"00:15:02:19";"FABstþd "Zwei Seelen hausen, ach,( ("
"696";"00:15:02:19";"00:15:02:19";"FABst(in meiner Brust",ÿÿ9¯"
"697";"00:15:02:19";"00:15:05:23";""Zwei Seelen hausen, ach,

in meiner Brust","
"698";"00:15:06:00";"00:15:06:00";"FABstÿJ schrieb er über sich selbst.ÿÿ"
"699";"00:15:06:00";"00:15:07:24";"schrieb er Èuber sich selbst."
"700";"00:15:08:01";"00:15:08:01";"FABstd Vielleicht war es das,( ( woran er Ex"
"701";"00:15:08:01";"00:15:08:01";"FABst2immer wieder zerbrach.ÿÿ/¿4"
"702";"00:15:08:01";"00:15:11:09";"Vielleicht war es das,

woran er immer wieder zerbrach."
"703";"00:15:11:11";"00:15:11:11";"FABstd Helmut Berger ist am Mittwoch( ( im Alt7h"
"704";"00:15:11:11";"00:15:11:11";"FABst<er von 78 Jahren gestorben.ÿÿ%þ|"
"705";"00:15:11:11";"00:15:15:14";"Helmut Berger ist am Mittwoch

im Alter von 78 Jahren gestorben."
"706";"00:15:15:16";"00:15:15:16";"FABst< Klaus Lesche.ÿÿ!"
"707";"00:15:15:16";"00:15:17:03";"Klaus Lesche."
"708";"00:15:18:23";"00:15:18:23";"FABstTEr galt als schönster Mann der Welt.ÿÿFÊ"
"709";"00:15:18:23";"00:15:21:13";"Er galt als schÈonster Mann der Welt."
"710";"00:15:21:15";"00:15:21:15";"FABstd Wer diese Bilder( ( aus Helmut Beu"
"711";"00:15:21:15";"00:15:21:15";"FABst6rgers Glanzzeiten sieht,ÿÿ+¸"
"712";"00:15:21:15";"00:15:25:04";"Wer diese Bilder

aus Helmut Bergers Glanzzeiten sieht,"
"713";"00:15:25:06";"00:15:25:06";"FABstN mag da nur schwer widersprechen.ÅÈ"
"714";"00:15:25:06";"00:15:28:13";"mag da nur schwer widersprechen."
"715";"00:15:28:15";"00:15:28:15";"FABstd Der Regisseur,( ( der ihn zrê"
"716";"00:15:28:15";"00:15:28:15";"FABst"um Star macht,`?õú"
"717";"00:15:28:15";"00:15:31:05";"Der Regisseur,

der ihn zum Star macht,"
"718";"00:15:31:07";"00:15:31:07";"FABst@ sieht das ähnlich.ÿÿi¨"
"719";"00:15:31:07";"00:15:32:12";"sieht das Èahnlich."
"720";"00:15:32:14";"00:15:32:14";"FABstd Lucchino Visconti und Berger( ( lernen s²"
"721";"00:15:32:14";"00:15:32:14";"FABst<i>ch 1964 in Italien kennen,ÿÿ%à2"
"722";"00:15:32:14";"00:15:36:10";"Lucchino Visconti und Berger

lernen sich 1964 in Italien kennen,"
"723";"00:15:36:12";"00:15:36:12";"FABst@ bei Dreharbeiten.ÿÿÉø"
"724";"00:15:36:12";"00:15:37:18";"bei Dreharbeiten."
"725";"00:15:37:20";"00:15:37:20";"FABst> Es war eiskalt.ÿÿý"
"726";"00:15:37:20";"00:15:39:04";"Es war eiskalt."
"727";"00:15:39:06";"00:15:39:06";"FABstJ Da hat mir der Herr ViscontiÿÿÖÂ"
"728";"00:15:39:06";"00:15:41:14";"Da hat mir der Herr Visconti"
"729";"00:15:41:16";"00:15:41:16";"FABstd durch einen Assistenten( ( einen w^Ê"
"730";"00:15:41:16";"00:15:41:16";"FABst2armen Schal geschickt.ÿÿ/"
"731";"00:15:41:16";"00:15:45:18";"durch einen Assistenten

einen warmen Schal geschickt."
"732";"00:15:46:01";"00:15:46:01";"FABstdDie beiden werden unzertrennlich ( ( ~Ê"
"733";"00:15:46:01";"00:15:46:01";"FABst2beruflich wie privat.ÿÿ/Îv"
"734";"00:15:46:01";"00:15:49:12";"Die beiden werden unzertrennlich Ð

beruflich wie privat."
"735";"00:15:49:14";"00:15:49:14";"FABstd Eine Rolle in Viscontis Film( ("
"736";"00:15:49:14";"00:15:49:14";"FABst("Die Verdammten"ÿÿ9¤~"
"737";"00:15:49:14";"00:15:52:10";"Eine Rolle in Viscontis Film

"Die Verdammten""
"738";"00:15:52:12";"00:15:52:12";"FABstF wird Bergers Durchbruch.ÿÿÌ"
"739";"00:15:52:12";"00:15:54:05";"wird Bergers Durchbruch."
"740";"00:15:54:07";"00:15:54:07";"FABstd 1970 bekommt er( ( dafür einæ"
"741";"00:15:54:07";"00:15:54:07";"FABst&en Golden Globe.ÿÿ;½X"
"742";"00:15:54:07";"00:15:57:01";"1970 bekommt er

dafÈur einen Golden Globe."
"743";"00:15:57:03";"00:15:57:03";"FABstd Ein traumhafter Aufstieg( ( für den HÇT"
"744";"00:15:57:03";"00:15:57:03";"FABst>oteliers-Sohn aus Bad Ischl.ÿÿ#x"
"745";"00:15:57:03";"00:16:00:24";"Ein traumhafter Aufstieg

fÈur den Hoteliers-Sohn aus Bad Ischl."
"746";"00:16:01:01";"00:16:01:01";"FABstd Doch bald findet Berger( ( Jetset-Pa;ú"
"747";"00:16:01:01";"00:16:01:01";"FABst6rtys immer aufregender ÿÿ+ë"
"748";"00:16:01:01";"00:16:04:14";"Doch bald findet Berger

Jetset-Partys immer aufregender Ð"
"749";"00:16:04:16";"00:16:04:16";"FABstJ und Filme immer ermüdender.ÿÿp:"
"750";"00:16:04:16";"00:16:06:20";"und Filme immer ermÈudender."
"751";"00:16:08:12";"00:16:08:12";"FABst> Beim ersten FilmÿÿÄf"
"752";"00:16:08:12";"00:16:09:18";"Beim ersten Film"
"753";"00:16:09:20";"00:16:09:20";"FABstdbin ich immer voller Enthusiasmus( ( Uø"
"754";"00:16:09:20";"00:16:09:20";"FABst. und vorbereitet.ÿÿ3ö"
"755";"00:16:09:20";"00:16:13:03";"bin ich immer voller Enthusiasmus

und vorbereitet."
"756";"00:16:13:05";"00:16:13:05";"FABstd Der zweite Film( ( ist schon zz"
"757";"00:16:13:05";"00:16:13:05";"FABst(eine Anstrengung.ÿÿ9¿|"
"758";"00:16:13:05";"00:16:16:10";"Der zweite Film

ist schon eine Anstrengung."
"759";"00:16:16:12";"00:16:16:12";"FABstNUnd beim Dritten hat man's satt.ÿÿîÄ"
"760";"00:16:16:12";"00:16:19:01";"Und beim Dritten hat man's satt."
"761";"00:16:19:16";"00:16:19:16";"FABstd Mit Visconti im Regiestuhl( ( und der O""
"762";"00:16:19:16";"00:16:19:16";"FABst>ewigen Sisi, Romy Schneider,ÿÿ#n"
"763";"00:16:19:16";"00:16:23:20";"Mit Visconti im Regiestuhl

und der ewigen Sisi, Romy Schneider,"
"764";"00:16:23:22";"00:16:23:22";"FABstd dreht er auch den Film, den viele( ( fü</u>²"
"765";"00:16:23:22";"00:16:23:22";"FABst<r den seines Lebens halten:ÿÿ%ý&"
"766";"00:16:23:22";"00:16:28:00";"dreht er auch den Film, den viele

fÈur den seines Lebens halten:"
"767";"00:16:28:02";"00:16:28:02";"FABstd "Ludwig der Zweite",( ( der märche¡¾"
"768";"00:16:28:02";"00:16:28:02";"FABst.nhafte Bayern-König,ÿÿ3?"
"769";"00:16:28:02";"00:16:31:04";""Ludwig der Zweite",

der mÈarchenhafte Bayern-KÈonig,"
"770";"00:16:31:06";"00:16:31:06";"FABstVum dessen Leben sich Legenden ranken.ÿÿÔ0"
"771";"00:16:31:06";"00:16:33:15";"um dessen Leben sich Legenden ranken."
"772";"00:16:33:17";"00:16:33:17";"FABstd Wie Ludwig war auch Berger( ( nicht SÞ"
"773";"00:16:33:17";"00:16:33:17";"FABst2ganz von dieser Welt -ÿÿ/æ"
"774";"00:16:33:17";"00:16:36:24";"Wie Ludwig war auch Berger

nicht ganz von dieser Welt -"
"775";"00:16:37:01";"00:16:37:01";"FABstJ und auch ein wenig paranoid.ÿÿÐD"
"776";"00:16:37:01";"00:16:39:05";"und auch ein wenig paranoid."
"777";"00:16:39:14";"00:16:39:14";"FABstd Ich bin umgeben von Leuten,( ( die all-Þ"
"778";"00:16:39:14";"00:16:39:14";"FABst<es beobachten, was ich tue.ÿÿ%¼"
"779";"00:16:39:14";"00:16:43:15";"Ich bin umgeben von Leuten,

die alles beobachten, was ich tue."
"780";"00:16:43:17";"00:16:43:17";"FABstd Doch nicht um mich zu schützen:( ( Um ê"
"781";"00:16:43:17";"00:16:43:17";"FABst:mich zugrunde zu richten. ÿÿ'±t"
"782";"00:16:43:17";"00:16:47:16";"Doch nicht um mich zu schÈutzen:

Um mich zugrunde zu richten."
"783";"00:16:48:07";"00:16:48:07";"FABst d Auch dieser Dreh( ( ist wiedO"
"784";"00:16:48:07";"00:16:48:07";"FABst$er anstrengend.ÿÿ=("
"785";"00:16:48:07";"00:16:51:11";"Auch dieser Dreh

ist wieder anstrengend."
"786";"00:16:51:12";"00:16:51:12";"FABst!d Berger soll wochenlang( ( fast nu)"
"787";"00:16:51:12";"00:16:51:12";"FABst,r geschlafen haben.ÿÿ5Ò2"
"788";"00:16:51:12";"00:16:54:16";"Berger soll wochenlang

fast nur geschlafen haben."
"789";"00:16:54:18";"00:16:54:18";"FABst"d Es braucht Zeit,( ( dass man."
"790";"00:16:54:18";"00:16:54:18";"FABst$ sich beruhigt.ÿÿ=Ù2"
"791";"00:16:54:18";"00:16:57:16";"Es braucht Zeit,

dass man sich beruhigt."
"792";"00:16:57:24";"00:16:57:24";"FABst#d Sich beruhigen ( ( das fälâð"
"793";"00:16:57:24";"00:16:57:24";"FABst"lt ihm schwer.ÿÿ?²"
"794";"00:16:57:24";"00:17:00:09";"Sich beruhigen Ð

das fÈallt ihm schwer."
"795";"00:17:00:11";"00:17:00:11";"FABst$dAls sein Mentor Visconti 1976 stirbt,( ( nì"
"796";"00:17:00:11";"00:17:00:11";"FABst@ geht's bergab mit Berger ÿÿ!^"
"797";"00:17:00:11";"00:17:04:07";"Als sein Mentor Visconti 1976 stirbt,

geht's bergab mit Berger Ð"
"798";"00:17:04:09";"00:17:04:09";"FABst%Rerst langsam, dann immer schneller.ÿÿî:"
"799";"00:17:04:09";"00:17:06:14";"erst langsam, dann immer schneller."
"800";"00:17:06:16";"00:17:06:16";"FABst&d Alkohol und Drogen( ( sind nun sÀ"
"801";"00:17:06:16";"00:17:06:16";"FABst*tändige Begleiter.ÿÿ7LH"
"802";"00:17:06:16";"00:17:09:10";"Alkohol und Drogen

sind nun stÈandige Begleiter."
"803";"00:17:09:12";"00:17:09:12";"FABst'd 2013 dann der Tiefpunkt:( ( Berge@4"
"804";"00:17:09:12";"00:17:09:12";"FABst,r im Dschungelcamp.ÿÿ5ú"
"805";"00:17:09:12";"00:17:12:11";"2013 dann der Tiefpunkt:

Berger im Dschungelcamp."
"806";"00:17:12:13";"00:17:12:13";"FABst(8 Immerhin:ÿÿ%ú"
"807";"00:17:12:13";"00:17:13:18";"Immerhin:"
"808";"00:17:13:20";"00:17:13:20";"FABst)d Seine legendären Exzesse( ( werden im"
"809";"00:17:13:20";"00:17:13:20";"FABst< Alter wieder überschaubar.ÿÿ%(6"
"810";"00:17:13:20";"00:17:17:09";"Seine legendÈaren Exzesse

werden im Alter wieder Èuberschaubar."
"811";"00:17:17:11";"00:17:17:11";"FABst*d Was ich gerne hätte:( ( eine´î"
"812";"00:17:17:11";"00:17:17:11";"FABst"n Orangensaft.ÿÿ?ÎZ"
"813";"00:17:17:11";"00:17:19:18";"Was ich gerne hÈatte:

einen Orangensaft."
"814";"00:17:19:20";"00:17:19:20";"FABst+d 53 Jahre ist es her,( ( da drehte HZ"
"815";"00:17:19:20";"00:17:19:20";"FABst8elmut Berger mit Viscontiÿÿ)ßP"
"816";"00:17:19:20";"00:17:23:07";"53 Jahre ist es her,

da drehte Helmut Berger mit Visconti"
"817";"00:17:23:09";"00:17:23:09";"FABst,L "Das Bildnis des Dorian Gray".ÿÿÚ¨"
"818";"00:17:23:09";"00:17:25:07";""Das Bildnis des Dorian Gray"."
"819";"00:17:25:10";"00:17:25:10";"FABst-dOscar Wildes Geschichte eines Mannes,( ( de*"
"820";"00:17:25:10";"00:17:25:10";"FABstLssen Äußeres lange makellos bleibt.ÿÿ>"
"821";"00:17:25:10";"00:17:29:21";"Oscar Wildes Geschichte eines Mannes,

dessen ÈAuûeres lange makellos bleibt."
"822";"00:17:29:23";"00:17:29:23";"FABst.d An seiner Stelle( ( verfällÕf"
"823";"00:17:29:23";"00:17:29:23";"FABst"t das Porträt,ÿÿ?Ð"
"824";"00:17:29:23";"00:17:32:07";"An seiner Stelle

verfÈallt das PortrÈat,"
"825";"00:17:32:09";"00:17:32:09";"FABst/d dokumentiert erbarmungslos( ( die Folgeo"
"826";"00:17:32:09";"00:17:32:09";"FABst8n seiner Ausschweifungen.ÿÿ)ï&"
"827";"00:17:32:09";"00:17:36:00";"dokumentiert erbarmungslos

die Folgen seiner Ausschweifungen."
"828";"00:17:36:02";"00:17:36:02";"FABst0J Bei Berger ist es umgekehrt:ÿÿþ("
"829";"00:17:36:02";"00:17:37:23";"Bei Berger ist es umgekehrt:"
"830";"00:17:38:00";"00:17:38:00";"FABst1d Von seinem Leben( ( bleiben vor alR"
"831";"00:17:38:00";"00:17:38:00";"FABst0lem die ewig schönen,ÿÿ1ö"
"832";"00:17:38:00";"00:17:41:03";"Von seinem Leben

bleiben vor allem die ewig schÈonen,"
"833";"00:17:41:05";"00:17:41:05";"FABst2d die ewig jungen,( ( die ewig sc:"
"834";"00:17:41:05";"00:17:41:05";"FABst*hwerelosen Bilder.ÿÿ7Ü"
"835";"00:17:41:05";"00:17:44:05";"die ewig jungen,

die ewig schwerelosen Bilder."
"836";"00:17:45:03";"00:17:45:03";"FABst3dUns bleibt der Blick aufs Wetter.( ( o"
"837";"00:17:45:03";"00:17:45:03";"FABst2Claudia, wie wird's?ÿÿ/°"
"838";"00:17:45:03";"00:17:48:14";"Uns bleibt der Blick aufs Wetter.

Claudia, wie wird's?"
"839";"00:17:49:10";"00:17:49:10";"FABst4dHeute war es schon sonnig, wenn auch( ( s¤"
"840";"00:17:49:10";"00:17:49:10";"FABst@bei verhaltenen Temperaturen.)</u>"
"841";"00:17:49:10";"00:17:53:21";"Heute war es schon sonnig, wenn auch

bei verhaltenen Temperaturen."
"842";"00:17:53:23";"00:17:53:23";"FABst5d Das sieht man( ( hier auf dem |:"
"843";"00:17:53:23";"00:17:53:23";"FABst$Temperaturfilm.E"
"844";"00:17:53:23";"00:17:57:13";"Das sieht man

hier auf dem Temperaturfilm."
"845";"00:17:59:14";"00:17:59:14";"FABst6P Hier wird es morgen etwas wärmer.ÿÿz´"
"846";"00:17:59:14";"00:18:02:15";"Hier wird es morgen etwas wÈarmer."
"847";"00:18:02:17";"00:18:02:17";"FABst7L Samstag dann deutlich wärmer.ÿÿn<u>"
"848";"00:18:02:17";"00:18:05:02";"Samstag dann deutlich wÈarmer."
"849";"00:18:05:19";"00:18:05:19";"FABst8d Sonntag wird verbreitet( ( ein SommeKê"
"850";"00:18:05:19";"00:18:05:19";"FABst6rtag, also über 25 Grad.ÿÿ+]Ú"
"851";"00:18:05:19";"00:18:10:08";"Sonntag wird verbreitet

ein Sommertag, also Èuber 25 Grad."
"852";"00:18:10:23";"00:18:10:23";"FABst9d Wie es dunkelrot ist,( ( wird es b(T"
"853";"00:18:10:23";"00:18:10:23";"FABst,is zu 28 Grad warm:ÿÿ5èæ"
"854";"00:18:10:23";"00:18:15:02";"Wie es dunkelrot ist,

wird es bis zu 28 Grad warm:"
"855";"00:18:16:05";"00:18:16:05";"FABst:d Vom östlichen Niedersachsen( ( b"
"856";"00:18:16:05";"00:18:16:05";"FABst.is nach Brandenburg.ÿÿ30"
"857";"00:18:16:05";"00:18:20:01";"Vom Èostlichen Niedersachsen

bis nach Brandenburg."
"858";"00:18:20:14";"00:18:20:14";"FABst;dAber auch Richtung Rhein-Main-Gebiet,( ( RÄ"
"859";"00:18:20:14";"00:18:20:14";"FABstFda wird es um die 23 Grad warm,ÿÿä|"
"860";"00:18:20:14";"00:18:25:20";"Aber auch Richtung Rhein-Main-Gebiet,

da wird es um die 23 Grad warm,"
"861";"00:18:26:06";"00:18:26:06";"FABst<: etwa in Ulm.ÿÿ#<i>"
"862";"00:18:26:06";"00:18:28:09";"etwa in Ulm."
"863";"00:18:30:03";"00:18:30:03";"FABst=d In der Nacht haben wir( ( stern]À"
"864";"00:18:30:03";"00:18:30:03";"FABst(enklaren Himmel. ÿÿ9î®"
"865";"00:18:30:03";"00:18:33:14";"In der Nacht haben wir

sternenklaren Himmel."
"866";"00:18:33:16";"00:18:33:16";"FABst>d Vor allem nach Süden hin( ( gibt es nÁª"
"867";"00:18:33:16";"00:18:33:16";"FABst6och einige Wolkenfelder.ÿÿ+ò"
"868";"00:18:33:16";"00:18:37:05";"Vor allem nach SÈuden hin

gibt es noch einige Wolkenfelder."
"869";"00:18:37:07";"00:18:37:07";"FABst?d In der Nacht werden die( ( aber ^è"
"870";"00:18:37:07";"00:18:37:07";"FABst.kaum vorhanden sein.ÿÿ3¾Â"
"871";"00:18:37:07";"00:18:40:06";"In der Nacht werden die

aber kaum vorhanden sein."
"872";"00:18:40:08";"00:18:40:08";"FABst@B Daher wird es kalt.ÿÿ¥Â"
"873";"00:18:40:08";"00:18:41:17";"Daher wird es kalt."
"874";"00:18:41:19";"00:18:41:19";"FABstAd Im Laufe des morgigen Tages ( ( kommen<i>"
"875";"00:18:41:19";"00:18:41:19";"FABst6 dichtere Schleierwolkenÿÿ+Ëv"
"876";"00:18:41:19";"00:18:45:06";"Im Laufe des morgigen Tages

kommen dichtere Schleierwolken"
"877";"00:18:45:08";"00:18:45:08";"FABstBd und entwickeln sich( ( kompal®"
"878";"00:18:45:08";"00:18:45:08";"FABst&kte Quellwolken.ÿÿ;Ñ¢"
"879";"00:18:45:08";"00:18:48:10";"und entwickeln sich

kompakte Quellwolken."
"880";"00:18:48:22";"00:18:48:22";"FABstCd Am Alpenrand kann es ( ( einzewþ"
"881";"00:18:48:22";"00:18:48:22";"FABst*lne Schauer geben.ÿÿ7Ò"
"882";"00:18:48:22";"00:18:52:13";"Am Alpenrand kann es

einzelne Schauer geben."
"883";"00:18:52:15";"00:18:52:15";"FABstD@ Die Temperaturen:ÿÿ­¼"
"884";"00:18:52:15";"00:18:54:03";"Die Temperaturen:"
"885";"00:19:07:02";"00:19:07:02";"FABstEdDie nächsten Tage werden oft sonnig,( ( die¥"
"886";"00:19:07:02";"00:19:07:02";"FABstH Luft wird aber zunehmend schwül.ÿÿt~"
"887";"00:19:07:02";"00:19:12:11";"Die nÈachsten Tage werden oft sonnig,

die Luft wird aber zunehmend schwÈul."
"888";"00:19:12:24";"00:19:12:24";"FABstFd Am Samstag werden wir es mit( ( dickeren>v"
"889";"00:19:12:24";"00:19:12:24";"FABst: Quellwolken zu tun haben.ÿÿ'´"
"890";"00:19:12:24";"00:19:17:06";"Am Samstag werden wir es mit

dickeren Quellwolken zu tun haben."
"891";"00:19:17:08";"00:19:17:08";"FABstGd Am Sonntag dann häufiger( ( Scha°"
"892";"00:19:17:08";"00:19:17:08";"FABst*uer und Gewitter, ÿÿ7Ê "
"893";"00:19:17:08";"00:19:21:01";"Am Sonntag dann hÈaufiger

Schauer und Gewitter,"
"894";"00:19:21:15";"00:19:21:15";"FABstHPdie auch kräftig ausfallen können.ÿÿ´r"
"895";"00:19:21:15";"00:19:24:04";"die auch krÈaftig ausfallen kÈonnen."
"896";"00:19:24:06";"00:19:24:06";"FABstIH Zuvor aber bis zu 28 Grad.ÿÿã^"
"897";"00:19:24:06";"00:19:26:05";"Zuvor aber bis zu 28 Grad."
"898";"00:19:29:21";"00:19:29:21";"FABstJd Das waren die tagesthemen ( ( an diT"
"899";"00:19:29:21";"00:19:29:21";"FABst0esem Donnerstagabend.ÿÿ1­z"
"900";"00:19:29:21";"00:19:33:01";"Das waren die tagesthemen

an diesem Donnerstagabend."
"901";"00:19:33:03";"00:19:33:03";"FABstKL Im Ersten gibt's jetzt Comedy.ÿÿåì"
"902";"00:19:33:03";"00:19:35:06";"Im Ersten gibt's jetzt Comedy."
"903";"00:19:35:08";"00:19:35:08";"FABstLd Erst mit Carolin Kebekus, ( ( dann ´"
"904";"00:19:35:08";"00:19:35:08";"FABst0mit Thorsten Sträter.ÿÿ1Mj"
"905";"00:19:35:08";"00:19:39:18";"Erst mit Carolin Kebekus,

dann mit Thorsten StrÈater."
"906";"00:19:41:12";"00:19:41:12";"FABstMRDie nächste tagesschau um 1.05 Uhr.ÿÿ "
"907";"00:19:41:12";"00:19:44:18";"Die nÈachste tagesschau um 1.05 Uhr."
"908";"00:19:45:17";"00:19:45:17";"FABstNdWir sind morgen wieder früher da,( ("
"909";"00:19:45:17";"00:19:45:17";"FABst, um 21.45 Uhr.ÿÿ5¡B"
"910";"00:19:45:17";"00:19:49:14";"Wir sind morgen wieder frÈuher da,

um 21.45 Uhr."
"911";"00:19:49:16";"00:19:49:16";"FABstO6 Tschüss.ÿÿ'Bæ"
"912";"00:19:49:16";"00:19:51:04";"TschÈuss."
"913";"00:19:56:10";"00:19:56:10";"FABstPLCopyright Untertitel: NDR 2023ÿÿÌ~"
"914";"00:19:56:10";"00:19:58:20";"Copyright Untertitel: NDR 2023"
