No.;Timecode In;Timecode Out;Subtitle
"1";"00:00:03:00";"00:00:03:00";"FABst6 * Gong *ÿÿZZZZZZZZZZ¥¥ã¥¥¥¥¥6"
"2";"00:00:03:00";"00:00:03:00";"FABst¥¥¥¥ã¥ã¥¥¥¥¥§ª¦ªîªªªGö¤"
"3";"00:00:03:00";"00:00:04:07";"* Gong *"
"4";"00:00:04:24";"00:00:04:24";"FABstdHier ist das Erste Deutsche Fernsehen( ( 9"
"5";"00:00:04:24";"00:00:04:24";"FABst: mit der tagesschau.ÿÿ'õþ"
"6";"00:00:04:24";"00:00:08:11";"Hier ist das Erste Deutsche Fernsehen

mit der tagesschau."
"7";"00:00:08:13";"00:00:08:13";"FABstd Diese Sendung wurde vom NDR( ( live Af"
"8";"00:00:08:13";"00:00:08:13";"FABst6untertitelt (18.06.2023)ÿÿ+±°"
"9";"00:00:08:13";"00:00:13:00";"Diese Sendung wurde vom NDR

live untertitelt (18.06.2023)"
"10";"00:00:15:14";"00:00:15:14";"FABstd Heute im Studio:( ( Constanü"
"11";"00:00:15:14";"00:00:15:14";"FABst"tin Schreiber.ÿÿ?ÞN"
"12";"00:00:15:14";"00:00:18:02";"Heute im Studio:

Constantin Schreiber."
"13";"00:00:18:09";"00:00:18:09";"FABstd Guten Abend,( ( ich begrüße Si3¦"
"14";"00:00:18:09";"00:00:18:09";"FABst(e zur tagesschau.A¯R"
"15";"00:00:18:09";"00:00:21:06";"Guten Abend,

ich begrÈuûe Sie zur tagesschau."
"16";"00:00:22:02";"00:00:22:02";"FABstd Nach der ersten Bundestagslesung ( ( des HK>"
"17";"00:00:22:02";"00:00:22:02";"FABstBeizungsgesetzes gibt es KritikÿÿÍ´"
"18";"00:00:22:02";"00:00:27:04";"Nach der ersten Bundestagslesung

des Heizungsgesetzes gibt es Kritik"
"19";"00:00:27:06";"00:00:27:06";"FABstd an den geplanten( ( unterschiedlic0"
"20";"00:00:27:06";"00:00:27:06";"FABst0hen Übergangsfristen.ÿÿ1%`"
"21";"00:00:27:06";"00:00:30:19";"an den geplanten

unterschiedlichen ÈUbergangsfristen."
"22";"00:00:31:05";"00:00:31:05";"FABstd So sehen sich größere Städte( ( in Badenô¼"
"23";"00:00:31:05";"00:00:31:05";"FABst<-Württemberg benachteiligt.ÿÿ%y|"
"24";"00:00:31:05";"00:00:35:04";"So sehen sich grÈoûere StÈadte

in Baden-WÈurttemberg benachteiligt."
"25";"00:00:35:06";"00:00:35:06";"FABstd Für sie würden( ( die strengNJ"
"26";"00:00:35:06";"00:00:35:06";"FABst$en Bestimmungenÿÿ=á¸"
"27";"00:00:35:06";"00:00:37:18";"FÈur sie wÈurden

die strengen Bestimmungen"
"28";"00:00:37:20";"00:00:37:20";"FABstd zum Heizungsumbau( ( schon ab 1.E¨"
"29";"00:00:37:20";"00:00:37:20";"FABst. Januar 2024 gelten.ÿÿ3È"
"30";"00:00:37:20";"00:00:41:03";"zum Heizungsumbau

schon ab 1. Januar 2024 gelten."
"31";"00:00:41:11";"00:00:41:11";"FABstd Hintergrund ist, ( ( dass^"
"32";"00:00:41:11";"00:00:41:11";"FABst im SüdwestenÿÿA]<u>"
"33";"00:00:41:11";"00:00:43:17";"Hintergrund ist,

dass im SÈudwesten"
"34";"00:00:43:19";"00:00:43:19";"FABstd die kommunale Wärmeplanung( ( zu"
"35";"00:00:43:19";"00:00:43:19";"FABst( diesem Zeitpunktÿÿ9¹x"
"36";"00:00:43:19";"00:00:46:19";"die kommunale WÈarmeplanung

zu diesem Zeitpunkt"
"37";"00:00:46:20";"00:00:46:20";"FABstF abgeschlossen sein muss.ÿÿÏÎ"
"38";"00:00:46:20";"00:00:48:11";"abgeschlossen sein muss."
"39";"00:00:48:15";"00:00:48:15";"FABstd Sie ist maßgeblich ( ( für d9ì"
"40";"00:00:48:15";"00:00:48:15";"FABst&ie Verpflichtungÿÿ;¼"
"41";"00:00:48:15";"00:00:51:04";"Sie ist maûgeblich

fÈur die Verpflichtung"
"42";"00:00:51:06";"00:00:51:06";"FABstd zum Einbau( ( klimafreundlicDê"
"43";"00:00:51:06";"00:00:51:06";"FABst"her Heizungen.ÿÿ?ÈZ"
"44";"00:00:51:06";"00:00:53:16";"zum Einbau

klimafreundlicher Heizungen."
"45";"00:00:53:18";"00:00:53:18";"FABstd In anderen Bundesländern( ( haben K"
"46";"00:00:53:18";"00:00:53:18";"FABst2ommunen bis 2028 Zeit.ÿÿ/ÓF"
"47";"00:00:53:18";"00:00:58:02";"In anderen BundeslÈandern

haben Kommunen bis 2028 Zeit."
"48";"00:01:00:02";"00:01:00:02";"FABstd Mit diesem Solarpark( ( werden im th9"
"49";"00:01:00:02";"00:01:00:02";"FABst2üringischen Mühlhausen7t"
"50";"00:01:00:02";"00:01:03:12";"Mit diesem Solarpark

werden im thÈuringischen MÈuhlhausen"
"51";"00:01:03:14";"00:01:03:14";"FABstd rund 400 Haushalte( ( per Fernwärmeöò"
"52";"00:01:03:14";"00:01:03:14";"FABst2 klimaneutral beheizt.7©è"
"53";"00:01:03:14";"00:01:07:04";"rund 400 Haushalte

per FernwÈarme klimaneutral beheizt."
"54";"00:01:07:08";"00:01:07:08";"FABstd Doch nicht in der ganzen Stadt( ( ist)¢"
"55";"00:01:07:08";"00:01:07:08";"FABst2 Fernwärme die Lösung.ÿÿ/õn"
"56";"00:01:07:08";"00:01:10:18";"Doch nicht in der ganzen Stadt

ist FernwÈarme die LÈosung."
"57";"00:01:10:20";"00:01:10:20";"FABst8 Wo genau,ÿÿ%<i>h"
"58";"00:01:10:20";"00:01:11:21";"Wo genau,"
"59";"00:01:11:23";"00:01:11:23";"FABstd soll im Rahmen der kommunalen ( ( Wärme¤"
"60";"00:01:11:23";"00:01:11:23";"FABst8planung ermittelt werden.ÿÿ)Ü"
"61";"00:01:11:23";"00:01:15:11";"soll im Rahmen der kommunalen

WÈarmeplanung ermittelt werden."
"62";"00:01:15:13";"00:01:15:13";"FABst< Dann weiß man,)ü"
"63";"00:01:15:13";"00:01:16:17";"Dann weiû man,"
"64";"00:01:16:18";"00:01:16:18";"FABstd welche Leitungen man( ( wo r["
"65";"00:01:16:18";"00:01:16:18";"FABst"einlegen kann.G("
"66";"00:01:16:18";"00:01:19:08";"welche Leitungen man

wo reinlegen kann."
"67";"00:01:19:16";"00:01:19:16";"FABstd Welche Energieträger( ( in die St¸"
"68";"00:01:19:16";"00:01:19:16";"FABst.raßen gelegt werden.ÿÿ3"
"69";"00:01:19:16";"00:01:23:02";"Welche EnergietrÈager

in die Straûen gelegt werden."
"70";"00:01:23:04";"00:01:23:04";"FABstd Dass man als Kommune weiß,( ( wie"
"71";"00:01:23:04";"00:01:23:04";"FABst.es weitergehen soll.ÿÿ3­Ì"
"72";"00:01:23:04";"00:01:26:19";"Dass man als Kommune weiû,

wie es weitergehen soll."
"73";"00:01:27:10";"00:01:27:10";"FABstd Bis 2028 sollen alle Kommunen( ( eivz"
"74";"00:01:27:10";"00:01:27:10";"FABst4ne Wärmeplanung machen,ÿÿ-yÒ"
"75";"00:01:27:10";"00:01:31:07";"Bis 2028 sollen alle Kommunen

eine WÈarmeplanung machen,"
"76";"00:01:31:16";"00:01:31:16";"FABstd so will es der Ampel-Kompromiss( ( ò"
"77";"00:01:31:16";"00:01:31:16";"FABst0zum Heizungs-Gesetz.ÿÿ1­à"
"78";"00:01:31:16";"00:01:34:20";"so will es der Ampel-Kompromiss

zum Heizungs-Gesetz."
"79";"00:01:34:22";"00:01:34:22";"FABstd Erst wenn eine Kommune( ( ihre Wärme¶"
"80";"00:01:34:22";"00:01:34:22";"FABst2planung vorgelegt hat,ÿÿ/½""
"81";"00:01:34:22";"00:01:38:04";"Erst wenn eine Kommune

ihre WÈarmeplanung vorgelegt hat,"
"82";"00:01:38:06";"00:01:38:06";"FABstd gilt dort die Pflicht zum Einbau( ( einer6\"
"83";"00:01:38:06";"00:01:38:06";"FABst< klimafreundlichen Heizung.ÿÿ%ñ¤"
"84";"00:01:38:06";"00:01:42:02";"gilt dort die Pflicht zum Einbau

einer klimafreundlichen Heizung."
"85";"00:01:42:04";"00:01:42:04";"FABstd Das sei unfair,( ( so Bade5"
"86";"00:01:42:04";"00:01:42:04";"FABst"n-Württemberg.ÿÿ?^"
"87";"00:01:42:04";"00:01:44:09";"Das sei unfair,

so Baden-WÈurttemberg."
"88";"00:01:44:11";"00:01:44:11";"FABstd Dort müssen größere Kommunen( ( Å$"
"89";"00:01:44:11";"00:01:44:11";"FABst*nach Landesvorgabeÿÿ7N"
"90";"00:01:44:11";"00:01:47:05";"Dort mÈussen grÈoûere Kommunen

nach Landesvorgabe"
"91";"00:01:47:07";"00:01:47:07";"FABst d schon bis Ende 2023( ( die Wärmepl<u>L"
"92";"00:01:47:07";"00:01:47:07";"FABst,anung fertig haben.ÿÿ5Â*"
"93";"00:01:47:07";"00:01:50:07";"schon bis Ende 2023

die WÈarmeplanung fertig haben."
"94";"00:01:51:12";"00:01:51:12";"FABst!D Unsere Bürger müssen,!À"
"95";"00:01:51:12";"00:01:53:01";"Unsere BÈurger mÈussen,"
"96";"00:01:53:04";"00:01:53:04";"FABst"d weil wir die Wärmeplanung( ( ab£à"
"97";"00:01:53:04";"00:01:53:04";"FABst*geschlossen haben,?ó "
"98";"00:01:53:04";"00:01:55:22";"weil wir die WÈarmeplanung

abgeschlossen haben,"
"99";"00:01:55:24";"00:01:55:24";"FABst#d vielleicht ab dem 01.01. ( ( stren¶"
"100";"00:01:55:24";"00:01:55:24";"FABst2gere Regeln einhalten.ÿÿ/¢"
"101";"00:01:55:24";"00:01:59:04";"vielleicht ab dem 01.01.

strengere Regeln einhalten."
"102";"00:01:59:06";"00:01:59:06";"FABst$d Vielleicht schon früher( ( inóÌ"
"103";"00:01:59:06";"00:01:59:06";"FABst( die Finanzierungÿÿ9¢²"
"104";"00:01:59:06";"00:02:01:23";"Vielleicht schon frÈuher

in die Finanzierung"
"105";"00:02:02:00";"00:02:02:00";"FABst%d ihrer neuen Wärmepumpe,( ( HÓ"
"106";"00:02:02:00";"00:02:02:00";"FABst&eizanlage gehen.ÿÿ;éª"
"107";"00:02:02:00";"00:02:05:08";"ihrer neuen WÈarmepumpe,

Heizanlage gehen."
"108";"00:02:08:12";"00:02:08:12";"FABst&d Im ARD Bericht aus Berlin( ( forderPL"
"109";"00:02:08:12";"00:02:08:12";"FABst4t der Ministerpräsidentÿÿ-'¼"
"110";"00:02:08:12";"00:02:11:24";"Im ARD Bericht aus Berlin

fordert der MinisterprÈasident"
"111";"00:02:12:01";"00:02:12:01";"FABst'D von Badem-Württemberg,ÿÿE<u>"
"112";"00:02:12:01";"00:02:13:16";"von Badem-WÈurttemberg,"
"113";"00:02:13:18";"00:02:13:18";"FABst(d die Länder in die Beratungen ( ( zum H°¼"
"114";"00:02:13:18";"00:02:13:18";"FABst:eizungsgesetz einzubinden.ÿÿ'úJ"
"115";"00:02:13:18";"00:02:17:08";"die LÈander in die Beratungen

zum Heizungsgesetz einzubinden."
"116";"00:02:17:10";"00:02:17:10";"FABst)d Ich kann dem Bund nur raten,( ( das jetô"
"117";"00:02:17:10";"00:02:17:10";"FABst8zt mit uns zu besprechen.1Õ."
"118";"00:02:17:10";"00:02:22:16";"Ich kann dem Bund nur raten,

das jetzt mit uns zu besprechen."
"119";"00:02:22:18";"00:02:22:18";"FABst*d Und nicht selber was zu machen ( ( und uyò"
"120";"00:02:22:18";"00:02:22:18";"FABst>ns unter Zeitdruck zu sagen:+
¢"
"121";"00:02:22:18";"00:02:26:19";"Und nicht selber was zu machen

und uns unter Zeitdruck zu sagen:"
"122";"00:02:26:21";"00:02:26:21";"FABst+RJetzt müsst ihr schnell zustimmen.ÿÿ`"
"123";"00:02:26:21";"00:02:29:04";"Jetzt mÈusst ihr schnell zustimmen."
"124";"00:02:29:15";"00:02:29:15";"FABst,d Kretschmann lässt offen,( ( ob das Ge
ª"
"125";"00:02:29:15";"00:02:29:15";"FABst6setz vor der Sommerpauseÿÿ+¶"
"126";"00:02:29:15";"00:02:33:03";"Kretschmann lÈasst offen,

ob das Gesetz vor der Sommerpause"
"127";"00:02:33:05";"00:02:33:05";"FABst-d im Bundesrat( ( verabschiedeeÂ"
"128";"00:02:33:05";"00:02:33:05";"FABst"t werden kann.ÿÿ?¯"
"129";"00:02:33:05";"00:02:35:13";"im Bundesrat

verabschiedet werden kann."
"130";"00:02:36:16";"00:02:36:16";"FABst.d Das Heizungsgesetz ( ( ist eON"
"131";"00:02:36:16";"00:02:36:16";"FABst&ines der Themen,ÿÿ;</i>`"
"132";"00:02:36:16";"00:02:39:03";"Das Heizungsgesetz

ist eines der Themen,"
"133";"00:02:39:05";"00:02:39:05";"FABst/d zu dem Anne Will( ( Wirtschaftsmink"
"134";"00:02:39:05";"00:02:39:05";"FABst0ister Habeck befragt.ÿÿ1ü"
"135";"00:02:39:05";"00:02:42:19";"zu dem Anne Will

Wirtschaftsminister Habeck befragt."
"136";"00:02:42:21";"00:02:42:21";"FABst0J Um 21.45 Uhr hier im Ersten.ÿÿÐÄ"
"137";"00:02:42:21";"00:02:45:03";"Um 21.45 Uhr hier im Ersten."
"138";"00:02:47:19";"00:02:47:19";"FABst1d Die Bundesländer( ( haben 2022 dÖ\"
"139";"00:02:47:19";"00:02:47:19";"FABst*eutlich mehr Fälleÿÿ7OD"
"140";"00:02:47:19";"00:02:50:21";"Die BundeslÈander

haben 2022 deutlich mehr FÈalle"
"141";"00:02:50:24";"00:02:50:24";"FABst2d von häuslicher Gewalt gemeldet( ( þ4"
"142";"00:02:50:24";"00:02:50:24";"FABst" als 2021.ÿÿ?¡ò"
"143";"00:02:50:24";"00:02:54:01";"von hÈauslicher Gewalt gemeldet

als 2021."
"144";"00:02:55:00";"00:02:55:00";"FABst3dDas berichtet die "Welt am Sonntag"( ("
"145";"00:02:55:00";"00:02:55:00";"FABst0 und beruft sichÿÿ1R"
"146";"00:02:55:00";"00:02:58:03";"Das berichtet die "Welt am Sonntag"

und beruft sich"
"147";"00:02:58:05";"00:02:58:05";"FABst4Tauf die Innenministerien der Länder.ÿÿM"
"148";"00:02:58:05";"00:03:00:15";"auf die Innenministerien der LÈander."
"149";"00:03:00:17";"00:03:00:17";"FABst5d Demnach wurden 2022( ( fast 180.0pÂ"
"150";"00:03:00:17";"00:03:00:17";"FABst000 Fälle registriert.ÿÿ1câ"
"151";"00:03:00:17";"00:03:04:15";"Demnach wurden 2022

fast 180.000 FÈalle registriert."
"152";"00:03:05:12";"00:03:05:12";"FABst6TZwei Drittel der Opfer seien Frauen.ÿÿ¦"
"153";"00:03:05:12";"00:03:08:04";"Zwei Drittel der Opfer seien Frauen."
"154";"00:03:08:09";"00:03:08:09";"FABst7d Dem Bericht zufolge( ( sind die Î"
"155";"00:03:08:09";"00:03:08:09";"FABst.Täter meist Partner,ÿÿ3'ü"
"156";"00:03:08:09";"00:03:11:13";"Dem Bericht zufolge

sind die TÈater meist Partner,"
"157";"00:03:11:15";"00:03:11:15";"FABst8REx-Partner oder Familienangehörige.ÿÿO"
"158";"00:03:11:15";"00:03:13:23";"Ex-Partner oder FamilienangehÈorige."
"159";"00:03:15:06";"00:03:15:06";"FABst9d Laut Welt am Sonntag haben( ( die AnzeRT"
"160";"00:03:15:06";"00:03:15:06";"FABst>igen wegen häuslicher Gewalt+v"
"161";"00:03:15:06";"00:03:19:03";"Laut Welt am Sonntag haben

die Anzeigen wegen hÈauslicher Gewalt"
"162";"00:03:19:05";"00:03:19:05";"FABst:H um knapp 10 % zugenommen.Î8"
"163";"00:03:19:05";"00:03:20:22";"um knapp 10 % zugenommen."
"164";"00:03:20:23";"00:03:20:23";"FABst;d Mehr Frauen als früher( ( traue°"
"165";"00:03:20:23";"00:03:20:23";"FABst(n sich offenbar, ÿÿ98"
"166";"00:03:20:23";"00:03:23:16";"Mehr Frauen als frÈuher

trauen sich offenbar,"
"167";"00:03:23:17";"00:03:23:17";"FABst<d häusliche Gewalt( ( bei der PoÄð"
"168";"00:03:23:17";"00:03:23:17";"FABst&lizei zu melden.ÿÿ;©"
"169";"00:03:23:17";"00:03:27:03";"hÈausliche Gewalt

bei der Polizei zu melden."
"170";"00:03:27:24";"00:03:27:24";"FABst=d Das Anzeigeverhalten der Frauen( ( haty¾"
"171";"00:03:27:24";"00:03:27:24";"FABst: sich hoffentlich erhöht. /1J"
"172";"00:03:27:24";"00:03:32:22";"Das Anzeigeverhalten der Frauen

hat sich hoffentlich erhÈoht."
"173";"00:03:33:06";"00:03:33:06";"FABst>d Die Frauen, die oft( ( einen lang"
"174";"00:03:33:06";"00:03:33:06";"FABst0en Prozess mitmachen,9øò"
"175";"00:03:33:06";"00:03:37:13";"Die Frauen, die oft

einen langen Prozess mitmachen,"
"176";"00:03:37:15";"00:03:37:15";"FABst?dbis sie Hilfe suchen, sind bereit,( ( z`"
"177";"00:03:37:15";"00:03:37:15";"FABst0 das anzuzeigen.ÿÿ1D"
"178";"00:03:37:15";"00:03:41:15";"bis sie Hilfe suchen, sind bereit,

das anzuzeigen."
"179";"00:03:42:09";"00:03:42:09";"FABst@dDie Zahlen will die Innenministerin( ( nich¶"
"180";"00:03:42:09";"00:03:42:09";"FABstDt bestätigen, kündigt aber an: ÿÿ²"
"181";"00:03:42:09";"00:03:46:16";"Die Zahlen will die Innenministerin

nicht bestÈatigen, kÈundigt aber an:"
"182";"00:03:47:01";"00:03:47:01";"FABstAd Es wäre gut, wenn es( ( Staatsanwalÿ¸"
"183";"00:03:47:01";"00:03:47:01";"FABst0tschaften dafür gäbe.9Â:"
"184";"00:03:47:01";"00:03:50:21";"Es wÈare gut, wenn es

Staatsanwaltschaften dafÈur gÈabe."
"185";"00:03:50:23";"00:03:50:23";"FABstBd All dies werden wir ( ( auf dZÀ"
"186";"00:03:50:23";"00:03:50:23";"FABst$en Weg bringen.EF"
"187";"00:03:50:23";"00:03:53:18";"All dies werden wir

auf den Weg bringen."
"188";"00:03:54:02";"00:03:54:02";"FABstCd Ich werde im Juli( ( die neuste="
"189";"00:03:54:02";"00:03:54:02";"FABst,n Zahlen vorstellenÿÿ5¬è"
"190";"00:03:54:02";"00:03:57:22";"Ich werde im Juli

die neusten Zahlen vorstellen"
"191";"00:03:57:24";"00:03:57:24";"FABstDH und auch Maßnahmenpakete.ÿÿMÆ"
"192";"00:03:57:24";"00:03:59:24";"und auch Maûnahmenpakete."
"193";"00:04:00:19";"00:04:00:19";"FABstEd Wenn Frauen zu Hause( ( nicht vor Ge?¼"
"194";"00:04:00:19";"00:04:00:19";"FABst2walt geschützt werden,ÿÿ/!"
"195";"00:04:00:19";"00:04:04:02";"Wenn Frauen zu Hause

nicht vor Gewalt geschÈutzt werden,"
"196";"00:04:04:04";"00:04:04:04";"FABstFd weil der gewalttätige Partner( ( nicht <i>"
"197";"00:04:04:04";"00:04:04:04";"FABst<auszieht oder sie aufsucht:ÿÿ%"
"198";"00:04:04:04";"00:04:07:22";"weil der gewalttÈatige Partner

nicht auszieht oder sie aufsucht:"
"199";"00:04:07:24";"00:04:07:24";"FABstGd Dann ist das Frauenhaus( ( oft 4Ø"
"200";"00:04:07:24";"00:04:07:24";"FABst,der letzte Ausweg. ÿÿ5­x"
"201";"00:04:07:24";"00:04:10:17";"Dann ist das Frauenhaus

oft der letzte Ausweg."
"202";"00:04:10:20";"00:04:10:20";"FABstHRDer bleibt vielen Frauen versperrt,ÿÿÚ"
"203";"00:04:10:20";"00:04:12:23";"Der bleibt vielen Frauen versperrt,"
"204";"00:04:13:01";"00:04:13:01";"FABstId warnt Heike Herold( ( von der FrauVì"
"205";"00:04:13:01";"00:04:13:01";"FABst.enhauskoordinierung.ÿÿ3¢<"
"206";"00:04:13:01";"00:04:15:24";"warnt Heike Herold

von der Frauenhauskoordinierung."
"207";"00:04:16:16";"00:04:16:16";"FABstJd Uns fehlen etwa 14.000( ( Frauenha'Z"
"208";"00:04:16:16";"00:04:16:16";"FABst.usplätze bundesweit.;rÂ"
"209";"00:04:16:16";"00:04:20:16";"Uns fehlen etwa 14.000

FrauenhausplÈatze bundesweit."
"210";"00:04:21:16";"00:04:21:16";"FABstKd Die stehen etwa( ( 7000 vorhand]f"
"211";"00:04:21:16";"00:04:21:16";"FABst4enen Plätzen gegenüber.5ít"
"212";"00:04:21:16";"00:04:25:06";"Die stehen etwa

7000 vorhandenen PlÈatzen gegenÈuber."
"213";"00:04:25:08";"00:04:25:08";"FABstLd Frauenhäuser haben den Auftrag,( ( vonëÐ"
"214";"00:04:25:08";"00:04:25:08";"FABst: Gewalt betroffene Frauen ÿÿ'÷h"
"215";"00:04:25:08";"00:04:30:04";"FrauenhÈauser haben den Auftrag,

von Gewalt betroffene Frauen"
"216";"00:04:30:06";"00:04:30:06";"FABstMd und ihre Kinder aufzunehmen,( ( s>"
"217";"00:04:30:06";"00:04:30:06";"FABst&sie zu beraten.ÿÿ;Î@"
"218";"00:04:30:06";"00:04:33:05";"und ihre Kinder aufzunehmen,

sie zu beraten."
"219";"00:04:33:07";"00:04:33:07";"FABstNd Das können wir nicht in dem Maß( ( erfüh"
"220";"00:04:33:07";"00:04:33:07";"FABstDllen, wie es erforderlich wäre.ÿÿEH"
"221";"00:04:33:07";"00:04:38:06";"Das kÈonnen wir nicht in dem Maû

erfÈullen, wie es erforderlich wÈare."
"222";"00:04:39:01";"00:04:39:01";"FABstOd Fachleute sehen als eine der( ( UrsachxÞ"
"223";"00:04:39:01";"00:04:39:01";"FABst@en für den Anstieg der Gewalt)!¼"
"224";"00:04:39:01";"00:04:42:20";"Fachleute sehen als eine der

Ursachen fÈur den Anstieg der Gewalt"
"225";"00:04:42:22";"00:04:42:22";"FABstP@ die Corona-Krise:%ä"
"226";"00:04:42:22";"00:04:44:00";"die Corona-Krise:"
"227";"00:04:44:02";"00:04:44:02";"FABstQd Zu beengter Wohnraum,( ( unsichere ¼"
"228";"00:04:44:02";"00:04:44:02";"FABst.Jobs, Zukunftsangst.ÿÿ3·Ê"
"229";"00:04:44:02";"00:04:47:22";"Zu beengter Wohnraum,

unsichere Jobs, Zukunftsangst."
"230";"00:04:47:24";"00:04:47:24";"FABstRd All das hätte( ( familiäre Gew;$"
"231";"00:04:47:24";"00:04:47:24";"FABst$alt begünstigt.ÿÿ="
"232";"00:04:47:24";"00:04:51:11";"All das hÈatte

familiÈare Gewalt begÈunstigt."
"233";"00:04:55:02";"00:04:55:02";"FABstSdTrotz ihrer angespannten Beziehungen( ( 9¸"
"234";"00:04:55:02";"00:04:55:02";"FABst@wollen sich die USA und Chinaÿÿ!³N"
"235";"00:04:55:02";"00:04:59:01";"Trotz ihrer angespannten Beziehungen

wollen sich die USA und China"
"236";"00:04:59:03";"00:04:59:03";"FABstTd künftig auf diplomatischer Ebene( ( ¶æ"
"237";"00:04:59:03";"00:04:59:03";"FABst.besser austauschen.ÿÿ3þ"
"238";"00:04:59:03";"00:05:02:03";"kÈunftig auf diplomatischer Ebene

besser austauschen."
"239";"00:05:02:05";"00:05:02:05";"FABstUF US-Außenminister Blinkenÿÿp "
"240";"00:05:02:05";"00:05:03:19";"US-Auûenminister Blinken"
"241";"00:05:03:21";"00:05:03:21";"FABstVd traf sich mit seinem chinesischen( ( AY"
"242";"00:05:03:21";"00:05:03:21";"FABst:mtskollegen Qin in Peking.ÿÿ'ö>"
"243";"00:05:03:21";"00:05:07:11";"traf sich mit seinem chinesischen

Amtskollegen Qin in Peking."
"244";"00:05:07:13";"00:05:07:13";"FABstWd Beide Seiten sprachen( ( von konsq¬"
"245";"00:05:07:13";"00:05:07:13";"FABst0truktiven Gesprächen.ÿÿ1-D"
"246";"00:05:07:13";"00:05:10:12";"Beide Seiten sprachen

von konstruktiven GesprÈachen."
"247";"00:05:10:14";"00:05:10:14";"FABstXd Die beiden Großmächte( ( streiten æ"
"248";"00:05:10:14";"00:05:10:14";"FABst,über Handelsfragen,ÿÿ51"
"249";"00:05:10:14";"00:05:13:14";"Die beiden GroûmÈachte

streiten Èuber Handelsfragen,"
"250";"00:05:13:16";"00:05:13:16";"FABstYd den Status von Taiwan und Pekings( ( Halte"
"251";"00:05:13:16";"00:05:13:16";"FABst@ung zum Krieg in der Ukraine.ÿÿ!õâ"
"252";"00:05:13:16";"00:05:18:19";"den Status von Taiwan und Pekings

Haltung zum Krieg in der Ukraine."
"253";"00:05:20:10";"00:05:20:10";"FABstZd Schon die Bilder sind( ( ein dipl+`"
"254";"00:05:20:10";"00:05:20:10";"FABst*omatischer Erfolg:?ÓÀ"
"255";"00:05:20:10";"00:05:23:13";"Schon die Bilder sind

ein diplomatischer Erfolg:"
"256";"00:05:23:15";"00:05:23:15";"FABst[d Der US-Außenminister neben( ( seinem cßÎ"
"257";"00:05:23:15";"00:05:23:15";"FABst8hinesischen Amtskollegen.1ºÎ"
"258";"00:05:23:15";"00:05:27:05";"Der US-Auûenminister neben

seinem chinesischen Amtskollegen."
"259";"00:05:27:07";"00:05:27:07";"FABst\d Es ist der erste Besuch( ( eines US-A"
"260";"00:05:27:07";"00:05:27:07";"FABst2ußenministers in Chinaÿÿ/{Ò"
"261";"00:05:27:07";"00:05:30:13";"Es ist der erste Besuch

eines US-Auûenministers in China"
"262";"00:05:30:16";"00:05:30:16";"FABst]@ seit fünf Jahren.ÿÿHÀ"
"263";"00:05:30:16";"00:05:32:07";"seit fÈunf Jahren."
"264";"00:05:32:13";"00:05:32:13";"FABst^d Die Beziehung zwischen( ( den Länderb"
"265";"00:05:32:13";"00:05:32:13";"FABst:n ist auf einem Tiefpunkt.ÿÿ'È"
"266";"00:05:32:13";"00:05:36:02";"Die Beziehung zwischen

den LÈandern ist auf einem Tiefpunkt."
"267";"00:05:36:04";"00:05:36:04";"FABst_d Vor seinem Abflug stellte( ( US-Außen¹<"
"268";"00:05:36:04";"00:05:36:04";"FABst2minister Blinken klar:ÿÿ/v"
"269";"00:05:36:04";"00:05:39:09";"Vor seinem Abflug stellte

US-Auûenminister Blinken klar:"
"270";"00:05:39:22";"00:05:39:22";"FABst`d Ein intensiver Wettbewerb( ( erforder"
"271";"00:05:39:22";"00:05:39:22";"FABst8t nachhaltige Diplomatie.1ÿì"
"272";"00:05:39:22";"00:05:43:10";"Ein intensiver Wettbewerb

erfordert nachhaltige Diplomatie."
"273";"00:05:43:13";"00:05:43:13";"FABstad Um sicherzustellen,( ( dfô"
"274";"00:05:43:13";"00:05:43:13";"FABstass es nichtK¢°"
"275";"00:05:43:13";"00:05:45:13";"Um sicherzustellen,

dass es nicht"
"276";"00:05:45:15";"00:05:45:15";"FABstbd in Konfrontation( ( oder einen Kn"
"277";"00:05:45:15";"00:05:45:15";"FABst*onflikt umschlägt.ÿÿ7xÌ"
"278";"00:05:45:15";"00:05:48:11";"in Konfrontation

oder einen Konflikt umschlÈagt."
"279";"00:05:48:13";"00:05:48:13";"FABstcdDie beiden größten Volkswirtschaften( ( +Ú"
"280";"00:05:48:13";"00:05:48:13";"FABst@ringen im Pazifik um Einflussÿÿ!òZ"
"281";"00:05:48:13";"00:05:52:12";"Die beiden grÈoûten Volkswirtschaften

ringen im Pazifik um Einfluss"
"282";"00:05:52:14";"00:05:52:14";"FABstdP - auch mit militärischer Präsenz.ÿÿ±Ò"
"283";"00:05:52:14";"00:05:54:16";"- auch mit militÈarischer PrÈasenz."
"284";"00:05:54:18";"00:05:54:18";"FABsted In den letzten Monaten( ( kam es B#V"
"285";"00:05:54:18";"00:05:54:18";"FABst.einahe-Zusammenstößeÿÿ3®Z"
"286";"00:05:54:18";"00:05:57:18";"In den letzten Monaten

kam es Beinahe-ZusammenstÈoûe"
"287";"00:05:57:20";"00:05:57:20";"FABstfL in der Luft und auf dem Meer.ÿÿÑv"
"288";"00:05:57:20";"00:05:59:19";"in der Luft und auf dem Meer."
"289";"00:06:00:00";"00:06:00:00";"FABstgd Auch im Hightech-Bereich( ( kämpfen beøÒ"
"290";"00:06:00:00";"00:06:00:00";"FABst6ide Staaten um Vormacht.ÿÿ+îä"
"291";"00:06:00:00";"00:06:03:16";"Auch im Hightech-Bereich

kÈampfen beide Staaten um Vormacht."
"292";"00:06:03:18";"00:06:03:18";"FABsthd Die USA verwehren China( ( den Zuga4"
"293";"00:06:03:18";"00:06:03:18";"FABst4ng zu modernsten Chips.ÿÿ-®4"
"294";"00:06:03:18";"00:06:07:01";"Die USA verwehren China

den Zugang zu modernsten Chips."
"295";"00:06:07:03";"00:06:07:03";"FABstid Huawei etwa erlitt ( ( einen%2"
"296";"00:06:07:03";"00:06:07:03";"FABst& Gewinneinbruch.ÿÿ;ÎÄ"
"297";"00:06:07:03";"00:06:09:18";"Huawei etwa erlitt

einen Gewinneinbruch."
"298";"00:06:10:18";"00:06:10:18";"FABstjd Peking wollte im Vorfeld( ( den E$P"
"299";"00:06:10:18";"00:06:10:18";"FABst,indruck vermitteln,ÿÿ5Ö"
"300";"00:06:10:18";"00:06:14:00";"Peking wollte im Vorfeld

den Eindruck vermitteln,"
"301";"00:06:14:02";"00:06:14:02";"FABstkd dass vor allem die USA( ( an einem Trê"
"302";"00:06:14:02";"00:06:14:02";"FABst4effen interessiert sei.ÿÿ-ÀÖ"
"303";"00:06:14:02";"00:06:17:19";"dass vor allem die USA

an einem Treffen interessiert sei."
"304";"00:06:17:21";"00:06:17:21";"FABstld China dürfte aber auch( ( wirtschaft³ê"
"305";"00:06:17:21";"00:06:17:21";"FABst2liche Ziele verfolgen.ÿÿ/<u>"
"306";"00:06:17:21";"00:06:21:13";"China dÈurfte aber auch

wirtschaftliche Ziele verfolgen."
"307";"00:06:21:23";"00:06:21:23";"FABstmd Die chinesische Seite( ( hat ein Id,"
"308";"00:06:21:23";"00:06:21:23";"FABst,nteresse zu zeigen,=Ýv"
"309";"00:06:21:23";"00:06:25:18";"Die chinesische Seite

hat ein Interesse zu zeigen,"
"310";"00:06:26:00";"00:06:26:00";"FABstnd dass diese Beziehung( ( nicht außÔî"
"311";"00:06:26:00";"00:06:26:00";"FABst,er Kontrolle gerät.=v"
"312";"00:06:26:00";"00:06:29:06";"dass diese Beziehung

nicht auûer Kontrolle gerÈat."
"313";"00:06:29:08";"00:06:29:08";"FABstod China hat gewaltige( ( Herausforder`"
"314";"00:06:29:08";"00:06:29:08";"FABst.ungen zu bewältigen,ÿÿ3-Æ"
"315";"00:06:29:08";"00:06:32:18";"China hat gewaltige

Herausforderungen zu bewÈaltigen,"
"316";"00:06:32:20";"00:06:32:20";"FABstpd insbesondere in Bezug( ( auf jæ"
"317";"00:06:32:20";"00:06:32:20";"FABst(seine Wirtschaft.ÿÿ9µ<i>"
"318";"00:06:32:20";"00:06:35:12";"insbesondere in Bezug

auf seine Wirtschaft."
"319";"00:06:35:14";"00:06:35:14";"FABstqd Das Land möchte( ( Investoreý"
"320";"00:06:35:14";"00:06:35:14";"FABst n versichern,ÿÿAçd"
"321";"00:06:35:14";"00:06:37:24";"Das Land mÈochte

Investoren versichern,"
"322";"00:06:38:01";"00:06:38:01";"FABstrddass die geopolitischen Spannungen( ( njð"
"323";"00:06:38:01";"00:06:38:01";"FABst@icht außer Kontrolle geraten.ÿÿ!`\"
"324";"00:06:38:01";"00:06:43:06";"dass die geopolitischen Spannungen

nicht auûer Kontrolle geraten."
"325";"00:06:45:01";"00:06:45:01";"FABstsd Ob Blinken morgen Chinas( ( StaatsfühÐÈ"
"326";"00:06:45:01";"00:06:45:01";"FABst>rer Xi Jinping treffen wird,ÿÿ#µ&"
"327";"00:06:45:01";"00:06:48:18";"Ob Blinken morgen Chinas

StaatsfÈuhrer Xi Jinping treffen wird,"
"328";"00:06:48:20";"00:06:48:20";"FABstt@ ist weiter offen.ÿÿÐv"
"329";"00:06:48:20";"00:06:49:23";"ist weiter offen."
"330";"00:06:50:12";"00:06:50:12";"FABstud Erwartungen an die Ergebnisse( ( @Ò"
"331";"00:06:50:12";"00:06:50:12";"FABst* aus dem Treffen?."
"332";"00:06:50:12";"00:06:53:09";"Erwartungen an die Ergebnisse

aus dem Treffen"
"333";"00:06:53:11";"00:06:53:11";"FABstvd hatten beide Seiten ( ( versukÐ"
"334";"00:06:53:11";"00:06:53:11";"FABst$cht zu dämpfen.E7ð"
"335";"00:06:53:11";"00:06:55:22";"hatten beide Seiten

versucht zu dÈampfen."
"336";"00:06:55:24";"00:06:55:24";"FABstwd Dass die beiden Außenminister( ( Ôô"
"337";"00:06:55:24";"00:06:55:24";"FABst,miteinander reden,ÿÿ5å"
"338";"00:06:55:24";"00:06:58:21";"Dass die beiden Auûenminister

miteinander reden,"
"339";"00:06:58:23";"00:06:58:23";"FABstxB ist ein Fortschritt.ÿÿ¬Ô"
"340";"00:06:58:23";"00:07:00:07";"ist ein Fortschritt."
"341";"00:07:00:09";"00:07:00:09";"FABstyd Der Weg zur Normalisierung( ( der BeziYÆ"
"342";"00:07:00:09";"00:07:00:09";"FABst6ehungen beider ist weit.ÿÿ+ø¤"
"343";"00:07:00:09";"00:07:05:07";"Der Weg zur Normalisierung

der Beziehungen beider ist weit."
"344";"00:07:07:14";"00:07:07:14";"FABstzd Die ukrainische Gegenoffensive( ( X2"
"345";"00:07:07:14";"00:07:07:14";"FABst,im Osten des Landesÿÿ5ÐP"
"346";"00:07:07:14";"00:07:10:16";"Die ukrainische Gegenoffensive

im Osten des Landes"
"347";"00:07:10:18";"00:07:10:18";"FABst{dkommt laut britischer Geheimdienste( ( tv"
"348";"00:07:10:18";"00:07:10:18";"FABst2 nur langsam voran.ÿÿ/¨<u>"
"349";"00:07:10:18";"00:07:14:01";"kommt laut britischer Geheimdienste

nur langsam voran."
"350";"00:07:14:03";"00:07:14:03";"FABst|d Die ukrainischen( ( und die russis9J"
"351";"00:07:14:03";"00:07:14:03";"FABst0chen Truppen erlittenÿÿ1­N"
"352";"00:07:14:03";"00:07:17:07";"Die ukrainischen

und die russischen Truppen erlitten"
"353";"00:07:17:10";"00:07:17:10";"FABst}Rbei schweren Kämpfen hohe Verluste.ÿÿ}Ê"
"354";"00:07:17:10";"00:07:19:16";"bei schweren KÈampfen hohe Verluste."
"355";"00:07:19:18";"00:07:19:18";"FABst~d Das twitterte das( ( VerteidigungsYä"
"356";"00:07:19:18";"00:07:19:18";"FABst2ministerium in London.ÿÿ/T"
"357";"00:07:19:18";"00:07:22:24";"Das twitterte das

Verteidigungsministerium in London."
"358";"00:07:23:01";"00:07:23:01";"FABstJ Auch die Lage im GrenzgebietÿÿÃ2"
"359";"00:07:23:01";"00:07:24:24";"Auch die Lage im Grenzgebiet"
"360";"00:07:25:01";"00:07:25:01";"FABst<i>dum die Regionalhauptstadt Belgorod( ( Í "
"361";"00:07:25:01";"00:07:25:01";"FABst4ist weiter angespannt.ÿÿ-¼&"
"362";"00:07:25:01";"00:07:29:02";"um die Regionalhauptstadt Belgorod

ist weiter angespannt."
"363";"00:07:29:06";"00:07:29:06";"FABst</i>d Anfang Juni waren einige( ( russischÿ"
"364";"00:07:29:06";"00:07:29:06";"FABst2e Orte nahe der Grenzeÿÿ/é¢"
"365";"00:07:29:06";"00:07:32:14";"Anfang Juni waren einige

russische Orte nahe der Grenze"
"366";"00:07:32:16";"00:07:32:16";"FABst<u>d stark beschossen worden.( ( Die Regioä"
"367";"00:07:32:16";"00:07:32:16";"FABst6n ist schwer zugänglich.ÿÿ+m"
"368";"00:07:32:16";"00:07:36:02";"stark beschossen worden.

Die Region ist schwer zugÈanglich."
"369";"00:07:36:04";"00:07:36:04";"FABst</u>d Unsere Korrespondentin( ( konnte sic½Ò"
"370";"00:07:36:04";"00:07:36:04";"FABst4h dort ein Bild machen.ÿÿ-ò"
"371";"00:07:36:04";"00:07:40:00";"Unsere Korrespondentin

konnte sich dort ein Bild machen."
"372";"00:07:49:01";"00:07:49:01";"FABstdEs sind nur elf Kilometer von hier( ( bi³ü"
"373";"00:07:49:01";"00:07:49:01";"FABst:s zur ukrainischen Grenze.ÿÿ'Á2"
"374";"00:07:49:01";"00:07:53:13";"Es sind nur elf Kilometer von hier

bis zur ukrainischen Grenze."
"375";"00:07:53:17";"00:07:53:17";"FABstJ Die Gegend wurde beschossen.ÿÿ"
"376";"00:07:53:17";"00:07:56:00";"Die Gegend wurde beschossen."
"377";"00:07:56:05";"00:07:56:05";"FABstP Über 100 Häuser wurden getroffen.ÿÿj<u>"
"378";"00:07:56:05";"00:07:58:24";"ÈUber 100 HÈauser wurden getroffen."
"379";"00:08:03:03";"00:08:03:03";"FABstd Das ist dem Bürgermeister( ( )8"
"380";"00:08:03:03";"00:08:03:03";"FABst$unerklärlich.ÿÿ=If"
"381";"00:08:03:03";"00:08:06:10";"Das ist dem BÈurgermeister

unerklÈarlich."
"382";"00:08:07:13";"00:08:07:13";"FABst> 2014 begann es.ÿÿQ¤"
"383";"00:08:07:13";"00:08:09:04";"2014 begann es."
"384";"00:08:11:08";"00:08:11:08";"FABstPPlötzlich sah man uns als Feinde.ÿÿÝV"
"385";"00:08:11:08";"00:08:14:05";"PlÈotzlich sah man uns als Feinde."
"386";"00:08:16:01";"00:08:16:01";"FABst
d 2014 ist das Jahr,( ( in dem Russl¿"
"387";"00:08:16:01";"00:08:16:01";"FABst8and die Krim annektierte.ÿÿ)¸Î"
"388";"00:08:16:01";"00:08:22:23";"2014 ist das Jahr,

in dem Russland die Krim annektierte."
"389";"00:08:23:02";"00:08:23:02";"FABstF Hier steht "Schutzraum".ÿÿQ|"
"390";"00:08:23:02";"00:08:25:01";"Hier steht "Schutzraum"."
"391";"00:08:26:05";"00:08:26:05";"FABstL Solche Schilder gibt es jetzt.ÿÿqÄ"
"392";"00:08:26:05";"00:08:28:20";"Solche Schilder gibt es jetzt."
"393";"00:08:29:18";"00:08:29:18";"FABstB Der Krieg ist hier.ÿÿFî"
"394";"00:08:29:18";"00:08:31:14";"Der Krieg ist hier."
"395";"00:08:32:19";"00:08:32:19";"FABstD Damit auch die Angst.ÿÿuB"
"396";"00:08:32:19";"00:08:34:18";"Damit auch die Angst."
"397";"00:08:36:24";"00:08:36:24";"FABstJ Die Region wird beschossen.ÿÿ^x"
"398";"00:08:36:24";"00:08:39:09";"Die Region wird beschossen."
"399";"00:08:44:07";"00:08:44:07";"FABst> Man ist nervös.ÿÿÜn"
"400";"00:08:44:07";"00:08:45:21";"Man ist nervÈos."
"401";"00:08:47:23";"00:08:47:23";"FABstJ Wir setzen alle auf Koffern.ÿÿtf"
"402";"00:08:47:23";"00:08:50:10";"Wir setzen alle auf Koffern."
"403";"00:08:50:14";"00:08:50:14";"FABstD Das Leben geht weiter.ÿÿb"
"404";"00:08:50:14";"00:08:52:13";"Das Leben geht weiter."
"405";"00:08:53:15";"00:08:53:15";"FABstPAber die Situation ist nicht gut.ÿÿLT"
"406";"00:08:53:15";"00:08:56:12";"Aber die Situation ist nicht gut."
"407";"00:08:59:06";"00:08:59:06";"FABstd Im Sportpalast( ( sind Leutex"
"408";"00:08:59:06";"00:08:59:06";"FABst$ untergekommen.ÿÿ="
"409";"00:08:59:06";"00:09:02:13";"Im Sportpalast

sind Leute untergekommen."
"410";"00:09:02:17";"00:09:02:17";"FABstP Viele sind wütend auf den Westen.ÿÿó"
"411";"00:09:02:17";"00:09:05:11";"Viele sind wÈutend auf den Westen."
"412";"00:09:05:20";"00:09:05:20";"FABstd Er habe angeblich( ( den Ký>"
"413";"00:09:05:20";"00:09:05:20";"FABst"rieg begonnen.ÿÿ?ã8"
"414";"00:09:05:20";"00:09:08:23";"Er habe angeblich

den Krieg begonnen."
"415";"00:09:10:03";"00:09:10:03";"FABstH Dass Putin das zulässt ...ÿÿÔj"
"416";"00:09:10:03";"00:09:12:11";"Dass Putin das zulÈasst ..."
"417";"00:09:14:13";"00:09:14:13";"FABstd Wir dachten immer,( ( dass erÒ"
"418";"00:09:14:13";"00:09:14:13";"FABst$ uns beschützt.ÿÿ=K"
"419";"00:09:14:13";"00:09:17:18";"Wir dachten immer,

dass er uns beschÈutzt."
"420";"00:09:17:22";"00:09:17:22";"FABstH Niemand hat uns beschützt.ÿÿ¤Î"
"421";"00:09:17:22";"00:09:20:04";"Niemand hat uns beschÈutzt."
"422";"00:09:23:08";"00:09:23:08";"FABstd Man wünscht sich wieder( ( einenV""
"423";"00:09:23:08";"00:09:23:08";"FABst. friedlichen Himmel.ÿÿ3:"
"424";"00:09:23:08";"00:09:27:07";"Man wÈunscht sich wieder

einen friedlichen Himmel."
"425";"00:09:31:22";"00:09:31:22";"FABstdDer Himmel 40 Kilometer weiter ist( ( ÏÚ"
"426";"00:09:31:22";"00:09:31:22";"FABst<alles andere als friedlich.ÿÿ%R"
"427";"00:09:31:22";"00:09:36:08";"Der Himmel 40 Kilometer weiter ist

alles andere als friedlich."
"428";"00:09:36:12";"00:09:36:12";"FABstF Das wird hier verdrängt.ÿÿ"
"429";"00:09:36:12";"00:09:38:15";"Das wird hier verdrÈangt."
"430";"00:09:41:08";"00:09:41:08";"FABstRDie Wahlberechtigten in der Schweizÿÿh>"
"431";"00:09:41:08";"00:09:43:14";"Die Wahlberechtigten in der Schweiz"
"432";"00:09:43:16";"00:09:43:16";"FABstd haben für ein( ( strengeres KlimX$"
"433";"00:09:43:16";"00:09:43:16";"FABst(agesetz gestimmt.ÿÿ9z"
"434";"00:09:43:16";"00:09:46:10";"haben fÈur ein

strengeres Klimagesetz gestimmt."
"435";"00:09:46:12";"00:09:46:12";"FABstd 59,1 %( ( sprachen sich in eÿ"
"436";"00:09:46:12";"00:09:46:12";"FABst$inem Referendumÿÿ=êº"
"437";"00:09:46:12";"00:09:48:22";"59,1 %

sprachen sich in einem Referendum"
"438";"00:09:48:24";"00:09:48:24";"FABst d für das Klima-( ( und Innovat\N"
"439";"00:09:48:24";"00:09:48:24";"FABst$ionsgesetz aus.ÿÿ=ü"
"440";"00:09:48:24";"00:09:51:12";"fÈur das Klima-

und Innovationsgesetz aus."
"441";"00:09:51:14";"00:09:51:14";"FABst¡d Das soll ihr Land vor allem durch( ( den &"
"442";"00:09:51:14";"00:09:51:14";"FABst@Ausbau erneuerbarer Energien ÿÿ!¼r"
"443";"00:09:51:14";"00:09:55:10";"Das soll ihr Land vor allem durch

den Ausbau erneuerbarer Energien"
"444";"00:09:55:12";"00:09:55:12";"FABst¢J bis 2050 CO2-neutral machen.ÿÿ%º"
"445";"00:09:55:12";"00:09:57:18";"bis 2050 CO2-neutral machen."
"446";"00:09:58:14";"00:09:58:14";"FABst£d Befürworter des Gesetzes( ( feie4"
"447";"00:09:58:14";"00:09:58:14";"FABst*rten das Ergebnis.?R"
"448";"00:09:58:14";"00:10:01:19";"BefÈurworter des Gesetzes

feierten das Ergebnis."
"449";"00:10:01:21";"00:10:01:21";"FABst¤d Die Schweiz ist auch wegen( ( des Abscì<"
"450";"00:10:01:21";"00:10:01:21";"FABst@hmelzens von Alpen-Gletschern)¨ø"
"451";"00:10:01:21";"00:10:05:15";"Die Schweiz ist auch wegen

des Abschmelzens von Alpen-Gletschern"
"452";"00:10:05:17";"00:10:05:17";"FABst¥H vom Klimawandel betroffen.ÿÿu0"
"453";"00:10:05:17";"00:10:07:09";"vom Klimawandel betroffen."
"454";"00:10:09:21";"00:10:09:21";"FABst¦d Rund einen Monat( ( nach dem verhÍX"
"455";"00:10:09:21";"00:10:09:21";"FABst,eerenden Hochwasserÿÿ5ï"
"456";"00:10:09:21";"00:10:12:19";"Rund einen Monat

nach dem verheerenden Hochwasser"
"457";"00:10:12:21";"00:10:12:21";"FABst§din Norditalien kämpfen die Menschen( ( P~"
"458";"00:10:12:21";"00:10:12:21";"FABst4 noch mit den Folgen.ÿÿ-æ<"
"459";"00:10:12:21";"00:10:16:03";"in Norditalien kÈampfen die Menschen

noch mit den Folgen."
"460";"00:10:16:05";"00:10:16:05";"FABst¨d Binnen weniger Stunden war im Mai( ( ¬v"
"461";"00:10:16:05";"00:10:16:05";"FABst2 in manchen Gebietenÿÿ/|"
"462";"00:10:16:05";"00:10:19:08";"Binnen weniger Stunden war im Mai

in manchen Gebieten"
"463";"00:10:19:11";"00:10:19:11";"FABst©d der Emilia-Romagna die Regenmenge( ( eiçÌ"
"464";"00:10:19:11";"00:10:19:11";"FABst<nes halben Jahres gefallen.ÿÿ%§b"
"465";"00:10:19:11";"00:10:23:02";"der Emilia-Romagna die Regenmenge

eines halben Jahres gefallen."
"466";"00:10:23:04";"00:10:23:04";"FABstªd Die im Winter( ( ausgetroÎô"
"467";"00:10:23:04";"00:10:23:04";"FABst ckneten BödenÿÿA¼"
"468";"00:10:23:04";"00:10:25:06";"Die im Winter

ausgetrockneten BÈoden"
"469";"00:10:25:08";"00:10:25:08";"FABst«d konnten diese Wassermassen( ( ¿j"
"470";"00:10:25:08";"00:10:25:08";"FABst&nicht aufnehmen.ÿÿ;ñ"
"471";"00:10:25:08";"00:10:27:21";"konnten diese Wassermassen

nicht aufnehmen."
"472";"00:10:27:23";"00:10:27:23";"FABst¬d Die Region Emilia-Romagna( ( gilt al</i>"
"473";"00:10:27:23";"00:10:27:23";"FABst6s "Obstgarten" Italiens.ÿÿ+­d"
"474";"00:10:27:23";"00:10:31:22";"Die Region Emilia-Romagna

gilt als "Obstgarten" Italiens."
"475";"00:10:31:24";"00:10:31:24";"FABst­d Die Fluten zerstörten vielerorts( ( großýp"
"476";"00:10:31:24";"00:10:31:24";"FABst:e Teile der Anbauflächen. ÿÿ'."
"477";"00:10:31:24";"00:10:35:20";"Die Fluten zerstÈorten vielerorts

groûe Teile der AnbauflÈachen."
"478";"00:10:35:22";"00:10:35:22";"FABst®J Hier ein Beispiel aus Forli.ÿÿ\~"
"479";"00:10:35:22";"00:10:38:03";"Hier ein Beispiel aus Forli."
"480";"00:10:39:19";"00:10:39:19";"FABst¯d Roberta Bombardini( ( lädt die ú"
"481";"00:10:39:19";"00:10:39:19";"FABst(wenigen Pflanzen,AÀ&"
"482";"00:10:39:19";"00:10:42:16";"Roberta Bombardini

lÈadt die wenigen Pflanzen,"
"483";"00:10:42:18";"00:10:42:18";"FABst°ddie sie vom Hochwasser gerettet hat,( ( ¼x"
"484";"00:10:42:18";"00:10:42:18";"FABst0 in ihren Lkw.9ð"
"485";"00:10:42:18";"00:10:46:12";"die sie vom Hochwasser gerettet hat,

in ihren Lkw."
"486";"00:10:46:16";"00:10:46:16";"FABst±d Sie will sie( ( auf dem WocheÐt"
"487";"00:10:46:16";"00:10:46:16";"FABst&nmarkt anbieten.ÿÿ;ï"
"488";"00:10:46:16";"00:10:49:06";"Sie will sie

auf dem Wochenmarkt anbieten."
"489";"00:10:49:09";"00:10:49:09";"FABst²d Der größte Teil( ( ihres Grundstü"
"490";"00:10:49:09";"00:10:49:09";"FABst2cks und ihres Betriebsÿÿ/"
"491";"00:10:49:09";"00:10:52:10";"Der grÈoûte Teil

ihres GrundstÈucks und ihres Betriebs"
"492";"00:10:52:12";"00:10:52:12";"FABst³d wurden bei den Starkregen im Mai( ( ß|"
"493";"00:10:52:12";"00:10:52:12";"FABst& verwüstet.ÿÿ;"2"
"494";"00:10:52:12";"00:10:55:02";"wurden bei den Starkregen im Mai

verwÈustet."
"495";"00:10:55:06";"00:10:55:06";"FABst´d Von den fünf Gewächshäusern( ( ist ]²"
"496";"00:10:55:06";"00:10:55:06";"FABst4nichts übriggeblieben. 5W"
"497";"00:10:55:06";"00:10:58:13";"Von den fÈunf GewÈachshÈausern

ist nichts Èubriggeblieben."
"498";"00:10:58:15";"00:10:58:15";"FABstµPViele Teile wurden weggeschwemmt.y"
"499";"00:10:58:15";"00:11:00:22";"Viele Teile wurden weggeschwemmt."
"500";"00:11:02:00";"00:11:02:00";"FABst¶d Der kleine Hof( ( liegt in ein"
"501";"00:11:02:00";"00:11:02:00";"FABst&er Flussbiegung.ÿÿ;ÃÂ"
"502";"00:11:02:00";"00:11:04:18";"Der kleine Hof

liegt in einer Flussbiegung."
"503";"00:11:04:20";"00:11:04:20";"FABst·d Aufgrund des Dauerregens( ( verwan"
"504";"00:11:04:20";"00:11:04:20";"FABst.delte sich der Flussÿÿ3""
"505";"00:11:04:20";"00:11:07:21";"Aufgrund des Dauerregens

verwandelte sich der Fluss"
"506";"00:11:07:23";"00:11:07:23";"FABst¸d in einen gefährlichen Strom,( ( %"
"507";"00:11:07:23";"00:11:07:23";"FABst*der alles mitriss.ÿÿ7±^"
"508";"00:11:07:23";"00:11:10:21";"in einen gefÈahrlichen Strom,

der alles mitriss."
"509";"00:11:11:17";"00:11:11:17";"FABst¹PAuf dem Wochenmarkt ist wenig los,ÿÿ"
"510";"00:11:11:17";"00:11:14:02";"Auf dem Wochenmarkt ist wenig los,"
"511";"00:11:14:04";"00:11:14:04";"FABstºd viele waren bis vor Kurzem( ( von der ¸"
"512";"00:11:14:04";"00:11:14:04";"FABst6Außenwelt abgeschnitten.ÿÿ+aV"
"513";"00:11:14:04";"00:11:17:15";"viele waren bis vor Kurzem

von der Auûenwelt abgeschnitten."
"514";"00:11:18:20";"00:11:18:20";"FABst»J Wir waren 27 Tage isoliert.î"
"515";"00:11:18:20";"00:11:20:18";"Wir waren 27 Tage isoliert."
"516";"00:11:20:21";"00:11:20:21";"FABst¼N Sie haben uns mit HubschraubernKú"
"517";"00:11:20:21";"00:11:22:17";"Sie haben uns mit Hubschraubern"
"518";"00:11:22:19";"00:11:22:19";"FABst½d Essen, Futter für die Tiere,( ( GenerTà"
"519";"00:11:22:19";"00:11:22:19";"FABstDatoren und Treibstoff gebracht.ÿÿêº"
"520";"00:11:22:19";"00:11:26:17";"Essen, Futter fÈur die Tiere,

Generatoren und Treibstoff gebracht."
"521";"00:11:27:13";"00:11:27:13";"FABst¾d Fast jeden zweiten Betrieb( ( hÊ"
"522";"00:11:27:13";"00:11:27:13";"FABst&at es getroffen.ÿÿ;½"
"523";"00:11:27:13";"00:11:30:12";"Fast jeden zweiten Betrieb

hat es getroffen."
"524";"00:11:30:17";"00:11:30:17";"FABst¿d Der Schaden wird( ( auf rund 9 Mrü¨"
"525";"00:11:30:17";"00:11:30:17";"FABst,d. Euro geschätzt ÿÿ5d~"
"526";"00:11:30:17";"00:11:33:20";"Der Schaden wird

auf rund 9 Mrd. Euro geschÈatzt Ð"
"527";"00:11:33:22";"00:11:33:22";"FABstÀd die endgültige Höhe( ( ist nocô"
"528";"00:11:33:22";"00:11:33:22";"FABst*h nicht abzusehen.ÿÿ7·l"
"529";"00:11:33:22";"00:11:36:23";"die endgÈultige HÈohe

ist noch nicht abzusehen."
"530";"00:11:37:08";"00:11:37:08";"FABstÁd Bei einem Besuch( ( im KataÃ"
"531";"00:11:37:08";"00:11:37:08";"FABst"strophengebietÿÿ?á"
"532";"00:11:37:08";"00:11:39:20";"Bei einem Besuch

im Katastrophengebiet"
"533";"00:11:39:22";"00:11:39:22";"FABstÂdversprach Ministerpräsidentin Meloni( ( p"
"534";"00:11:39:22";"00:11:39:22";"FABst2 schnelle Hilfe.ÿÿ/"
"535";"00:11:39:22";"00:11:43:00";"versprach MinisterprÈasidentin Meloni

schnelle Hilfe."
"536";"00:11:43:02";"00:11:43:02";"FABstÃdAngekommen ist in der Landwirtschaft( ( øÐ"
"537";"00:11:43:02";"00:11:43:02";"FABst0 noch nichts.ÿÿ1Ãö"
"538";"00:11:43:02";"00:11:45:24";"Angekommen ist in der Landwirtschaft

noch nichts."
"539";"00:11:46:01";"00:11:46:01";"FABstÄd Die Ernteausfälle( ( haben Folgen"
"540";"00:11:46:01";"00:11:46:01";"FABst* für ganz Italien.ÿÿ7V¦"
"541";"00:11:46:01";"00:11:48:22";"Die ErnteausfÈalle

haben Folgen fÈur ganz Italien."
"542";"00:11:49:14";"00:11:49:14";"FABstÅd 30 % der landwirtschaftlichen( ( ¶"
"543";"00:11:49:14";"00:11:49:14";"FABst,Produkte Italiens=Î"
"544";"00:11:49:14";"00:11:52:17";"30 % der landwirtschaftlichen

Produkte Italiens"
"545";"00:11:52:19";"00:11:52:19";"FABstÆL kommen aus der Emilia-Romagna.ÿÿ"
"546";"00:11:52:19";"00:11:54:20";"kommen aus der Emilia-Romagna."
"547";"00:11:54:22";"00:11:54:22";"FABstÇH Wenn dieser Motor stockt,ÿÿ"
"548";"00:11:54:22";"00:11:56:14";"Wenn dieser Motor stockt,"
"549";"00:11:56:16";"00:11:56:16";"FABstÈd hat das Auswirkungen( ( auf dieÙ"
"550";"00:11:56:16";"00:11:56:16";"FABst* ganze Wirtschaft.ÿÿ7"
"551";"00:11:56:16";"00:11:59:12";"hat das Auswirkungen

auf die ganze Wirtschaft."
"552";"00:11:59:21";"00:11:59:21";"FABstÉd Auf dem Markt sind die Preise( ( êv"
"553";"00:11:59:21";"00:11:59:21";"FABst.für Obst und Gemüseÿÿ3ÃB"
"554";"00:11:59:21";"00:12:02:21";"Auf dem Markt sind die Preise

fÈur Obst und GemÈuse"
"555";"00:12:02:23";"00:12:02:23";"FABstÊN um ein gutes Drittel gestiegen.ÿÿyþ"
"556";"00:12:02:23";"00:12:05:03";"um ein gutes Drittel gestiegen."
"557";"00:12:07:08";"00:12:07:08";"FABstËd Die Special Olympics World Games( ( haÝ"
"558";"00:12:07:08";"00:12:07:08";"FABst4ben in Berlin begonnen.ÿÿ-®z"
"559";"00:12:07:08";"00:12:10:21";"Die Special Olympics World Games

haben in Berlin begonnen."
"560";"00:12:10:23";"00:12:10:23";"FABstÌP Die ersten Medaillen des Turniersÿÿê"
"561";"00:12:10:23";"00:12:13:00";"Die ersten Medaillen des Turniers"
"562";"00:12:13:02";"00:12:13:02";"FABstÍd gab es heute( ( in der RhythmiscÞB"
"563";"00:12:13:02";"00:12:13:02";"FABst,hen Sportgymnastik.ÿÿ5ªÐ"
"564";"00:12:13:02";"00:12:15:23";"gab es heute

in der Rhythmischen Sportgymnastik."
"565";"00:12:16:00";"00:12:16:00";"FABstÎd Bis zum 25. Juni( ( werden übert"
"566";"00:12:16:00";"00:12:16:00";"FABst* 7000 Teilnehmendeÿÿ7Ç4"
"567";"00:12:16:00";"00:12:19:03";"Bis zum 25. Juni

werden Èuber 7000 Teilnehmende"
"568";"00:12:19:05";"00:12:19:05";"FABstÏd mit geistiger und mehrfacher( ( BeÌ"
"569";"00:12:19:05";"00:12:19:05";"FABst,hinderung erwartet.ÿÿ5æ"
"570";"00:12:19:05";"00:12:22:17";"mit geistiger und mehrfacher

Behinderung erwartet."
"571";"00:12:22:22";"00:12:22:22";"FABstÐd Die größte inklusive( ( SportverÕ"
"572";"00:12:22:22";"00:12:22:22";"FABst,anstaltung der Weltÿÿ5 ú"
"573";"00:12:22:22";"00:12:25:23";"Die grÈoûte inklusive

Sportveranstaltung der Welt"
"574";"00:12:26:00";"00:12:26:00";"FABstÑd wurde gestern Abend( ( im OlympäB"
"575";"00:12:26:00";"00:12:26:00";"FABst,iastadion eröffnet.ÿÿ5"
"576";"00:12:26:00";"00:12:29:20";"wurde gestern Abend

im Olympiastadion erÈoffnet."
"577";"00:12:32:05";"00:12:32:05";"FABstÒ@ So viel gute Laune%r"
"578";"00:12:32:05";"00:12:33:17";"So viel gute Laune"
"579";"00:12:33:19";"00:12:33:19";"FABstÓd hat das Berliner Olympiastadion( ( ã"
"580";"00:12:33:19";"00:12:33:19";"FABst* selten erlebt.?îà"
"581";"00:12:33:19";"00:12:36:13";"hat das Berliner Olympiastadion

selten erlebt."
"582";"00:12:36:15";"00:12:36:15";"FABstÔd Die Eröffnungsfeier( ( der Special D<u>"
"583";"00:12:36:15";"00:12:36:15";"FABst.Olympics World Gamesÿÿ3Ñº"
"584";"00:12:36:15";"00:12:39:17";"Die ErÈoffnungsfeier

der Special Olympics World Games"
"585";"00:12:39:19";"00:12:39:19";"FABstÕd gestern Abend -( ( stimmungsvoll"
"586";"00:12:39:19";"00:12:39:19";"FABst., bunt und inklusiv.ÿÿ3¹("
"587";"00:12:39:19";"00:12:42:23";"gestern Abend -

stimmungsvoll, bunt und inklusiv."
"588";"00:12:43:09";"00:12:43:09";"FABstÖd Sophie Renzmann( ( entzündet die l"
"589";"00:12:43:09";"00:12:43:09";"FABst*Olympische Flamme.ÿÿ7ã4"
"590";"00:12:43:09";"00:12:46:07";"Sophie Renzmann

entzÈundet die Olympische Flamme."
"591";"00:12:46:09";"00:12:46:09";"FABst×d Sie brennt( ( bis zum Ende dêr"
"592";"00:12:46:09";"00:12:46:09";"FABst"er World-Gamesÿÿ?õN"
"593";"00:12:46:09";"00:12:48:17";"Sie brennt

bis zum Ende der World-Games"
"594";"00:12:48:20";"00:12:48:20";"FABstØd und mahnt zum Miteinander von( ( Menschen Ð"
"595";"00:12:48:20";"00:12:48:20";"FABst: mit und ohne Behinderung.ÿÿ'Ö"
"596";"00:12:48:20";"00:12:52:21";"und mahnt zum Miteinander von

Menschen mit und ohne Behinderung."
"597";"00:12:53:00";"00:12:53:00";"FABstÙd Der Einzug der 7000 Athletinnen ( ( und Atë"
"598";"00:12:53:00";"00:12:53:00";"FABst>hleten aus fast 200 Ländern.ÿÿ#N´"
"599";"00:12:53:00";"00:12:57:06";"Der Einzug der 7000 Athletinnen

und Athleten aus fast 200 LÈandern."
"600";"00:12:57:10";"00:12:57:10";"FABstÚd Die größte Delegation( ( stellt der ß6"
"601";"00:12:57:10";"00:12:57:10";"FABst0Gastgeber Deutschlandÿÿ1ÅF"
"602";"00:12:57:10";"00:13:00:19";"Die grÈoûte Delegation

stellt der Gastgeber Deutschland"
"603";"00:13:00:21";"00:13:00:21";"FABstÛJ mit über 400 Teilnehmenden.ÿÿú"
"604";"00:13:00:21";"00:13:02:17";"mit Èuber 400 Teilnehmenden."
"605";"00:13:03:01";"00:13:03:01";"FABstÜd Ralf Andrasch,( ( Fußballspiele7x"
"606";"00:13:03:01";"00:13:03:01";"FABst(r aus Neckarsulm,ÿÿ9ò"
"607";"00:13:03:01";"00:13:05:24";"Ralf Andrasch,

Fuûballspieler aus Neckarsulm,"
"608";"00:13:06:01";"00:13:06:01";"FABstÝd spricht den besonderen ( ( Eid dÃh"
"609";"00:13:06:01";"00:13:06:01";"FABst.er Special-Olympics.ÿÿ3»ò"
"610";"00:13:06:01";"00:13:09:03";"spricht den besonderen

Eid der Special-Olympics."
"611";"00:13:09:19";"00:13:09:19";"FABstÞ@ Ich will gewinnen.%z"
"612";"00:13:09:19";"00:13:11:01";"Ich will gewinnen."
"613";"00:13:11:05";"00:13:11:05";"FABstßd Doch wenn ich nicht gewinnen kann,( ( soÍ´"
"614";"00:13:11:05";"00:13:11:05";"FABstJ will ich mutig mein Bestes geben.Ï|"
"615";"00:13:11:05";"00:13:15:23";"Doch wenn ich nicht gewinnen kann,

so will ich mutig mein Bestes geben."
"616";"00:13:17:11";"00:13:17:11";"FABstàd Erste Medaillen gibt es( ( in der Rhyô2"
"617";"00:13:17:11";"00:13:17:11";"FABst8thmischen Sportgymnastik.ÿÿ)ªü"
"618";"00:13:17:11";"00:13:21:01";"Erste Medaillen gibt es

in der Rhythmischen Sportgymnastik."
"619";"00:13:21:03";"00:13:21:03";"FABstád Aus Deutschland( ( keine Turner¨J"
"620";"00:13:21:03";"00:13:21:03";"FABst&innen mit dabei.ÿÿ;§,"
"621";"00:13:21:03";"00:13:23:18";"Aus Deutschland

keine Turnerinnen mit dabei."
"622";"00:13:23:19";"00:13:23:19";"FABstâd Für sie geht es( ( ab morgen u@"
"623";"00:13:23:19";"00:13:23:19";"FABst"um Edelmetall.ÿÿ?Ó`"
"624";"00:13:23:19";"00:13:26:03";"FÈur sie geht es

ab morgen um Edelmetall."
"625";"00:13:26:05";"00:13:26:05";"FABstãd Seit 1991( ( ist die RhythmischÚ"
"626";"00:13:26:05";"00:13:26:05";"FABst&e Sportgymnastikÿÿ;"
"627";"00:13:26:05";"00:13:28:20";"Seit 1991

ist die Rhythmische Sportgymnastik"
"628";"00:13:28:22";"00:13:28:22";"FABstäd im Programm der Special-Olympics ( ( und °h"
"629";"00:13:28:22";"00:13:28:22";"FABst@hier nehmen auch Männer teil.ÿÿ!"
"630";"00:13:28:22";"00:13:32:19";"im Programm der Special-Olympics

und hier nehmen auch MÈanner teil."
"631";"00:13:32:21";"00:13:32:21";"FABstådAnsonsten alles gleich wie bei den ( ( Mens"
"632";"00:13:32:21";"00:13:32:21";"FABstDchen ohne geistige Behinderung.ÿÿöÒ"
"633";"00:13:32:21";"00:13:37:00";"Ansonsten alles gleich wie bei den

Menschen ohne geistige Behinderung."
"634";"00:13:37:02";"00:13:37:02";"FABstæd Die große Herausforderung für( ( die At<i>Ä"
"635";"00:13:37:02";"00:13:37:02";"FABstDhletinnen mit Lernschwäche ist,ÿÿa´"
"636";"00:13:37:02";"00:13:41:00";"Die groûe Herausforderung fÈur

die Athletinnen mit LernschwÈache ist,"
"637";"00:13:41:02";"00:13:41:02";"FABstçd sich die Kür zu merken,( ( die AbfolgeY&"
"638";"00:13:41:02";"00:13:41:02";"FABst4 der einzelnen Übungen.ÿÿ-4J"
"639";"00:13:41:02";"00:13:44:13";"sich die KÈur zu merken,

die Abfolge der einzelnen ÈUbungen."
"640";"00:13:44:15";"00:13:44:15";"FABstèd Dazu kommt die Präsentation( ( und"
"641";"00:13:44:15";"00:13:44:15";"FABst4der Schwierigkeitsgrad.ÿÿ-¦Ø"
"642";"00:13:44:15";"00:13:47:20";"Dazu kommt die PrÈasentation

und der Schwierigkeitsgrad."
"643";"00:13:47:22";"00:13:47:22";"FABstédWie im Special-Olympics-Eid gesagt,( ("
"644";"00:13:47:22";"00:13:47:22";"FABst6wollen alle gewinnen -ÿÿ+ý^"
"645";"00:13:47:22";"00:13:51:09";"Wie im Special-Olympics-Eid gesagt,

wollen alle gewinnen -"
"646";"00:13:51:11";"00:13:51:11";"FABstêVoder ihr Bestes geben und Spaß haben.ÿÿÀL"
"647";"00:13:51:11";"00:13:54:02";"oder ihr Bestes geben und Spaû haben."
"648";"00:13:56:08";"00:13:56:08";"FABstëd Der SC Magdeburg hat die Handball( ( C</i>"
"649";"00:13:56:08";"00:13:56:08";"FABst8hampions League gewonnen.ÿÿ)ó2"
"650";"00:13:56:08";"00:13:59:23";"Der SC Magdeburg hat die Handball

Champions League gewonnen."
"651";"00:14:00:00";"00:14:00:00";"FABstìdIn Köln setzte sich der Außenseiter( ( Ôf"
"652";"00:14:00:00";"00:14:00:00";"FABst6 vor 20.000 Zuschauernÿÿ+Ö"
"653";"00:14:00:00";"00:14:03:10";"In KÈoln setzte sich der Auûenseiter

vor 20.000 Zuschauern"
"654";"00:14:03:12";"00:14:03:12";"FABstíd mit 30:29 gegen Industria Kielce( ( X"
"655";"00:14:03:12";"00:14:03:12";"FABst, aus Polen durch.ÿÿ5­D"
"656";"00:14:03:12";"00:14:06:12";"mit 30:29 gegen Industria Kielce

aus Polen durch."
"657";"00:14:06:14";"00:14:06:14";"FABstîd Die Entscheidung fiel( ( in dÇ"
"658";"00:14:06:14";"00:14:06:14";"FABst(er Verlängerung. ÿÿ9n"
"659";"00:14:06:14";"00:14:09:09";"Die Entscheidung fiel

in der VerlÈangerung."
"660";"00:14:09:11";"00:14:09:11";"FABstïd Nach 21 Jahren holt sich( ( der Bund¥L"
"661";"00:14:09:11";"00:14:09:11";"FABst2esligist aus Magdeburgÿÿ/Å"
"662";"00:14:09:11";"00:14:13:08";"Nach 21 Jahren holt sich

der Bundesligist aus Magdeburg"
"663";"00:14:13:10";"00:14:13:10";"FABstðL erneut Europas Handballkrone.ÿÿI<"
"664";"00:14:13:10";"00:14:15:09";"erneut Europas Handballkrone."
"665";"00:14:17:08";"00:14:17:08";"FABstñd Die Wettervorhersage für morgen,( ( Wä"
"666";"00:14:17:08";"00:14:17:08";"FABst0Montag, den 19. Juni:ÿÿ1"
"667";"00:14:17:08";"00:14:21:00";"Die Wettervorhersage fÈur morgen,

Montag, den 19. Juni:"
"668";"00:14:22:11";"00:14:22:11";"FABstòd Auf der Vorderseite ( ( des T´^"
"669";"00:14:22:11";"00:14:22:11";"FABst$iefs bei Irlandÿÿ=¿J"
"670";"00:14:22:11";"00:14:24:23";"Auf der Vorderseite

des Tiefs bei Irland"
"671";"00:14:25:00";"00:14:25:00";"FABstód gelangt sehr feuchte Luft( ( aus Spanien"
"672";"00:14:25:00";"00:14:25:00";"FABst6n und Frankreich zu uns.ÿÿ+V"
"673";"00:14:25:00";"00:14:28:13";"gelangt sehr feuchte Luft

aus Spanien und Frankreich zu uns."
"674";"00:14:28:15";"00:14:28:15";"FABstôd Heute Nacht breiten sich Wolken( ( ¼"
"675";"00:14:28:15";"00:14:28:15";"FABst4Richtung Nordosten aus.ÿÿ-Ñâ"
"676";"00:14:28:15";"00:14:31:22";"Heute Nacht breiten sich Wolken

Richtung Nordosten aus."
"677";"00:14:31:24";"00:14:31:24";"FABstõd In der Südwesthälfte kommt es ( ( zu SchîH"
"678";"00:14:31:24";"00:14:31:24";"FABst:auern oder leichtem Regen,ÿÿ'Áv"
"679";"00:14:31:24";"00:14:35:15";"In der SÈudwesthÈalfte kommt es

zu Schauern oder leichtem Regen,"
"680";"00:14:35:17";"00:14:35:17";"FABstöF vereinzelt zu Gewittern.ÿÿ"
"681";"00:14:35:17";"00:14:37:06";"vereinzelt zu Gewittern."
"682";"00:14:37:08";"00:14:37:08";"FABst÷RMorgen anfangs im Nordosten sonnig,ÿÿkÐ"
"683";"00:14:37:08";"00:14:39:13";"Morgen anfangs im Nordosten sonnig,"
"684";"00:14:39:15";"00:14:39:15";"FABstød sonst neben Sonnenschein( ( tei­æ"
"685";"00:14:39:15";"00:14:39:15";"FABst(ls dichte Wolken.ÿÿ9î"
"686";"00:14:39:15";"00:14:42:10";"sonst neben Sonnenschein

teils dichte Wolken."
"687";"00:14:42:12";"00:14:42:12";"FABstùd Örtlich Schauer( ( oder krä
b"
"688";"00:14:42:12";"00:14:42:12";"FABst$ftige Gewitter.ÿÿ=¨*"
"689";"00:14:42:12";"00:14:45:02";"ÈOrtlich Schauer

oder krÈaftige Gewitter."
"690";"00:14:56:13";"00:14:56:13";"FABstúd Am Dienstag aus Südwesten( ( ScDt"
"691";"00:14:56:13";"00:14:56:13";"FABst,hauer und Gewitter.ÿÿ5åø"
"692";"00:14:56:13";"00:14:59:09";"Am Dienstag aus SÈudwesten

Schauer und Gewitter."
"693";"00:14:59:11";"00:14:59:11";"FABstûdDie fallen teils unwetterartig aus ( ( mit¼`"
"694";"00:14:59:11";"00:14:59:11";"FABstH Starkregen, Hagel und Sturmböen.ÿÿpÈ"
"695";"00:14:59:11";"00:15:04:01";"Die fallen teils unwetterartig aus Ð

mit Starkregen, Hagel und SturmbÈoen."
"696";"00:15:04:03";"00:15:04:03";"FABstüd Am Mittwoch verlagert sich( ( die Unweèr"
"697";"00:15:04:03";"00:15:04:03";"FABst8ttergefahr nach Südosten.ÿÿ)v"
"698";"00:15:04:03";"00:15:07:16";"Am Mittwoch verlagert sich

die Unwettergefahr nach SÈudosten."
"699";"00:15:07:18";"00:15:07:18";"FABstýd Am Donnerstag sind wieder ( ( weite ¢"
"700";"00:15:07:18";"00:15:07:18";"FABst2Landesteile betroffen.ÿÿ/Ûþ"
"701";"00:15:07:18";"00:15:10:23";"Am Donnerstag sind wieder

weite Landesteile betroffen."
"702";"00:15:12:19";"00:15:12:19";"FABstþd Um 22.45 Uhr geht es( ( bei Caren MiV"
"703";"00:15:12:19";"00:15:12:19";"FABst4osga in den tagesthemenÿÿ-Ýà"
"704";"00:15:12:19";"00:15:16:12";"Um 22.45 Uhr geht es

bei Caren Miosga in den tagesthemen"
"705";"00:15:16:14";"00:15:16:14";"FABstÿd um illegale( ( und legale Migrat®"
"706";"00:15:16:14";"00:15:16:14";"FABst(ion aus Tunesien.ÿÿ9æ"
"707";"00:15:16:14";"00:15:20:01";"um illegale

und legale Migration aus Tunesien."
"708";"00:15:20:13";"00:15:20:13";"FABstd Und wir porträtieren eine geistig( ( beev"
"709";"00:15:20:13";"00:15:20:13";"FABst>inträchtigte Kugelstoßerin, ÿÿ#®<u>"
"710";"00:15:20:13";"00:15:24:12";"Und wir portrÈatieren eine geistig

beeintrÈachtigte Kugelstoûerin,"
"711";"00:15:24:14";"00:15:24:14";"FABstVdie bei den Special Olympics startet.ÿÿÝ""
"712";"00:15:24:14";"00:15:27:02";"die bei den Special Olympics startet."
"713";"00:15:27:15";"00:15:27:15";"FABstN Ihnen noch einen schönen Abend.ÿÿ"
"714";"00:15:27:15";"00:15:30:01";"Ihnen noch einen schÈonen Abend."
"715";"00:15:34:01";"00:15:34:01";"FABstLCopyright Untertitel: NDR 2023ÿÿø"
"716";"00:15:34:01";"00:15:36:11";"Copyright Untertitel: NDR 2023"
