No.;Timecode In;Timecode Out;Subtitle
"1";"00:00:03:00";"00:00:03:00";"FABst6 * Gong *ÿÿZZZZZZZZZZ¥¥ã¥¥¥¥¥6"
"2";"00:00:03:00";"00:00:03:00";"FABst¥¥¥æ¥¥ã¥¥¥ç¥¥§ª¦ªîªªªG¦"
"3";"00:00:03:00";"00:00:04:04";"* Gong *"
"4";"00:00:04:08";"00:00:04:08";"FABstdHier ist das Erste Deutsche Fernsehen( ( 9"
"5";"00:00:04:08";"00:00:04:08";"FABst: mit der tagesschau.ÿÿ'õþ"
"6";"00:00:04:08";"00:00:07:20";"Hier ist das Erste Deutsche Fernsehen

mit der tagesschau."
"7";"00:00:07:24";"00:00:07:24";"FABstd Diese Sendung wurde vom NDR ( ( live Af"
"8";"00:00:07:24";"00:00:07:24";"FABst4untertitelt(13.06.2023)ÿÿ-Ê"
"9";"00:00:07:24";"00:00:12:14";"Diese Sendung wurde vom NDR

live untertitelt(13.06.2023)"
"10";"00:00:14:23";"00:00:14:23";"FABstTHeute im Studio: Julia-Niharika Sen.ÿÿÄú"
"11";"00:00:14:23";"00:00:17:12";"Heute im Studio: Julia-Niharika Sen."
"12";"00:00:18:03";"00:00:18:03";"FABstd Guten Abend,( ( ich begrüße Si3¦"
"13";"00:00:18:03";"00:00:18:03";"FABst(e zur tagesschau.A¯R"
"14";"00:00:18:03";"00:00:21:03";"Guten Abend,

ich begrÈuûe Sie zur tagesschau."
"15";"00:00:22:00";"00:00:22:00";"FABstd Im Koalitionsstreit( ( über das è."
"16";"00:00:22:00";"00:00:22:00";"FABst.Gebäudeenergiegesetzÿÿ3M""
"17";"00:00:22:00";"00:00:25:02";"Im Koalitionsstreit

Èuber das GebÈaudeenergiegesetz"
"18";"00:00:25:04";"00:00:25:04";"FABstH gibt es einen Durchbruch.ÿÿÐ"
"19";"00:00:25:04";"00:00:26:19";"gibt es einen Durchbruch."
"20";"00:00:26:21";"00:00:26:21";"FABstd Die Ampelparteien( ( bringen i"
"21";"00:00:26:21";"00:00:26:21";"FABst"die Regelungenÿÿ?h"
"22";"00:00:26:21";"00:00:29:10";"Die Ampelparteien

bringen die Regelungen"
"23";"00:00:29:12";"00:00:29:12";"FABstd für klimafreundlicheres Heizen( ( in dieÏþ"
"24";"00:00:29:12";"00:00:29:12";"FABstDser Woche in den Bundestag ein.ÿÿÛ"
"25";"00:00:29:12";"00:00:34:02";"fÈur klimafreundlicheres Heizen

in dieser Woche in den Bundestag ein."
"26";"00:00:34:13";"00:00:34:13";"FABstd Damit könnte das Gesetz vor( ( der SomÁ<"
"27";"00:00:34:13";"00:00:34:13";"FABstBmerpause verabschiedet werden.ÿÿú"
"28";"00:00:34:13";"00:00:39:02";"Damit kÈonnte das Gesetz vor

der Sommerpause verabschiedet werden."
"29";"00:00:39:18";"00:00:39:18";"FABstd Die Einigung kam erst zustande,( ( 9"
"30";"00:00:39:18";"00:00:39:18";"FABst2als sich am Nachmittagÿÿ/¢"
"31";"00:00:39:18";"00:00:43:02";"Die Einigung kam erst zustande,

als sich am Nachmittag"
"32";"00:00:43:04";"00:00:43:04";"FABstd Scholz, Habeck und Lindner( ( in die Veer"
"33";"00:00:43:04";"00:00:43:04";"FABst:rhandlungen einschalteten.ÿÿ'í"
"34";"00:00:43:04";"00:00:47:14";"Scholz, Habeck und Lindner

in die Verhandlungen einschalteten."
"35";"00:00:51:12";"00:00:51:12";"FABstN Der Kanzler geht ohne ein Wort.`À"
"36";"00:00:51:12";"00:00:53:24";"Der Kanzler geht ohne ein Wort."
"37";"00:00:54:17";"00:00:54:17";"FABstd Aufsehen gab es um( ( das Gebäudeò|"
"38";"00:00:54:17";"00:00:54:17";"FABst.energiegesetz genug.`3("
"39";"00:00:54:17";"00:00:58:05";"Aufsehen gab es um

das GebÈaudeenergiegesetz genug."
"40";"00:00:58:20";"00:00:58:20";"FABstdAls Scholz, Lindner und Habeck sich( ( ^^"
"41";"00:00:58:20";"00:00:58:20";"FABst8einmischten, klappte es.ÿÿ)õ¬"
"42";"00:00:58:20";"00:01:03:16";"Als Scholz, Lindner und Habeck sich

einmischten, klappte es."
"43";"00:01:05:10";"00:01:05:10";"FABstd Die Erfolgsmeldung( ( überlassen sià"
"44";"00:01:05:10";"00:01:05:10";"FABst0e den Fraktionschefs.ÿÿ1â"
"45";"00:01:05:10";"00:01:09:01";"Die Erfolgsmeldung

Èuberlassen sie den Fraktionschefs."
"46";"00:01:09:08";"00:01:09:08";"FABstd Das Gebäudeenergiegesetz kommt.( ( Wir ßà"
"47";"00:01:09:08";"00:01:09:08";"FABstFsetzen uns auf die Tagesordnung.`¦^"
"48";"00:01:09:08";"00:01:14:01";"Das GebÈaudeenergiegesetz kommt.

Wir setzen uns auf die Tagesordnung."
"49";"00:01:14:06";"00:01:14:06";"FABstdWir schaffen damit einen Meilenstein( ( fbL"
"50";"00:01:14:06";"00:01:14:06";"FABstLür mehr Klimaschutz in Deutschland.ÿÿ"
"51";"00:01:14:06";"00:01:19:03";"Wir schaffen damit einen Meilenstein

fÈur mehr Klimaschutz in Deutschland."
"52";"00:01:21:21";"00:01:21:21";"FABstH Bis dahin hat es gedauert.ÿÿÍ"
"53";"00:01:21:21";"00:01:23:16";"Bis dahin hat es gedauert."
"54";"00:01:23:23";"00:01:23:23";"FABstRDie Fraktionen hatten viele Fragen.ÿÿ¯Ä"
"55";"00:01:23:23";"00:01:26:09";"Die Fraktionen hatten viele Fragen."
"56";"00:01:26:11";"00:01:26:11";"FABstPWelche Heizungen zugelassen werdenÿÿðö"
"57";"00:01:26:11";"00:01:28:16";"Welche Heizungen zugelassen werden"
"58";"00:01:29:06";"00:01:29:06";"FABstd und wie soziale Förderungen( ( ¯t"
"59";"00:01:29:06";"00:01:29:06";"FABst*aussehen könnten.ÿÿ7"
"60";"00:01:29:06";"00:01:31:23";"und wie soziale FÈorderungen

aussehen kÈonnten."
"61";"00:01:33:00";"00:01:33:00";"FABstd Wir hatten fachlichen( ( Erö¦¬"
"62";"00:01:33:00";"00:01:33:00";"FABst&rterungsbedarf. `;<i>t"
"63";"00:01:33:00";"00:01:35:17";"Wir hatten fachlichen

ErÈorterungsbedarf."
"64";"00:01:36:22";"00:01:36:22";"FABstdWir wollten der Regierung zeigen, ( ( dase"
"65";"00:01:36:22";"00:01:36:22";"FABstDs wir Veränderungsbedarf sehen.ÿÿq¨"
"66";"00:01:36:22";"00:01:42:02";"Wir wollten der Regierung zeigen,

dass wir VerÈanderungsbedarf sehen."
"67";"00:01:46:07";"00:01:46:07";"FABstd In der vorliegenden Einigung( ( geh(¸"
"68";"00:01:46:07";"00:01:46:07";"FABst.t es um vier Punkte:ÿÿ3r"
"69";"00:01:46:07";"00:01:49:17";"In der vorliegenden Einigung

geht es um vier Punkte:"
"70";"00:01:50:02";"00:01:50:02";"FABstd Erst nach kommunaler Wärmeplanung( ( gelt Ê"
"71";"00:01:50:02";"00:01:50:02";"FABstHen die Regeln zum Heizungstausch.ÿÿÈ"
"72";"00:01:50:02";"00:01:55:16";"Erst nach kommunaler WÈarmeplanung

gelten die Regeln zum Heizungstausch."
"73";"00:01:56:02";"00:01:56:02";"FABstd Möglich sind Holz- und( ( Pellet-, te""
"74";"00:01:56:02";"00:01:56:02";"FABst4ils sogar Gasheizungen.ÿÿ-ø¸"
"75";"00:01:56:02";"00:02:00:15";"MÈoglich sind Holz- und

Pellet-, teils sogar Gasheizungen."
"76";"00:02:07:09";"00:02:07:09";"FABstd Nun scheint auch( ( die FDP zu:"
"77";"00:02:07:09";"00:02:07:09";"FABst&frieden zu sein.ÿÿ;·ø"
"78";"00:02:07:09";"00:02:10:14";"Nun scheint auch

die FDP zufrieden zu sein."
"79";"00:02:10:19";"00:02:10:19";"FABstd Sie wollte nicht, dass bestimmte( ( HeizkP"
"80";"00:02:10:19";"00:02:10:19";"FABst:ungen vorgeschrieben sind.ÿÿ'¿ö"
"81";"00:02:10:19";"00:02:15:08";"Sie wollte nicht, dass bestimmte

Heizungen vorgeschrieben sind."
"82";"00:02:16:00";"00:02:16:00";"FABstdWir lassen alle Technologien zu, bis( ( z{p"
"83";"00:02:16:00";"00:02:16:00";"FABstLur kommunalen Wärmeplanung ohnehin.ÿÿah"
"84";"00:02:16:00";"00:02:21:04";"Wir lassen alle Technologien zu, bis

zur kommunalen WÈarmeplanung ohnehin."
"85";"00:02:21:15";"00:02:21:15";"FABstd Auch danach sind( ( verschiedene"
"86";"00:02:21:15";"00:02:21:15";"FABst2 Technologien möglich.ÿÿ/"
"87";"00:02:21:15";"00:02:25:19";"Auch danach sind

verschiedene Technologien mÈoglich."
"88";"00:02:27:00";"00:02:27:00";"FABst d Noch diese Woche soll( ( das Heizungsn""
"89";"00:02:27:00";"00:02:27:00";"FABst2gesetz beraten werden.ÿÿ/ F"
"90";"00:02:27:00";"00:02:31:06";"Noch diese Woche soll

das Heizungsgesetz beraten werden."
"91";"00:02:33:07";"00:02:33:07";"FABst!D Tina Hassel in Berlin:ÿÿ¨0"
"92";"00:02:33:07";"00:02:35:01";"Tina Hassel in Berlin:"
"93";"00:02:35:05";"00:02:35:05";"FABst"d Wie ist die Einigung( ( zustPR"
"94";"00:02:35:05";"00:02:35:05";"FABst"ande gekommen?ÿÿ?ì&"
"95";"00:02:35:05";"00:02:37:17";"Wie ist die Einigung

zustande gekommen?"
"96";"00:02:38:13";"00:02:38:13";"FABst#d Die letzten Stunden( ( waren einZ\"
"97";"00:02:38:13";"00:02:38:13";"FABst. regelrechter Krimi.;À"
"98";"00:02:38:13";"00:02:42:00";"Die letzten Stunden

waren ein regelrechter Krimi."
"99";"00:02:42:08";"00:02:42:08";"FABst$d Die Lösung kam erst zustande,( ( als deÌ0"
"100";"00:02:42:08";"00:02:42:08";"FABst<r Kanzler, der Wirtschafts--Ìî"
"101";"00:02:42:08";"00:02:46:00";"Die LÈosung kam erst zustande,

als der Kanzler, der Wirtschafts-"
"102";"00:02:46:02";"00:02:46:02";"FABst%d und der Finanzminister( ( zu deny"
"103";"00:02:46:02";"00:02:46:02";"FABst* Beratungen kamen.ÿÿ7Ê"
"104";"00:02:46:02";"00:02:49:04";"und der Finanzminister

zu den Beratungen kamen."
"105";"00:02:49:06";"00:02:49:06";"FABst&d Um die Änderungswünsche( ( O"
"106";"00:02:49:06";"00:02:49:06";"FABst"der Fraktionenÿÿ?
f"
"107";"00:02:49:06";"00:02:51:14";"Um die ÈAnderungswÈunsche

der Fraktionen"
"108";"00:02:51:20";"00:02:51:20";"FABst'H verbindlich rückzukoppeln.ÿÿ3ò"
"109";"00:02:51:20";"00:02:53:11";"verbindlich rÈuckzukoppeln."
"110";"00:02:53:15";"00:02:53:15";"FABst(d Unter enormem Zeitdruck( ( kann daRÎ"
"111";"00:02:53:15";"00:02:53:15";"FABst2s Gesetz nun doch nochÿÿ/Æ"
"112";"00:02:53:15";"00:02:56:17";"Unter enormem Zeitdruck

kann das Gesetz nun doch noch"
"113";"00:02:56:19";"00:02:56:19";"FABst)d vor der Sommerpause( ( im BundestaEÎ"
"114";"00:02:56:19";"00:02:56:19";"FABst4g verabschiedet werden.ÿÿ-Ñæ"
"115";"00:02:56:19";"00:02:59:23";"vor der Sommerpause

im Bundestag verabschiedet werden."
"116";"00:03:00:00";"00:03:00:00";"FABst*PAuch der Kanzler will verhindern,ÿÿ¼"
"117";"00:03:00:00";"00:03:01:24";"Auch der Kanzler will verhindern,"
"118";"00:03:02:02";"00:03:02:02";"FABst+d dass sich der Streit( ( über deþ¼"
"119";"00:03:02:02";"00:03:02:02";"FABst*n Sommer hinzieht.ÿÿ7"
"120";"00:03:02:02";"00:03:04:18";"dass sich der Streit

Èuber den Sommer hinzieht."
"121";"00:03:04:20";"00:03:04:20";"FABst,d Wenn das Gesetz so kommt,( ( habenEd"
"122";"00:03:04:20";"00:03:04:20";"FABst2 betroffene Eigentümerÿÿ/B"
"123";"00:03:04:20";"00:03:07:22";"Wenn das Gesetz so kommt,

haben betroffene EigentÈumer"
"124";"00:03:07:24";"00:03:07:24";"FABst-d nun vier Jahre Zeit, ( ( um siè"
"125";"00:03:07:24";"00:03:07:24";"FABst*ch zu entscheiden:ÿÿ7ªl"
"126";"00:03:07:24";"00:03:10:14";"nun vier Jahre Zeit,

um sich zu entscheiden:"
"127";"00:03:10:16";"00:03:10:16";"FABst.d Wie heizen sie( ( künftig kli£R"
"128";"00:03:10:16";"00:03:10:16";"FABst$mafreundlicher.ÿÿ=ÁÂ"
"129";"00:03:10:16";"00:03:13:01";"Wie heizen sie

kÈunftig klimafreundlicher."
"130";"00:03:13:03";"00:03:13:03";"FABst/dSolange keine kommunale Wärmeplanung( ( Øè"
"131";"00:03:13:03";"00:03:13:03";"FABst8 für sie vorliegt,ÿÿ)_"
"132";"00:03:13:03";"00:03:16:06";"Solange keine kommunale WÈarmeplanung

fÈur sie vorliegt,"
"133";"00:03:16:08";"00:03:16:08";"FABst0d ändert sich für die Betroffenen( ( u<i>"
"134";"00:03:16:08";"00:03:16:08";"FABst, vorerst nichts.ÿÿ5
&"
"135";"00:03:16:08";"00:03:19:02";"Èandert sich fÈur die Betroffenen

vorerst nichts."
"136";"00:03:19:04";"00:03:19:04";"FABst1dDer hitzige Streit in der Koalition( ( 4"
"137";"00:03:19:04";"00:03:19:04";"FABstBhat tiefe Spuren hinterlassen.ÿÿ:"
"138";"00:03:19:04";"00:03:22:24";"Der hitzige Streit in der Koalition

hat tiefe Spuren hinterlassen."
"139";"00:03:28:11";"00:03:28:11";"FABst2d Die Linkspartei streitet über( ( den Umçd"
"140";"00:03:28:11";"00:03:28:11";"FABst<gang mit Sahra Wagenknecht.ÿÿ%"
"141";"00:03:28:11";"00:03:32:09";"Die Linkspartei streitet Èuber

den Umgang mit Sahra Wagenknecht."
"142";"00:03:32:11";"00:03:32:11";"FABst3d Das wurde heute bei einer Sitzung( ( der Jn"
"143";"00:03:32:11";"00:03:32:11";"FABst@Bundestagsfraktion deutlich. ÿÿ!l"
"144";"00:03:32:11";"00:03:36:22";"Das wurde heute bei einer Sitzung

der Bundestagsfraktion deutlich."
"145";"00:03:37:23";"00:03:37:23";"FABst4L Abgeordnete bekräftigten dortÿÿz"
"146";"00:03:37:23";"00:03:39:21";"Abgeordnete bekrÈaftigten dort"
"147";"00:03:39:23";"00:03:39:23";"FABst5d ihre Kritik an einem Beschluss( ( 2"
"148";"00:03:39:23";"00:03:39:23";"FABst.des Parteivorstands.ÿÿ3Ãz"
"149";"00:03:39:23";"00:03:43:03";"ihre Kritik an einem Beschluss

des Parteivorstands."
"150";"00:03:43:08";"00:03:43:08";"FABst6d Dieser hatte( ( Wagenknecht|"
"151";"00:03:43:08";"00:03:43:08";"FABst" aufgefordert,ÿÿ?ð""
"152";"00:03:43:08";"00:03:45:21";"Dieser hatte

Wagenknecht aufgefordert,"
"153";"00:03:45:23";"00:03:45:23";"FABst7Rihr Bundestagsmandat zurückzugeben.ÿÿº"
"154";"00:03:45:23";"00:03:48:07";"ihr Bundestagsmandat zurÈuckzugeben."
"155";"00:03:48:09";"00:03:48:09";"FABst8d Anlass sind( ( die ÜberlegungeÖ"
"156";"00:03:48:09";"00:03:48:09";"FABst*n der Politikerin,ÿÿ7"
"157";"00:03:48:09";"00:03:51:03";"Anlass sind

die ÈUberlegungen der Politikerin,"
"158";"00:03:51:05";"00:03:51:05";"FABst9L eine eigene Partei zu gründen.ÿÿqv"
"159";"00:03:51:05";"00:03:53:02";"eine eigene Partei zu grÈunden."
"160";"00:03:53:04";"00:03:53:04";"FABst:d Spitzenfunktionen bei der Linken( ( hat W°"
"161";"00:03:53:04";"00:03:53:04";"FABst<agenknecht nicht mehr inne.ÿÿ%B"
"162";"00:03:53:04";"00:03:57:00";"Spitzenfunktionen bei der Linken

hat Wagenknecht nicht mehr inne."
"163";"00:03:57:23";"00:03:57:23";"FABst;d In welche Richtung( ( soll es geÀ"
"164";"00:03:57:23";"00:03:57:23";"FABst,hen für die Linken?=>"
"165";"00:03:57:23";"00:04:00:20";"In welche Richtung

soll es gehen fÈur die Linken?"
"166";"00:04:00:22";"00:04:00:22";"FABst<d Zunächst schnell vorbei( ( ô"
"167";"00:04:00:22";"00:04:00:22";"FABst$an den Kameras.ET"
"168";"00:04:00:22";"00:04:03:04";"ZunÈachst schnell vorbei

an den Kameras."
"169";"00:04:03:06";"00:04:03:06";"FABst=L Rein in die Fraktionssitzung.ÿÿÍ"
"170";"00:04:03:06";"00:04:05:01";"Rein in die Fraktionssitzung."
"171";"00:04:05:03";"00:04:05:03";"FABst>L Nur wenige Fraktionsmitgliederÿÿ"
"172";"00:04:05:03";"00:04:07:00";"Nur wenige Fraktionsmitglieder"
"173";"00:04:07:02";"00:04:07:02";"FABst?d wollen sich zum Streit( ( um Sahraä"
"174";"00:04:07:02";"00:04:07:02";"FABst. Wagenknecht äußern.ÿÿ3¬"
"175";"00:04:07:02";"00:04:10:01";"wollen sich zum Streit

um Sahra Wagenknecht Èauûern."
"176";"00:04:10:02";"00:04:10:02";"FABst@d Diejenigen, die es tun,( ( J""
"177";"00:04:10:02";"00:04:10:02";"FABst"sind deutlich:ÿÿ?ô"
"178";"00:04:10:02";"00:04:12:09";"Diejenigen, die es tun,

sind deutlich:"
"179";"00:04:12:11";"00:04:12:11";"FABstARDie Forderung des Parteivorstandes,ÿÿµ"
"180";"00:04:12:11";"00:04:14:14";"Die Forderung des Parteivorstandes,"
"181";"00:04:14:16";"00:04:14:16";"FABstBd Wagenknecht solle ihr Mandat( ( niedejÀ"
"182";"00:04:14:16";"00:04:14:16";"FABst4rlegen, sei ein Fehler.ÿÿ-ìt"
"183";"00:04:14:16";"00:04:17:24";"Wagenknecht solle ihr Mandat

niederlegen, sei ein Fehler."
"184";"00:04:18:01";"00:04:18:01";"FABstCF Das ist nicht nur Streití¶"
"185";"00:04:18:01";"00:04:19:14";"Das ist nicht nur Streit"
"186";"00:04:19:16";"00:04:19:16";"FABstDd zwischen Sahra Wagenknecht( ( und 7æ"
"187";"00:04:19:16";"00:04:19:16";"FABst.dem Parteivorstand. ;ª"
"188";"00:04:19:16";"00:04:22:15";"zwischen Sahra Wagenknecht

und dem Parteivorstand."
"189";"00:04:22:17";"00:04:22:17";"FABstEd Hier wird einem Teil der Partei( ( der ®"
"190";"00:04:22:17";"00:04:22:17";"FABst<Stuhl vor die Tür gestellt.ÿÿ%A4"
"191";"00:04:22:17";"00:04:26:08";"Hier wird einem Teil der Partei

der Stuhl vor die TÈur gestellt."
"192";"00:04:26:10";"00:04:26:10";"FABstFN Das Tischtuch ist zerschnitten,ÿÿ£8"
"193";"00:04:26:10";"00:04:28:06";"Das Tischtuch ist zerschnitten,"
"194";"00:04:28:08";"00:04:28:08";"FABstGd die Schere in der Hand( ( hält dµL"
"195";"00:04:28:08";"00:04:28:08";"FABst*er Parteivorstand.ÿÿ7Õ"
"196";"00:04:28:08";"00:04:31:01";"die Schere in der Hand

hÈalt der Parteivorstand."
"197";"00:04:31:03";"00:04:31:03";"FABstHdAm Wochenende hatten die Vorsitzenden( ("
"198";"00:04:31:03";"00:04:31:03";"FABst< Schirdewan und Wisslerÿÿ%Ô"
"199";"00:04:31:03";"00:04:34:15";"Am Wochenende hatten die Vorsitzenden

Schirdewan und Wissler"
"200";"00:04:34:17";"00:04:34:17";"FABstIN ihren Beschluss publik gemacht.ÿÿ¥*"
"201";"00:04:34:17";"00:04:36:12";"ihren Beschluss publik gemacht."
"202";"00:04:36:15";"00:04:36:15";"FABstJd Und damit begründet,( ( dass Wagenñ¶"
"203";"00:04:36:15";"00:04:36:15";"FABst0knecht daran arbeite,ÿÿ1Ë"
"204";"00:04:36:15";"00:04:39:16";"Und damit begrÈundet,

dass Wagenknecht daran arbeite,"
"205";"00:04:39:18";"00:04:39:18";"FABstKP eine Konkurrenzpartei zu gründen.ÿÿb"
"206";"00:04:39:18";"00:04:41:18";"eine Konkurrenzpartei zu grÈunden."
"207";"00:04:41:20";"00:04:41:20";"FABstLd Auch vom Fraktionschef Bartsch( ( K`"
"208";"00:04:41:20";"00:04:41:20";"FABst0ritik an Wagenknecht.ÿÿ1åz"
"209";"00:04:41:20";"00:04:44:22";"Auch vom Fraktionschef Bartsch

Kritik an Wagenknecht."
"210";"00:04:45:01";"00:04:45:01";"FABstMdWenn man den Versuch unternimmt,( ( .¬"
"211";"00:04:45:01";"00:04:45:01";"FABst2eine Partei zu gründen7"
"212";"00:04:45:01";"00:04:49:09";"Wenn man den Versuch unternimmt,

eine Partei zu grÈunden"
"213";"00:04:49:11";"00:04:49:11";"FABstNd oder Gespräche führt,( ( eine neueXâ"
"214";"00:04:49:11";"00:04:49:11";"FABst< Partei ins Leben zu rufen.-"
"215";"00:04:49:11";"00:04:53:20";"oder GesprÈache fÈuhrt,

eine neue Partei ins Leben zu rufen."
"216";"00:04:53:22";"00:04:53:22";"FABstOd Wenn dort auch Menschen aus ( ( der Li\"
"217";"00:04:53:22";"00:04:53:22";"FABst6nken kontaktiert werden,ÿÿ+·"
"218";"00:04:53:22";"00:04:57:20";"Wenn dort auch Menschen aus

der Linken kontaktiert werden,"
"219";"00:04:57:22";"00:04:57:22";"FABstPd das ist( ( und bleibt für miø^"
"220";"00:04:57:22";"00:04:57:22";"FABst&ch inakzeptabel.ÿÿ;é"
"221";"00:04:57:22";"00:05:00:16";"das ist

und bleibt fÈur mich inakzeptabel."
"222";"00:05:01:07";"00:05:01:07";"FABstQd Sahra Wagenknecht war bei( ( der Frak<u>"
"223";"00:05:01:07";"00:05:01:07";"FABst8tionssitzung nicht dabei,ÿÿ)Ä*"
"224";"00:05:01:07";"00:05:04:21";"Sahra Wagenknecht war bei

der Fraktionssitzung nicht dabei,"
"225";"00:05:04:23";"00:05:04:23";"FABstR: wie so oft.ÿÿ#"
"226";"00:05:04:23";"00:05:06:00";"wie so oft."
"227";"00:05:06:02";"00:05:06:02";"FABstSdZur Aufforderung des Parteivorstandes( ( l0"
"228";"00:05:06:02";"00:05:06:02";"FABstDbisher keine Reaktion von ihr.ÿÿßf"
"229";"00:05:06:02";"00:05:10:01";"Zur Aufforderung des Parteivorstandes

bisher keine Reaktion von ihr."
"230";"00:05:10:03";"00:05:10:03";"FABstTd Der ist für Wagenknecht( ( auçØ"
"231";"00:05:10:03";"00:05:10:03";"FABst(ch nicht bindend.ÿÿ9ÏÄ"
"232";"00:05:10:03";"00:05:12:17";"Der ist fÈur Wagenknecht

auch nicht bindend."
"233";"00:05:12:19";"00:05:12:19";"FABstUd Der Beschluss,( ( eher ein sy)Z"
"234";"00:05:12:19";"00:05:12:19";"FABst$mbolischer Akt.ÿÿ=®6"
"235";"00:05:12:19";"00:05:15:04";"Der Beschluss,

eher ein symbolischer Akt."
"236";"00:05:15:06";"00:05:15:06";"FABstVd Von jetzt an gilt es, ( ( nach D"
"237";"00:05:15:06";"00:05:15:06";"FABst(vorne zu schauen.A·8"
"238";"00:05:15:06";"00:05:17:21";"Von jetzt an gilt es,

nach vorne zu schauen."
"239";"00:05:17:23";"00:05:17:23";"FABstWd Wir konzentrieren uns( ( auV"
"240";"00:05:17:23";"00:05:17:23";"FABst"f die Inhalte.GîJ"
"241";"00:05:17:23";"00:05:20:04";"Wir konzentrieren uns

auf die Inhalte."
"242";"00:05:20:08";"00:05:20:08";"FABstXD Die Parteivorsitzendenÿÿ$"
"243";"00:05:20:08";"00:05:21:18";"Die Parteivorsitzenden"
"244";"00:05:21:20";"00:05:21:20";"FABstYd versuchen der Debatte um Sahra ( ( WageXþ"
"245";"00:05:21:20";"00:05:21:20";"FABst<nknecht ein Ende zu setzen.ÿÿ%ÿ"
"246";"00:05:21:20";"00:05:25:11";"versuchen der Debatte um Sahra

Wagenknecht ein Ende zu setzen."
"247";"00:05:25:13";"00:05:25:13";"FABstZd Durch ihren Beschluss wurde ( ( der SJz"
"248";"00:05:25:13";"00:05:25:13";"FABst4treit weiter angefacht.ÿÿ-ÉÚ"
"249";"00:05:25:13";"00:05:28:20";"Durch ihren Beschluss wurde

der Streit weiter angefacht."
"250";"00:05:28:22";"00:05:28:22";"FABst[d Der Riss durch die Partei( ( schGÂ"
"251";"00:05:28:22";"00:05:28:22";"FABst.eint tiefer denn je.ÿÿ3ïð"
"252";"00:05:28:22";"00:05:31:16";"Der Riss durch die Partei

scheint tiefer denn je."
"253";"00:05:32:15";"00:05:32:15";"FABst\d Nach der Anklage( ( in der Doæ"
"254";"00:05:32:15";"00:05:32:15";"FABst$kumenten-Affäreÿÿ=l²"
"255";"00:05:32:15";"00:05:35:04";"Nach der Anklage

in der Dokumenten-AffÈare"
"256";"00:05:35:06";"00:05:35:06";"FABst]dmuss der frühere US-Präsident Trump( ( ers5¦"
"257";"00:05:35:06";"00:05:35:06";"FABstBtmals vor Gericht erscheinen. ÿÿÒZ"
"258";"00:05:35:06";"00:05:39:04";"muss der frÈuhere US-PrÈasident Trump

erstmals vor Gericht erscheinen."
"259";"00:05:39:06";"00:05:39:06";"FABst^> Der Republikanerÿÿï"
"260";"00:05:39:06";"00:05:40:09";"Der Republikaner"
"261";"00:05:40:12";"00:05:40:12";"FABst_d ist wegen Verstößen gegen( ( ein Anti-"
"262";"00:05:40:12";"00:05:40:12";"FABst:Spionage-Gesetz angeklagt.ÿÿ'¹:"
"263";"00:05:40:12";"00:05:44:00";"ist wegen VerstÈoûen gegen

ein Anti-Spionage-Gesetz angeklagt."
"264";"00:05:44:02";"00:05:44:02";"FABst`L Vor dem Bundesgericht in Miamiÿÿô^"
"265";"00:05:44:02";"00:05:45:24";"Vor dem Bundesgericht in Miami"
"266";"00:05:46:01";"00:05:46:01";"FABstad wird der 76-Jährige sich( ( zu den VÙ"
"267";"00:05:46:01";"00:05:46:01";"FABst4orwürfen äußern können.ÿÿ-ò~"
"268";"00:05:46:01";"00:05:49:19";"wird der 76-JÈahrige sich

zu den VorwÈurfen Èauûern kÈonnen."
"269";"00:05:51:06";"00:05:51:06";"FABstbd Ihm wird vorgeworfen, ( ( zum En"
"270";"00:05:51:06";"00:05:51:06";"FABst*de seiner Amtszeitÿÿ7Þ"
"271";"00:05:51:06";"00:05:54:13";"Ihm wird vorgeworfen,

zum Ende seiner Amtszeit"
"272";"00:05:54:15";"00:05:54:15";"FABstcdgeheime Regierungsdokumente in seine( ( PriAâ"
"273";"00:05:54:15";"00:05:54:15";"FABstHvatresidenz mitgenommen zu haben.ÿÿÞî"
"274";"00:05:54:15";"00:05:59:08";"geheime Regierungsdokumente in seine

Privatresidenz mitgenommen zu haben."
"275";"00:05:59:17";"00:05:59:17";"FABstdd Donald Trump auf dem Weg( ( zum8À"
"276";"00:05:59:17";"00:05:59:17";"FABst( Gerichtsgebäude.AZ,"
"277";"00:05:59:17";"00:06:03:01";"Donald Trump auf dem Weg

zum GerichtsgebÈaude."
"278";"00:06:03:03";"00:06:03:03";"FABsted Dort großer Medienandrang( ( un©B"
"279";"00:06:03:03";"00:06:03:03";"FABst,d Demonstrierende =ò¨"
"280";"00:06:03:03";"00:06:05:22";"Dort groûer Medienandrang

und Demonstrierende Ð"
"281";"00:06:05:24";"00:06:05:24";"FABstfd bisher deutlich weniger( ( als von deà"
"282";"00:06:05:24";"00:06:05:24";"FABst2n Behörden befürchtet.ÿÿ/z"
"283";"00:06:05:24";"00:06:09:11";"bisher deutlich weniger

als von den BehÈorden befÈurchtet."
"284";"00:06:09:15";"00:06:09:15";"FABstgH In den letzten acht Jahrenõ*"
"285";"00:06:09:15";"00:06:11:06";"In den letzten acht Jahren"
"286";"00:06:11:09";"00:06:11:09";"FABsthd wurde über ihn auf eine Million( ( veâ"
"287";"00:06:11:09";"00:06:11:09";"FABst8rschiedene Arten gelogen.1òø"
"288";"00:06:11:09";"00:06:14:21";"wurde Èuber ihn auf eine Million

verschiedene Arten gelogen."
"289";"00:06:14:23";"00:06:14:23";"FABstid Jeder war sich sicher, ( ( er ispà"
"290";"00:06:14:23";"00:06:14:23";"FABst.t schuldig für dies.ÿÿ3rÐ"
"291";"00:06:14:23";"00:06:17:17";"Jeder war sich sicher,

er ist schuldig fÈur dies."
"292";"00:06:17:19";"00:06:17:19";"FABstjN Am Ende war es immer eine Lüge.ÿÿ|ö"
"293";"00:06:17:19";"00:06:19:16";"Am Ende war es immer eine LÈuge."
"294";"00:06:19:20";"00:06:19:20";"FABstkd Donald Trump( ( äußert sich heuz"
"295";"00:06:19:20";"00:06:19:20";"FABst2te in sozialen Medien,ÿÿ/Í"
"296";"00:06:19:20";"00:06:22:21";"Donald Trump

Èauûert sich heute in sozialen Medien,"
"297";"00:06:22:23";"00:06:22:23";"FABstld schreibt einmal mehr( ( von Hexenjag>Ú"
"298";"00:06:22:23";"00:06:22:23";"FABst2d und Wahleinmischung.ÿÿ/x"
"299";"00:06:22:23";"00:06:26:04";"schreibt einmal mehr

von Hexenjagd und Wahleinmischung."
"300";"00:06:26:06";"00:06:26:06";"FABstmd In der Anklageschrift geht es ( ( um Do/."
"301";"00:06:26:06";"00:06:26:06";"FABst8kumente aus diesen Boxen.ÿÿ)²°"
"302";"00:06:26:06";"00:06:29:19";"In der Anklageschrift geht es

um Dokumente aus diesen Boxen."
"303";"00:06:29:21";"00:06:29:21";"FABstnd Gestapelt unter anderem in( ( einem Bad"
"304";"00:06:29:21";"00:06:29:21";"FABst:ezimmer und einem Ballsaalÿÿ'b"
"305";"00:06:29:21";"00:06:33:11";"Gestapelt unter anderem in

einem Badezimmer und einem Ballsaal"
"306";"00:06:33:13";"00:06:33:13";"FABstoL in seinem Anwesen in Florida.ÿÿÞÎ"
"307";"00:06:33:13";"00:06:35:10";"in seinem Anwesen in Florida."
"308";"00:06:35:12";"00:06:35:12";"FABstpd Darin laut Anklage( ( auch InformatkD"
"309";"00:06:35:12";"00:06:35:12";"FABst2ionen zu US-Atomwaffenÿÿ/"
"310";"00:06:35:12";"00:06:38:21";"Darin laut Anklage

auch Informationen zu US-Atomwaffen"
"311";"00:06:38:23";"00:06:38:23";"FABstqdTrump soll die Dokumente mit auf sein( ( T"
"312";"00:06:38:23";"00:06:38:23";"FABstHPrivatanwesen in Florida genommenÿÿ\"
"313";"00:06:38:23";"00:06:43:01";"Trump soll die Dokumente mit auf sein

Privatanwesen in Florida genommen"
"314";"00:06:43:03";"00:06:43:03";"FABstrVund vor den Behörden versteckt haben.ÿÿÜ"
"315";"00:06:43:03";"00:06:45:10";"und vor den BehÈorden versteckt haben."
"316";"00:06:45:12";"00:06:45:12";"FABstsd Das FBI beschlagnahmte diese bei ( ( einer"
"317";"00:06:45:12";"00:06:45:12";"FABstB Razzia im vergangenen Sommer.ÿÿä`"
"318";"00:06:45:12";"00:06:49:13";"Das FBI beschlagnahmte diese bei

einer Razzia im vergangenen Sommer."
"319";"00:06:50:14";"00:06:50:14";"FABsttd Sie sind sehr ernst.( ( Das sind æ"
"320";"00:06:50:14";"00:06:50:14";"FABst,schwere Straftaten.=¢"
"321";"00:06:50:14";"00:06:53:13";"Sie sind sehr ernst.

Das sind schwere Straftaten."
"322";"00:06:53:15";"00:06:53:15";"FABstud Auf viele von ihnen( ( stehen 20sª"
"323";"00:06:53:15";"00:06:53:15";"FABst( Jahre Gefängnis.ÿÿ9[î"
"324";"00:06:53:15";"00:06:56:07";"Auf viele von ihnen

stehen 20 Jahre GefÈangnis."
"325";"00:06:56:11";"00:06:56:11";"FABstvVDonald Trump bestreitet die Vorwürfe.ÿÿLR"
"326";"00:06:56:11";"00:06:58:20";"Donald Trump bestreitet die VorwÈurfe."
"327";"00:06:58:22";"00:06:58:22";"FABstwd In etwa einer Stunde( ( soll er vo"
"328";"00:06:58:22";"00:06:58:22";"FABst0r den Richter treten.ÿÿ1°ä"
"329";"00:06:58:22";"00:07:01:22";"In etwa einer Stunde

soll er vor den Richter treten."
"330";"00:07:02:19";"00:07:02:19";"FABstxF Kerstin Klein in Miami:ÿÿ"
"331";"00:07:02:19";"00:07:04:05";"Kerstin Klein in Miami:"
"332";"00:07:04:21";"00:07:04:21";"FABstyd Was erwartet Ex-Präsident Trump( ( h"
"333";"00:07:04:21";"00:07:04:21";"FABst( vor Gericht?ÿÿ9îÖ"
"334";"00:07:04:21";"00:07:08:01";"Was erwartet Ex-PrÈasident Trump

vor Gericht?"
"335";"00:07:11:12";"00:07:11:12";"FABstzd Trump ist vor wenigen Minuten( ( Ü"
"336";"00:07:11:12";"00:07:11:12";"FABst& angekommen.`;
Ð"
"337";"00:07:11:12";"00:07:14:19";"Trump ist vor wenigen Minuten

angekommen."
"338";"00:07:16:08";"00:07:16:08";"FABst{N Er wird vor den Richter treten.ÿÿ</u>¸"
"339";"00:07:16:08";"00:07:18:14";"Er wird vor den Richter treten."
"340";"00:07:18:21";"00:07:18:21";"FABst|d Dann wird ihm die Anklage( ( ¢"
"341";"00:07:18:21";"00:07:18:21";"FABst" vorgelesen.ÿÿ?æØ"
"342";"00:07:18:21";"00:07:21:10";"Dann wird ihm die Anklage

vorgelesen."
"343";"00:07:23:03";"00:07:23:03";"FABst}d Anschließend wird er( ( auf nichtØÚ"
"344";"00:07:23:03";"00:07:23:03";"FABst. schuldig plädieren.ÿÿ3<Ü"
"345";"00:07:23:03";"00:07:26:10";"Anschlieûend wird er

auf nicht schuldig plÈadieren."
"346";"00:07:28:20";"00:07:28:20";"FABst~d Anschließend geht es um den( ( Ü"
"347";"00:07:28:20";"00:07:28:20";"FABst" Zeitplan.ÿÿ?Ï¢"
"348";"00:07:28:20";"00:07:31:16";"Anschlieûend geht es um den

Zeitplan."
"349";"00:07:34:03";"00:07:34:03";"FABstdDes Justizministerium möchte einen( ( 6"
"350";"00:07:34:03";"00:07:34:03";"FABst4 schnellen Auftakt.ÿÿ-ú"
"351";"00:07:34:03";"00:07:38:07";"Des Justizministerium mÈochte einen

schnellen Auftakt."
"352";"00:07:39:05";"00:07:39:05";"FABst<i>dTrumps Anwälte werden versuchen,( ( den P¶"
"353";"00:07:39:05";"00:07:39:05";"FABst<rozessbeginn zu verzögern. ÿÿ%Ö"
"354";"00:07:39:05";"00:07:43:24";"Trumps AnwÈalte werden versuchen,

den Prozessbeginn zu verzÈogern."
"355";"00:07:44:06";"00:07:44:06";"FABst</i>d Am besten bis nach( ( den Präsi~,"
"356";"00:07:44:06";"00:07:44:06";"FABst*dentschaftswahlen.ÿÿ7¤ì"
"357";"00:07:44:06";"00:07:47:09";"Am besten bis nach

den PrÈasidentschaftswahlen."
"358";"00:07:48:18";"00:07:48:18";"FABst<u>d Dieser Prozess wird den( ( Präsidenò"
"359";"00:07:48:18";"00:07:48:18";"FABst>tschaftswahlkampf betreffen.ÿÿ#þè"
"360";"00:07:48:18";"00:07:52:20";"Dieser Prozess wird den

PrÈasidentschaftswahlkampf betreffen."
"361";"00:07:54:08";"00:07:54:08";"FABst</u>L Danke, Kerstin Klein in Miami.ÿÿ#°"
"362";"00:07:54:08";"00:07:56:14";"Danke, Kerstin Klein in Miami."
"363";"00:07:57:04";"00:07:57:04";"FABstd Dieses Urteil( ( könnte Sign"
"364";"00:07:57:04";"00:07:57:04";"FABst&alwirkung haben:ÿÿ;üp"
"365";"00:07:57:04";"00:08:00:09";"Dieses Urteil

kÈonnte Signalwirkung haben:"
"366";"00:08:01:19";"00:08:01:19";"FABstd Das Erzbistum Köln( ( muss 300.000"
"367";"00:08:01:19";"00:08:01:19";"FABst. Euro Schmerzensgeldÿÿ3÷<i>"
"368";"00:08:01:19";"00:08:04:17";"Das Erzbistum KÈoln

muss 300.000 Euro Schmerzensgeld"
"369";"00:08:04:19";"00:08:04:19";"FABstd an ein Opfer( ( von sexualisier²"
"370";"00:08:04:19";"00:08:04:19";"FABst*ter Gewalt zahlen.ÿÿ7°"
"371";"00:08:04:19";"00:08:07:12";"an ein Opfer

von sexualisierter Gewalt zahlen."
"372";"00:08:07:14";"00:08:07:14";"FABstd Das hat das Landgericht Köln( ( 0"
"373";"00:08:07:14";"00:08:07:14";"FABst*heute entschieden.ÿÿ7óî"
"374";"00:08:07:14";"00:08:10:08";"Das hat das Landgericht KÈoln

heute entschieden."
"375";"00:08:10:10";"00:08:10:10";"FABstd Der Kläger( ( wurde in den s5þ"
"376";"00:08:10:10";"00:08:10:10";"FABst$iebziger Jahrenÿÿ=ãÎ"
"377";"00:08:10:10";"00:08:12:19";"Der KlÈager

wurde in den siebziger Jahren"
"378";"00:08:12:21";"00:08:12:21";"FABstd wiederholt( ( von einem PriesÉÊ"
"379";"00:08:12:21";"00:08:12:21";"FABst&ter missbraucht.ÿÿ;âx"
"380";"00:08:12:21";"00:08:15:08";"wiederholt

von einem Priester missbraucht."
"381";"00:08:15:09";"00:08:15:09";"FABst
J Insgesamt mehr als 300-mal.ÿÿw,"
"382";"00:08:15:09";"00:08:17:01";"Insgesamt mehr als 300-mal."
"383";"00:08:17:03";"00:08:17:03";"FABstdBisher leistet die katholische Kirche( ( frîx"
"384";"00:08:17:03";"00:08:17:03";"FABstJeiwillige Zahlungen an Betroffene,ÿÿ¢P"
"385";"00:08:17:03";"00:08:21:11";"Bisher leistet die katholische Kirche

freiwillige Zahlungen an Betroffene,"
"386";"00:08:21:13";"00:08:21:13";"FABstd die fallen aber( ( viel n³|"
"387";"00:08:21:13";"00:08:21:13";"FABst iedriger aus.ÿÿAæv"
"388";"00:08:21:13";"00:08:23:15";"die fallen aber

viel niedriger aus."
"389";"00:08:24:12";"00:08:24:12";"FABstd Der Kläger, Georg Menne,( ( erlitt }f"
"390";"00:08:24:12";"00:08:24:12";"FABst0als Kind in den 70ern9±$"
"391";"00:08:24:12";"00:08:27:17";"Der KlÈager, Georg Menne,

erlitt als Kind in den 70ern"
"392";"00:08:27:19";"00:08:27:19";"FABstdüber zehn Jahre sexualisierte Gewalt( ( 2."
"393";"00:08:27:19";"00:08:27:19";"FABst8 durch einen Priester.1à6"
"394";"00:08:27:19";"00:08:31:04";"Èuber zehn Jahre sexualisierte Gewalt

durch einen Priester."
"395";"00:08:31:06";"00:08:31:06";"FABstd Immer wenn der Stress groß ist,( ( Pú"
"396";"00:08:31:06";"00:08:31:06";"FABst& wie heute,`;F"
"397";"00:08:31:06";"00:08:33:19";"Immer wenn der Stress groû ist,

wie heute,"
"398";"00:08:33:22";"00:08:33:22";"FABstP spürt er die körperlichen Folgen.`r("
"399";"00:08:33:22";"00:08:36:00";"spÈurt er die kÈorperlichen Folgen."
"400";"00:08:36:16";"00:08:36:16";"FABstB Ich bin sehr nervös.#¬J"
"401";"00:08:36:16";"00:08:38:05";"Ich bin sehr nervÈos."
"402";"00:08:38:09";"00:08:38:09";"FABstd Ich bekomme auch( ( wieder einÔ:"
"403";"00:08:38:09";"00:08:38:09";"FABst(en Migräneanfall.ABF"
"404";"00:08:38:09";"00:08:41:05";"Ich bekomme auch

wieder einen MigrÈaneanfall."
"405";"00:08:41:09";"00:08:41:09";"FABstd Sehstörungen, 'ne Aura ...( ( 'H"
"406";"00:08:41:09";"00:08:41:09";"FABst vom Druck.`Aë"
"407";"00:08:41:09";"00:08:44:09";"SehstÈorungen, 'ne Aura ...

vom Druck."
"408";"00:08:45:18";"00:08:45:18";"FABstd Er forderte vom Erzbistum Köln( ( ö"
"409";"00:08:45:18";"00:08:45:18";"FABst(Schmerzensgeld:ÿÿ9ì¼"
"410";"00:08:45:18";"00:08:48:13";"Er forderte vom Erzbistum KÈoln

Schmerzensgeld:"
"411";"00:08:48:15";"00:08:48:15";"FABstd Die Kirche hätte ihn( ( als Kin@@"
"412";"00:08:48:15";"00:08:48:15";"FABst*d schützen müssen.ÿÿ7¡D"
"413";"00:08:48:15";"00:08:51:12";"Die Kirche hÈatte ihn

als Kind schÈutzen mÈussen."
"414";"00:08:51:17";"00:08:51:17";"FABstd Trotz vorangehender Vorwürfe( ( wurde deq"
"415";"00:08:51:17";"00:08:51:17";"FABst<r Täter weiter beschäftigt.ÿÿ%°"
"416";"00:08:51:17";"00:08:56:01";"Trotz vorangehender VorwÈurfe

wurde der TÈater weiter beschÈaftigt."
"417";"00:08:56:10";"00:08:56:10";"FABstd Der Prozess könnte( ( Signalh"
"418";"00:08:56:10";"00:08:56:10";"FABst"wirkung haben.ÿÿ?å$"
"419";"00:08:56:10";"00:08:59:06";"Der Prozess kÈonnte

Signalwirkung haben."
"420";"00:08:59:17";"00:08:59:17";"FABst< Nun ist klar,ÿÿ!C("
"421";"00:08:59:17";"00:09:01:01";"Nun ist klar,"
"422";"00:09:01:04";"00:09:01:04";"FABstd dass die Kirche in solchen Fällen( ( ha*@"
"423";"00:09:01:04";"00:09:01:04";"FABst:ftbar gemacht werden kann.ÿÿ'é8"
"424";"00:09:01:04";"00:09:04:22";"dass die Kirche in solchen FÈallen

haftbar gemacht werden kann."
"425";"00:09:04:24";"00:09:04:24";"FABstd Auch wenn der Täter tot ist ( ( und d:ú"
"426";"00:09:04:24";"00:09:04:24";"FABst4ie Taten verjährt sind.ÿÿ--N"
"427";"00:09:04:24";"00:09:08:09";"Auch wenn der TÈater tot ist

und die Taten verjÈahrt sind."
"428";"00:09:08:11";"00:09:08:11";"FABstd Lothar Jäger,( ( Experte für Ñx"
"429";"00:09:08:11";"00:09:08:11";"FABst"Schadensrecht,ÿÿ?`"
"430";"00:09:08:11";"00:09:10:20";"Lothar JÈager,

Experte fÈur Schadensrecht,"
"431";"00:09:10:22";"00:09:10:22";"FABstL sieht das Urteil zwiespältig:ÿÿÈ"
"432";"00:09:10:22";"00:09:12:18";"sieht das Urteil zwiespÈaltig:"
"433";"00:09:13:03";"00:09:13:03";"FABstd Es ist ein Hoffnungsschimmer( ( für 8"
"434";"00:09:13:03";"00:09:13:03";"FABst2die Missbrauchsopfer, 7&"
"435";"00:09:13:03";"00:09:17:13";"Es ist ein Hoffnungsschimmer

fÈur die Missbrauchsopfer,"
"436";"00:09:17:15";"00:09:17:15";"FABstd die mit kleineren Beträgen( ( abge@"
"437";"00:09:17:15";"00:09:17:15";"FABst.funden worden sind. ;ä"
"438";"00:09:17:15";"00:09:21:13";"die mit kleineren BetrÈagen

abgefunden worden sind."
"439";"00:09:21:15";"00:09:21:15";"FABstd Nun kann man( ( auf höhere B!<"
"440";"00:09:21:15";"00:09:21:15";"FABst"eträge hoffen.ÿÿ?w&"
"441";"00:09:21:15";"00:09:24:01";"Nun kann man

auf hÈohere BetrÈage hoffen."
"442";"00:09:24:03";"00:09:24:03";"FABst d Jedoch hätte diesem Kläger( ( bei We­""
"443";"00:09:24:03";"00:09:24:03";"FABst2item mehr zugestanden.ÿÿ/³("
"444";"00:09:24:03";"00:09:28:14";"Jedoch hÈatte diesem KlÈager

bei Weitem mehr zugestanden."
"445";"00:09:29:23";"00:09:29:23";"FABst¡TGeorg Menne ist dennoch erleichtert:ÿÿV"
"446";"00:09:29:23";"00:09:32:12";"Georg Menne ist dennoch erleichtert:"
"447";"00:09:34:17";"00:09:34:17";"FABst¢d Ich bin froh,( ( dass mir GerecÆ"
"448";"00:09:34:17";"00:09:34:17";"FABst.htigkeit widerfährt.ÿÿ3~8"
"449";"00:09:34:17";"00:09:38:06";"Ich bin froh,

dass mir Gerechtigkeit widerfÈahrt."
"450";"00:09:38:11";"00:09:38:11";"FABst£L Mir haben andere Opfer gesagt:ÿÿ`þ"
"451";"00:09:38:11";"00:09:40:24";"Mir haben andere Opfer gesagt:"
"452";"00:09:41:01";"00:09:41:01";"FABst¤d Sie sind froh,( ( dass ich das òz"
"453";"00:09:41:01";"00:09:41:01";"FABst(ausgehalten habe.ÿÿ9</u>Ä"
"454";"00:09:41:01";"00:09:44:09";"Sie sind froh,

dass ich das ausgehalten habe."
"455";"00:09:45:03";"00:09:45:03";"FABst¥d Das Erzbistum Köln( ( begrüßte die JÊ"
"456";"00:09:45:03";"00:09:45:03";"FABst0schnelle Entscheidungÿÿ1éö"
"457";"00:09:45:03";"00:09:48:09";"Das Erzbistum KÈoln

begrÈuûte die schnelle Entscheidung"
"458";"00:09:48:11";"00:09:48:11";"FABst¦d und gab bekannt, dass es für die( ( Taten &æ"
"459";"00:09:48:11";"00:09:48:11";"FABst>eine Mitverantwortung trage.ÿÿ#z"
"460";"00:09:48:11";"00:09:52:06";"und gab bekannt, dass es fÈur die

Taten eine Mitverantwortung trage."
"461";"00:09:52:22";"00:09:52:22";"FABst§H In Mecklenburg-Vorpommernÿÿ}B"
"462";"00:09:52:22";"00:09:54:13";"In Mecklenburg-Vorpommern"
"463";"00:09:54:15";"00:09:54:15";"FABst¨dkämpfen Hunderte Einsatzkräfte seit ( ( gesß:"
"464";"00:09:54:15";"00:09:54:15";"FABstHtern gegen zwei große Waldbrände.ÿÿÒ"
"465";"00:09:54:15";"00:09:58:19";"kÈampfen Hunderte EinsatzkrÈafte seit

gestern gegen zwei groûe WaldbrÈande."
"466";"00:09:58:21";"00:09:58:21";"FABst©d Munition im Boden( ( erschwert dÄ>"
"467";"00:09:58:21";"00:09:58:21";"FABst(ie Löscharbeiten.ÿÿ9>"
"468";"00:09:58:21";"00:10:01:14";"Munition im Boden

erschwert die LÈoscharbeiten."
"469";"00:10:01:16";"00:10:01:16";"FABstªd Betroffen ist der Südwesten( ( ;n"
"470";"00:10:01:16";"00:10:01:16";"FABst*des Bundeslandes.ÿÿ7½ª"
"471";"00:10:01:16";"00:10:04:09";"Betroffen ist der SÈudwesten

des Bundeslandes."
"472";"00:10:04:11";"00:10:04:11";"FABst«d Ein Brandgebiet( ( liegt naheÌ"
"473";"00:10:04:11";"00:10:04:11";"FABst( dem Ort Hagenow.ÿÿ9
j"
"474";"00:10:04:11";"00:10:07:03";"Ein Brandgebiet

liegt nahe dem Ort Hagenow."
"475";"00:10:07:05";"00:10:07:05";"FABst¬d Das deutlich größere Feuer ( ( befiäÆ"
"476";"00:10:07:05";"00:10:07:05";"FABst4ndet sich bei Lübtheen.ÿÿ->^"
"477";"00:10:07:05";"00:10:10:10";"Das deutlich grÈoûere Feuer

befindet sich bei LÈubtheen."
"478";"00:10:10:12";"00:10:10:12";"FABst­d Dort musste bereits( ( ein OrtsteiÀ|"
"479";"00:10:10:12";"00:10:10:12";"FABst,l evakuiert werden.ÿÿ5ßä"
"480";"00:10:10:12";"00:10:13:12";"Dort musste bereits

ein Ortsteil evakuiert werden."
"481";"00:10:13:14";"00:10:13:14";"FABst®d Bei einem weiteren( ( könnte die R6"
"482";"00:10:13:14";"00:10:13:14";"FABst8äumung noch nötig werden.ÿÿ)"
"483";"00:10:13:14";"00:10:16:19";"Bei einem weiteren

kÈonnte die RÈaumung noch nÈotig werden."
"484";"00:10:17:14";"00:10:17:14";"FABst¯d Bei Lübtheen brennt es( ( auf einer FÄ"
"485";"00:10:17:14";"00:10:17:14";"FABst2Fläche von 100 Hektar.74("
"486";"00:10:17:14";"00:10:21:02";"Bei LÈubtheen brennt es

auf einer FlÈache von 100 Hektar."
"487";"00:10:21:08";"00:10:21:08";"FABst°d Hunderte Feuerwehrleute( ( sÁÈ"
"488";"00:10:21:08";"00:10:21:08";"FABst$ind im Einsatz.E6"
"489";"00:10:21:08";"00:10:23:18";"Hunderte Feuerwehrleute

sind im Einsatz."
"490";"00:10:23:21";"00:10:23:21";"FABst±d Wegen der Munition im Boden( ( müssen tî"
"491";"00:10:23:21";"00:10:23:21";"FABstBsie 1000 Meter Abstand halten.ÿÿþX"
"492";"00:10:23:21";"00:10:27:15";"Wegen der Munition im Boden

mÈussen sie 1000 Meter Abstand halten."
"493";"00:10:27:23";"00:10:27:23";"FABst²d Wir haben viele Detonationen,( ( Ôr"
"494";"00:10:27:23";"00:10:27:23";"FABst0eine hohe Temperatur.9ûþ"
"495";"00:10:27:23";"00:10:32:06";"Wir haben viele Detonationen,

eine hohe Temperatur."
"496";"00:10:32:20";"00:10:32:20";"FABst³dMan sieht, dass da eine Menge Glut( ( àÖ"
"497";"00:10:32:20";"00:10:32:20";"FABst:durch die Gegend fliegt./ÜÞ"
"498";"00:10:32:20";"00:10:37:23";"Man sieht, dass da eine Menge Glut

durch die Gegend fliegt."
"499";"00:10:40:04";"00:10:40:04";"FABst´d Aber im Moment hält alles( ( und wir SÔ"
"500";"00:10:40:04";"00:10:40:04";"FABst:hoffen, dass es so bleibt.ÿÿ'å¸"
"501";"00:10:40:04";"00:10:45:04";"Aber im Moment hÈalt alles

und wir hoffen, dass es so bleibt."
"502";"00:10:45:22";"00:10:45:22";"FABstµN Beim kleineren Feuer bei Hagenowÿÿp"
"503";"00:10:45:22";"00:10:48:03";"Beim kleineren Feuer bei Hagenow"
"504";"00:10:48:05";"00:10:48:05";"FABst¶dist ein Bergepanzer der Bundeswehr( ( Ì"
"505";"00:10:48:05";"00:10:48:05";"FABst( im Einsatz.ÿÿ9¨v"
"506";"00:10:48:05";"00:10:50:22";"ist ein Bergepanzer der Bundeswehr

im Einsatz."
"507";"00:10:50:24";"00:10:50:24";"FABst·P Hier brennen 50 Hektar Waldboden.ÿÿ1¬"
"508";"00:10:50:24";"00:10:53:03";"Hier brennen 50 Hektar Waldboden."
"509";"00:10:53:05";"00:10:53:05";"FABst¸TDie Einsatzkräfte sind optimistisch,ÿÿÐ"
"510";"00:10:53:05";"00:10:55:10";"Die EinsatzkrÈafte sind optimistisch,"
"511";"00:10:55:12";"00:10:55:12";"FABst¹d dass sich das Feuer( ( hier nich·"
"512";"00:10:55:12";"00:10:55:12";"FABst.t weiter ausbreitet.ÿÿ3¬º"
"513";"00:10:55:12";"00:10:58:11";"dass sich das Feuer

hier nicht weiter ausbreitet."
"514";"00:10:58:13";"00:10:58:13";"FABstºRBeim dem größeren Feuer in Lübtheenÿÿ¯¤"
"515";"00:10:58:13";"00:11:00:17";"Beim dem grÈoûeren Feuer in LÈubtheen"
"516";"00:11:00:20";"00:11:00:20";"FABst»d unterstützen Hubschrauber( ( an schw>j"
"517";"00:11:00:20";"00:11:00:20";"FABst6er zugänglichen Stellen.ÿÿ+ê"
"518";"00:11:00:20";"00:11:04:02";"unterstÈutzen Hubschrauber

an schwer zugÈanglichen Stellen."
"519";"00:11:04:04";"00:11:04:04";"FABst¼d Auch sind neue( ( geländegängige»"
"520";"00:11:04:04";"00:11:04:04";"FABst2 Fahrzeuge im Einsatz.ÿÿ/ñx"
"521";"00:11:04:04";"00:11:07:03";"Auch sind neue

gelÈandegÈangige Fahrzeuge im Einsatz."
"522";"00:11:07:05";"00:11:07:05";"FABst½d 15 Mio. Euro( ( hat Mecklenb¾J"
"523";"00:11:07:05";"00:11:07:05";"FABst"urg-Vorpommernÿÿ?"
"524";"00:11:07:05";"00:11:09:12";"15 Mio. Euro

hat Mecklenburg-Vorpommern"
"525";"00:11:09:14";"00:11:09:14";"FABst¾d nach dem großen Waldbrand( ( vor v"
"526";"00:11:09:14";"00:11:09:14";"FABst2ier Jahren investiert.ÿÿ/</u>v"
"527";"00:11:09:14";"00:11:12:15";"nach dem groûen Waldbrand

vor vier Jahren investiert."
"528";"00:11:12:18";"00:11:12:18";"FABst¿PWir haben mehrere Tatras gekauft.%Ê"
"529";"00:11:12:18";"00:11:14:18";"Wir haben mehrere Tatras gekauft."
"530";"00:11:14:20";"00:11:14:20";"FABstÀRGroße Fahrzeuge, die geeignet sindÂ"
"531";"00:11:14:20";"00:11:16:23";"Groûe Fahrzeuge, die geeignet sind"
"532";"00:11:17:00";"00:11:17:00";"FABstÁd für solche schwierigen Gelände( ( Ø"
"533";"00:11:17:00";"00:11:17:00";"FABst& mit Munition.ÿÿ;ê"
"534";"00:11:17:00";"00:11:19:22";"fÈur solche schwierigen GelÈande

mit Munition."
"535";"00:11:19:24";"00:11:19:24";"FABstÂd Wir haben mehrere davon ( ( im gaÉ¸"
"536";"00:11:19:24";"00:11:19:24";"FABst,nzen Land verteilt.ÿÿ5ãø"
"537";"00:11:19:24";"00:11:22:19";"Wir haben mehrere davon

im ganzen Land verteilt."
"538";"00:11:23:08";"00:11:23:08";"FABstÃd Vom Waldbrand 2019 liegt noch ( ( viel tôr"
"539";"00:11:23:08";"00:11:23:08";"FABst:rockenes Totholz am Boden.ÿÿ'æL"
"540";"00:11:23:08";"00:11:27:21";"Vom Waldbrand 2019 liegt noch

viel trockenes Totholz am Boden."
"541";"00:11:28:11";"00:11:28:11";"FABstÄd Das begünstigt( ( die AusbreitmZ"
"542";"00:11:28:11";"00:11:28:11";"FABst&ung der Flammen,ÿÿ;T"
"543";"00:11:28:11";"00:11:31:03";"Das begÈunstigt

die Ausbreitung der Flammen,"
"544";"00:11:31:05";"00:11:31:05";"FABstÅd wie auch die Munitionsreste( ( u."
"545";"00:11:31:05";"00:11:31:05";"FABst,nd die Trockenheit.ÿÿ5â"
"546";"00:11:31:05";"00:11:34:03";"wie auch die Munitionsreste

und die Trockenheit."
"547";"00:11:34:05";"00:11:34:05";"FABstÆH Die Einsatzkräfte hoffen,ÿÿâ"
"548";"00:11:34:05";"00:11:35:19";"Die EinsatzkrÈafte hoffen,"
"549";"00:11:35:21";"00:11:35:21";"FABstÇd dass sich die Feuer nicht( ( durch stÚ("
"550";"00:11:35:21";"00:11:35:21";"FABst@arken Wind weiter ausbreiten.ÿÿ!ÙR"
"551";"00:11:35:21";"00:11:39:12";"dass sich die Feuer nicht

durch starken Wind weiter ausbreiten."
"552";"00:11:40:11";"00:11:40:11";"FABstÈdSie sollte als schwimmender Öltank( ( vor ,Â"
"553";"00:11:40:11";"00:11:40:11";"FABst>der Küste des Jemen dienen. ÿÿ#nX"
"554";"00:11:40:11";"00:11:44:19";"Sie sollte als schwimmender ÈOltank

vor der KÈuste des Jemen dienen."
"555";"00:11:44:24";"00:11:44:24";"FABstÉd Doch seit in dem Land( ( BürgÆ"
"556";"00:11:44:24";"00:11:44:24";"FABst(erkrieg herrscht,ÿÿ9"
"557";"00:11:44:24";"00:11:47:15";"Doch seit in dem Land

BÈurgerkrieg herrscht,"
"558";"00:11:47:17";"00:11:47:17";"FABstÊd rostet die FSO Safer( ( ohne Verw"
"559";"00:11:47:17";"00:11:47:17";"FABst.endung vor sich hin.ÿÿ3øÌ"
"560";"00:11:47:17";"00:11:51:04";"rostet die FSO Safer

ohne Verwendung vor sich hin."
"561";"00:11:51:06";"00:11:51:06";"FABstËN Das wird immer mehr zur Gefahr:ÿÿÜ"
"562";"00:11:51:06";"00:11:53:09";"Das wird immer mehr zur Gefahr:"
"563";"00:11:53:11";"00:11:53:11";"FABstÌd Einige Kilometer( ( von der ¼d"
"564";"00:11:53:11";"00:11:53:11";"FABst$Küste entfernt,ÿÿ=9ü"
"565";"00:11:53:11";"00:11:55:24";"Einige Kilometer

von der KÈuste entfernt,"
"566";"00:11:56:01";"00:11:56:01";"FABstÍd könnte das Rohöl an Bord( ( ins RÝb"
"567";"00:11:56:01";"00:11:56:01";"FABst,ote Meer auslaufen.ÿÿ5é"
"568";"00:11:56:01";"00:11:59:08";"kÈonnte das RohÈol an Bord

ins Rote Meer auslaufen."
"569";"00:11:59:10";"00:11:59:10";"FABstÎd Das Schiff( ( könnte auch -"
"570";"00:11:59:10";"00:11:59:10";"FABstexplodieren.ÿÿCár"
"571";"00:11:59:10";"00:12:01:24";"Das Schiff

kÈonnte auch explodieren."
"572";"00:12:02:01";"00:12:02:01";"FABstÏd Nun hat UN den Weg frei gemacht,( ( ´T"
"573";"00:12:02:01";"00:12:02:01";"FABst.das Öl umzupumpen.ÿÿ3"
"574";"00:12:02:01";"00:12:06:04";"Nun hat UN den Weg frei gemacht,

das ÈOl umzupumpen."
"575";"00:12:08:08";"00:12:08:08";"FABstÐd Der Fischmarkt von Hodeidah( ( a "
"576";"00:12:08:08";"00:12:08:08";"FABst,n Jemens Westküste.=S²"
"577";"00:12:08:08";"00:12:11:07";"Der Fischmarkt von Hodeidah

an Jemens WestkÈuste."
"578";"00:12:11:09";"00:12:11:09";"FABstÑP Was sie aus dem Roten Meer holen,D"
"579";"00:12:11:09";"00:12:13:11";"Was sie aus dem Roten Meer holen,"
"580";"00:12:13:13";"00:12:13:13";"FABstÒd ernährt viele Familien, ( ( sorgt"
"581";"00:12:13:13";"00:12:13:13";"FABst, für ein Auskommen.`5NÞ"
"582";"00:12:13:13";"00:12:16:15";"ernÈahrt viele Familien,

sorgt fÈur ein Auskommen."
"583";"00:12:16:17";"00:12:16:17";"FABstÓd In einem Land, das von Armut( ( und </u>v"
"584";"00:12:16:17";"00:12:16:17";"FABst2Krieg gezeichnet ist. ÿÿ/Â"
"585";"00:12:16:17";"00:12:19:22";"In einem Land, das von Armut

und Krieg gezeichnet ist."
"586";"00:12:19:24";"00:12:19:24";"FABstÔd Die Sorgen sind groß,( ( das alleB"
"587";"00:12:19:24";"00:12:19:24";"FABst*s schlimmer kommt.ÿÿ7·P"
"588";"00:12:19:24";"00:12:22:19";"Die Sorgen sind groû,

das alles schlimmer kommt."
"589";"00:12:23:17";"00:12:23:17";"FABstÕ> Wir haben Angst,'pÞ"
"590";"00:12:23:17";"00:12:24:22";"Wir haben Angst,"
"591";"00:12:24:24";"00:12:24:24";"FABstÖd dass dieser Tanker kaputt geht( ( uÎ"
"592";"00:12:24:24";"00:12:24:24";"FABst0nd alles verschmutzt.9ÙÜ"
"593";"00:12:24:24";"00:12:28:02";"dass dieser Tanker kaputt geht

und alles verschmutzt."
"594";"00:12:28:04";"00:12:28:04";"FABst×dDie Umwelt, das Meer, das Leben ( ( alleò"
"595";"00:12:28:04";"00:12:28:04";"FABst@s hängt von diesem Schiff ab.ÿÿ!V"
"596";"00:12:28:04";"00:12:32:01";"Die Umwelt, das Meer, das Leben Ð

alles hÈangt von diesem Schiff ab."
"597";"00:12:32:06";"00:12:32:06";"FABstØd Das Schiff, das er meint,( ( liegt ein£¼"
"598";"00:12:32:06";"00:12:32:06";"FABst4ige Seemeilen entfernt,ÿÿ-òÚ"
"599";"00:12:32:06";"00:12:35:17";"Das Schiff, das er meint,

liegt einige Seemeilen entfernt,"
"600";"00:12:35:20";"00:12:35:20";"FABstÙJ marode und manövrierunfähig.ÿÿ"
"601";"00:12:35:20";"00:12:37:14";"marode und manÈovrierunfÈahig."
"602";"00:12:37:16";"00:12:37:16";"FABstÚd Drinnen:( ( mehr als eine MillìÎ"
"603";"00:12:37:16";"00:12:37:16";"FABst(ion Barrel Rohöl.ÿÿ9_À"
"604";"00:12:37:16";"00:12:40:08";"Drinnen:

mehr als eine Million Barrel RohÈol."
"605";"00:12:40:13";"00:12:40:13";"FABstÛ< Die FSO Safer:ÿÿ!H2"
"606";"00:12:40:13";"00:12:41:18";"Die FSO Safer:"
"607";"00:12:41:20";"00:12:41:20";"FABstÜd Eine Zeitbombe, die( ( die Weltgeme"
"608";"00:12:41:20";"00:12:41:20";"FABst6inschaft nun entschärft.ÿÿ+$ "
"609";"00:12:41:20";"00:12:45:12";"Eine Zeitbombe, die

die Weltgemeinschaft nun entschÈarft."
"610";"00:12:46:08";"00:12:46:08";"FABstÝdAuf Einladung jemenitischer Behörden( ( 2"
"611";"00:12:46:08";"00:12:46:08";"FABst@dürfen Journalisten an Bord.ÿÿ!"
"612";"00:12:46:08";"00:12:50:05";"Auf Einladung jemenitischer BehÈorden

dÈurfen Journalisten an Bord."
"613";"00:12:50:07";"00:12:50:07";"FABstÞH Daneben liegt ein Schiff,ÿÿ-&"
"614";"00:12:50:07";"00:12:52:02";"Daneben liegt ein Schiff,"
"615";"00:12:52:05";"00:12:52:05";"FABstßdvon dem aus internationale Experten( ( denÁF"
"616";"00:12:52:05";"00:12:52:05";"FABstB Zustand der Safer überprüfen.ÿÿ÷6"
"617";"00:12:52:05";"00:12:56:07";"von dem aus internationale Experten

den Zustand der Safer ÈuberprÈufen."
"618";"00:12:57:04";"00:12:57:04";"FABstàd Koordiniert wird ihre Arbeit( ("
"619";"00:12:57:04";"00:12:57:04";"FABst$ in New York.ÿÿ=¢"
"620";"00:12:57:04";"00:12:59:24";"Koordiniert wird ihre Arbeit

in New York."
"621";"00:13:00:16";"00:13:00:16";"FABstád Die Öltanks wurden( ( auf explosi^È"
"622";"00:13:00:16";"00:13:00:16";"FABst,ve Gase untersucht.=å"
"623";"00:13:00:16";"00:13:03:18";"Die ÈOltanks wurden

auf explosive Gase untersucht."
"624";"00:13:03:20";"00:13:03:20";"FABstâdEs wurden genährte Gase produziert,( ( diB"
"625";"00:13:03:20";"00:13:03:20";"FABstJe in die Tanks reingepumpt werden,R"
"626";"00:13:03:20";"00:13:08:01";"Es wurden genÈahrte Gase produziert,

die in die Tanks reingepumpt werden,"
"627";"00:13:08:03";"00:13:08:03";"FABstãd um das Explosionsrisiko( ( ¹6"
"628";"00:13:08:03";"00:13:08:03";"FABst"zu reduzieren.ÿÿ?øê"
"629";"00:13:08:03";"00:13:10:08";"um das Explosionsrisiko

zu reduzieren."
"630";"00:13:10:10";"00:13:10:10";"FABstädEs werden Schläuche und Pumpanlagen( ( (¬"
"631";"00:13:10:10";"00:13:10:10";"FABst0 installiert,ÿÿ1Ö"
"632";"00:13:10:10";"00:13:13:06";"Es werden SchlÈauche und Pumpanlagen

installiert,"
"633";"00:13:13:09";"00:13:13:09";"FABståN damit man das Öl umpumpen kann.ÿÿ¶"
"634";"00:13:13:09";"00:13:15:16";"damit man das ÈOl umpumpen kann."
"635";"00:13:16:04";"00:13:16:04";"FABstæd Noch ist der Ersatztanker( ( áª"
"636";"00:13:16:04";"00:13:16:04";"FABst$nicht vor Ort,ÿÿ=Ø"
"637";"00:13:16:04";"00:13:18:17";"Noch ist der Ersatztanker

nicht vor Ort,"
"638";"00:13:18:19";"00:13:18:19";"FABstçd doch bald( ( könnte das UmpiV"
"639";"00:13:18:19";"00:13:18:19";"FABst$umpen beginnen.ÿÿ=&"
"640";"00:13:18:19";"00:13:21:17";"doch bald

kÈonnte das Umpumpen beginnen."
"641";"00:13:22:18";"00:13:22:18";"FABstè@ Ungeklärt bleibt:ÿÿ¢"
"642";"00:13:22:18";"00:13:23:23";"UngeklÈart bleibt:"
"643";"00:13:24:00";"00:13:24:00";"FABstéd Wem gehört das Öl,( ( das Milåp"
"644";"00:13:24:00";"00:13:24:00";"FABst&lionen wert ist?ÿÿ;ºÈ"
"645";"00:13:24:00";"00:13:27:05";"Wem gehÈort das ÈOl,

das Millionen wert ist?"
"646";"00:13:28:04";"00:13:28:04";"FABstêd Die international anerkannte( ( R¬"
"647";"00:13:28:04";"00:13:28:04";"FABst*egierung des Jemenÿÿ7ËH"
"648";"00:13:28:04";"00:13:31:04";"Die international anerkannte

Regierung des Jemen"
"649";"00:13:31:06";"00:13:31:06";"FABstëd und die Huthi-Miliz( ( beanspruc""
"650";"00:13:31:06";"00:13:31:06";"FABst.hen das Öl für sich.ÿÿ3ª"
"651";"00:13:31:06";"00:13:35:03";"und die Huthi-Miliz

beanspruchen das ÈOl fÈur sich."
"652";"00:13:35:11";"00:13:35:11";"FABstìd Die Fischer von Hodeidah hoffen,( ( dasðÂ"
"653";"00:13:35:11";"00:13:35:11";"FABst8s ihr Meer sauber bleibt.ÿÿ)ëÚ"
"654";"00:13:35:11";"00:13:39:21";"Die Fischer von Hodeidah hoffen,

dass ihr Meer sauber bleibt."
"655";"00:13:41:15";"00:13:41:15";"FABstíd Die Wettervorhersage für morgen,( ( M&ì"
"656";"00:13:41:15";"00:13:41:15";"FABst2ittwoch, den 14. Juni:ÿÿ/Àd"
"657";"00:13:41:15";"00:13:45:09";"Die Wettervorhersage fÈur morgen,

Mittwoch, den 14. Juni:"
"658";"00:13:47:00";"00:13:47:00";"FABstîP Unser Wetter wird weiter bestimmtÿÿd"
"659";"00:13:47:00";"00:13:49:02";"Unser Wetter wird weiter bestimmt"
"660";"00:13:49:04";"00:13:49:04";"FABstïd von der Hochdruckzone( ( üb;"
"661";"00:13:49:04";"00:13:49:04";"FABst"er Nordeuropa.ÿÿ?ÂV"
"662";"00:13:49:04";"00:13:51:11";"von der Hochdruckzone

Èuber Nordeuropa."
"663";"00:13:51:13";"00:13:51:13";"FABstðd In den östlichen Landesteilen( ( macht sUü"
"664";"00:13:51:13";"00:13:51:13";"FABst>ich ein Höhentief bemerkbar.ÿÿ#ZÜ"
"665";"00:13:51:13";"00:13:55:07";"In den Èostlichen Landesteilen

macht sich ein HÈohentief bemerkbar."
"666";"00:13:55:09";"00:13:55:09";"FABstñd Dort ziehen heute Nacht ( ( gelegeÎÊ"
"667";"00:13:55:09";"00:13:55:09";"FABst.ntlich Wolken durch,ÿÿ3"
"668";"00:13:55:09";"00:13:58:08";"Dort ziehen heute Nacht

gelegentlich Wolken durch,"
"669";"00:13:58:10";"00:13:58:10";"FABstòddie Schauer in Sachsen klingen ab,( ( ø"
"670";"00:13:58:10";"00:13:58:10";"FABst4sonst oft sternenklar.ÿÿ-¸"
"671";"00:13:58:10";"00:14:01:18";"die Schauer in Sachsen klingen ab,

sonst oft sternenklar."
"672";"00:14:01:20";"00:14:01:20";"FABstóF Der Tag beginnt sonnig.ÿÿ'|"
"673";"00:14:01:20";"00:14:03:07";"Der Tag beginnt sonnig."
"674";"00:14:03:09";"00:14:03:09";"FABstôd Ab dem Vormittag und Mittag( ( ve«:"
"675";"00:14:03:09";"00:14:03:09";"FABst0rbreitet Quellwolken.ÿÿ1¼0"
"676";"00:14:03:09";"00:14:06:07";"Ab dem Vormittag und Mittag

verbreitet Quellwolken."
"677";"00:14:06:09";"00:14:06:09";"FABstõd Im Osten( ( einzelne SchaueräÚ"
"678";"00:14:06:09";"00:14:06:09";"FABst" und Gewitter.ÿÿ?
Ò"
"679";"00:14:06:09";"00:14:08:17";"Im Osten

einzelne Schauer und Gewitter."
"680";"00:14:08:19";"00:14:08:19";"FABstöJ Oft aber auch dort trocken.ÿÿU@"
"681";"00:14:08:19";"00:14:10:13";"Oft aber auch dort trocken."
"682";"00:14:20:05";"00:14:20:05";"FABst÷dAm Donnerstag mal Sonne, mal lockere,( ( Úz"
"683";"00:14:20:05";"00:14:20:05";"FABstDim Osten auch dichtere Wolken,ÿÿÿl"
"684";"00:14:20:05";"00:14:24:06";"Am Donnerstag mal Sonne, mal lockere,

im Osten auch dichtere Wolken,"
"685";"00:14:24:08";"00:14:24:08";"FABstøL örtlich Schauer oder Gewitter.ÿÿÜ"
"686";"00:14:24:08";"00:14:26:05";"Èortlich Schauer oder Gewitter."
"687";"00:14:26:07";"00:14:26:07";"FABstùdDie gibt es auch Freitag und Samstag( ( ×¨"
"688";"00:14:26:07";"00:14:26:07";"FABst>vorrangig in der Osthälfte.ÿÿ#!8"
"689";"00:14:26:07";"00:14:30:00";"Die gibt es auch Freitag und Samstag

vorrangig in der OsthÈalfte."
"690";"00:14:30:02";"00:14:30:02";"FABstúTSonst oft sonnig und weiter trocken.ÿÿ{d"
"691";"00:14:30:02";"00:14:32:13";"Sonst oft sonnig und weiter trocken."
"692";"00:14:34:21";"00:14:34:21";"FABstûd Um 22.15 Uhr fragt Caren Miosga( ("
"693";"00:14:34:21";"00:14:34:21";"FABst.in den tagesthemenÿÿ3ã4"
"694";"00:14:34:21";"00:14:38:11";"Um 22.15 Uhr fragt Caren Miosga

in den tagesthemen"
"695";"00:14:38:13";"00:14:38:13";"FABstüN die grüne Fraktionschefin Dröge:ÿÿtn"
"696";"00:14:38:13";"00:14:40:20";"die grÈune Fraktionschefin DrÈoge:"
"697";"00:14:40:24";"00:14:40:24";"FABstýdWie gerupft steht die Partei nach dem( ( Hûæ"
"698";"00:14:40:24";"00:14:40:24";"FABstHickhack um das Heizungsgesetz da.ÿÿ²ª"
"699";"00:14:40:24";"00:14:45:08";"Wie gerupft steht die Partei nach dem

Hickhack um das Heizungsgesetz da."
"700";"00:14:45:12";"00:14:45:12";"FABstþ2 Und:ÿÿ+GÞ"
"701";"00:14:45:12";"00:14:46:16";"Und:"
"702";"00:14:46:18";"00:14:46:18";"FABstÿH Mit Pauken und Trompeten -ÿÿ/À"
"703";"00:14:46:18";"00:14:48:08";"Mit Pauken und Trompeten -"
"704";"00:14:48:10";"00:14:48:10";"FABstdmittendrin bei den Spielmannszügen( ( ß>"
"705";"00:14:48:10";"00:14:48:10";"FABst, in Brandenburg.ÿÿ5¯^"
"706";"00:14:48:10";"00:14:51:10";"mittendrin bei den SpielmannszÈugen

in Brandenburg."
"707";"00:14:51:12";"00:14:51:12";"FABstd Ich wünsche Ihnen ( ( einen  "
"708";"00:14:51:12";"00:14:51:12";"FABst"schönen Abend.ÿÿ?Yf"
"709";"00:14:51:12";"00:14:53:24";"Ich wÈunsche Ihnen

einen schÈonen Abend."
"710";"00:14:57:18";"00:14:57:18";"FABstLCopyright Untertitel: NDR 2023ÿÿú"
"711";"00:14:57:18";"00:15:00:06";"Copyright Untertitel: NDR 2023"
