No.;Timecode In;Timecode Out;Subtitle
"1";"00:00:18:00";"00:00:18:00";"FABst6 * Gong *ÿÿZZZZZZZZZZ¥¥ã¥¥¥¥¥6"
"2";"00:00:18:00";"00:00:18:00";"FABst¥¥¥¥ã¥ã¥¥¥¥¥§ª¦ªîªªªGö¤"
"3";"00:00:18:00";"00:00:19:01";"* Gong *"
"4";"00:00:19:05";"00:00:19:05";"FABstdHier ist das Erste Deutsche Fernsehen( ( 9"
"5";"00:00:19:05";"00:00:19:05";"FABst: mit den tagesthemen.ÿÿ'ºð"
"6";"00:00:19:05";"00:00:22:15";"Hier ist das Erste Deutsche Fernsehen

mit den tagesthemen."
"7";"00:00:22:22";"00:00:22:22";"FABstd Diese Sendung wurde vom NDR( ( live Af"
"8";"00:00:22:22";"00:00:22:22";"FABst6untertitelt (01.04.2023)ÿÿ+»°"
"9";"00:00:22:22";"00:00:26:16";"Diese Sendung wurde vom NDR

live untertitelt (01.04.2023)"
"10";"00:00:30:05";"00:00:30:05";"FABst: Guten Abend.ÿÿ#ñv"
"11";"00:00:30:05";"00:00:31:06";"Guten Abend."
"12";"00:00:31:08";"00:00:31:08";"FABstd Bei mir für die Nachrichten( ( á@"
"13";"00:00:31:08";"00:00:31:08";"FABst*ist Judith Rakers.?¿."
"14";"00:00:31:08";"00:00:34:19";"Bei mir fÈur die Nachrichten

ist Judith Rakers."
"15";"00:00:34:20";"00:00:34:20";"FABstNUnd für den Sport Julia Büchler. ª"
"16";"00:00:34:20";"00:00:36:15";"Und fÈur den Sport Julia BÈuchler."
"17";"00:00:36:17";"00:00:36:17";"FABst: Guten Abend.ÿÿ#Ôv"
"18";"00:00:36:17";"00:00:37:17";"Guten Abend."
"19";"00:00:38:07";"00:00:38:07";"FABstd Bei ihrer Marathonsitzung( ( ì"
"20";"00:00:38:07";"00:00:38:07";"FABst&Anfang der Wocheÿÿ;ôè"
"21";"00:00:38:07";"00:00:40:20";"Bei ihrer Marathonsitzung

Anfang der Woche"
"22";"00:00:40:22";"00:00:40:22";"FABstd hatten die Ampel-Koalitionäre( ( vieles£À"
"23";"00:00:40:22";"00:00:40:22";"FABst> besprochen und beschlossen.ÿÿ#ïz"
"24";"00:00:40:22";"00:00:44:12";"hatten die Ampel-KoalitionÈare

vieles besprochen und beschlossen."
"25";"00:00:44:14";"00:00:44:14";"FABstd Ein zentraler Punkt jedoch,( ( dedv"
"26";"00:00:44:14";"00:00:44:14";"FABst0r Millionen Haushalteÿÿ1<u>´"
"27";"00:00:44:14";"00:00:47:15";"Ein zentraler Punkt jedoch,

der Millionen Haushalte"
"28";"00:00:47:17";"00:00:47:17";"FABstdin Deutschland interessiert hatte,( ( þ"
"29";"00:00:47:17";"00:00:47:17";"FABst4 war vage geblieben.ÿÿ-ÂZ"
"30";"00:00:47:17";"00:00:50:19";"in Deutschland interessiert hatte,

war vage geblieben."
"31";"00:00:52:06";"00:00:52:06";"FABstd Und zwar die Frage:( ( Was kommt a$"
"32";"00:00:52:06";"00:00:52:06";"FABst2uf uns beim Heizen zu?ÿÿ/à"
"33";"00:00:52:06";"00:00:55:11";"Und zwar die Frage:

Was kommt auf uns beim Heizen zu?"
"34";"00:00:55:13";"00:00:55:13";"FABstd Welche Pflichten gibt es( ( beim Aus>"
"35";"00:00:55:13";"00:00:55:13";"FABst<tausch von alten Heizungen?ÿÿ%¿è"
"36";"00:00:55:13";"00:00:58:24";"Welche Pflichten gibt es

beim Austausch von alten Heizungen?"
"37";"00:00:59:01";"00:00:59:01";"FABstd Welche Ausnahmeregelungen( ( gibt es !h"
"38";"00:00:59:01";"00:00:59:01";"FABst:für Öl- und Gas-Heizungen?ÿÿ'ÞÈ"
"39";"00:00:59:01";"00:01:02:12";"Welche Ausnahmeregelungen

gibt es fÈur ÈOl- und Gas-Heizungen?"
"40";"00:01:02:14";"00:01:02:14";"FABstd Ab wann gilt( ( welche gesetKº"
"41";"00:01:02:14";"00:01:02:14";"FABst$zliche Vorgabe?ÿÿ=°&"
"42";"00:01:02:14";"00:01:04:20";"Ab wann gilt

welche gesetzliche Vorgabe?"
"43";"00:01:05:02";"00:01:05:02";"FABstd Details, die die Regierung( ( über²v"
"44";"00:01:05:02";"00:01:05:02";"FABst.wiegend geklärt hat.ÿÿ37Þ"
"45";"00:01:05:02";"00:01:08:11";"Details, die die Regierung

Èuberwiegend geklÈart hat."
"46";"00:01:08:13";"00:01:08:13";"FABstd Einzelheiten und Reaktionen( ( yf"
"47";"00:01:08:13";"00:01:08:13";"FABst,auf die Kompromisseÿÿ5«"
"48";"00:01:08:13";"00:01:11:15";"Einzelheiten und Reaktionen

auf die Kompromisse"
"49";"00:01:11:17";"00:01:11:17";"FABstJ fasst Cosima Gill zusammen.ÿÿ÷Z"
"50";"00:01:11:17";"00:01:13:12";"fasst Cosima Gill zusammen."
"51";"00:01:15:19";"00:01:15:19";"FABstd In den nächsten Jahren ( ( mussãÜ"
"52";"00:01:15:19";"00:01:15:19";"FABst, umgerüstet werden.=J<i>"
"53";"00:01:15:19";"00:01:18:18";"In den nÈachsten Jahren

muss umgerÈustet werden."
"54";"00:01:18:20";"00:01:18:20";"FABstVDas ist Eigentümern und Mietern klar:d"
"55";"00:01:18:20";"00:01:21:06";"Das ist EigentÈumern und Mietern klar:"
"56";"00:01:21:08";"00:01:21:08";"FABstd Mehr als 80 % der Wärme( ( stammt ë."
"57";"00:01:21:08";"00:01:21:08";"FABst2aus fossilen Energien.ÿÿ/~"
"58";"00:01:21:08";"00:01:24:16";"Mehr als 80 % der WÈarme

stammt aus fossilen Energien."
"59";"00:01:24:18";"00:01:24:18";"FABstD Das soll sich ändern.ÿÿL."
"60";"00:01:24:18";"00:01:26:06";"Das soll sich Èandern."
"61";"00:01:26:08";"00:01:26:08";"FABstd Heizungsbauer Konrad Proschmann( ( gehen"
"62";"00:01:26:08";"00:01:26:08";"FABstF die Pläne der Ampel zu schnell.ÿÿd"
"63";"00:01:26:08";"00:01:30:13";"Heizungsbauer Konrad Proschmann

gehen die PlÈane der Ampel zu schnell."
"64";"00:01:31:23";"00:01:31:23";"FABstd Das ist ziemlich( ( übers K³"
"65";"00:01:31:23";"00:01:31:23";"FABst"nie gebrochen.G@"
"66";"00:01:31:23";"00:01:34:09";"Das ist ziemlich

Èubers Knie gebrochen."
"67";"00:01:34:11";"00:01:34:11";"FABstL Ab 2024 soll jede neue HeizungÿÿíÀ"
"68";"00:01:34:11";"00:01:36:13";"Ab 2024 soll jede neue Heizung"
"69";"00:01:36:15";"00:01:36:15";"FABstd mit 65 % erneuerbaren Energien( ( mv"
"70";"00:01:36:15";"00:01:36:15";"FABst*betrieben werden.ÿÿ7¨"
"71";"00:01:36:15";"00:01:40:01";"mit 65 % erneuerbaren Energien

betrieben werden."
"72";"00:01:41:24";"00:01:41:24";"FABstdWir haben jetzt schon Wartezeiten( ( füê|"
"73";"00:01:41:24";"00:01:41:24";"FABst<r Heizungsumbau und -neubauÿÿ%£"
"74";"00:01:41:24";"00:01:47:17";"Wir haben jetzt schon Wartezeiten

fÈur Heizungsumbau und -neubau"
"75";"00:01:50:00";"00:01:50:00";"FABstD von bis zu 'nem Jahr.ÿÿù<i>"
"76";"00:01:50:00";"00:01:51:14";"von bis zu 'nem Jahr."
"77";"00:01:52:04";"00:01:52:04";"FABstd Dafür ist mit dem Kompromiss( ( ei¹ö"
"78";"00:01:52:04";"00:01:52:04";"FABst,ne Austauschpflichtÿÿ5ìx"
"79";"00:01:52:04";"00:01:55:11";"DafÈur ist mit dem Kompromiss

eine Austauschpflicht"
"80";"00:01:55:13";"00:01:55:13";"FABstdfür bestehende Öl- und Gasheizungen( ( 2´"
"81";"00:01:55:13";"00:01:55:13";"FABst* vom Tisch.ÿÿ7Ï"
"82";"00:01:55:13";"00:01:58:08";"fÈur bestehende ÈOl- und Gasheizungen

vom Tisch."
"83";"00:01:58:15";"00:01:58:15";"FABstd Gehen alte Heizungen kaputt,( ( könneçð"
"84";"00:01:58:15";"00:01:58:15";"FABst4n sie repariert werden.ÿÿ-@"
"85";"00:01:58:15";"00:02:02:03";"Gehen alte Heizungen kaputt,

kÈonnen sie repariert werden."
"86";"00:02:02:05";"00:02:02:05";"FABst d Geht das nicht mehr,( ( gelten (B"
"87";"00:02:02:05";"00:02:02:05";"FABst(Übergangsfristen.ÿÿ9vò"
"88";"00:02:02:05";"00:02:04:20";"Geht das nicht mehr,

gelten ÈUbergangsfristen."
"89";"00:02:05:01";"00:02:05:01";"FABst!d Vieles ist noch unklar, etwa, ( ( wie di,B"
"90";"00:02:05:01";"00:02:05:01";"FABst:e Bürger entlastet werden.ÿÿ'L>"
"91";"00:02:05:01";"00:02:09:02";"Vieles ist noch unklar, etwa,

wie die BÈurger entlastet werden."
"92";"00:02:09:16";"00:02:09:16";"FABst"d Klar ist, dass über 80-Jährige( ( ni"
"93";"00:02:09:16";"00:02:09:16";"FABst0cht umsteigen müssen.ÿÿ1X6"
"94";"00:02:09:16";"00:02:13:03";"Klar ist, dass Èuber 80-JÈahrige

nicht umsteigen mÈussen."
"95";"00:02:13:10";"00:02:13:10";"FABst#d Aber die Ausnahmen reichen nicht,( ( sagt ´"
"96";"00:02:13:10";"00:02:13:10";"FABstBder Sozialverband Deutschland.ÿÿøØ"
"97";"00:02:13:10";"00:02:17:11";"Aber die Ausnahmen reichen nicht,

sagt der Sozialverband Deutschland."
"98";"00:02:17:18";"00:02:17:18";"FABst$: Wir fordern,+àÎ"
"99";"00:02:17:18";"00:02:19:02";"Wir fordern,"
"100";"00:02:19:04";"00:02:19:04";"FABst%d dass mehr Parameter angewendet ( ( werde)"
"101";"00:02:19:04";"00:02:19:04";"FABst>n als nur eine Altersgrenze.+</i>Þ"
"102";"00:02:19:04";"00:02:23:02";"dass mehr Parameter angewendet

werden als nur eine Altersgrenze."
"103";"00:02:23:04";"00:02:23:04";"FABst&d Etwa die Betreuung( ( von Pfl>"
"104";"00:02:23:04";"00:02:23:04";"FABst$egebedürftigen,ÿÿ=EÂ"
"105";"00:02:23:04";"00:02:26:03";"Etwa die Betreuung

von PflegebedÈurftigen,"
"106";"00:02:26:05";"00:02:26:05";"FABst'd finanzielle Möglichkeiten,( ( BetreuuÏ¸"
"107";"00:02:26:05";"00:02:26:05";"FABst>ng pflegebedürftiger Kinder.ÿÿ#À"
"108";"00:02:26:05";"00:02:30:01";"finanzielle MÈoglichkeiten,

Betreuung pflegebedÈurftiger Kinder."
"109";"00:02:30:03";"00:02:30:03";"FABst(d Auch die Opposition( ( möcht
\"
"110";"00:02:30:03";"00:02:30:03";"FABst&e mehr Klarheit.ÿÿ;X"
"111";"00:02:30:03";"00:02:32:24";"Auch die Opposition

mÈochte mehr Klarheit."
"112";"00:02:33:09";"00:02:33:09";"FABst)d Sie lässt die Menschen( ( mit dÔ"
"113";"00:02:33:09";"00:02:33:09";"FABst(er Sorge allein, AÅÀ"
"114";"00:02:33:09";"00:02:36:12";"Sie lÈasst die Menschen

mit der Sorge allein,"
"115";"00:02:36:14";"00:02:36:14";"FABst*Vwie sie die Kosten schultern sollen.±ê"
"116";"00:02:36:14";"00:02:39:04";"wie sie die Kosten schultern sollen."
"117";"00:02:39:06";"00:02:39:06";"FABst+d Nach monatelangem Streit,( ( 30 Stun6*"
"118";"00:02:39:06";"00:02:39:06";"FABst6den Koalitionsausschuss,ÿÿ+Ö0"
"119";"00:02:39:06";"00:02:42:18";"Nach monatelangem Streit,

30 Stunden Koalitionsausschuss,"
"120";"00:02:42:19";"00:02:42:19";"FABst,J gibt es kein Gesamtkonzept.ÿÿâ<"
"121";"00:02:42:19";"00:02:44:16";"gibt es kein Gesamtkonzept."
"122";"00:02:44:18";"00:02:44:18";"FABst-d Ein Gesamtkonzept will die Ampel ( ( im Ap¬"
"123";"00:02:44:18";"00:02:44:18";"FABstBril im Kabinett verabschieden.ÿÿn"
"124";"00:02:44:18";"00:02:48:20";"Ein Gesamtkonzept will die Ampel

im April im Kabinett verabschieden."
"125";"00:02:48:22";"00:02:48:22";"FABst.TAuch ein Förderprogramm ist geplant.ÿÿFú"
"126";"00:02:48:22";"00:02:51:11";"Auch ein FÈorderprogramm ist geplant."
"127";"00:02:51:13";"00:02:51:13";"FABst/d Die FDP feiert sich( ( für die "Tì."
"128";"00:02:51:13";"00:02:51:13";"FABst0echnologieoffenheit".ÿÿ1v"
"129";"00:02:51:13";"00:02:54:15";"Die FDP feiert sich

fÈur die "Technologieoffenheit"."
"130";"00:02:54:21";"00:02:54:21";"FABst0d Es wird weiterhin möglich sein,( ( mi¥"
"131";"00:02:54:21";"00:02:54:21";"FABst6t Wasserstoff zu heizen.3ÔP"
"132";"00:02:54:21";"00:02:59:00";"Es wird weiterhin mÈoglich sein,

mit Wasserstoff zu heizen."
"133";"00:02:59:02";"00:02:59:02";"FABst1dMan kann eine Gasheizung umrüsten( ( und z"
"134";"00:02:59:02";"00:02:59:02";"FABst@dann mit Wasserstoff heizen. )|"
"135";"00:02:59:02";"00:03:03:03";"Man kann eine Gasheizung umrÈusten

und dann mit Wasserstoff heizen."
"136";"00:03:03:05";"00:03:03:05";"FABst2L Das ist Technologieoffenheit.¥x"
"137";"00:03:03:05";"00:03:05:01";"Das ist Technologieoffenheit."
"138";"00:03:05:07";"00:03:05:07";"FABst3d Die Grünen unterstützen den Wunsch( ( der n"
"139";"00:03:05:07";"00:03:05:07";"FABstHFDP, zweifeln aber den Nutzen an:ÿÿ"
"140";"00:03:05:07";"00:03:09:22";"Die GrÈunen unterstÈutzen den Wunsch

der FDP, zweifeln aber den Nutzen an:"
"141";"00:03:10:00";"00:03:10:00";"FABst4d Es gibt Ausnahmen, wenn das Netz( ( ausg&,"
"142";"00:03:10:00";"00:03:10:00";"FABstBerichtet wird auf Wasserstoff.'°Ä"
"143";"00:03:10:00";"00:03:14:05";"Es gibt Ausnahmen, wenn das Netz

ausgerichtet wird auf Wasserstoff."
"144";"00:03:14:07";"00:03:14:07";"FABst5d Ich glaube nicht,( ( dass sich d|ä"
"145";"00:03:14:07";"00:03:14:07";"FABst.as durchsetzen wird,; r"
"146";"00:03:14:07";"00:03:17:04";"Ich glaube nicht,

dass sich das durchsetzen wird,"
"147";"00:03:17:06";"00:03:17:06";"FABst6d weil es nicht( ( die effizientPÖ"
"148";"00:03:17:06";"00:03:17:06";"FABst*este Variante ist.ÿÿ7¦"
"149";"00:03:17:06";"00:03:20:02";"weil es nicht

die effizienteste Variante ist."
"150";"00:03:20:04";"00:03:20:04";"FABst7d Am effizientesten( ( werden Wäð"
"151";"00:03:20:04";"00:03:20:04";"FABst$rmepumpen sein.ÿÿ=<u>""
"152";"00:03:20:04";"00:03:22:17";"Am effizientesten

werden WÈarmepumpen sein."
"153";"00:03:22:19";"00:03:22:19";"FABst8d Die Wärmepumpe( ( wird in den P"
"154";"00:03:22:19";"00:03:22:19";"FABst&kommenden Jahrenÿÿ;
Ø"
"155";"00:03:22:19";"00:03:25:10";"Die WÈarmepumpe

wird in den kommenden Jahren"
"156";"00:03:25:12";"00:03:25:12";"FABst9d wohl in Tausenden Haushalten( ( Wø"
"157";"00:03:25:12";"00:03:25:12";"FABst" eingebaut.ÿÿ?¼h"
"158";"00:03:25:12";"00:03:28:01";"wohl in Tausenden Haushalten

eingebaut."
"159";"00:03:28:03";"00:03:28:03";"FABst:d Heizungsbauer Proschmann ( ( hat"
"160";"00:03:28:03";"00:03:28:03";"FABst0schon viele Anfragen,ÿÿ1üt"
"161";"00:03:28:03";"00:03:31:03";"Heizungsbauer Proschmann

hat schon viele Anfragen,"
"162";"00:03:31:05";"00:03:31:05";"FABst;J damit verbunden auch Sorgen.ÿÿ&"
"163";"00:03:31:05";"00:03:33:04";"damit verbunden auch Sorgen."
"164";"00:03:33:10";"00:03:33:10";"FABst<d Die Wärmepumpen laufen mit Strom,( ( ger÷t"
"165";"00:03:33:10";"00:03:33:10";"FABstHade hier im Osten mit Kohlestrom.ÿÿÁä"
"166";"00:03:33:10";"00:03:37:19";"Die WÈarmepumpen laufen mit Strom,

gerade hier im Osten mit Kohlestrom."
"167";"00:03:38:07";"00:03:38:07";"FABst=d Das ist ein Problem, ( ( dass"
"168";"00:03:38:07";"00:03:38:07";"FABst*für jeden Haushaltÿÿ7F:"
"169";"00:03:38:07";"00:03:42:19";"Das ist ein Problem,

dass fÈur jeden Haushalt"
"170";"00:03:43:22";"00:03:43:22";"FABst>d dann 'ne Wärmepumpe( ( und eiçV"
"171";"00:03:43:22";"00:03:43:22";"FABst(n Elektroauto ...ÿÿ9ýò"
"172";"00:03:43:22";"00:03:46:18";"dann 'ne WÈarmepumpe

und ein Elektroauto ..."
"173";"00:03:47:15";"00:03:47:15";"FABst?d Das ist eine Herausforderung( ( für®"
"174";"00:03:47:15";"00:03:47:15";"FABst0 unsere Gesellschaft.ÿÿ1çr"
"175";"00:03:47:15";"00:03:50:22";"Das ist eine Herausforderung

fÈur unsere Gesellschaft."
"176";"00:03:52:23";"00:03:52:23";"FABst@d Was da auf Hausbesitzer( ( n¸"
"177";"00:03:52:23";"00:03:52:23";"FABst"genau zukommt,ÿÿ?ûî"
"178";"00:03:52:23";"00:03:55:09";"Was da auf Hausbesitzer

genau zukommt,"
"179";"00:03:55:11";"00:03:55:11";"FABstAd haben wir zusammengefasst( ( a|@"
"180";"00:03:55:11";"00:03:55:11";"FABst(uf tagesschau.de.ÿÿ9Æ¨"
"181";"00:03:55:11";"00:03:58:17";"haben wir zusammengefasst

auf tagesschau.de."
"182";"00:04:03:17";"00:04:03:17";"FABstBd Am letzten Wochenende ( ( hatten1<i>"
"183";"00:04:03:17";"00:04:03:17";"FABst* sich die Protesteÿÿ7®"
"184";"00:04:03:17";"00:04:06:13";"Am letzten Wochenende

hatten sich die Proteste"
"185";"00:04:06:15";"00:04:06:15";"FABstCN und Demonstrationen zugespitzt.ÿÿÃ"
"186";"00:04:06:15";"00:04:08:12";"und Demonstrationen zugespitzt."
"187";"00:04:08:14";"00:04:08:14";"FABstDdMinisterpräsident Netanjahu sprach( ( von­p"
"188";"00:04:08:14";"00:04:08:14";"FABstD der Gefahr eines Bürgerkriegs ÿÿ"
"189";"00:04:08:14";"00:04:12:14";"MinisterprÈasident Netanjahu sprach

von der Gefahr eines BÈurgerkriegs"
"190";"00:04:12:16";"00:04:12:16";"FABstEd und verschob seine( ( umstrittene'"
"191";"00:04:12:16";"00:04:12:16";"FABst6 Justiz-Reform erst mal.ÿÿ+©8"
"192";"00:04:12:16";"00:04:15:23";"und verschob seine

umstrittene Justiz-Reform erst mal."
"193";"00:04:16:00";"00:04:16:00";"FABstFd Doch wenn( ( Israels RegierunV"
"194";"00:04:16:00";"00:04:16:00";"FABst"gschef hoffte,ÿÿ?ö."
"195";"00:04:16:00";"00:04:18:12";"Doch wenn

Israels Regierungschef hoffte,"
"196";"00:04:18:14";"00:04:18:14";"FABstGd damit Druck( ( von der Str?"
"197";"00:04:18:14";"00:04:18:14";"FABst"aße zu nehmen,ÿÿ?Ô"
"198";"00:04:18:14";"00:04:20:22";"damit Druck

von der Straûe zu nehmen,"
"199";"00:04:20:24";"00:04:20:24";"FABstHd wurde er heute( ( eines bespl"
"200";"00:04:20:24";"00:04:20:24";"FABst"seren belehrt.ÿÿ?ñ"
"201";"00:04:20:24";"00:04:23:06";"wurde er heute

eines besseren belehrt."
"202";"00:04:23:13";"00:04:23:13";"FABstId Denn gegen das Vorhaben,( ( höchs¦"
"203";"00:04:23:13";"00:04:23:13";"FABst,te Gerichtsurteile ÿÿ5¦"
"204";"00:04:23:13";"00:04:27:05";"Denn gegen das Vorhaben,

hÈochste Gerichtsurteile"
"205";"00:04:27:07";"00:04:27:07";"FABstJd außer Kraft setzen zu können,( ( g*("
"206";"00:04:27:07";"00:04:27:07";"FABst0ingen erneut Tausendeÿÿ1£n"
"207";"00:04:27:07";"00:04:30:08";"auûer Kraft setzen zu kÈonnen,

gingen erneut Tausende"
"208";"00:04:30:10";"00:04:30:10";"FABstKd auf die Straße.( ( Sophie vP"
"209";"00:04:30:10";"00:04:30:10";"FABston der Tann.ÿÿCÙ0"
"210";"00:04:30:10";"00:04:32:15";"auf die Straûe.

Sophie von der Tann."
"211";"00:04:34:07";"00:04:34:07";"FABstLd Amit Finkler geht( ( seit drei Mo<u>"
"212";"00:04:34:07";"00:04:34:07";"FABst0naten auf die Straße.9Ê"
"213";"00:04:34:07";"00:04:37:13";"Amit Finkler geht

seit drei Monaten auf die Straûe."
"214";"00:04:37:15";"00:04:37:15";"FABstMN In Rechovot südlich von Tel Aviv"
"215";"00:04:37:15";"00:04:39:23";"In Rechovot sÈudlich von Tel Aviv"
"216";"00:04:40:00";"00:04:40:00";"FABstNd demonstriert der Physiker( ( gegen dien"
"217";"00:04:40:00";"00:04:40:00";"FABst4 geplante Justizreform.ÿÿ-ð¨"
"218";"00:04:40:00";"00:04:43:12";"demonstriert der Physiker

gegen die geplante Justizreform."
"219";"00:04:43:20";"00:04:43:20";"FABstOd Dass Premier Netanjahu( ( einen vPö"
"220";"00:04:43:20";"00:04:43:20";"FABst.orübergehenden Stoppÿÿ3"
"221";"00:04:43:20";"00:04:47:07";"Dass Premier Netanjahu

einen vorÈubergehenden Stopp"
"222";"00:04:47:09";"00:04:47:09";"FABstPd der Reform angekündigt hat,( ( ¥¦"
"223";"00:04:47:09";"00:04:47:09";"FABst*reicht ihm nicht.ÿÿ7ÀÈ"
"224";"00:04:47:09";"00:04:50:03";"der Reform angekÈundigt hat,

reicht ihm nicht."
"225";"00:04:50:18";"00:04:50:18";"FABstQd Wir sehen,( ( dass die Protes1"
"226";"00:04:50:18";"00:04:50:18";"FABst&te was bewirken.CÌ"
"227";"00:04:50:18";"00:04:54:07";"Wir sehen,

dass die Proteste was bewirken."
"228";"00:04:55:21";"00:04:55:21";"FABstRd Ich glaube,( ( dass ohne diesÔ"
"229";"00:04:55:21";"00:04:55:21";"FABst(e DemonstrationenA"
"230";"00:04:55:21";"00:04:58:18";"Ich glaube,

dass ohne diese Demonstrationen"
"231";"00:04:58:20";"00:04:58:20";"FABstSd die Gesetze wie ein Blitz( ( verabaþ"
"232";"00:04:58:20";"00:04:58:20";"FABst2schiedet worden wären.ÿÿ/06"
"233";"00:04:58:20";"00:05:02:12";"die Gesetze wie ein Blitz

verabschiedet worden wÈaren."
"234";"00:05:07:06";"00:05:07:06";"FABstTd Mit seinem Chor singt Amit ( ( die iKö"
"235";"00:05:07:06";"00:05:07:06";"FABst6sraelische Nationalhymneÿÿ+j"
"236";"00:05:07:06";"00:05:10:21";"Mit seinem Chor singt Amit

die israelische Nationalhymne"
"237";"00:05:10:23";"00:05:10:23";"FABstUP Hatikva, übersetzt: Die Hoffnung.ÿÿ4"
"238";"00:05:10:23";"00:05:13:00";"Hatikva, Èubersetzt: Die Hoffnung."
"239";"00:05:14:00";"00:05:14:00";"FABstVD Sie alle hier hoffen,ÿÿ</u>P"
"240";"00:05:14:00";"00:05:15:15";"Sie alle hier hoffen,"
"241";"00:05:15:17";"00:05:15:17";"FABstWd die Demokratie( ( in Israel be+"
"242";"00:05:15:17";"00:05:15:17";"FABst(wahren zu können.ÿÿ9Lx"
"243";"00:05:15:17";"00:05:18:11";"die Demokratie

in Israel bewahren zu kÈonnen."
"244";"00:05:21:18";"00:05:21:18";"FABstXd In einem Monat tritt die Knesset ( ( nach²"
"245";"00:05:21:18";"00:05:21:18";"FABst@ einer Pause wieder zusammen.ÿÿ!Ô"
"246";"00:05:21:18";"00:05:25:21";"In einem Monat tritt die Knesset

nach einer Pause wieder zusammen."
"247";"00:05:25:23";"00:05:25:23";"FABstYd Dann könnte die Reform trotz( ( des StoÓ<u>"
"248";"00:05:25:23";"00:05:25:23";"FABst8pps verabschiedet werden.ÿÿ)Í:"
"249";"00:05:25:23";"00:05:29:18";"Dann kÈonnte die Reform trotz

des Stopps verabschiedet werden."
"250";"00:05:30:06";"00:05:30:06";"FABstZTSie würde dem Parlament ermöglichen,ÿÿ·è"
"251";"00:05:30:06";"00:05:33:09";"Sie wÈurde dem Parlament ermÈoglichen,"
"252";"00:05:33:11";"00:05:33:11";"FABst[d Entscheidungen( ( des Obersten Geì"
"253";"00:05:33:11";"00:05:33:11";"FABst,richts auszuhebeln.ÿÿ5ä"
"254";"00:05:33:11";"00:05:36:11";"Entscheidungen

des Obersten Gerichts auszuhebeln."
"255";"00:05:36:13";"00:05:36:13";"FABst\dUnd der Regierung mehr Kontrolle über( ( È"
"256";"00:05:36:13";"00:05:36:13";"FABstHdie Ernennung von Richtern geben.ÿÿØ"
"257";"00:05:36:13";"00:05:41:01";"Und der Regierung mehr Kontrolle Èuber

die Ernennung von Richtern geben."
"258";"00:05:41:17";"00:05:41:17";"FABst]dDie israelische Politikjournalistin( ( TF"
"259";"00:05:41:17";"00:05:41:17";"FABst<al Schneider ist überzeugt,ÿÿ%""
"260";"00:05:41:17";"00:05:45:18";"Die israelische Politikjournalistin

Tal Schneider ist Èuberzeugt,"
"261";"00:05:45:20";"00:05:45:20";"FABst^d Netanjahu verfolge mit dem( ( Umbau der("
"262";"00:05:45:20";"00:05:45:20";"FABst: Justiz persönliche Ziele.ÿÿ'm$"
"263";"00:05:45:20";"00:05:49:19";"Netanjahu verfolge mit dem

Umbau der Justiz persÈonliche Ziele."
"264";"00:05:49:21";"00:05:49:21";"FABst_dEr steht wegen Korruptionsvorwürfen( ( îF"
"265";"00:05:49:21";"00:05:49:21";"FABst, vor Gericht.ÿÿ5÷Ú"
"266";"00:05:49:21";"00:05:52:19";"Er steht wegen KorruptionsvorwÈurfen

vor Gericht."
"267";"00:05:53:18";"00:05:53:18";"FABst`d Er will seine( ( eigenen RichQ<"
"268";"00:05:53:18";"00:05:53:18";"FABst"ter auswählen.G"
"269";"00:05:53:18";"00:05:56:06";"Er will seine

eigenen Richter auswÈahlen."
"270";"00:05:56:12";"00:05:56:12";"FABstad Das ist ein Merkmal( ( eineZÈ"
"271";"00:05:56:12";"00:05:56:12";"FABst$r Art Diktatur,E 4"
"272";"00:05:56:12";"00:05:59:11";"Das ist ein Merkmal

einer Art Diktatur,"
"273";"00:05:59:13";"00:05:59:13";"FABstbdwenn Regierende aussuchen können,( ( ¸Ð"
"274";"00:05:59:13";"00:05:59:13";"FABst4wer über sie richtet.ÿÿ-ö"
"275";"00:05:59:13";"00:06:02:19";"wenn Regierende aussuchen kÈonnen,

wer Èuber sie richtet."
"276";"00:06:03:24";"00:06:03:24";"FABstcd Netanjahu( ( sei so schwach 4>"
"277";"00:06:03:24";"00:06:03:24";"FABst wie noch nie,ÿÿA³ö"
"278";"00:06:03:24";"00:06:06:22";"Netanjahu

sei so schwach wie noch nie,"
"279";"00:06:06:24";"00:06:06:24";"FABstdd die Zukunft seiner Koalition( ("
"280";"00:06:06:24";"00:06:06:24";"FABst ungewiss.ÿÿA¥ "
"281";"00:06:06:24";"00:06:09:09";"die Zukunft seiner Koalition

ungewiss."
"282";"00:06:12:01";"00:06:12:01";"FABsted Im Wahlkampf( ( versprach e¾"
"283";"00:06:12:01";"00:06:12:01";"FABst r Stabilität.ÿÿA\"
"284";"00:06:12:01";"00:06:14:06";"Im Wahlkampf

versprach er StabilitÈat."
"285";"00:06:14:13";"00:06:14:13";"FABstfd Seit er Ende Dezember 2022 ( ( ins 7n"
"286";"00:06:14:13";"00:06:14:13";"FABst4Amt kam, gibt es keine.ÿÿ-«"
"287";"00:06:14:13";"00:06:18:08";"Seit er Ende Dezember 2022

ins Amt kam, gibt es keine."
"288";"00:06:20:01";"00:06:20:01";"FABstgRDas Land war noch nie so instabil.ÿÿ^"
"289";"00:06:20:01";"00:06:22:10";"Das Land war noch nie so instabil."
"290";"00:06:26:18";"00:06:26:18";"FABsthd Eine Chance auf einen Kompromiss( ( si{"
"291";"00:06:26:18";"00:06:26:18";"FABst6eht Tal Schneider nicht.ÿÿ+ïþ"
"292";"00:06:26:18";"00:06:30:07";"Eine Chance auf einen Kompromiss

sieht Tal Schneider nicht."
"293";"00:06:30:16";"00:06:30:16";"FABstid Die Befürworter( ( beharren Õâ"
"294";"00:06:30:16";"00:06:30:16";"FABst auf Reformen.ÿÿAÚ"
"295";"00:06:30:16";"00:06:32:23";"Die BefÈurworter

beharren auf Reformen."
"296";"00:06:33:06";"00:06:33:06";"FABstjd Die Gegner wie hier( ( am Abend im"
"297";"00:06:33:06";"00:06:33:06";"FABst*n Tel Aviv wollen,ÿÿ7ô"
"298";"00:06:33:06";"00:06:36:05";"Die Gegner wie hier

am Abend in Tel Aviv wollen,"
"299";"00:06:36:07";"00:06:36:07";"FABstkRdass die Reformen vom Tisch kommen.ÿÿ |"
"300";"00:06:36:07";"00:06:38:15";"dass die Reformen vom Tisch kommen."
"301";"00:06:38:17";"00:06:38:17";"FABstld Auch Amit aus Rechovot ( ( demonaX"
"302";"00:06:38:17";"00:06:38:17";"FABst.striert in Tel Aviv.ÿÿ3óð"
"303";"00:06:38:17";"00:06:41:16";"Auch Amit aus Rechovot

demonstriert in Tel Aviv."
"304";"00:06:41:23";"00:06:41:23";"FABstmdWir wollen für unsere Werte kämpfen( ( unBê"
"305";"00:06:41:23";"00:06:41:23";"FABstJd das Israel ein Ort für alle ist:ÿÿ1:"
"306";"00:06:41:23";"00:06:46:12";"Wir wollen fÈur unsere Werte kÈampfen

und das Israel ein Ort fÈur alle ist:"
"307";"00:06:47:08";"00:06:47:08";"FABstnd Araber, Ultraorthodoxe,( ( Orthodr¸"
"308";"00:06:47:08";"00:06:47:08";"FABst0oxe, Säkulare alle.ÿÿ18d"
"309";"00:06:47:08";"00:06:51:03";"Araber, Ultraorthodoxe,

Orthodoxe, SÈakulare Ð alle."
"310";"00:06:54:07";"00:06:54:07";"FABstodDer vorübergehende Stopp der Pläne( ( Netan"
"311";"00:06:54:07";"00:06:54:07";"FABst@jahus stellt sie nicht ruhig.ÿÿ!·"
"312";"00:06:54:07";"00:06:58:15";"Der vorÈubergehende Stopp der PlÈane

Netanjahus stellt sie nicht ruhig."
"313";"00:06:58:17";"00:06:58:17";"FABstpP Die Demonstrationen gehen weiter.ÿÿ"
"314";"00:06:58:17";"00:07:00:14";"Die Demonstrationen gehen weiter."
"315";"00:07:00:22";"00:07:00:22";"FABstqd Es ist eine der schwersten Krisen( ( inQh"
"316";"00:07:00:22";"00:07:00:22";"FABst< der Geschichte des Landes.ÿÿ%Ã¬"
"317";"00:07:00:22";"00:07:05:05";"Es ist eine der schwersten Krisen

in der Geschichte des Landes."
"318";"00:07:06:23";"00:07:06:23";"FABstrd Weitere Nachrichten( ( vom Tage 0z"
"319";"00:07:06:23";"00:07:06:23";"FABst.nun mit dir, Judith.ÿÿ3"
"320";"00:07:06:23";"00:07:10:15";"Weitere Nachrichten

vom Tage nun mit dir, Judith."
"321";"00:07:10:17";"00:07:10:17";"FABstsdDie beginnen mit einer Tarifeinigung( ( Sæ"
"322";"00:07:10:17";"00:07:10:17";"FABst8 in der Textilbranche.ÿÿ)ï"
"323";"00:07:10:17";"00:07:14:07";"Die beginnen mit einer Tarifeinigung

in der Textilbranche."
"324";"00:07:15:03";"00:07:15:03";"FABsttd Die Tarifpartner( ( der Textil- u>"
"325";"00:07:15:03";"00:07:15:03";"FABst4nd Bekleidungsindustrieÿÿ-ö>"
"326";"00:07:15:03";"00:07:18:08";"Die Tarifpartner

der Textil- und Bekleidungsindustrie"
"327";"00:07:18:10";"00:07:18:10";"FABstud einigten sich auf einen Abschluss( ( für dµ¨"
"328";"00:07:18:10";"00:07:18:10";"FABstBie etwa 100.000 Beschäftigten.ÿÿBä"
"329";"00:07:18:10";"00:07:22:10";"einigten sich auf einen Abschluss

fÈur die etwa 100.000 BeschÈaftigten."
"330";"00:07:22:12";"00:07:22:12";"FABstvd Sie erhalten ab Oktober( ( Zz"
"331";"00:07:22:12";"00:07:22:12";"FABst$4,8 % mehr Geldÿÿ=éL"
"332";"00:07:22:12";"00:07:25:10";"Sie erhalten ab Oktober

4,8 % mehr Geld"
"333";"00:07:25:13";"00:07:25:13";"FABstwTund weitere 3,3 % ab September 2024.ÿÿ¢6"
"334";"00:07:25:13";"00:07:28:08";"und weitere 3,3 % ab September 2024."
"335";"00:07:30:03";"00:07:30:03";"FABstxd Dazu gibt es eine( ( steuer- und>b"
"336";"00:07:30:03";"00:07:30:03";"FABst. abgabenfreie Prämieÿÿ3FÞ"
"337";"00:07:30:03";"00:07:33:18";"Dazu gibt es eine

steuer- und abgabenfreie PrÈamie"
"338";"00:07:33:20";"00:07:33:20";"FABstyd zum Inflationsausgleich( ( in H,"
"339";"00:07:33:20";"00:07:33:20";"FABst,öhe von 1500 Euro. ÿÿ5N"
"340";"00:07:33:20";"00:07:37:00";"zum Inflationsausgleich

in HÈohe von 1500 Euro."
"341";"00:07:37:20";"00:07:37:20";"FABstzd Die Laufzeit des Vertrages( ( b~8"
"342";"00:07:37:20";"00:07:37:20";"FABst(eträgt 24 Monate.ÿÿ9|ø"
"343";"00:07:37:20";"00:07:40:24";"Die Laufzeit des Vertrages

betrÈagt 24 Monate."
"344";"00:07:42:16";"00:07:42:16";"FABst{d Papst Franziskus ist( ( aus dem Kra!v"
"345";"00:07:42:16";"00:07:42:16";"FABst:nkenhaus entlassen worden.ÿÿ'£ú"
"346";"00:07:42:16";"00:07:46:12";"Papst Franziskus ist

aus dem Krankenhaus entlassen worden."
"347";"00:07:46:14";"00:07:46:14";"FABst|d Nach dreitägiger( ( stationä%¬"
"348";"00:07:46:14";"00:07:46:14";"FABst"rer Behandlungÿÿ?</i>z"
"349";"00:07:46:14";"00:07:48:24";"Nach dreitÈagiger

stationÈarer Behandlung"
"350";"00:07:49:01";"00:07:49:01";"FABst}d wegen einer Bronchitis gehe es( ( dem 86'À"
"351";"00:07:49:01";"00:07:49:01";"FABst:-Jährigen deutlich besser,ÿÿ'^L"
"352";"00:07:49:01";"00:07:52:19";"wegen einer Bronchitis gehe es

dem 86-JÈahrigen deutlich besser,"
"353";"00:07:52:21";"00:07:52:21";"FABst~> so der Vatikan.ÿÿµL"
"354";"00:07:52:21";"00:07:54:03";"so der Vatikan."
"355";"00:07:54:05";"00:07:54:05";"FABstd Nach seiner Entlassung( ( traf Franz$"
"356";"00:07:54:05";"00:07:54:05";"FABst4iskus heute gut gelauntÿÿ-Ì´"
"357";"00:07:54:05";"00:07:57:22";"Nach seiner Entlassung

traf Franziskus heute gut gelaunt"
"358";"00:07:57:24";"00:07:57:24";"FABst<i>N auf Passanten und Journalisten.ÿÿBJ"
"359";"00:07:57:24";"00:07:59:24";"auf Passanten und Journalisten."
"360";"00:08:00:01";"00:08:00:01";"FABst</i>d Morgen soll er wie geplant( ( die Mº4"
"361";"00:08:00:01";"00:08:00:01";"FABst0esse zum Palmsonntag ÿÿ1ðN"
"362";"00:08:00:01";"00:08:03:04";"Morgen soll er wie geplant

die Messe zum Palmsonntag"
"363";"00:08:03:06";"00:08:03:06";"FABst<u>J auf dem Petersplatz halten.ÿÿbN"
"364";"00:08:03:06";"00:08:05:01";"auf dem Petersplatz halten."
"365";"00:08:06:07";"00:08:06:07";"FABst</u>d Bei schweren Stürmen( ( und TornaF"
"366";"00:08:06:07";"00:08:06:07";"FABst,dos sind in den USAÿÿ5³Ô"
"367";"00:08:06:07";"00:08:09:18";"Bei schweren StÈurmen

und Tornados sind in den USA"
"368";"00:08:09:20";"00:08:09:20";"FABstd mindestens 18 Menschen( ( ums Ð:"
"369";"00:08:09:20";"00:08:09:20";"FABst&Leben gekommen. ÿÿ;^"
"370";"00:08:09:20";"00:08:12:18";"mindestens 18 Menschen

ums Leben gekommen."
"371";"00:08:12:20";"00:08:12:20";"FABstP Dutzende weitere wurden verletzt.ÿÿVP"
"372";"00:08:12:20";"00:08:15:01";"Dutzende weitere wurden verletzt."
"373";"00:08:15:03";"00:08:15:03";"FABstd Besonders der Mittlere Westen( ( unÊ"
"374";"00:08:15:03";"00:08:15:03";"FABst2d der Süden des Landesÿÿ/d°"
"375";"00:08:15:03";"00:08:18:05";"Besonders der Mittlere Westen

und der SÈuden des Landes"
"376";"00:08:18:07";"00:08:18:07";"FABst> waren betroffen.ÿÿgä"
"377";"00:08:18:07";"00:08:19:11";"waren betroffen."
"378";"00:08:19:13";"00:08:19:13";"FABstd Die Unwetter zerstörten( ( Häuser unÞì"
"379";"00:08:19:13";"00:08:19:13";"FABst0d entwurzelten Bäume.ÿÿ1~:"
"380";"00:08:19:13";"00:08:22:19";"Die Unwetter zerstÈorten

HÈauser und entwurzelten BÈaume."
"381";"00:08:22:21";"00:08:22:21";"FABstd Zehntausende Menschen( ( waren z¾"
"382";"00:08:22:21";"00:08:22:21";"FABst.eitweise ohne Strom.;"
"383";"00:08:22:21";"00:08:26:03";"Zehntausende Menschen

waren zeitweise ohne Strom."
"384";"00:08:26:05";"00:08:26:05";"FABst
TIn Belvidere im Bundesstaat Illinoisÿÿ0H"
"385";"00:08:26:05";"00:08:28:11";"In Belvidere im Bundesstaat Illinois"
"386";"00:08:28:13";"00:08:28:13";"FABstd stürzte das Dach eines Theaters( ( wäh¡"
"387";"00:08:28:13";"00:08:28:13";"FABst:rend eines Konzertes ein. ÿÿ'È"
"388";"00:08:28:13";"00:08:32:06";"stÈurzte das Dach eines Theaters

wÈahrend eines Konzertes ein."
"389";"00:08:33:14";"00:08:33:14";"FABstd Im Norden Norwegens wurden( ( mehrere <u>8"
"390";"00:08:33:14";"00:08:33:14";"FABst@Gebiete nach Lawinen geräumt.ÿÿ!u"
"391";"00:08:33:14";"00:08:38:00";"Im Norden Norwegens wurden

mehrere Gebiete nach Lawinen gerÈaumt."
"392";"00:08:39:00";"00:08:39:00";"FABstd Mindestens vier Menschen( ( waren zuóê"
"393";"00:08:39:00";"00:08:39:00";"FABst4vor ums Leben gekommen.ÿÿ-·@"
"394";"00:08:39:00";"00:08:42:12";"Mindestens vier Menschen

waren zuvor ums Leben gekommen."
"395";"00:08:42:14";"00:08:42:14";"FABstd Gestern wurde( ( eine Touristenê"
"396";"00:08:42:14";"00:08:42:14";"FABst&gruppe in Tromsöÿÿ;S"
"397";"00:08:42:14";"00:08:45:10";"Gestern wurde

eine Touristengruppe in TromsÈo"
"398";"00:08:45:12";"00:08:45:12";"FABstL von den Schneemassen erfasst.ÿÿTº"
"399";"00:08:45:12";"00:08:47:16";"von den Schneemassen erfasst."
"400";"00:08:47:18";"00:08:47:18";"FABstd Auf der Insel Reinöya ( ( starbS"
"401";"00:08:47:18";"00:08:47:18";"FABst(en zwei Menschen.ÿÿ9í"
"402";"00:08:47:18";"00:08:50:22";"Auf der Insel ReinÈoya

starben zwei Menschen."
"403";"00:08:50:24";"00:08:50:24";"FABstd Sie wurden von einer Lawine( ( mitsamt §ä"
"404";"00:08:50:24";"00:08:50:24";"FABst>einem Haus und einer Scheune+á<u>"
"405";"00:08:50:24";"00:08:54:20";"Sie wurden von einer Lawine

mitsamt einem Haus und einer Scheune"
"406";"00:08:54:22";"00:08:54:22";"FABstH ins Meer gerissen wurden.ÿÿBä"
"407";"00:08:54:22";"00:08:56:12";"ins Meer gerissen wurden."
"408";"00:08:58:10";"00:08:58:10";"FABst: Die Zeiten,ÿÿ#$ò"
"409";"00:08:58:10";"00:08:59:17";"Die Zeiten,"
"410";"00:08:59:19";"00:08:59:19";"FABstd wo die Netze für Fischschwärme( ( nichtå "
"411";"00:08:59:19";"00:08:59:19";"FABst8 groß genug sein konnten,ÿÿ)a°"
"412";"00:08:59:19";"00:09:03:15";"wo die Netze fÈur FischschwÈarme

nicht groû genug sein konnten,"
"413";"00:09:03:17";"00:09:03:17";"FABstd sind in vielen Teilen( ( der W³"
"414";"00:09:03:17";"00:09:03:17";"FABst*elt längst vorbei.ÿÿ7 n"
"415";"00:09:03:17";"00:09:06:12";"sind in vielen Teilen

der Welt lÈangst vorbei."
"416";"00:09:06:14";"00:09:06:14";"FABstd Zunehmend bleiben Kutter ( ( der K"
"417";"00:09:06:14";"00:09:06:14";"FABst2üstenfischer im Hafen.ÿÿ/~"
"418";"00:09:06:14";"00:09:09:15";"Zunehmend bleiben Kutter

der KÈustenfischer im Hafen."
"419";"00:09:09:17";"00:09:09:17";"FABstdAuch weil durch den Klimawandel ( ( die G×"
"420";"00:09:09:17";"00:09:09:17";"FABst<ewässer immer wärmer werdenÿÿ%ßv"
"421";"00:09:09:17";"00:09:13:11";"Auch weil durch den Klimawandel

die GewÈasser immer wÈarmer werden"
"422";"00:09:13:13";"00:09:13:13";"FABstd und der begehrte Fang sich( ( in kält"
"423";"00:09:13:13";"00:09:13:13";"FABst<eren Gefilden wohler fühlt.ÿÿ%)("
"424";"00:09:13:13";"00:09:17:02";"und der begehrte Fang sich

in kÈalteren Gefilden wohler fÈuhlt."
"425";"00:09:17:04";"00:09:17:04";"FABstd Nun wollen Wissenschaftler( ( dafür s3ü"
"426";"00:09:17:04";"00:09:17:04";"FABst>orgen, dass man besser weiß,ÿÿ#R,"
"427";"00:09:17:04";"00:09:20:21";"Nun wollen Wissenschaftler

dafÈur sorgen, dass man besser weiû,"
"428";"00:09:20:23";"00:09:20:23";"FABstd wann es sich lohnt,( ( trotzdem deë"
"429";"00:09:20:23";"00:09:20:23";"FABst,n Anker zu lichten.ÿÿ5¹v"
"430";"00:09:20:23";"00:09:24:05";"wann es sich lohnt,

trotzdem den Anker zu lichten."
"431";"00:09:27:02";"00:09:27:02";"FABstd Vor Helgoland wollen die( ( beiden Fis\"
"432";"00:09:27:02";"00:09:27:02";"FABst8cher heute nicht fischen,1<u>"
"433";"00:09:27:02";"00:09:31:10";"Vor Helgoland wollen die

beiden Fischer heute nicht fischen,"
"434";"00:09:32:08";"00:09:32:08";"FABstd sondern Daten sammeln( ( mit Hiº´"
"435";"00:09:32:08";"00:09:32:08";"FABst,lfe dieses Sensors.=àª"
"436";"00:09:32:08";"00:09:35:17";"sondern Daten sammeln

mit Hilfe dieses Sensors."
"437";"00:09:36:09";"00:09:36:09";"FABstdEr wurde vom Alfred-Wegener-Institut( ( õ2"
"438";"00:09:36:09";"00:09:36:09";"FABst<auf Helgoland entwickelt.ÿÿ%òh"
"439";"00:09:36:09";"00:09:40:06";"Er wurde vom Alfred-Wegener-Institut

auf Helgoland entwickelt."
"440";"00:09:40:08";"00:09:40:08";"FABstdDer senegalesische Projektkoordinator( ( àP"
"441";"00:09:40:08";"00:09:40:08";"FABstHzeigt ihnen, wie er benutzt wird.ÿÿì"
"442";"00:09:40:08";"00:09:45:02";"Der senegalesische Projektkoordinator

zeigt ihnen, wie er benutzt wird."
"443";"00:09:45:24";"00:09:45:24";"FABstd Künftig sollen die beiden ( ( der Wi~"
"444";"00:09:45:24";"00:09:45:24";"FABst2ssenschaft zuarbeiten.ÿÿ/ó "
"445";"00:09:45:24";"00:09:49:18";"KÈunftig sollen die beiden

der Wissenschaft zuarbeiten."
"446";"00:09:50:20";"00:09:50:20";"FABst d Es soll uns helfen,( ( die½|"
"447";"00:09:50:20";"00:09:50:20";"FABst" BeobachtungenGþ°"
"448";"00:09:50:20";"00:09:53:13";"Es soll uns helfen,

die Beobachtungen"
"449";"00:09:53:15";"00:09:53:15";"FABst¡d an der senegalesischen Küste( ( d4"
"450";"00:09:53:15";"00:09:53:15";"FABst&zu verbessern.C</u>*"
"451";"00:09:53:15";"00:09:56:17";"an der senegalesischen KÈuste

zu verbessern."
"452";"00:09:57:06";"00:09:57:06";"FABst¢dAlso kannst du es zu Wasser lassen( ("
"453";"00:09:57:06";"00:09:57:06";"FABst0 - aber langsam.ÿÿ1<i>"
"454";"00:09:57:06";"00:10:00:21";"Also kannst du es zu Wasser lassen

- aber langsam."
"455";"00:10:04:22";"00:10:04:22";"FABst£d In zehn Metern Tiefe( ( zeichnet der¥¶"
"456";"00:10:04:22";"00:10:04:22";"FABst4 Sensor Strömungsdaten,ÿÿ-UÊ"
"457";"00:10:04:22";"00:10:08:08";"In zehn Metern Tiefe

zeichnet der Sensor StrÈomungsdaten,"
"458";"00:10:08:10";"00:10:08:10";"FABst¤L Salzgehalt und Temperatur auf.ÿÿ¼"
"459";"00:10:08:10";"00:10:10:08";"Salzgehalt und Temperatur auf."
"460";"00:10:10:10";"00:10:10:10";"FABst¥dDas sollen später auch die Fischer( ( voY"
"461";"00:10:10:10";"00:10:10:10";"FABst8r Büsum und Dakar machen.ÿÿ)["
"462";"00:10:10:10";"00:10:14:18";"Das sollen spÈater auch die Fischer

vor BÈusum und Dakar machen."
"463";"00:10:17:12";"00:10:17:12";"FABst¦d Nach einer Minute( ( sind 60 DateìÔ"
"464";"00:10:17:12";"00:10:17:12";"FABst0nsätze aufgezeichnet.ÿÿ1d"
"465";"00:10:17:12";"00:10:20:23";"Nach einer Minute

sind 60 DatensÈatze aufgezeichnet."
"466";"00:10:22:12";"00:10:22:12";"FABst§TDie Fischer haben ähnliche Probleme.ÿÿþF"
"467";"00:10:22:12";"00:10:24:23";"Die Fischer haben Èahnliche Probleme."
"468";"00:10:25:00";"00:10:25:00";"FABst¨d Es wird immer schwieriger,( ( von ìà"
"469";"00:10:25:00";"00:10:25:00";"FABst.der Arbeit zu leben,ÿÿ3É4"
"470";"00:10:25:00";"00:10:28:05";"Es wird immer schwieriger,

von der Arbeit zu leben,"
"471";"00:10:28:07";"00:10:28:07";"FABst©d u.a wegen( ( der Erwärmung d*°"
"472";"00:10:28:07";"00:10:28:07";"FABst er Weltmeere.ÿÿAÅª"
"473";"00:10:28:07";"00:10:30:24";"u.a wegen

der ErwÈarmung der Weltmeere."
"474";"00:10:31:24";"00:10:31:24";"FABstªd Wenn ich Helgoland( ( mit Inseln i©"
"475";"00:10:31:24";"00:10:31:24";"FABst0m Senegal vergleiche:9ù"
"476";"00:10:31:24";"00:10:36:00";"Wenn ich Helgoland

mit Inseln im Senegal vergleiche:"
"477";"00:10:36:02";"00:10:36:02";"FABst«d Hier ist alles ein bisschen( ( orgaáÈ"
"478";"00:10:36:02";"00:10:36:02";"FABst4nisierter und sauberer.5Äj"
"479";"00:10:36:02";"00:10:40:04";"Hier ist alles ein bisschen

organisierter und sauberer."
"480";"00:10:43:14";"00:10:43:14";"FABst¬d Ihre Daten( ( sollen künftig inÒ"
"481";"00:10:43:14";"00:10:43:14";"FABst* eine App fließen,ÿÿ7hÌ"
"482";"00:10:43:14";"00:10:46:19";"Ihre Daten

sollen kÈunftig in eine App flieûen,"
"483";"00:10:46:21";"00:10:46:21";"FABst­d die sagt, wie erfolgversprechend( ( «0"
"484";"00:10:46:21";"00:10:46:21";"FABst.eine Ausfahrt wird.ÿÿ3ô"
"485";"00:10:46:21";"00:10:50:13";"die sagt, wie erfolgversprechend

eine Ausfahrt wird."
"486";"00:10:50:21";"00:10:50:21";"FABst®J Bei ihnen ist es sehr tief,`"
"487";"00:10:50:21";"00:10:53:00";"Bei ihnen ist es sehr tief,"
"488";"00:10:53:08";"00:10:53:08";"FABst¯d da steigt von unten kaltes, ( ( nährs]d"
"489";"00:10:53:08";"00:10:53:08";"FABst4toffreiches Wasser auf.5üd"
"490";"00:10:53:08";"00:10:57:09";"da steigt von unten kaltes,

nÈahrstoffreiches Wasser auf."
"491";"00:10:57:11";"00:10:57:11";"FABst°d Wenn das Wasser da ist, ( ( sind x"
"492";"00:10:57:11";"00:10:57:11";"FABst,auch die Fische da.ÿÿ5ºÀ"
"493";"00:10:57:11";"00:11:00:15";"Wenn das Wasser da ist,

sind auch die Fische da."
"494";"00:11:00:17";"00:11:00:17";"FABst±dEs ist für sie wichtig zu wissen,( ( wa&B"
"495";"00:11:00:17";"00:11:00:17";"FABst:nn sie rausfahren sollten,ÿÿ'ã"
"496";"00:11:00:17";"00:11:04:14";"Es ist fÈur sie wichtig zu wissen,

wann sie rausfahren sollten,"
"497";"00:11:04:16";"00:11:04:16";"FABst²B wann es sich lohnt.ÿÿC"
"498";"00:11:04:16";"00:11:06:04";"wann es sich lohnt."
"499";"00:11:06:06";"00:11:06:06";"FABst³d Wenn man an mehreren Tagen( ( hintereÅb"
"500";"00:11:06:06";"00:11:06:06";"FABst6inander Messungen macht,ÿÿ+î"
"501";"00:11:06:06";"00:11:10:19";"Wenn man an mehreren Tagen

hintereinander Messungen macht,"
"502";"00:11:10:21";"00:11:10:21";"FABst´d können sie zur rechten Zeit( ( a7"
"503";"00:11:10:21";"00:11:10:21";"FABst,m rechten Ort sein.ÿÿ5¬~"
"504";"00:11:10:21";"00:11:14:13";"kÈonnen sie zur rechten Zeit

am rechten Ort sein."
"505";"00:11:18:02";"00:11:18:02";"FABstµN Auch das ist ein wichtiges Ziel:ÿÿ-"
"506";"00:11:18:02";"00:11:20:13";"Auch das ist ein wichtiges Ziel:"
"507";"00:11:20:15";"00:11:20:15";"FABst¶d Austauschen,( ( GemeinsamkeiÌÖ"
"508";"00:11:20:15";"00:11:20:15";"FABst$ten feststellenÿÿ=Æ¤"
"509";"00:11:20:15";"00:11:23:01";"Austauschen,

Gemeinsamkeiten feststellen"
"510";"00:11:23:03";"00:11:23:03";"FABst·d und zeigen,( ( dass Wissenschaà"
"511";"00:11:23:03";"00:11:23:03";"FABst*ft verbinden kann.ÿÿ7­z"
"512";"00:11:23:03";"00:11:26:16";"und zeigen,

dass Wissenschaft verbinden kann."
"513";"00:11:28:11";"00:11:28:11";"FABst¸d Für mich ist es wichtig,( ( hie74"
"514";"00:11:28:11";"00:11:28:11";"FABst(ran teilzunehmen.ÿÿ9~"
"515";"00:11:28:11";"00:11:31:07";"FÈur mich ist es wichtig,

hieran teilzunehmen."
"516";"00:11:31:09";"00:11:31:09";"FABst¹dBisher konnte ich nur auf das Wissen( ( 0"
"517";"00:11:31:09";"00:11:31:09";"FABstH meines Großvaters zurückgreifen.ÿÿÔ"
"518";"00:11:31:09";"00:11:35:10";"Bisher konnte ich nur auf das Wissen

meines Groûvaters zurÈuckgreifen."
"519";"00:11:35:12";"00:11:35:12";"FABstºd Zu lernen, wie( ( wissenschaftliðü"
"520";"00:11:35:12";"00:11:35:12";"FABst,ch gearbeitet wird,ÿÿ5Á("
"521";"00:11:35:12";"00:11:38:07";"Zu lernen, wie

wissenschaftlich gearbeitet wird,"
"522";"00:11:38:08";"00:11:38:08";"FABst»d und dieses Wissen zu teilen,( ( ÷\"
"523";"00:11:38:08";"00:11:38:08";"FABst&ist hilfreich.ÿÿ;îH"
"524";"00:11:38:08";"00:11:41:14";"und dieses Wissen zu teilen,

ist hilfreich."
"525";"00:11:42:19";"00:11:42:19";"FABst¼L Er würde dann nur rausfahren,ÿÿ¨ð"
"526";"00:11:42:19";"00:11:45:08";"Er wÈurde dann nur rausfahren,"
"527";"00:11:45:10";"00:11:45:10";"FABst½d wenn die Chancen( ( auf einen guµ¤"
"528";"00:11:45:10";"00:11:45:10";"FABst*ten Fang gut sind.ÿÿ7Ù¬"
"529";"00:11:45:10";"00:11:48:21";"wenn die Chancen

auf einen guten Fang gut sind."
"530";"00:11:49:04";"00:11:49:04";"FABst¾TLäuft das Projekt im Senegal gut an,ÿÿôz"
"531";"00:11:49:04";"00:11:51:22";"LÈauft das Projekt im Senegal gut an,"
"532";"00:11:51:24";"00:11:51:24";"FABst¿d soll es auf weitere afrikanische ( ( Küst1"
"533";"00:11:51:24";"00:11:51:24";"FABst@engebiete ausgeweitet werden.ÿÿ! <"
"534";"00:11:51:24";"00:11:56:10";"soll es auf weitere afrikanische

KÈustengebiete ausgeweitet werden."
"535";"00:11:58:03";"00:11:58:03";"FABstÀ8 Zum Sport.ÿÿ%Þ"
"536";"00:11:58:03";"00:11:59:11";"Zum Sport."
"537";"00:11:59:18";"00:11:59:18";"FABstÁd Das Top-Thema dieser Woche( ( war­º"
"538";"00:11:59:18";"00:11:59:18";"FABst, der Trainerwechselÿÿ5³"
"539";"00:11:59:18";"00:12:03:05";"Das Top-Thema dieser Woche

war der Trainerwechsel"
"540";"00:12:03:07";"00:12:03:07";"FABstÂF beim FC Bayern München.ÿÿ¤"
"541";"00:12:03:07";"00:12:04:23";"beim FC Bayern MÈunchen."
"542";"00:12:05:00";"00:12:05:00";"FABstÃdJulian Nagelsmann musste gehen ( ( ThomÔ"
"543";"00:12:05:00";"00:12:05:00";"FABst:as Tuchel hat übernommen. ÿÿ'Ð"
"544";"00:12:05:00";"00:12:08:16";"Julian Nagelsmann musste gehen Ð

Thomas Tuchel hat Èubernommen."
"545";"00:12:09:12";"00:12:09:12";"FABstÄdHeute feierte er im Spitzenspiel( ( gegeé0"
"546";"00:12:09:12";"00:12:09:12";"FABst:n Tabellenführer Dortmund ÿÿ'/@"
"547";"00:12:09:12";"00:12:13:05";"Heute feierte er im Spitzenspiel

gegen TabellenfÈuhrer Dortmund"
"548";"00:12:13:07";"00:12:13:07";"FABstÅH seinen Einstand und wie.ÿÿvè"
"549";"00:12:13:07";"00:12:14:24";"seinen Einstand Ð und wie."
"550";"00:12:15:01";"00:12:15:01";"FABstÆ4 Julia.ÿÿ)m"
"551";"00:12:15:01";"00:12:16:03";"Julia."
"552";"00:12:16:24";"00:12:16:24";"FABstÇB Mit einem 4:2 Sieg,ÿÿIX"
"553";"00:12:16:24";"00:12:19:04";"Mit einem 4:2 Sieg,"
"554";"00:12:19:05";"00:12:19:05";"FABstÈd ausgerechnet gegen den BVB -( ( ge</i>À"
"555";"00:12:19:05";"00:12:19:05";"FABst,gen seinen Ex-Club.=f"
"556";"00:12:19:05";"00:12:22:06";"ausgerechnet gegen den BVB -

gegen seinen Ex-Club."
"557";"00:12:22:08";"00:12:22:08";"FABstÉd Partystimmung in der( ( ausverkaufÉò"
"558";"00:12:22:08";"00:12:22:08";"FABst0ten Arena in München.ÿÿ1*"
"559";"00:12:22:08";"00:12:25:11";"Partystimmung in der

ausverkauften Arena in MÈunchen."
"560";"00:12:25:13";"00:12:25:13";"FABstÊd Dem neuen Bayern-Trainer,( ( º^"
"561";"00:12:25:13";"00:12:25:13";"FABst$Thomas Tuchel,ÿÿ=üV"
"562";"00:12:25:13";"00:12:27:22";"Dem neuen Bayern-Trainer,

Thomas Tuchel,"
"563";"00:12:27:24";"00:12:27:24";"FABstËF gelingt ein Traumstart.ÿÿvÄ"
"564";"00:12:27:24";"00:12:29:13";"gelingt ein Traumstart."
"565";"00:12:29:15";"00:12:29:15";"FABstÌH Die Dortmunder helfen mit.ÿÿf|"
"566";"00:12:29:15";"00:12:31:17";"Die Dortmunder helfen mit."
"567";"00:12:32:04";"00:12:32:04";"FABstÍdTuchels Team geht durch einen Patzer( ( von×~"
"568";"00:12:32:04";"00:12:32:04";"FABstH Torwart Kobel kurios in Führung,ÿÿd¬"
"569";"00:12:32:04";"00:12:36:23";"Tuchels Team geht durch einen Patzer

von Torwart Kobel kurios in FÈuhrung,"
"570";"00:12:37:02";"00:12:37:02";"FABstÎd führt sogar schon 4:0 ( ( bevor Dorj"
"571";"00:12:37:02";"00:12:37:02";"FABst0tmund zweimal trifft.ÿÿ1Þ2"
"572";"00:12:37:02";"00:12:41:00";"fÈuhrt sogar schon 4:0 Ð

bevor Dortmund zweimal trifft."
"573";"00:12:41:22";"00:12:41:22";"FABstÏd Durch den Sieg( ( ist Bayern wieÑ"
"574";"00:12:41:22";"00:12:41:22";"FABst,der Tabellenführer,ÿÿ5%"
"575";"00:12:41:22";"00:12:44:23";"Durch den Sieg

ist Bayern wieder TabellenfÈuhrer,"
"576";"00:12:45:00";"00:12:45:00";"FABstÐH zwei Punkte vor Dortmund.ÿÿ"´"
"577";"00:12:45:00";"00:12:46:18";"zwei Punkte vor Dortmund."
"578";"00:12:47:19";"00:12:47:19";"FABstÑd Auf Platz 3 steht Union Berlin,( ( À^"
"579";"00:12:47:19";"00:12:47:19";"FABst2zu Hause unschlagbar.ÿÿ/è|"
"580";"00:12:47:19";"00:12:51:10";"Auf Platz 3 steht Union Berlin,

zu Hause unschlagbar."
"581";"00:12:51:12";"00:12:51:12";"FABstÒJ 13 Spiele, null Niederlagen.ÿÿþ"
"582";"00:12:51:12";"00:12:53:12";"13 Spiele, null Niederlagen."
"583";"00:12:53:15";"00:12:53:15";"FABstÓd Dem Gegner aus Stuttgart( ( gelingt h6"
"584";"00:12:53:15";"00:12:53:15";"FABst4eute nicht mal ein Tor.ÿÿ-è`"
"585";"00:12:53:15";"00:12:56:23";"Dem Gegner aus Stuttgart

gelingt heute nicht mal ein Tor."
"586";"00:12:57:00";"00:12:57:00";"FABstÔN Die Schwaben verlieren mit 0:3.ÿÿV"
"587";"00:12:57:00";"00:12:59:05";"Die Schwaben verlieren mit 0:3."
"588";"00:13:02:01";"00:13:02:01";"FABstÕd Das könnte das Aus( ( für Trainer T"
"589";"00:13:02:01";"00:13:02:01";"FABst6Bruno Labbadia bedeuten.ÿÿ+¶"
"590";"00:13:02:01";"00:13:05:14";"Das kÈonnte das Aus

fÈur Trainer Bruno Labbadia bedeuten."
"591";"00:13:05:15";"00:13:05:15";"FABstÖL Nur ein Sieg aus elf Spielen.ÿÿ"
"592";"00:13:05:15";"00:13:07:11";"Nur ein Sieg aus elf Spielen."
"593";"00:13:07:13";"00:13:07:13";"FABst×TAls er im Dezember übernommen hatte,ÿÿç"
"594";"00:13:07:13";"00:13:09:15";"Als er im Dezember Èubernommen hatte,"
"595";"00:13:09:17";"00:13:09:17";"FABstØd war Stuttgart( ( auf dem ReðJ"
"596";"00:13:09:17";"00:13:09:17";"FABst$legationsplatz.ÿÿ=É"
"597";"00:13:09:17";"00:13:12:01";"war Stuttgart

auf dem Relegationsplatz."
"598";"00:13:12:03";"00:13:12:03";"FABstÙF Jetzt: Tabellenletzter.ÿÿQÜ"
"599";"00:13:12:03";"00:13:13:16";"Jetzt: Tabellenletzter."
"600";"00:13:14:16";"00:13:14:16";"FABstÚD Dieses Bild sagt alles!p"
"601";"00:13:14:16";"00:13:16:06";"Dieses Bild sagt alles"
"602";"00:13:16:08";"00:13:16:08";"FABstÛd über die Stimmungslage( ( von Stuttg!Ö"
"603";"00:13:16:08";"00:13:16:08";"FABst:arts Trainer Labbadia aus./ç"
"604";"00:13:16:08";"00:13:20:08";"Èuber die Stimmungslage

von Stuttgarts Trainer Labbadia aus."
"605";"00:13:21:02";"00:13:21:02";"FABstÜd Ich bin enttäuscht,( ( dassS"
"606";"00:13:21:02";"00:13:21:02";"FABst$ wir ein Spiel,EØ2"
"607";"00:13:21:02";"00:13:23:24";"Ich bin enttÈauscht,

dass wir ein Spiel,"
"608";"00:13:24:01";"00:13:24:01";"FABstÝd das wir gewinnen können,( ( viellei+~"
"609";"00:13:24:01";"00:13:24:01";"FABst@cht müssen, wieder verlieren.)&8"
"610";"00:13:24:01";"00:13:28:05";"das wir gewinnen kÈonnen,

vielleicht mÈussen, wieder verlieren."
"611";"00:13:28:07";"00:13:28:07";"FABstÞd Alles andere( ( interessierØ"
"612";"00:13:28:07";"00:13:28:07";"FABst t mich wenig.ÿÿA«ö"
"613";"00:13:28:07";"00:13:31:04";"Alles andere

interessiert mich wenig."
"614";"00:13:32:24";"00:13:32:24";"FABstßd Labbadias Mannschaft,( ( derã"
"615";"00:13:32:24";"00:13:32:24";"FABst& Tabellenletzte,ÿÿ;Óº"
"616";"00:13:32:24";"00:13:35:22";"Labbadias Mannschaft,

der Tabellenletzte,"
"617";"00:13:35:24";"00:13:35:24";"FABstàN ist in der ersten Hälfte besser.ÁÒ"
"618";"00:13:35:24";"00:13:38:03";"ist in der ersten HÈalfte besser."
"619";"00:13:38:05";"00:13:38:05";"FABstád Zagadou vergibt eine gute Chance( ( naÅÌ"
"620";"00:13:38:05";"00:13:38:05";"FABst4ch einer halben Stunde.ÿÿ-µl"
"621";"00:13:38:05";"00:13:42:08";"Zagadou vergibt eine gute Chance

nach einer halben Stunde."
"622";"00:13:42:10";"00:13:42:10";"FABstâL Labbadia fehlen die Torjäger.ÿÿ."
"623";"00:13:42:10";"00:13:44:16";"Labbadia fehlen die TorjÈager."
"624";"00:13:45:12";"00:13:45:12";"FABstãRNach der Pause zeigen die Berliner,ÿÿî"
"625";"00:13:45:12";"00:13:48:00";"Nach der Pause zeigen die Berliner,"
"626";"00:13:48:02";"00:13:48:02";"FABstäd warum sie( ( Champions-LeaguËÞ"
"627";"00:13:48:02";"00:13:48:02";"FABst&e-Kandidat sind.ÿÿ;L"
"628";"00:13:48:02";"00:13:51:03";"warum sie

Champions-League-Kandidat sind."
"629";"00:13:51:11";"00:13:51:11";"FABståd Becker trifft nach fünf Monaten( ( Fla~¤"
"630";"00:13:51:11";"00:13:51:11";"FABst:ute mit der ersten Chance.ÿÿ'<i>ð"
"631";"00:13:51:11";"00:13:56:00";"Becker trifft nach fÈunf Monaten

Flaute mit der ersten Chance."
"632";"00:13:58:00";"00:13:58:00";"FABstæJ Die Berliner nun im Rausch.ÿÿZ"
"633";"00:13:58:00";"00:14:00:01";"Die Berliner nun im Rausch."
"634";"00:14:03:09";"00:14:03:09";"FABstçd Behrens erhöht -( ( und hat grou"
"635";"00:14:03:09";"00:14:03:09";"FABst*ßen Anteil am 3:0.ÿÿ7$¨"
"636";"00:14:03:09";"00:14:06:20";"Behrens erhÈoht -

und hat groûen Anteil am 3:0."
"637";"00:14:11:22";"00:14:11:22";"FABstèd Der Ex-Unioner Haraguchi( ( fälscL"
"638";"00:14:11:22";"00:14:11:22";"FABst,ht entscheidend ab.ÿÿ5Å2"
"639";"00:14:11:22";"00:14:15:08";"Der Ex-Unioner Haraguchi

fÈalscht entscheidend ab."
"640";"00:14:15:22";"00:14:15:22";"FABstéd Innerhalb von 17 Minuten( ( mach¶"
"641";"00:14:15:22";"00:14:15:22";"FABst*t Union drei Tore.ÿÿ7ï"
"642";"00:14:15:22";"00:14:19:09";"Innerhalb von 17 Minuten

macht Union drei Tore."
"643";"00:14:20:13";"00:14:20:13";"FABstêL Das sind Momente, die zeigen:ÿÿ&b"
"644";"00:14:20:13";"00:14:23:00";"Das sind Momente, die zeigen:"
"645";"00:14:23:13";"00:14:23:13";"FABstëdWenn du unten stehst, musst du dir( ( H"
"646";"00:14:23:13";"00:14:23:13";"FABst<das Glück hart erarbeiten.ÿÿ%B<u>"
"647";"00:14:23:13";"00:14:28:10";"Wenn du unten stehst, musst du dir

das GlÈuck hart erarbeiten."
"648";"00:14:29:14";"00:14:29:14";"FABstìP Stuttgarts Fans haben Redebedarf,ÿÿ#¼"
"649";"00:14:29:14";"00:14:32:00";"Stuttgarts Fans haben Redebedarf,"
"650";"00:14:32:02";"00:14:32:02";"FABstíd denn ihre Mannschaft ( ( bleibªÒ"
"651";"00:14:32:02";"00:14:32:02";"FABst*t Tabellenletzter.ÿÿ7×"
"652";"00:14:32:02";"00:14:35:01";"denn ihre Mannschaft

bleibt Tabellenletzter."
"653";"00:14:36:20";"00:14:36:20";"FABstîdAuch bei Leipzig gibt es Redebedarf( ( Éä"
"654";"00:14:36:20";"00:14:36:20";"FABst:nach dem 0:3 gegen Mainz.ÿÿ'»Þ"
"655";"00:14:36:20";"00:14:41:01";"Auch bei Leipzig gibt es Redebedarf

nach dem 0:3 gegen Mainz."
"656";"00:14:41:03";"00:14:41:03";"FABstïd Die Mainzer rocken die Liga,( ( sind zw²"
"657";"00:14:41:03";"00:14:41:03";"FABst:eitbestes Rückrunden-Team.ÿÿ' 2"
"658";"00:14:41:03";"00:14:45:02";"Die Mainzer rocken die Liga,

sind zweitbestes RÈuckrunden-Team."
"659";"00:14:45:04";"00:14:45:04";"FABstðd Leipzig bleibt( ( im dritten Pfl2"
"660";"00:14:45:04";"00:14:45:04";"FABst4ichtspiel ohne Treffer.ÿÿ-÷È"
"661";"00:14:45:04";"00:14:48:24";"Leipzig bleibt

im dritten Pflichtspiel ohne Treffer."
"662";"00:14:49:23";"00:14:49:23";"FABstñd Da half auch das Glücksritual( ( von RB-S+º"
"663";"00:14:49:23";"00:14:49:23";"FABst:portvorstand Eberl nichts.ÿÿ'"
"664";"00:14:49:23";"00:14:54:15";"Da half auch das GlÈucksritual

von RB-Sportvorstand Eberl nichts."
"665";"00:14:55:03";"00:14:55:03";"FABstòd Er isst angeblich vor jedem Spiel( ( drei ßò"
"666";"00:14:55:03";"00:14:55:03";"FABstBButterbrezeln für drei Punkte.ÿÿ5""
"667";"00:14:55:03";"00:15:00:00";"Er isst angeblich vor jedem Spiel

drei Butterbrezeln fÈur drei Punkte."
"668";"00:15:00:15";"00:15:00:15";"FABstóL Diesmal gab es drei Gegentore.ÿÿð"
"669";"00:15:00:15";"00:15:02:21";"Diesmal gab es drei Gegentore."
"670";"00:15:04:16";"00:15:04:16";"FABstô> Was für ein Tor!'º"
"671";"00:15:04:16";"00:15:05:23";"Was fÈur ein Tor!"
"672";"00:15:06:00";"00:15:06:00";"FABstõJ Eins, dass du dir einrahmst,]Ì"
"673";"00:15:06:00";"00:15:08:07";"Eins, dass du dir einrahmst,"
"674";"00:15:08:22";"00:15:08:22";"FABstöd dieser Hackentrick( ( von Lud
Ü"
"675";"00:15:08:22";"00:15:08:22";"FABst&ovicque Ajorque.C¶h"
"676";"00:15:08:22";"00:15:12:03";"dieser Hackentrick

von Ludovicque Ajorque."
"677";"00:15:12:07";"00:15:12:07";"FABst÷d Oder die Bewerbung( ( für dasSä"
"678";"00:15:12:07";"00:15:12:07";"FABst& Tor des Monats.ÿÿ;ï8"
"679";"00:15:12:07";"00:15:15:12";"Oder die Bewerbung

fÈur das Tor des Monats."
"680";"00:15:17:17";"00:15:17:17";"FABstød Aber viel wichtiger ist,( ( dass wir¾r"
"681";"00:15:17:17";"00:15:17:17";"FABst: das Spiel gewonnen haben./¢"
"682";"00:15:17:17";"00:15:21:24";"Aber viel wichtiger ist,

dass wir das Spiel gewonnen haben."
"683";"00:15:22:01";"00:15:22:01";"FABstùd Wenn es Tor des Monats wird,( ( ÿ"
"684";"00:15:22:01";"00:15:22:01";"FABst$um so besser.E£²"
"685";"00:15:22:01";"00:15:24:18";"Wenn es Tor des Monats wird,

um so besser."
"686";"00:15:24:20";"00:15:24:20";"FABstúd So eins( ( habe ich noch nè$"
"687";"00:15:24:20";"00:15:24:20";"FABst"ie geschossen.ÿÿ?ì""
"688";"00:15:24:20";"00:15:27:14";"So eins

habe ich noch nie geschossen."
"689";"00:15:31:07";"00:15:31:07";"FABstûd Mainz 05( ( kommt mit dem SeÂÖ"
"690";"00:15:31:07";"00:15:31:07";"FABst$lbstverständnisÿÿ="
"691";"00:15:31:07";"00:15:33:24";"Mainz 05

kommt mit dem SelbstverstÈandnis"
"692";"00:15:34:01";"00:15:34:01";"FABstüPvon sechs Spielen ohne Niederlage.ÿÿ "
"693";"00:15:34:01";"00:15:36:19";"von sechs Spielen ohne Niederlage."
"694";"00:15:37:01";"00:15:37:01";"FABstýd Geht in der 9. Minute verdient( ( in Fë~"
"695";"00:15:37:01";"00:15:37:01";"FABst6ührung durch Ingvartson.ÿÿ+ª"
"696";"00:15:37:01";"00:15:40:23";"Geht in der 9. Minute verdient

in FÈuhrung durch Ingvartson."
"697";"00:15:41:00";"00:15:41:00";"FABstþd Den Ball von Barreiro( ( kann êì"
"698";"00:15:41:00";"00:15:41:00";"FABst*Blaswich abwehren,ÿÿ7Õ:"
"699";"00:15:41:00";"00:15:44:01";"Den Ball von Barreiro

kann Blaswich abwehren,"
"700";"00:15:44:03";"00:15:44:03";"FABstÿd dann Marcus Ingvartsen( ( mit se"
"701";"00:15:44:03";"00:15:44:03";"FABst*inem 9. Saisontor.ÿÿ7"
"702";"00:15:44:03";"00:15:47:13";"dann Marcus Ingvartsen

mit seinem 9. Saisontor."
"703";"00:15:48:03";"00:15:48:03";"FABstd Leipzig wirkt verunsichert,( ( .`"
"704";"00:15:48:03";"00:15:48:03";"FABst*Mainz blühte auf.ÿÿ7}"
"705";"00:15:48:03";"00:15:51:08";"Leipzig wirkt verunsichert,

Mainz blÈuhte auf."
"706";"00:15:51:13";"00:15:51:13";"FABstL Der FSV legt wunderschön nach.z "
"707";"00:15:51:13";"00:15:53:20";"Der FSV legt wunderschÈon nach."
"708";"00:15:53:22";"00:15:53:22";"FABstd Ein Gedicht, wie Ajorg( ( den Balll¾"
"709";"00:15:53:22";"00:15:53:22";"FABst0 ins Netz streichelt.ÿÿ1¼Â"
"710";"00:15:53:22";"00:15:57:05";"Ein Gedicht, wie Ajorg

den Ball ins Netz streichelt."
"711";"00:15:57:08";"00:15:57:08";"FABstdSo ein Tor habe er noch nie gemacht,( ( ."
"712";"00:15:57:08";"00:15:57:08";"FABst, sagt er.ÿÿ5Ì"
"713";"00:15:57:08";"00:16:00:07";"So ein Tor habe er noch nie gemacht,

sagt er."
"714";"00:16:00:09";"00:16:00:09";"FABstd Es war so gewollt ( ( in de|"
"715";"00:16:00:09";"00:16:00:09";"FABst r 57. Minute.ÿÿAÒ<i>"
"716";"00:16:00:09";"00:16:03:01";"Es war so gewollt

in der 57. Minute."
"717";"00:16:03:24";"00:16:03:24";"FABstd Mainz war den Leipzigern( ( in allew¬"
"718";"00:16:03:24";"00:16:03:24";"FABst0n Belangen überlegen.ÿÿ1h"
"719";"00:16:03:24";"00:16:07:20";"Mainz war den Leipzigern

in allen Belangen Èuberlegen."
"720";"00:16:07:22";"00:16:07:22";"FABstd Die entfernen sich weiter( ( von den Ca4"
"721";"00:16:07:22";"00:16:07:22";"FABst4hampions-League-Zielen.ÿÿ-Ûî"
"722";"00:16:07:22";"00:16:11:21";"Die entfernen sich weiter

von den Champions-League-Zielen."
"723";"00:16:11:23";"00:16:11:23";"FABstd Kohr mit dem 3:0 schießt Mainz( ( weiteÎ"
"724";"00:16:11:23";"00:16:11:23";"FABst8r Richtung Europa League.ÿÿ)»è"
"725";"00:16:11:23";"00:16:15:23";"Kohr mit dem 3:0 schieût Mainz

weiter Richtung Europa League."
"726";"00:16:16:00";"00:16:16:00";"FABstd Und Ajorque( ( darf vom Tor desH"
"727";"00:16:16:00";"00:16:16:00";"FABst& Monats träumen.ÿÿ;4"
"728";"00:16:16:00";"00:16:19:04";"Und Ajorque

darf vom Tor des Monats trÈaumen."
"729";"00:16:23:07";"00:16:23:07";"FABstF Die weiteren Ergebnisse:ÿÿÈ("
"730";"00:16:23:07";"00:16:25:00";"Die weiteren Ergebnisse:"
"731";"00:16:57:18";"00:16:57:18";"FABstd Dirk Nowitzki erhält( ( eine ¿@"
"732";"00:16:57:18";"00:16:57:18";"FABst$besondere Ehre.ÿÿ=£N"
"733";"00:16:57:18";"00:17:00:14";"Dirk Nowitzki erhÈalt

eine besondere Ehre."
"734";"00:17:00:18";"00:17:00:18";"FABstd Der Ex-Basketballer( ( wird alE2"
"735";"00:17:00:18";"00:17:00:18";"FABst*s erster Deutscherÿÿ7Ë"
"736";"00:17:00:18";"00:17:03:18";"Der Ex-Basketballer

wird als erster Deutscher"
"737";"00:17:03:20";"00:17:03:20";"FABstd in die Hall of Fame,( ( die RuhmeshB¶"
"738";"00:17:03:20";"00:17:03:20";"FABst:alle der NBA, aufgenommen.ÿÿ'<"
"739";"00:17:03:20";"00:17:07:16";"in die Hall of Fame,

die Ruhmeshalle der NBA, aufgenommen."
"740";"00:17:08:11";"00:17:08:11";"FABstd Nowitzki hatte bis( ( zu seinem"
"741";"00:17:08:11";"00:17:08:11";"FABst* Karriereende 2019ÿÿ7Á6"
"742";"00:17:08:11";"00:17:11:14";"Nowitzki hatte bis

zu seinem Karriereende 2019"
"743";"00:17:11:16";"00:17:11:16";"FABstPfür die Dallas Mavericks gespielt.ÿÿd¬"
"744";"00:17:11:16";"00:17:14:03";"fÈur die Dallas Mavericks gespielt."
"745";"00:17:14:24";"00:17:14:24";"FABstd Der Würzburger führte sein Team( ( Aº"
"746";"00:17:14:24";"00:17:14:24";"FABst22011 zur Meisterschaftÿÿ/ÕÀ"
"747";"00:17:14:24";"00:17:18:17";"Der WÈurzburger fÈuhrte sein Team

2011 zur Meisterschaft"
"748";"00:17:18:19";"00:17:18:19";"FABstd und holte damals( ( als erster DÐ"
"749";"00:17:18:19";"00:17:18:19";"FABst,eutscher den Titel.ÿÿ5þê"
"750";"00:17:18:19";"00:17:21:23";"und holte damals

als erster Deutscher den Titel."
"751";"00:17:23:04";"00:17:23:04";"FABstd Vorletzter Winter-Wettkampftag( ("
"752";"00:17:23:04";"00:17:23:04";"FABst.für die Skispringer.ÿÿ3"
"753";"00:17:23:04";"00:17:26:11";"Vorletzter Winter-Wettkampftag

fÈur die Skispringer."
"754";"00:17:26:13";"00:17:26:13";"FABstd In Slowenien gab es heute( ( kuriose*"
"755";"00:17:26:13";"00:17:26:13";"FABst6rweise zwei Wettbewerbe.ÿÿ+º"
"756";"00:17:26:13";"00:17:30:05";"In Slowenien gab es heute

kurioserweise zwei Wettbewerbe."
"757";"00:17:30:08";"00:17:30:08";"FABstd Mit der Mannschaft( ( landete rì"
"758";"00:17:30:08";"00:17:30:08";"FABst(das deutsche Teamÿÿ9ª¸"
"759";"00:17:30:08";"00:17:32:24";"Mit der Mannschaft

landete das deutsche Team"
"760";"00:17:33:01";"00:17:33:01";"FABstD chancenlos auf Rang 5.ÿÿÂ6"
"761";"00:17:33:01";"00:17:34:15";"chancenlos auf Rang 5."
"762";"00:17:34:17";"00:17:34:17";"FABstd Der Sieg ging an Österreich,( ( vor SçÎ"
"763";"00:17:34:17";"00:17:34:17";"FABst4lowenien und Norwegen. ÿÿ-µ:"
"764";"00:17:34:17";"00:17:38:12";"Der Sieg ging an ÈOsterreich,

vor Slowenien und Norwegen."
"765";"00:17:39:08";"00:17:39:08";"FABstd Zuvor hatte( ( der Österreic 2"
"766";"00:17:39:08";"00:17:39:08";"FABst&her Stefan Kraftÿÿ;îÒ"
"767";"00:17:39:08";"00:17:42:14";"Zuvor hatte

der ÈOsterreicher Stefan Kraft"
"768";"00:17:42:16";"00:17:42:16";"FABstd das nachgeholte( ( Einzel-Skifä"
"769";"00:17:42:16";"00:17:42:16";"FABst(fliegen gewonnen.Aäð"
"770";"00:17:42:16";"00:17:45:05";"das nachgeholte

Einzel-Skifliegen gewonnen."
"771";"00:17:45:07";"00:17:45:07";"FABstd Er flog mit 239,5 Metern( ( am weq"
"772";"00:17:45:07";"00:17:45:07";"FABst,itesten und erhielt= "
"773";"00:17:45:07";"00:17:48:21";"Er flog mit 239,5 Metern

am weitesten und erhielt"
"774";"00:17:48:23";"00:17:48:23";"FABstJ herausragende Haltungsnoten.ÿÿ¬"
"775";"00:17:48:23";"00:17:51:00";"herausragende Haltungsnoten."
"776";"00:17:51:21";"00:17:51:21";"FABstd Mit einem weiteren Sieg( ( morgen kane"
"777";"00:17:51:21";"00:17:51:21";"FABst8n Kraft die Kristallkugelÿÿ)Öz"
"778";"00:17:51:21";"00:17:55:18";"Mit einem weiteren Sieg

morgen kann Kraft die Kristallkugel"
"779";"00:17:55:20";"00:17:55:20";"FABstd als bester Skiflieger( ( des d"
"780";"00:17:55:20";"00:17:55:20";"FABst(Winters gewinnen.ÿÿ9¥|"
"781";"00:17:55:20";"00:17:58:17";"als bester Skiflieger

des Winters gewinnen."
"782";"00:18:01:08";"00:18:01:08";"FABstN Dann noch die Wetteraussichten.ÿÿú0"
"783";"00:18:01:08";"00:18:03:12";"Dann noch die Wetteraussichten."
"784";"00:18:03:14";"00:18:03:14";"FABstd Und die, Karsten,( ( bitte oi"
"785";"00:18:03:14";"00:18:03:14";"FABst&hne Aprilscherz.ÿÿ;Îº"
"786";"00:18:03:14";"00:18:06:02";"Und die, Karsten,

bitte ohne Aprilscherz."
"787";"00:18:12:20";"00:18:12:20";"FABstN Ich habe ein Foto herausgesucht.ÿÿÊ^"
"788";"00:18:12:20";"00:18:16:10";"Ich habe ein Foto herausgesucht."
"789";"00:18:16:14";"00:18:16:14";"FABstH Das ist kein Aprilscherz.ÿÿêà"
"790";"00:18:16:14";"00:18:20:20";"Das ist kein Aprilscherz."
"791";"00:18:20:24";"00:18:20:24";"FABst d Heute Abend in Flensburg( ( warø"
"792";"00:18:20:24";"00:18:20:24";"FABst&r blauer Himmel.ÿÿ;X"
"793";"00:18:20:24";"00:18:27:12";"Heute Abend in Flensburg

war blauer Himmel."
"794";"00:18:28:20";"00:18:28:20";"FABst!J Das Foto ist von 18.10 Uhr.ÿÿ\"
"795";"00:18:28:20";"00:18:34:04";"Das Foto ist von 18.10 Uhr."
"796";"00:18:34:08";"00:18:34:08";"FABst"d Kurze Zeit später( ( fast wolkenlò"
"797";"00:18:34:08";"00:18:34:08";"FABst0oser Himmel in Husum.ÿÿ1"
"798";"00:18:34:08";"00:18:38:08";"Kurze Zeit spÈater

fast wolkenloser Himmel in Husum."
"799";"00:18:38:12";"00:18:38:12";"FABst#D Was war im Norden los?ÿÿÌ"
"800";"00:18:38:12";"00:18:42:00";"Was war im Norden los?"
"801";"00:18:42:03";"00:18:42:03";"FABst$d Es war trockene Luft( ( aus î"
"802";"00:18:42:03";"00:18:42:03";"FABst"Skandinavien. ÿÿ?ßT"
"803";"00:18:42:03";"00:18:48:07";"Es war trockene Luft

aus Skandinavien."
"804";"00:18:52:01";"00:18:52:01";"FABst%d Fast überall in Deutschland( ( </u>Â"
"805";"00:18:52:01";"00:18:52:01";"FABst$ viel Regen.ÿÿ=·~"
"806";"00:18:52:01";"00:18:56:01";"Fast Èuberall in Deutschland

viel Regen."
"807";"00:18:56:05";"00:18:56:05";"FABst&N Hier oben ist die trockene Luft.ÿÿ¿"
"808";"00:18:56:05";"00:19:01:22";"Hier oben ist die trockene Luft."
"809";"00:19:02:01";"00:19:02:01";"FABst'd Die wird sich morgen( ( in DeutsÔ"
"810";"00:19:02:01";"00:19:02:01";"FABst,chland durchsetzen.ÿÿ5þ"
"811";"00:19:02:01";"00:19:05:21";"Die wird sich morgen

in Deutschland durchsetzen."
"812";"00:19:06:00";"00:19:06:00";"FABst(RDie Wolken bewegen sich nach Süden.ÿÿKÜ"
"813";"00:19:06:00";"00:19:09:10";"Die Wolken bewegen sich nach SÈuden."
"814";"00:19:09:14";"00:19:09:14";"FABst)L Im Norden wird die Nacht klar.ÿÿ¢t"
"815";"00:19:09:14";"00:19:13:03";"Im Norden wird die Nacht klar."
"816";"00:19:13:07";"00:19:13:07";"FABst*d Der Regen morgen( ( am Tag num~"
"817";"00:19:13:07";"00:19:13:07";"FABst&r noch im Süden.ÿÿ;BR"
"818";"00:19:13:07";"00:19:18:10";"Der Regen morgen

am Tag nur noch im SÈuden."
"819";"00:19:18:14";"00:19:18:14";"FABst+d Am Nachmittag vereinzelt( ( mit CH"
"820";"00:19:18:14";"00:19:18:14";"FABst*Blitz und Donner. ÿÿ7ô "
"821";"00:19:18:14";"00:19:21:22";"Am Nachmittag vereinzelt

mit Blitz und Donner."
"822";"00:19:22:01";"00:19:22:01";"FABst,@ Im Norden sonnig.ÿÿ@"
"823";"00:19:22:01";"00:19:26:17";"Im Norden sonnig."
"824";"00:19:36:23";"00:19:36:23";"FABst-F Die weiteren Aussichten:ÿÿðÌ"
"825";"00:19:36:23";"00:19:40:08";"Die weiteren Aussichten:"
"826";"00:19:40:12";"00:19:40:12";"FABst.d Es gibt viel Sonne( ( in den ø"
"827";"00:19:40:12";"00:19:40:12";"FABst$nächsten Tagen.ÿÿ=.8"
"828";"00:19:40:12";"00:19:42:23";"Es gibt viel Sonne

in den nÈachsten Tagen."
"829";"00:19:43:20";"00:19:43:20";"FABst/F Karsten Schwanke, danke.ÿÿ</i>°"
"830";"00:19:43:20";"00:19:45:12";"Karsten Schwanke, danke."
"831";"00:19:46:09";"00:19:46:09";"FABst0H Das waren die tagesthemen.ÿÿ"
"832";"00:19:46:09";"00:19:48:10";"Das waren die tagesthemen."
"833";"00:19:48:12";"00:19:48:12";"FABst1d Im Ersten geht es weiter ( ( mit dØ"
"834";"00:19:48:12";"00:19:48:12";"FABst2em "Wort zum Sonntag".ÿÿ/äâ"
"835";"00:19:48:12";"00:19:51:19";"Im Ersten geht es weiter

mit dem "Wort zum Sonntag"."
"836";"00:19:51:21";"00:19:51:21";"FABst2d Mit Gedanken( ( über die komÕz"
"837";"00:19:51:21";"00:19:51:21";"FABst$mende Karwoche.ÿÿ=³<"
"838";"00:19:51:21";"00:19:54:12";"Mit Gedanken

Èuber die kommende Karwoche."
"839";"00:19:54:14";"00:19:54:14";"FABst3d Die tagesthemen( ( sind morg1\"
"840";"00:19:54:14";"00:19:54:14";"FABst en wieder da.ÿÿA¤"
"841";"00:19:54:14";"00:19:57:01";"Die tagesthemen

sind morgen wieder da."
"842";"00:19:57:03";"00:19:57:03";"FABst4TDann begrüßt Sie hier Caren Miosga.ÿÿÉ"
"843";"00:19:57:03";"00:19:59:13";"Dann begrÈuût Sie hier Caren Miosga."
"844";"00:19:59:15";"00:19:59:15";"FABst5d Wir wünschen( ( einen schöne5&"
"845";"00:19:59:15";"00:19:59:15";"FABst$n Palm-Sonntag.ÿÿ=Çf"
"846";"00:19:59:15";"00:20:02:09";"Wir wÈunschen

einen schÈonen Palm-Sonntag."
"847";"00:20:02:11";"00:20:02:11";"FABst66 Tschüss.ÿÿ'"
"848";"00:20:02:11";"00:20:03:15";"TschÈuss."
"849";"00:20:03:16";"00:20:03:16";"FABst7d Tschüss -( ( und bleiben sie·Â"
"850";"00:20:03:16";"00:20:03:16";"FABst& zuversichtlich.ÿÿ;ûX"
"851";"00:20:03:16";"00:20:06:09";"TschÈuss -

und bleiben sie zuversichtlich."
"852";"00:20:06:11";"00:20:06:11";"FABst8LCopyright Untertitel: NDR 2023ÿÿ¤¾"
"853";"00:20:06:11";"00:20:08:17";"Copyright Untertitel: NDR 2023"
