No.;Timecode In;Timecode Out;Subtitle
"1";"00:00:03:00";"00:00:03:00";"FABst6 * Gong *ÿÿZZZZZZZZZZ¥¥ã¥¥¥¥¥6"
"2";"00:00:03:00";"00:00:03:00";"FABst¥¥¥á¥¥à¥ã¥¥¥¥§ª¦ªîªªªGÌ"
"3";"00:00:03:00";"00:00:04:03";"* Gong *"
"4";"00:00:04:08";"00:00:04:08";"FABstdHier ist das Erste Deutsche Fernsehen( ( 9"
"5";"00:00:04:08";"00:00:04:08";"FABst: mit der tagesschau.ÿÿ'õþ"
"6";"00:00:04:08";"00:00:08:07";"Hier ist das Erste Deutsche Fernsehen

mit der tagesschau."
"7";"00:00:08:22";"00:00:08:22";"FABstd Diese Sendung wurde vom NDR( ( live Af"
"8";"00:00:08:22";"00:00:08:22";"FABst6untertitelt (10.06.2023)ÿÿ+¹°"
"9";"00:00:08:22";"00:00:13:07";"Diese Sendung wurde vom NDR

live untertitelt (10.06.2023)"
"10";"00:00:15:10";"00:00:15:10";"FABstP Heute im Studio: Susanne Daubner.ÿÿïD"
"11";"00:00:15:10";"00:00:17:21";"Heute im Studio: Susanne Daubner."
"12";"00:00:18:20";"00:00:18:20";"FABstd Guten Abend,( ( ich begrüße Si3¦"
"13";"00:00:18:20";"00:00:18:20";"FABst(e zur tagesschau.A¯R"
"14";"00:00:18:20";"00:00:21:23";"Guten Abend,

ich begrÈuûe Sie zur tagesschau."
"15";"00:00:22:16";"00:00:22:16";"FABstPDie Ukraine hat offenbar begonnen,ÿÿùÎ"
"16";"00:00:22:16";"00:00:24:21";"Die Ukraine hat offenbar begonnen,"
"17";"00:00:25:01";"00:00:25:01";"FABstd Angriffe gegen russische Truppen( ( cô"
"18";"00:00:25:01";"00:00:25:01";"FABst* zu verstärken.ÿÿ7a"
"19";"00:00:25:01";"00:00:28:07";"Angriffe gegen russische Truppen

zu verstÈarken."
"20";"00:00:28:12";"00:00:28:12";"FABstd Präsident Selenskyj sprach ( ( von "ì"
"21";"00:00:28:12";"00:00:28:12";"FABst6Gegenoffensiv-Aktionen",ÿÿ+¨æ"
"22";"00:00:28:12";"00:00:31:22";"PrÈasident Selenskyj sprach

von "Gegenoffensiv-Aktionen","
"23";"00:00:32:02";"00:00:32:02";"FABstP wollte aber keine Details nennen.ÿÿ>"
"24";"00:00:32:02";"00:00:34:07";"wollte aber keine Details nennen."
"25";"00:00:34:11";"00:00:34:11";"FABstd Ob es sich um die erwartete( ( GroßoffÞ6"
"26";"00:00:34:11";"00:00:34:11";"FABstBensive handelt, ließ er offen.ÿÿø"
"27";"00:00:34:11";"00:00:39:04";"Ob es sich um die erwartete

Groûoffensive handelt, lieû er offen."
"28";"00:00:39:09";"00:00:39:09";"FABstd Russland hatte erklärt,( ( dieÆÎ"
"29";"00:00:39:09";"00:00:39:09";"FABst*se laufe bereits. ÿÿ7í"
"30";"00:00:39:09";"00:00:42:18";"Russland hatte erklÈart,

diese laufe bereits."
"31";"00:00:42:23";"00:00:42:23";"FABstd Kampfhandlungen( ( werden weOè"
"32";"00:00:42:23";"00:00:42:23";"FABst&iterhin gemeldetÿÿ;¦"
"33";"00:00:42:23";"00:00:45:13";"Kampfhandlungen

werden weiterhin gemeldet"
"34";"00:00:45:17";"00:00:45:17";"FABstd aus der Überflutungsregion( ( um </u>"
"35";"00:00:45:17";"00:00:45:17";"FABst*die Stadt Cherson.ÿÿ7®´"
"36";"00:00:45:17";"00:00:48:18";"aus der ÈUberflutungsregion

um die Stadt Cherson."
"37";"00:00:48:22";"00:00:48:22";"FABstdDort sinkt nach dem Staudamm-Bruch( ( deCÎ"
"38";"00:00:48:22";"00:00:48:22";"FABst8r Wasserstand allmählich.ÿÿ)cB"
"39";"00:00:48:22";"00:00:52:14";"Dort sinkt nach dem Staudamm-Bruch

der Wasserstand allmÈahlich."
"40";"00:00:54:03";"00:00:54:03";"FABstd Die letzte intakte Tankstelle( ( 9ô"
"41";"00:00:54:03";"00:00:54:03";"FABst& vor Cherson.C¶¼"
"42";"00:00:54:03";"00:00:57:02";"Die letzte intakte Tankstelle

vor Cherson."
"43";"00:00:57:23";"00:00:57:23";"FABstdFreiwillige und Hilfsorganisationen( ( t¸"
"44";"00:00:57:23";"00:00:57:23";"FABst2 machen hier Pause.7<u>"
"45";"00:00:57:23";"00:01:01:05";"Freiwillige und Hilfsorganisationen

machen hier Pause."
"46";"00:01:02:02";"00:01:02:02";"FABstB Wir schicken 80 Lkw#"
"47";"00:01:02:02";"00:01:03:21";"Wir schicken 80 Lkw"
"48";"00:01:05:07";"00:01:05:07";"FABstd mit Lebensmitteln( ( und Wasslî"
"49";"00:01:05:07";"00:01:05:07";"FABst(er in die Region.Aß¬"
"50";"00:01:05:07";"00:01:08:17";"mit Lebensmitteln

und Wasser in die Region."
"51";"00:01:10:14";"00:01:10:14";"FABstdDie Tankstelle ist voll mit Soldaten( ( unMú"
"52";"00:01:10:14";"00:01:10:14";"FABstFd internationalen Freiwilligen. ÿÿÒ"
"53";"00:01:10:14";"00:01:14:18";"Die Tankstelle ist voll mit Soldaten

und internationalen Freiwilligen."
"54";"00:01:14:22";"00:01:14:22";"FABstdWir bringen Medikamente und Sachen,( ( dI"
"55";"00:01:14:22";"00:01:14:22";"FABstFie in Cherson angefragt werden, ÿÿd"
"56";"00:01:14:22";"00:01:19:10";"Wir bringen Medikamente und Sachen,

die in Cherson angefragt werden,"
"57";"00:01:19:15";"00:01:19:15";"FABstd wie Medizin,( ( die wird besoV"
"58";"00:01:19:15";"00:01:19:15";"FABst&nders gebraucht.ÿÿ;é"
"59";"00:01:19:15";"00:01:22:12";"wie Medizin,

die wird besonders gebraucht."
"60";"00:01:23:16";"00:01:23:16";"FABstd In Cherson( ( stehen täglich°b"
"61";"00:01:23:16";"00:01:23:16";"FABst" mehr Menschenÿÿ?×h"
"62";"00:01:23:16";"00:01:25:22";"In Cherson

stehen tÈaglich mehr Menschen"
"63";"00:01:25:24";"00:01:25:24";"FABstRin Hilfszentren für Trinkwasser an.ÿÿb"
"64";"00:01:25:24";"00:01:28:06";"in Hilfszentren fÈur Trinkwasser an."
"65";"00:01:28:22";"00:01:28:22";"FABstd Wolodymir hat auf der russisch( ( beseî"
"66";"00:01:28:22";"00:01:28:22";"FABst6tzten Flussseite gelebt.ÿÿ+</u>È"
"67";"00:01:28:22";"00:01:32:16";"Wolodymir hat auf der russisch

besetzten Flussseite gelebt."
"68";"00:01:33:12";"00:01:33:12";"FABstJ Das ist alles, was ich hab.@"
"69";"00:01:33:12";"00:01:35:03";"Das ist alles, was ich hab."
"70";"00:01:35:05";"00:01:35:05";"FABstd So hab ich das Haus verlassen,( ( alstÚ"
"71";"00:01:35:05";"00:01:35:05";"FABst4 wir überflutet wurden.5¼"
"72";"00:01:35:05";"00:01:38:22";"So hab ich das Haus verlassen,

als wir Èuberflutet wurden."
"73";"00:01:39:03";"00:01:39:03";"FABstd Die Leiterin des Zentrums,( ( früher Mø"
"74";"00:01:39:03";"00:01:39:03";"FABst@odedesignerin, ist übermüdet.ÿÿ!á"
"75";"00:01:39:03";"00:01:43:10";"Die Leiterin des Zentrums,

frÈuher Modedesignerin, ist ÈubermÈudet."
"76";"00:01:44:22";"00:01:44:22";"FABstN Die Leute haben alles verloren.±"
"77";"00:01:44:22";"00:01:47:09";"Die Leute haben alles verloren."
"78";"00:01:49:09";"00:01:49:09";"FABstd Wenn sie herkommen,( ( haben sie nip"
"79";"00:01:49:09";"00:01:49:09";"FABst.cht mal Unterwäsche.;º"
"80";"00:01:49:09";"00:01:52:10";"Wenn sie herkommen,

haben sie nicht mal UnterwÈasche."
"81";"00:01:52:12";"00:01:52:12";"FABstH Darum brauchen wir alles.ÿÿûà"
"82";"00:01:52:12";"00:01:54:03";"Darum brauchen wir alles."
"83";"00:01:54:08";"00:01:54:08";"FABstd Cherson hat in den letzten Tagen( ( Y"
"84";"00:01:54:08";"00:01:54:08";"FABst.25 Angriffe erlebt,ÿÿ3î¤"
"85";"00:01:54:08";"00:01:57:24";"Cherson hat in den letzten Tagen

25 Angriffe erlebt,"
"86";"00:01:58:05";"00:01:58:05";"FABst D auch auf Wohngebiete.ÿÿ¸þ"
"87";"00:01:58:05";"00:01:59:20";"auch auf Wohngebiete."
"88";"00:02:00:01";"00:02:00:01";"FABst!d Dieses Haus( ( wurde Donneryb"
"89";"00:02:00:01";"00:02:00:01";"FABst$stag getroffen.ÿÿ=""
"90";"00:02:00:01";"00:02:02:10";"Dieses Haus

wurde Donnerstag getroffen."
"91";"00:02:02:12";"00:02:02:12";"FABst"d Es liegt am Fluss,( ( und damð"
"92";"00:02:02:12";"00:02:02:12";"FABst&it an der Front.ÿÿ;Þ<"
"93";"00:02:02:12";"00:02:05:00";"Es liegt am Fluss,

und damit an der Front."
"94";"00:02:05:02";"00:02:05:02";"FABst#d Viele Helfer dürfen deshalb( ( ni<u>r"
"95";"00:02:05:02";"00:02:05:02";"FABst0cht mehr ans Wasser -ÿÿ1ñî"
"96";"00:02:05:02";"00:02:07:24";"Viele Helfer dÈurfen deshalb

nicht mehr ans Wasser -"
"97";"00:02:08:01";"00:02:08:01";"FABst$J sie könnten getötet werden.ÿÿáì"
"98";"00:02:08:01";"00:02:09:15";"sie kÈonnten getÈotet werden."
"99";"00:02:09:18";"00:02:09:18";"FABst%P Zudem wird ein Unwetter erwartet.ÿÿÞ"
"100";"00:02:09:18";"00:02:11:18";"Zudem wird ein Unwetter erwartet."
"101";"00:02:11:20";"00:02:11:20";"FABst&d Einige schrecken( ( vor der GeNþ"
"102";"00:02:11:20";"00:02:11:20";"FABst(fahr nicht zurückÿÿ9"
"103";"00:02:11:20";"00:02:14:08";"Einige schrecken

vor der Gefahr nicht zurÈuck"
"104";"00:02:14:10";"00:02:14:10";"FABst'd und bringen Hilfesuchenden ( ( HandyIB"
"105";"00:02:14:10";"00:02:14:10";"FABst6akkus und eine Mahlzeit.ÿÿ+Ëê"
"106";"00:02:14:10";"00:02:18:02";"und bringen Hilfesuchenden

Handyakkus und eine Mahlzeit."
"107";"00:02:19:01";"00:02:19:01";"FABst(d Die Hilfe ist angelaufen,( ( aus der U"ü"
"108";"00:02:19:01";"00:02:19:01";"FABst4kraine und dem Ausland.5¾"
"109";"00:02:19:01";"00:02:22:16";"Die Hilfe ist angelaufen,

aus der Ukraine und dem Ausland."
"110";"00:02:22:18";"00:02:22:18";"FABst)d Der Wasserpegel sinkt,( ( damit wiF"
"111";"00:02:22:18";"00:02:22:18";"FABst.rd die Not sichtbar.;ÜÄ"
"112";"00:02:22:18";"00:02:25:16";"Der Wasserpegel sinkt,

damit wird die Not sichtbar."
"113";"00:02:25:20";"00:02:25:20";"FABst*dWas die Menschen hier erwartet, ( ( auch :"
"114";"00:02:25:20";"00:02:25:20";"FABst<militärisch: völlig unklar.ÿÿ%ê"
"115";"00:02:25:20";"00:02:30:02";"Was die Menschen hier erwartet,

auch militÈarisch: vÈollig unklar."
"116";"00:02:32:10";"00:02:32:10";"FABst+d Beim Evangelischen Kirchentag( ( u´"
"117";"00:02:32:10";"00:02:32:10";"FABst& in Nürnbergÿÿ;K"
"118";"00:02:32:10";"00:02:34:21";"Beim Evangelischen Kirchentag

in NÈurnberg"
"119";"00:02:35:00";"00:02:35:00";"FABst,d standen heute( ( politische Thevø"
"120";"00:02:35:00";"00:02:35:00";"FABst,men im Vordergrund.ÿÿ5êò"
"121";"00:02:35:00";"00:02:37:22";"standen heute

politische Themen im Vordergrund."
"122";"00:02:38:01";"00:02:38:01";"FABst-d So wie der Ukraine-Krieg( ( und dil:"
"123";"00:02:38:01";"00:02:38:01";"FABst.e Asylreform der EU.ÿÿ3ÞF"
"124";"00:02:38:01";"00:02:41:10";"So wie der Ukraine-Krieg

und die Asylreform der EU."
"125";"00:02:41:15";"00:02:41:15";"FABst.d Der Bundeskanzler verteidigte( ( bei""
"126";"00:02:41:15";"00:02:41:15";"FABst6 einer Podiums-Befragungÿÿ+¸Þ"
"127";"00:02:41:15";"00:02:44:24";"Der Bundeskanzler verteidigte

bei einer Podiums-Befragung"
"128";"00:02:45:03";"00:02:45:03";"FABst/d das Vorhaben,( ( die Asylverfahà"
"129";"00:02:45:03";"00:02:45:03";"FABst,ren zu verschärfen.ÿÿ5Nè"
"130";"00:02:45:03";"00:02:47:21";"das Vorhaben,

die Asylverfahren zu verschÈarfen."
"131";"00:02:48:00";"00:02:48:00";"FABst0P Es gehe um Solidarität in Europa.ÿÿ"
"132";"00:02:48:00";"00:02:50:11";"Es gehe um SolidaritÈat in Europa."
"133";"00:02:50:15";"00:02:50:15";"FABst1dDie EU-Staaten hatten vereinbart, ( ( dass ª"
"134";"00:02:50:15";"00:02:50:15";"FABst@Migranten an den Außengrenzenÿÿ!°"
"135";"00:02:50:15";"00:02:54:21";"Die EU-Staaten hatten vereinbart,

dass Migranten an den Auûengrenzen"
"136";"00:02:55:00";"00:02:55:00";"FABst2d zwingend registriert( ( und dann wL@"
"137";"00:02:55:00";"00:02:55:00";"FABst0eiterverteilt werden.ÿÿ1</u>P"
"138";"00:02:55:00";"00:02:59:19";"zwingend registriert

und dann weiterverteilt werden."
"139";"00:02:59:21";"00:02:59:21";"FABst3d Abschiebungen( ( sollen erlei&²"
"140";"00:02:59:21";"00:02:59:21";"FABst"chtert werden.ÿÿ?í"
"141";"00:02:59:21";"00:03:03:11";"Abschiebungen

sollen erleichtert werden."
"142";"00:03:03:13";"00:03:03:13";"FABst4d Ihre Wut und Hilflosigkeit( ( haben:"
"143";"00:03:03:13";"00:03:03:13";"FABst0 sie aufgeschrieben: ÿÿ1"
"144";"00:03:03:13";"00:03:08:07";"Ihre Wut und Hilflosigkeit

haben sie aufgeschrieben:"
"145";"00:03:08:09";"00:03:08:09";"FABst5dJesse Huppenbauer von Sea-Watch und ( ( andO"
"146";"00:03:08:09";"00:03:08:09";"FABstHere Seenotrettungs-Organisationen!é"
"147";"00:03:08:09";"00:03:12:11";"Jesse Huppenbauer von Sea-Watch und

andere Seenotrettungs-Organisationen"
"148";"00:03:12:15";"00:03:12:15";"FABst6d haben auf dem Kirchentag ( ( einez6"
"149";"00:03:12:15";"00:03:12:15";"FABst0 Resolution verfasst.ÿÿ1þ"
"150";"00:03:12:15";"00:03:15:14";"haben auf dem Kirchentag

eine Resolution verfasst."
"151";"00:03:15:18";"00:03:15:18";"FABst7d Die verurteilt( ( den EU-As"
"152";"00:03:15:18";"00:03:15:18";"FABst ylkompromiss,ÿÿAµ$"
"153";"00:03:15:18";"00:03:17:23";"Die verurteilt

den EU-Asylkompromiss,"
"154";"00:03:18:02";"00:03:18:02";"FABst8d der künftig Verfahren( ( an den EU-AÒä"
"155";"00:03:18:02";"00:03:18:02";"FABst0ußengrenzen vorsieht.ÿÿ1$("
"156";"00:03:18:02";"00:03:22:00";"der kÈunftig Verfahren

an den EU-Auûengrenzen vorsieht."
"157";"00:03:22:15";"00:03:22:15";"FABst9d Menschenrechte( ( werden aufs8À"
"158";"00:03:22:15";"00:03:22:15";"FABst$ Spiel gesetzt.E"
"159";"00:03:22:15";"00:03:25:16";"Menschenrechte

werden aufs Spiel gesetzt."
"160";"00:03:26:14";"00:03:26:14";"FABst:d Am Ende leiden( ( die Menschen a8@"
"161";"00:03:26:14";"00:03:26:14";"FABst*n Europas Grenzen.?­:"
"162";"00:03:26:14";"00:03:30:00";"Am Ende leiden

die Menschen an Europas Grenzen."
"163";"00:03:30:18";"00:03:30:18";"FABst;N Die Resolution wurde angenommen.ÿÿ¡ì"
"164";"00:03:30:18";"00:03:32:20";"Die Resolution wurde angenommen."
"165";"00:03:33:00";"00:03:33:00";"FABst<d Auch die Spitze( ( der Evange0h"
"166";"00:03:33:00";"00:03:33:00";"FABst"lischen Kircheÿÿ?h"
"167";"00:03:33:00";"00:03:35:12";"Auch die Spitze

der Evangelischen Kirche"
"168";"00:03:35:16";"00:03:35:16";"FABst=d lehnt Schnellverfahren ( ( an d>"
"169";"00:03:35:16";"00:03:35:16";"FABst,en Außengrenzen ab.ÿÿ5]0"
"170";"00:03:35:16";"00:03:38:09";"lehnt Schnellverfahren

an den Auûengrenzen ab."
"171";"00:03:38:13";"00:03:38:13";"FABst>dDie Menschen kommen traumatisiert( ( *ü"
"172";"00:03:38:13";"00:03:38:13";"FABst6an den Außengrenzen an.3H"
"173";"00:03:38:13";"00:03:42:15";"Die Menschen kommen traumatisiert

an den Auûengrenzen an."
"174";"00:03:42:19";"00:03:42:19";"FABst?d Das Erste, was passiert,( ( ist, dass"
"175";"00:03:42:19";"00:03:42:19";"FABst4 sie inhaftiert werden.5þ"
"176";"00:03:42:19";"00:03:46:08";"Das Erste, was passiert,

ist, dass sie inhaftiert werden."
"177";"00:03:46:14";"00:03:46:14";"FABst@RKinder werden erst mal inhaftiert.ÿÿÄ"
"178";"00:03:46:14";"00:03:49:01";"Kinder werden erst mal inhaftiert."
"179";"00:03:49:05";"00:03:49:05";"FABstAdAuch unter den Kirchentagsbesuchern( ( |Ø"
"180";"00:03:49:05";"00:03:49:05";"FABst6überwiegt die Skepsis.ÿÿ+"
"181";"00:03:49:05";"00:03:53:04";"Auch unter den Kirchentagsbesuchern

Èuberwiegt die Skepsis."
"182";"00:03:53:08";"00:03:53:08";"FABstBd Das Grundrecht auf Asyl( ( sollte ni^"
"183";"00:03:53:08";"00:03:53:08";"FABst8cht eingeschränkt werden.1Pâ"
"184";"00:03:53:08";"00:03:57:07";"Das Grundrecht auf Asyl

sollte nicht eingeschrÈankt werden."
"185";"00:03:57:14";"00:03:57:14";"FABstCd Eine Gesellschaft wie die( ( europäi¯|"
"186";"00:03:57:14";"00:03:57:14";"FABst@sche sollte in der Lage sein,)ÇÂ"
"187";"00:03:57:14";"00:04:01:02";"Eine Gesellschaft wie die

europÈaische sollte in der Lage sein,"
"188";"00:04:01:07";"00:04:01:07";"FABstDd sich um Menschen in Not( ( ="
"189";"00:04:01:07";"00:04:01:07";"FABst zu kümmern.I~"
"190";"00:04:01:07";"00:04:03:08";"sich um Menschen in Not

zu kÈummern."
"191";"00:04:03:12";"00:04:03:12";"FABstEd Sie erst mal aufzunehmen( ( undZl"
"192";"00:04:03:12";"00:04:03:12";"FABst& dann zu gucken,C"
"193";"00:04:03:12";"00:04:06:01";"Sie erst mal aufzunehmen

und dann zu gucken,"
"194";"00:04:06:05";"00:04:06:05";"FABstFd was mit ihnen passiert:( ( Das isM^"
"195";"00:04:06:05";"00:04:06:05";"FABst0t der richtigere Weg.9µ"
"196";"00:04:06:05";"00:04:09:03";"was mit ihnen passiert:

Das ist der richtigere Weg."
"197";"00:04:09:07";"00:04:09:07";"FABstGd Bei seinem Auftritt in Nürnberg( ( </i>ê"
"198";"00:04:09:07";"00:04:09:07";"FABst2verteidigt Olaf Scholzÿÿ/òî"
"199";"00:04:09:07";"00:04:12:11";"Bei seinem Auftritt in NÈurnberg

verteidigt Olaf Scholz"
"200";"00:04:12:13";"00:04:12:13";"FABstHF das neue Asylverfahren.ÿÿïì"
"201";"00:04:12:13";"00:04:13:22";"das neue Asylverfahren."
"202";"00:04:13:24";"00:04:13:24";"FABstId Derzeit kämen 80 Prozent( ( der AntragÚ"
"203";"00:04:13:24";"00:04:13:24";"FABst8steller nach Deutschland,ÿÿ)þ8"
"204";"00:04:13:24";"00:04:17:10";"Derzeit kÈamen 80 Prozent

der Antragsteller nach Deutschland,"
"205";"00:04:17:12";"00:04:17:12";"FABstJd ohne vorher in einem( ( EU-Land regið"
"206";"00:04:17:12";"00:04:17:12";"FABst4striert worden zu sein.ÿÿ-"
"207";"00:04:17:12";"00:04:21:06";"ohne vorher in einem

EU-Land registriert worden zu sein."
"208";"00:04:21:13";"00:04:21:13";"FABstKd Ich habe beim Europäischen Rat( ( ü$"
"209";"00:04:21:13";"00:04:21:13";"FABst*den Witz gemacht:?òF"
"210";"00:04:21:13";"00:04:24:17";"Ich habe beim EuropÈaischen Rat

den Witz gemacht:"
"211";"00:04:24:21";"00:04:24:21";"FABstLdDeutschland muss einen großen Strand( ( Å*"
"212";"00:04:24:21";"00:04:24:21";"FABst< am Mittelmeer haben.-¹È"
"213";"00:04:24:21";"00:04:28:19";"Deutschland muss einen groûen Strand

am Mittelmeer haben."
"214";"00:04:29:06";"00:04:29:06";"FABstMdEs kommen mehr Flüchtlinge, die über( ( |®"
"215";"00:04:29:06";"00:04:29:06";"FABstJdas Mittelmeer nach Europa kommen,ÿÿï<"
"216";"00:04:29:06";"00:04:33:12";"Es kommen mehr FlÈuchtlinge, die Èuber

das Mittelmeer nach Europa kommen,"
"217";"00:04:33:14";"00:04:33:14";"FABstNd in Deutschland an, als in( ( den Mitt0æ"
"218";"00:04:33:14";"00:04:33:14";"FABst2elmeeranrainerländern.ÿÿ/?®"
"219";"00:04:33:14";"00:04:36:20";"in Deutschland an, als in

den MittelmeeranrainerlÈandern."
"220";"00:04:36:24";"00:04:36:24";"FABstOd Die Nichtregierungsorganisationen( ( pÊ"
"221";"00:04:36:24";"00:04:36:24";"FABst& hoffen,ÿÿ;ð"
"222";"00:04:36:24";"00:04:39:12";"Die Nichtregierungsorganisationen

hoffen,"
"223";"00:04:39:16";"00:04:39:16";"FABstPd dass das EU-Parlament( ( die Rege("
"224";"00:04:39:16";"00:04:39:16";"FABst*lungen entschärft.ÿÿ7fâ"
"225";"00:04:39:16";"00:04:42:22";"dass das EU-Parlament

die Regelungen entschÈarft."
"226";"00:04:44:05";"00:04:44:05";"FABstQTIn Erding haben etwa 13.000 MenschenÿÿÌ"
"227";"00:04:44:05";"00:04:46:13";"In Erding haben etwa 13.000 Menschen"
"228";"00:04:46:17";"00:04:46:17";"FABstRd gegen das Heizungsgesetz( ( der Ampelp"
"229";"00:04:46:17";"00:04:46:17";"FABst6-Koalition demonstriert.ÿÿ+¦"
"230";"00:04:46:17";"00:04:50:07";"gegen das Heizungsgesetz

der Ampel-Koalition demonstriert."
"231";"00:04:50:11";"00:04:50:11";"FABstSd Den Protest unter dem Motto ( ( "Stoppc"
"232";"00:04:50:11";"00:04:50:11";"FABst6t die Heizungsideologie"ÿÿ+ò"
"233";"00:04:50:11";"00:04:54:08";"Den Protest unter dem Motto

"Stoppt die Heizungsideologie""
"234";"00:04:54:12";"00:04:54:12";"FABstTd hatte die Kabarettistin( ( Monika ?¨"
"235";"00:04:54:12";"00:04:54:12";"FABst2Gruber mitorganisiert.ÿÿ/ÞÈ"
"236";"00:04:54:12";"00:04:58:04";"hatte die Kabarettistin

Monika Gruber mitorganisiert."
"237";"00:04:58:21";"00:04:58:21";"FABstUd Unabhängig von den Organisatoren( ( rief ½â"
"238";"00:04:58:21";"00:04:58:21";"FABstDauch die AfD zur Teilnahme auf.ÿÿú "
"239";"00:04:58:21";"00:05:03:12";"UnabhÈangig von den Organisatoren

rief auch die AfD zur Teilnahme auf."
"240";"00:05:03:22";"00:05:03:22";"FABstVd Von ihnen durfte( ( aber niel"
"241";"00:05:03:22";"00:05:03:22";"FABst$mand auftreten.ÿÿ=,"
"242";"00:05:03:22";"00:05:07:03";"Von ihnen durfte

aber niemand auftreten."
"243";"00:05:07:11";"00:05:07:11";"FABstWd Hauptredner war Bayerns ( ( MinisVÊ"
"244";"00:05:07:11";"00:05:07:11";"FABst,terpräsident Söder.ÿÿ5¨à"
"245";"00:05:07:11";"00:05:11:03";"Hauptredner war Bayerns

MinisterprÈasident SÈoder."
"246";"00:05:11:08";"00:05:11:08";"FABstXTEr wurde mit Protestrufen empfangen.ÿÿ´¾"
"247";"00:05:11:08";"00:05:13:19";"Er wurde mit Protestrufen empfangen."
"248";"00:05:14:19";"00:05:14:19";"FABstYd Mit Buhrufen wird Markus Söder ( ( von ±"
"249";"00:05:14:19";"00:05:14:19";"FABst<Demonstrierenden empfangen.-¸<"
"250";"00:05:14:19";"00:05:19:03";"Mit Buhrufen wird Markus SÈoder

von Demonstrierenden empfangen."
"251";"00:05:19:07";"00:05:19:07";"FABstZ@ Es wird deutlich,%óD"
"252";"00:05:19:07";"00:05:20:17";"Es wird deutlich,"
"253";"00:05:20:22";"00:05:20:22";"FABst[d dass es hier nicht nur( ( um das 6v"
"254";"00:05:20:22";"00:05:20:22";"FABst.Heizungsgesetz geht.ÿÿ3Ëp"
"255";"00:05:20:22";"00:05:24:14";"dass es hier nicht nur

um das Heizungsgesetz geht."
"256";"00:05:25:16";"00:05:25:16";"FABst\F Die Regierung muss weg.ÿÿ²"
"257";"00:05:25:16";"00:05:27:10";"Die Regierung muss weg."
"258";"00:05:27:16";"00:05:27:16";"FABst]L Das Parteiensystem gehört weg.ÿÿDP"
"259";"00:05:27:16";"00:05:29:17";"Das Parteiensystem gehÈort weg."
"260";"00:05:29:21";"00:05:29:21";"FABst^d Wir sind 'n kleines Land,( ( das r"
"261";"00:05:29:21";"00:05:29:21";"FABst0die Welt retten will.ÿÿ1¢æ"
"262";"00:05:29:21";"00:05:33:12";"Wir sind 'n kleines Land,

das die Welt retten will."
"263";"00:05:34:00";"00:05:34:00";"FABst_L Das wird nicht funktionieren.ÿÿ²¤"
"264";"00:05:34:00";"00:05:35:22";"Das wird nicht funktionieren."
"265";"00:05:36:01";"00:05:36:01";"FABst`VDie Grünen gehen uns auf die Nerven,ÿÿ(È"
"266";"00:05:36:01";"00:05:38:22";"Die GrÈunen gehen uns auf die Nerven,"
"267";"00:05:39:04";"00:05:39:04";"FABstad weil sie( ( eine reine Verbo"
"268";"00:05:39:04";"00:05:39:04";"FABst"tspartei sind.ÿÿ?ò"
"269";"00:05:39:04";"00:05:42:04";"weil sie

eine reine Verbotspartei sind."
"270";"00:05:42:10";"00:05:42:10";"FABstbd Auch Söder spart nicht mit Kritik ( ( an B¬"
"271";"00:05:42:10";"00:05:42:10";"FABstFerlin und attackiert die Grünen,#tJ"
"272";"00:05:42:10";"00:05:46:20";"Auch SÈoder spart nicht mit Kritik

an Berlin und attackiert die GrÈunen,"
"273";"00:05:47:00";"00:05:47:00";"FABstcd vier Monate( ( vor der LandtaJê"
"274";"00:05:47:00";"00:05:47:00";"FABst(gswahl in Bayern.ÿÿ9ð"
"275";"00:05:47:00";"00:05:50:19";"vier Monate

vor der Landtagswahl in Bayern."
"276";"00:05:50:24";"00:05:50:24";"FABstdd Die Grünen treiben die Dinge( ( so weiºb"
"277";"00:05:50:24";"00:05:50:24";"FABst6t mit Brachialkur voran,3Ã"
"278";"00:05:50:24";"00:05:55:14";"Die GrÈunen treiben die Dinge

so weit mit Brachialkur voran,"
"279";"00:05:56:22";"00:05:56:22";"FABsted und zwar nur mit Ideologie,( ( ohne Pra2"
"280";"00:05:56:22";"00:05:56:22";"FABst6gmatismus oder Vernunft.3^"
"281";"00:05:56:22";"00:06:01:01";"und zwar nur mit Ideologie,

ohne Pragmatismus oder Vernunft."
"282";"00:06:02:23";"00:06:02:23";"FABstfdDiese Politik der Grünen darf nicht( ( diø<"
"283";"00:06:02:23";"00:06:02:23";"FABstHe Mehrheit in Deutschland werden.ÿÿ<u>"
"284";"00:06:02:23";"00:06:08:06";"Diese Politik der GrÈunen darf nicht

die Mehrheit in Deutschland werden."
"285";"00:06:10:01";"00:06:10:01";"FABstgdNur wenige Demonstranten stellen sich( ( dZ>"
"286";"00:06:10:01";"00:06:10:01";"FABstJer aufgeheizten Stimmung entgegen.ÿÿ"
"287";"00:06:10:01";"00:06:14:11";"Nur wenige Demonstranten stellen sich

der aufgeheizten Stimmung entgegen."
"288";"00:06:14:16";"00:06:14:16";"FABsthd Der Bundesarbeitsminister( ( verteidigÞ"
"289";"00:06:14:16";"00:06:14:16";"FABst<t die Arbeit der Regierung.ÿÿ%Î"
"290";"00:06:14:16";"00:06:18:20";"Der Bundesarbeitsminister

verteidigt die Arbeit der Regierung."
"291";"00:06:19:01";"00:06:19:01";"FABstiJ Nichts tun ist keine Option.<i>"
"292";"00:06:19:01";"00:06:21:00";"Nichts tun ist keine Option."
"293";"00:06:21:05";"00:06:21:05";"FABstjd Nur zu protestieren,( ( ist w"
"294";"00:06:21:05";"00:06:21:05";"FABst"keine Politik.G³"
"295";"00:06:21:05";"00:06:24:02";"Nur zu protestieren,

ist keine Politik."
"296";"00:06:24:12";"00:06:24:12";"FABstkd Wenn man sich als Politiker( ( beteê"
"297";"00:06:24:12";"00:06:24:12";"FABst4iligt, wie Herr Söder, ÿÿ-"
"298";"00:06:24:12";"00:06:27:21";"Wenn man sich als Politiker

beteiligt, wie Herr SÈoder,"
"299";"00:06:28:00";"00:06:28:00";"FABstld muss man auch( ( mit Vorsc5Ô"
"300";"00:06:28:00";"00:06:28:00";"FABst"hlägen kommen.ÿÿ?}"
"301";"00:06:28:00";"00:06:30:07";"muss man auch

mit VorschlÈagen kommen."
"302";"00:06:30:12";"00:06:30:12";"FABstmd Und sich nicht nur( ( an die Spitzj"
"303";"00:06:30:12";"00:06:30:12";"FABst0e von Ängsten setzen.ÿÿ1"Ú"
"304";"00:06:30:12";"00:06:33:13";"Und sich nicht nur

an die Spitze von ÈAngsten setzen."
"305";"00:06:33:17";"00:06:33:17";"FABstndDie AfD durfte nach eigenen Angaben( ( I"
"306";"00:06:33:17";"00:06:33:17";"FABst6keinen Redner stellen.ÿÿ+"
"307";"00:06:33:17";"00:06:37:06";"Die AfD durfte nach eigenen Angaben

keinen Redner stellen."
"308";"00:06:37:09";"00:06:37:09";"FABstod Neben der Festwiese( ( organisiertE*"
"309";"00:06:37:09";"00:06:37:09";"FABst2e sie eine Kundgebung.ÿÿ/Ë¢"
"310";"00:06:37:09";"00:06:41:01";"Neben der Festwiese

organisierte sie eine Kundgebung."
"311";"00:06:41:03";"00:06:41:03";"FABstpd Die Grenzen zwischen( ( den Veransta0"
"312";"00:06:41:03";"00:06:41:03";"FABst2ltungen sind fließend.ÿÿ/f"
"313";"00:06:41:03";"00:06:44:05";"Die Grenzen zwischen

den Veranstaltungen sind flieûend."
"314";"00:06:45:12";"00:06:45:12";"FABstqd Außenministerin Baerbock warb( ( auf ihöô"
"315";"00:06:45:12";"00:06:45:12";"FABst<rer Südamerika-Reise dafür,ÿÿ%\"
"316";"00:06:45:12";"00:06:49:18";"Auûenministerin Baerbock warb

auf ihrer SÈudamerika-Reise dafÈur,"
"317";"00:06:49:23";"00:06:49:23";"FABstrd stärker mit Deutschland( ( zu¨v"
"318";"00:06:49:23";"00:06:49:23";"FABst(sammenzuarbeiten.ÿÿ9Æ"
"319";"00:06:49:23";"00:06:53:00";"stÈarker mit Deutschland

zusammenzuarbeiten."
"320";"00:06:53:05";"00:06:53:05";"FABstsd Nach Brasilien und Kolumbien( ( bhÚ"
"321";"00:06:53:05";"00:06:53:05";"FABst,esuchte sie Panama.ÿÿ5î"
"322";"00:06:53:05";"00:06:56:21";"Nach Brasilien und Kolumbien

besuchte sie Panama."
"323";"00:06:57:00";"00:06:57:00";"FABsttd Sie erklärte, die Bundesrepublik( ( wolh"
"324";"00:06:57:00";"00:06:57:00";"FABst8le die Handelsbeziehungenÿÿ)ªf"
"325";"00:06:57:00";"00:07:00:14";"Sie erklÈarte, die Bundesrepublik

wolle die Handelsbeziehungen"
"326";"00:07:00:17";"00:07:00:17";"FABstudmit den lateinamerikanischen Ländern( ( ± "
"327";"00:07:00:17";"00:07:00:17";"FABst. vertiefen.ÿÿ3ªZ"
"328";"00:07:00:17";"00:07:03:11";"mit den lateinamerikanischen LÈandern

vertiefen."
"329";"00:07:03:15";"00:07:03:15";"FABstvN Auch als Gegengewicht zu China.ÿÿÒn"
"330";"00:07:03:15";"00:07:06:01";"Auch als Gegengewicht zu China."
"331";"00:07:06:06";"00:07:06:06";"FABstwd Ein Bereich seien Technologien( ( 9Æ"
"332";"00:07:06:06";"00:07:06:06";"FABst.für den Klimaschutz.ÿÿ3ð"
"333";"00:07:06:06";"00:07:09:20";"Ein Bereich seien Technologien

fÈur den Klimaschutz."
"334";"00:07:11:04";"00:07:11:04";"FABstxdAußenministerin Baerbock in Panama,( ( hie×"
"335";"00:07:11:04";"00:07:11:04";"FABstBr endet ihre Südamerika-Reise.'_"
"336";"00:07:11:04";"00:07:15:09";"Auûenministerin Baerbock in Panama,

hier endet ihre SÈudamerika-Reise."
"337";"00:07:15:13";"00:07:15:13";"FABstyd Beim Besuch des Panamakanals( ( wird derf,"
"338";"00:07:15:13";"00:07:15:13";"FABst: Einfluss Chinas sichtbar./ôú"
"339";"00:07:15:13";"00:07:19:07";"Beim Besuch des Panamakanals

wird der Einfluss Chinas sichtbar."
"340";"00:07:19:11";"00:07:19:11";"FABstzd Peking investierte Milliarden( ( d"
"341";"00:07:19:11";"00:07:19:11";"FABst( in den Hafen.ÿÿ9þ"
"342";"00:07:19:11";"00:07:22:11";"Peking investierte Milliarden

in den Hafen."
"343";"00:07:22:15";"00:07:22:15";"FABst{RWas kann Deutschland Panama bieten?ÿÿË8"
"344";"00:07:22:15";"00:07:25:05";"Was kann Deutschland Panama bieten?"
"345";"00:07:25:10";"00:07:25:10";"FABst|d Wir haben( ( über grünen Wasseæ"
"346";"00:07:25:10";"00:07:25:10";"FABst$rstoff geredet.Eír"
"347";"00:07:25:10";"00:07:28:00";"Wir haben

Èuber grÈunen Wasserstoff geredet."
"348";"00:07:28:03";"00:07:28:03";"FABst}dHier soll ein grüner Wasserstoff-Hub( ( ©F"
"349";"00:07:28:03";"00:07:28:03";"FABst8 aufgebaut werden.1<u>n"
"350";"00:07:28:03";"00:07:31:08";"Hier soll ein grÈuner Wasserstoff-Hub

aufgebaut werden."
"351";"00:07:31:12";"00:07:31:12";"FABst~PWir haben großes Interesse daran,Gr"
"352";"00:07:31:12";"00:07:33:19";"Wir haben groûes Interesse daran,"
"353";"00:07:33:23";"00:07:33:23";"FABstd mit deutschen Unternehmen ( ( hier ssî"
"354";"00:07:33:23";"00:07:33:23";"FABst2tärker zu investieren.ÿÿ/)"
"355";"00:07:33:23";"00:07:37:20";"mit deutschen Unternehmen

hier stÈarker zu investieren."
"356";"00:07:39:01";"00:07:39:01";"FABst<i>D Deutschland will mehr.ÿÿE¬"
"357";"00:07:39:01";"00:07:40:14";"Deutschland will mehr."
"358";"00:07:40:18";"00:07:40:18";"FABst</i>PSchon in Kolumbien sagte Baerbock:ÿÿXî"
"359";"00:07:40:18";"00:07:42:22";"Schon in Kolumbien sagte Baerbock:"
"360";"00:07:43:00";"00:07:43:00";"FABst<u>d Man will wichtiger Handelspartner( ("
"361";"00:07:43:00";"00:07:43:00";"FABst4für die Region werden.ÿÿ-F"
"362";"00:07:43:00";"00:07:46:11";"Man will wichtiger Handelspartner

fÈur die Region werden."
"363";"00:07:46:15";"00:07:46:15";"FABst</u>d Zurzeit importiert Deutschland( ( £v"
"364";"00:07:46:15";"00:07:46:15";"FABst.Kohle aus Kolumbien.ÿÿ3¬"
"365";"00:07:46:15";"00:07:49:17";"Zurzeit importiert Deutschland

Kohle aus Kolumbien."
"366";"00:07:49:21";"00:07:49:21";"FABstd 2030 will Kolumbien( ( aus deD"
"367";"00:07:49:21";"00:07:49:21";"FABst(r Kohle austeigenÿÿ9¸"
"368";"00:07:49:21";"00:07:52:14";"2030 will Kolumbien

aus der Kohle austeigen"
"369";"00:07:52:18";"00:07:52:18";"FABstVund setzt auf deutsche Unterstützung.ÿÿ²`"
"370";"00:07:52:18";"00:07:55:02";"und setzt auf deutsche UnterstÈutzung."
"371";"00:07:58:23";"00:07:58:23";"FABstd Wir haben( ( verschiedenste º"
"372";"00:07:58:23";"00:07:58:23";"FABst&Handelsabkommen,Cä&"
"373";"00:07:58:23";"00:08:01:08";"Wir haben

verschiedenste Handelsabkommen,"
"374";"00:08:01:12";"00:08:01:12";"FABstJ wir wollen keine Konflikte.K"
"375";"00:08:01:12";"00:08:03:03";"wir wollen keine Konflikte."
"376";"00:08:03:07";"00:08:03:07";"FABstdDeutschland kann uns das Know-how( ( fü."
"377";"00:08:03:07";"00:08:03:07";"FABst:r die Energiewende zeigen.ÿÿ'Ôj"
"378";"00:08:03:07";"00:08:07:11";"Deutschland kann uns das Know-how

fÈur die Energiewende zeigen."
"379";"00:08:10:07";"00:08:10:07";"FABstd Chinas wirtschaftlichen Einfluss( ( bekç"
"380";"00:08:10:07";"00:08:10:07";"FABst8am Baerbock in Brasilien,ÿÿ)4"
"381";"00:08:10:07";"00:08:13:22";"Chinas wirtschaftlichen Einfluss

bekam Baerbock in Brasilien,"
"382";"00:08:13:24";"00:08:13:24";"FABst
N Kolumbien und Panama vorgeführt.ÿÿ<i>B"
"383";"00:08:13:24";"00:08:16:02";"Kolumbien und Panama vorgefÈuhrt."
"384";"00:08:16:07";"00:08:16:07";"FABst< Nun hofft sie:ÿÿ!"
"385";"00:08:16:07";"00:08:17:09";"Nun hofft sie:"
"386";"00:08:18:02";"00:08:18:02";"FABstd Dass sie sagen, mit euch( ( wollen wL"
"387";"00:08:18:02";"00:08:18:02";"FABst2ir lieber kooperieren,ÿÿ/«D"
"388";"00:08:18:02";"00:08:21:12";"Dass sie sagen, mit euch

wollen wir lieber kooperieren,"
"389";"00:08:21:15";"00:08:21:15";"FABstN weil wir euch vertrauen können.ÿÿªl"
"390";"00:08:21:15";"00:08:23:10";"weil wir euch vertrauen kÈonnen."
"391";"00:08:23:14";"00:08:23:14";"FABstd Dafür müssen wir( ( faire Anô"
"392";"00:08:23:14";"00:08:23:14";"FABst"gebote machen:ÿÿ?ø("
"393";"00:08:23:14";"00:08:26:02";"DafÈur mÈussen wir

faire Angebote machen:"
"394";"00:08:26:06";"00:08:26:06";"FABstd Wirtschaftliche, nachhaltige( ( Bezi¦j"
"395";"00:08:26:06";"00:08:26:06";"FABst2ehungen auf Augenhöhe.ÿÿ/<i>"
"396";"00:08:26:06";"00:08:30:06";"Wirtschaftliche, nachhaltige

Beziehungen auf AugenhÈohe."
"397";"00:08:31:12";"00:08:31:12";"FABstH Dabei setzt sie vor allemÿÿRú"
"398";"00:08:31:12";"00:08:33:10";"Dabei setzt sie vor allem"
"399";"00:08:33:16";"00:08:33:16";"FABstd auf die Themen( ( Nachhaltigkeiÿl"
"400";"00:08:33:16";"00:08:33:16";"FABst*t und Klimaschutz.ÿÿ7"
"401";"00:08:33:16";"00:08:36:23";"auf die Themen

Nachhaltigkeit und Klimaschutz."
"402";"00:08:38:00";"00:08:38:00";"FABstd Deutschland war lange( ( nicht sehræ"
"403";"00:08:38:00";"00:08:38:00";"FABst4 präsent in Südamerika.5©ö"
"404";"00:08:38:00";"00:08:41:09";"Deutschland war lange

nicht sehr prÈasent in SÈudamerika."
"405";"00:08:41:13";"00:08:41:13";"FABstd Länder wie China( ( investierj"
"406";"00:08:41:13";"00:08:41:13";"FABst$en seit Jahren.EF"
"407";"00:08:41:13";"00:08:44:15";"LÈander wie China

investieren seit Jahren."
"408";"00:08:45:01";"00:08:45:01";"FABstd Nun knüpft Berlin( ( HandeV"
"409";"00:08:45:01";"00:08:45:01";"FABst"lsbeziehungen.ÿÿ?¯"
"410";"00:08:45:01";"00:08:47:23";"Nun knÈupft Berlin

Handelsbeziehungen."
"411";"00:08:48:14";"00:08:48:14";"FABstB Die Außenministerinÿÿj"
"412";"00:08:48:14";"00:08:50:06";"Die Auûenministerin"
"413";"00:08:50:14";"00:08:50:14";"FABstd wirbt für Deutschland( ( als Part%N"
"414";"00:08:50:14";"00:08:50:14";"FABst*ner auf Augenhöhe.ÿÿ7¬"
"415";"00:08:50:14";"00:08:53:23";"wirbt fÈur Deutschland

als Partner auf AugenhÈohe."
"416";"00:08:55:15";"00:08:55:15";"FABstJ Es gilt als kleines Wunder:ÿÿð"
"417";"00:08:55:15";"00:08:57:20";"Es gilt als kleines Wunder:"
"418";"00:08:58:05";"00:08:58:05";"FABstd40 Tage nach einem Flugzeugabsturz( ( ¾6"
"419";"00:08:58:05";"00:08:58:05";"FABst* in Kolumbienÿÿ7"
"420";"00:08:58:05";"00:09:01:09";"40 Tage nach einem Flugzeugabsturz

in Kolumbien"
"421";"00:09:01:13";"00:09:01:13";"FABstd wurden vier vermisste Kinder( ( aus dÑÖ"
"422";"00:09:01:13";"00:09:01:13";"FABst4em Regenwald gerettet. ÿÿ-³Z"
"423";"00:09:01:13";"00:09:05:06";"wurden vier vermisste Kinder

aus dem Regenwald gerettet."
"424";"00:09:05:11";"00:09:05:11";"FABstB Anfang Mai waren sieÿÿRh"
"425";"00:09:05:11";"00:09:06:24";"Anfang Mai waren sie"
"426";"00:09:07:05";"00:09:07:05";"FABstdbei einem Flug von Araracuara nach( ( San JðT"
"427";"00:09:07:05";"00:09:07:05";"FABst@ose Del Guaviare abgestürzt. ÿÿ!*ä"
"428";"00:09:07:05";"00:09:11:16";"bei einem Flug von Araracuara nach

San Jose Del Guaviare abgestÈurzt."
"429";"00:09:11:24";"00:09:11:24";"FABstd Dabei starben die Mutter ( ( und aäX"
"430";"00:09:11:24";"00:09:11:24";"FABst2lle weiteren Insassen.ÿÿ/d"
"431";"00:09:11:24";"00:09:15:21";"Dabei starben die Mutter

und alle weiteren Insassen."
"432";"00:09:17:11";"00:09:17:11";"FABstd Im Dschungel um Guaviare( ( begann Ä"
"433";"00:09:17:11";"00:09:17:11";"FABst2eine große Suchaktion.ÿÿ/"v"
"434";"00:09:17:11";"00:09:21:17";"Im Dschungel um Guaviare

begann eine groûe Suchaktion."
"435";"00:09:25:11";"00:09:25:11";"FABstTErste Fotos der wundersamen Rettung:V<i>"
"436";"00:09:25:11";"00:09:28:03";"Erste Fotos der wundersamen Rettung:"
"437";"00:09:28:11";"00:09:28:11";"FABstd Die Geschwister,( ( ein bis¢ö"
"438";"00:09:28:11";"00:09:28:11";"FABst" 13 Jahre alt,G¾*"
"439";"00:09:28:11";"00:09:31:02";"Die Geschwister,

ein bis 13 Jahre alt,"
"440";"00:09:31:08";"00:09:31:08";"FABst d abgemagert, aber lebend,( ( in Oæà"
"441";"00:09:31:08";"00:09:31:08";"FABst*bhut von Soldaten.?8"
"442";"00:09:31:08";"00:09:34:17";"abgemagert, aber lebend,

in Obhut von Soldaten."
"443";"00:09:35:08";"00:09:35:08";"FABst¡d Die Großeltern hatten( ( immer an,:"
"444";"00:09:35:08";"00:09:35:08";"FABst0 die Rettung geglaubtÿÿ1ä"
"445";"00:09:35:08";"00:09:38:15";"Die Groûeltern hatten

immer an die Rettung geglaubt"
"446";"00:09:38:17";"00:09:38:17";"FABst¢P und können ihr Glück kaum fassen.ÿÿoâ"
"447";"00:09:38:17";"00:09:40:21";"und kÈonnen ihr GlÈuck kaum fassen."
"448";"00:09:41:17";"00:09:41:17";"FABst£dDas ist ein unglaublicher Moment,( ( ²"
"449";"00:09:41:17";"00:09:41:17";"FABst, voller Glück.=6n"
"450";"00:09:41:17";"00:09:45:01";"Das ist ein unglaublicher Moment,

voller GlÈuck."
"451";"00:09:46:20";"00:09:46:20";"FABst¤d Ich will diesen Moment( ( und me"
"452";"00:09:46:20";"00:09:46:20";"FABst*ine Enkel umarmen.?h"
"453";"00:09:46:20";"00:09:50:05";"Ich will diesen Moment

und meine Enkel umarmen."
"454";"00:09:52:02";"00:09:52:02";"FABst¥d Vorangegangen war eine Suche( ( im Dschã²"
"455";"00:09:52:02";"00:09:52:02";"FABst8ungel der Region Caqueta.ÿÿ)"
"456";"00:09:52:02";"00:09:56:10";"Vorangegangen war eine Suche

im Dschungel der Region Caqueta."
"457";"00:09:57:01";"00:09:57:01";"FABst¦dAm 1. Mai stürzte hier die Cessna ab,( ( }X"
"458";"00:09:57:01";"00:09:57:01";"FABst< auch die Mutter starb.ÿÿ%ôz"
"459";"00:09:57:01";"00:10:01:03";"Am 1. Mai stÈurzte hier die Cessna ab,

auch die Mutter starb."
"460";"00:10:01:10";"00:10:01:10";"FABst§dSuchtrupps aus Soldaten und indigenen( ( ÂÒ"
"461";"00:10:01:10";"00:10:01:10";"FABstHHelfern fanden Spuren der Kinder:ÿÿ½Ú"
"462";"00:10:01:10";"00:10:05:14";"Suchtrupps aus Soldaten und indigenen

Helfern fanden Spuren der Kinder:"
"463";"00:10:05:15";"00:10:05:15";"FABst¨d Eine Trinkflasche,( ( Fußabdrücke,Ìê"
"464";"00:10:05:15";"00:10:05:15";"FABst0 angebissene Früchte.ÿÿ1xl"
"465";"00:10:05:15";"00:10:09:04";"Eine Trinkflasche,

FuûabdrÈucke, angebissene FrÈuchte."
"466";"00:10:10:07";"00:10:10:07";"FABst©J Die Geschwister überlebten,ÿÿ¸6"
"467";"00:10:10:07";"00:10:11:24";"Die Geschwister Èuberlebten,"
"468";"00:10:12:03";"00:10:12:03";"FABstªdweil sie eng verbunden mit der Natur( ( ±"
"469";"00:10:12:03";"00:10:12:03";"FABst6 aufgewachsen waren.ÿÿ+¤"
"470";"00:10:12:03";"00:10:15:11";"weil sie eng verbunden mit der Natur

aufgewachsen waren."
"471";"00:10:15:15";"00:10:15:15";"FABst«d Regen und schlechte Sicht( ( behinÞÂ"
"472";"00:10:15:15";"00:10:15:15";"FABst2derten die Suchtrupps,ÿÿ/V"
"473";"00:10:15:15";"00:10:19:01";"Regen und schlechte Sicht

behinderten die Suchtrupps,"
"474";"00:10:19:05";"00:10:19:05";"FABst¬d zudem sind im Dschungel( ( Gueril8"
"475";"00:10:19:05";"00:10:19:05";"FABst0la-Gruppen unterwegs.ÿÿ1÷*"
"476";"00:10:19:05";"00:10:22:05";"zudem sind im Dschungel

Guerilla-Gruppen unterwegs."
"477";"00:10:22:09";"00:10:22:09";"FABst­d Vor denen war der Vater geflohen( ( und wÚb"
"478";"00:10:22:09";"00:10:22:09";"FABstDollte die Kinder zu sich holen.ÿÿíD"
"479";"00:10:22:09";"00:10:26:21";"Vor denen war der Vater geflohen

und wollte die Kinder zu sich holen."
"480";"00:10:27:01";"00:10:27:01";"FABst®d Sie werden im Militärkrankenhaus( ( W"
"481";"00:10:27:01";"00:10:27:01";"FABst0in Bogota untersucht.ÿÿ1ôD"
"482";"00:10:27:01";"00:10:30:14";"Sie werden im MilitÈarkrankenhaus

in Bogota untersucht."
"483";"00:10:31:13";"00:10:31:13";"FABst¯d Ich habe ihre Gesichter( ( und Augenµ"
"484";"00:10:31:13";"00:10:31:13";"FABst8 voller Hoffnung gesehen.1³^"
"485";"00:10:31:13";"00:10:35:00";"Ich habe ihre Gesichter

und Augen voller Hoffnung gesehen."
"486";"00:10:35:02";"00:10:35:02";"FABst°F Sie waren voller Leben.JT"
"487";"00:10:35:02";"00:10:36:13";"Sie waren voller Leben."
"488";"00:10:36:22";"00:10:36:22";"FABst±d Über ihren Zustand( ( ist noc*"
"489";"00:10:36:22";"00:10:36:22";"FABst&h wenig bekannt.ÿÿ;½"
"490";"00:10:36:22";"00:10:39:10";"ÈUber ihren Zustand

ist noch wenig bekannt."
"491";"00:10:39:14";"00:10:39:14";"FABst²d Sie seien dehydriert( ( und von ªx"
"492";"00:10:39:14";"00:10:39:14";"FABst*Mücken zerstochen.ÿÿ7I"
"493";"00:10:39:14";"00:10:42:05";"Sie seien dehydriert

und von MÈucken zerstochen."
"494";"00:10:42:09";"00:10:42:09";"FABst³d Den Helfern dankte( ( Kolumbiens P×ò"
"495";"00:10:42:09";"00:10:42:09";"FABst.räsident persönlich.ÿÿ3ë<"
"496";"00:10:42:09";"00:10:45:14";"Den Helfern dankte

Kolumbiens PrÈasident persÈonlich."
"497";"00:10:45:19";"00:10:45:19";"FABst´d Die Zusammenarbeit( ( zwischen Iªf"
"498";"00:10:45:19";"00:10:45:19";"FABst:ndigenen und Streitkräften/_T"
"499";"00:10:45:19";"00:10:49:12";"Die Zusammenarbeit

zwischen Indigenen und StreitkrÈaften"
"500";"00:10:49:16";"00:10:49:16";"FABstµ@ war sehr effektiv.%EB"
"501";"00:10:49:16";"00:10:50:24";"war sehr effektiv."
"502";"00:10:51:02";"00:10:51:02";"FABst¶d Das zeigt,( ( was das Land
È"
"503";"00:10:51:02";"00:10:51:02";"FABst leisten kann,ÿÿAæp"
"504";"00:10:51:02";"00:10:53:07";"Das zeigt,

was das Land leisten kann,"
"505";"00:10:53:11";"00:10:53:11";"FABst·L wenn wir Allianzen schmieden.ÿÿ\®"
"506";"00:10:53:11";"00:10:55:16";"wenn wir Allianzen schmieden."
"507";"00:10:56:16";"00:10:56:16";"FABst¸d Inzwischen ist der Präsident( ( nâ"
"508";"00:10:56:16";"00:10:56:16";"FABst&im Krankenhaus.ÿÿ;¨F"
"509";"00:10:56:16";"00:10:59:22";"Inzwischen ist der PrÈasident

im Krankenhaus."
"510";"00:11:00:04";"00:11:00:04";"FABst¹d Nach 40 Tagen können die Kinder( ( i*"
"511";"00:11:00:04";"00:11:00:04";"FABst6hre Familie wiedersehen.ÿÿ+ò"
"512";"00:11:00:04";"00:11:04:02";"Nach 40 Tagen kÈonnen die Kinder

ihre Familie wiedersehen."
"513";"00:11:04:07";"00:11:04:07";"FABstºd Ihr Überleben dürfte( ( in Kolumbienýô"
"514";"00:11:04:07";"00:11:04:07";"FABst2s Geschichte eingehen.ÿÿ/ª"
"515";"00:11:04:07";"00:11:08:01";"Ihr ÈUberleben dÈurfte

in Kolumbiens Geschichte eingehen."
"516";"00:11:09:09";"00:11:09:09";"FABst»d Junge Menschen aus Deutschland( ( und Fr¢"
"517";"00:11:09:09";"00:11:09:09";"FABstBankreich können sich ab Montagÿÿ|"
"518";"00:11:09:09";"00:11:13:19";"Junge Menschen aus Deutschland

und Frankreich kÈonnen sich ab Montag"
"519";"00:11:14:01";"00:11:14:01";"FABst¼d um je 30.000 Gratis-Tickets für ( ( Zugrei?r"
"520";"00:11:14:01";"00:11:14:01";"FABst>sen im Nachbarland bewerben.ÿÿ#Þà"
"521";"00:11:14:01";"00:11:18:18";"um je 30.000 Gratis-Tickets fÈur

Zugreisen im Nachbarland bewerben."
"522";"00:11:19:12";"00:11:19:12";"FABst½d Anlass ist der( ( 60. Jahrestag d0"
"523";"00:11:19:12";"00:11:19:12";"FABst,es Elysee-Vertrags,ÿÿ5Ò"
"524";"00:11:19:12";"00:11:22:22";"Anlass ist der

60. Jahrestag des Elysee-Vertrags,"
"525";"00:11:23:01";"00:11:23:01";"FABst¾d der die deutsch-französische( ( Fre&V"
"526";"00:11:23:01";"00:11:23:01";"FABst.undschaft besiegelt.ÿÿ3èf"
"527";"00:11:23:01";"00:11:26:12";"der die deutsch-franzÈosische

Freundschaft besiegelt."
"528";"00:11:26:17";"00:11:26:17";"FABst¿d 18- bis 27-Jährige können( ( mit dem TÝP"
"529";"00:11:26:17";"00:11:26:17";"FABst<i>cket von Juli bis Dezemberÿÿ%h"
"530";"00:11:26:17";"00:11:30:14";"18- bis 27-JÈahrige kÈonnen

mit dem Ticket von Juli bis Dezember"
"531";"00:11:30:19";"00:11:30:19";"FABstÀVeinen Monat das Nachbarland bereisen.ÿÿOâ"
"532";"00:11:30:19";"00:11:33:08";"einen Monat das Nachbarland bereisen."
"533";"00:11:34:16";"00:11:34:16";"FABstÁN Es gilt im Fern- und Nahverkehr.ÿÿ0Þ"
"534";"00:11:34:16";"00:11:37:03";"Es gilt im Fern- und Nahverkehr."
"535";"00:11:39:13";"00:11:39:13";"FABstÂd Der Waldbrand in Jüterbog( ( in Brand'"
"536";"00:11:39:13";"00:11:39:13";"FABst@enburg hat sich ausgebreitet.ÿÿ!û*"
"537";"00:11:39:13";"00:11:43:21";"Der Waldbrand in JÈuterbog

in Brandenburg hat sich ausgebreitet."
"538";"00:11:44:01";"00:11:44:01";"FABstÃdGestern wurde die Gefahrengroßlage( ( ª"
"539";"00:11:44:01";"00:11:44:01";"FABst( ausgerufen.ÿÿ9Ýà"
"540";"00:11:44:01";"00:11:46:24";"Gestern wurde die Gefahrengroûlage

ausgerufen."
"541";"00:11:47:03";"00:11:47:03";"FABstÄd So konnten Bundespolizei( ( óÄ"
"542";"00:11:47:03";"00:11:47:03";"FABst"und Bundeswehrÿÿ?R"
"543";"00:11:47:03";"00:11:49:14";"So konnten Bundespolizei

und Bundeswehr"
"544";"00:11:49:18";"00:11:49:18";"FABstÅN die Löscharbeiten unterstützen.ÿÿaf"
"545";"00:11:49:18";"00:11:51:18";"die LÈoscharbeiten unterstÈutzen."
"546";"00:11:51:22";"00:11:51:22";"FABstÆd Die betroffene Fläche( ( ist mehreø"
"547";"00:11:51:22";"00:11:51:22";"FABst0 als 700 Hektar groß.ÿÿ1"
"548";"00:11:51:22";"00:11:55:19";"Die betroffene FlÈache

ist mehr als 700 Hektar groû."
"549";"00:11:55:23";"00:11:55:23";"FABstÇd Zudem brach gestern( ( ein weÅö"
"550";"00:11:55:23";"00:11:55:23";"FABst(iteres Feuer aus,ÿÿ9ê"
"551";"00:11:55:23";"00:11:58:18";"Zudem brach gestern

ein weiteres Feuer aus,"
"552";"00:11:58:22";"00:11:58:22";"FABstÈN das Richtung Luckenwalde zieht.ÿÿ\"
"553";"00:11:58:22";"00:12:01:06";"das Richtung Luckenwalde zieht."
"554";"00:12:01:10";"00:12:01:10";"FABstÉF Nach Angaben des Landesÿÿzt"
"555";"00:12:01:10";"00:12:02:24";"Nach Angaben des Landes"
"556";"00:12:03:02";"00:12:03:02";"FABstÊd wurden 2023 in Brandenburg( ( mehr alsØl"
"557";"00:12:03:02";"00:12:03:02";"FABst> 120 Waldbrände registriert.ÿÿ#¦"
"558";"00:12:03:02";"00:12:07:07";"wurden 2023 in Brandenburg

mehr als 120 WaldbrÈande registriert."
"559";"00:12:09:08";"00:12:09:08";"FABstËPLetzte Handgriffe vor dem Einsatz.~"
"560";"00:12:09:08";"00:12:11:14";"Letzte Handgriffe vor dem Einsatz."
"561";"00:12:11:16";"00:12:11:16";"FABstÌd In diesen Löschwasserbehälter( ( paº"
"562";"00:12:11:16";"00:12:11:16";"FABst4ssen bis zu 2000 Liter.5ïÌ"
"563";"00:12:11:16";"00:12:15:02";"In diesen LÈoschwasserbehÈalter

passen bis zu 2000 Liter."
"564";"00:12:15:04";"00:12:15:04";"FABstÍd Drei Hubschrauber( ( von BundespolÛN"
"565";"00:12:15:04";"00:12:15:04";"FABst,izei und Bundeswehrÿÿ5·ì"
"566";"00:12:15:04";"00:12:18:02";"Drei Hubschrauber

von Bundespolizei und Bundeswehr"
"567";"00:12:18:04";"00:12:18:04";"FABstÎd unterstützen seit dem Mittag( ( Â"
"568";"00:12:18:04";"00:12:18:04";"FABst&die Feuerwehr.ÿÿ;ßv"
"569";"00:12:18:04";"00:12:20:17";"unterstÈutzen seit dem Mittag

die Feuerwehr."
"570";"00:12:20:20";"00:12:20:20";"FABstÏd Sie versuchen, den Waldbrand( ( auf eine³"
"571";"00:12:20:20";"00:12:20:20";"FABst:m alten Truppenübungsplatzÿÿ'Uz"
"572";"00:12:20:20";"00:12:24:11";"Sie versuchen, den Waldbrand

auf einem alten TruppenÈubungsplatz"
"573";"00:12:24:13";"00:12:24:13";"FABstÐd bei Jüterbog nahe Berlin,( ( &Z"
"574";"00:12:24:13";"00:12:24:13";"FABst"einzudämmen.ÿÿ?8À"
"575";"00:12:24:13";"00:12:26:18";"bei JÈuterbog nahe Berlin,

einzudÈammen."
"576";"00:12:26:20";"00:12:26:20";"FABstÑd Und die umliegenden Ortschaften( ( ã"
"577";"00:12:26:20";"00:12:26:20";"FABst( zu schützen.ÿÿ9\¬"
"578";"00:12:26:20";"00:12:29:18";"Und die umliegenden Ortschaften

zu schÈutzen."
"579";"00:12:30:10";"00:12:30:10";"FABstÒRWir wurden bisher nicht gebraucht.>"
"580";"00:12:30:10";"00:12:32:15";"Wir wurden bisher nicht gebraucht."
"581";"00:12:32:19";"00:12:32:19";"FABstÓd Aber gestern( ( gab es eine LµÈ"
"582";"00:12:32:19";"00:12:32:19";"FABst$ageentwicklung.E­n"
"583";"00:12:32:19";"00:12:35:14";"Aber gestern

gab es eine Lageentwicklung."
"584";"00:12:35:18";"00:12:35:18";"FABstÔF Wir mussten feststellen:ÿÿ¶"
"585";"00:12:35:18";"00:12:37:03";"Wir mussten feststellen:"
"586";"00:12:37:07";"00:12:37:07";"FABstÕd Es könnte sein,( ( dass beG:"
"587";"00:12:37:07";"00:12:37:07";"FABst"wohntes Gebietÿÿ?P"
"588";"00:12:37:07";"00:12:39:10";"Es kÈonnte sein,

dass bewohntes Gebiet"
"589";"00:12:39:14";"00:12:39:14";"FABstÖdin Mitleidenschaft gezogen wird und( ( Br®""
"590";"00:12:39:14";"00:12:39:14";"FABstHandschneisen übersprungen werden.ÿÿî"
"591";"00:12:39:14";"00:12:43:21";"in Mitleidenschaft gezogen wird und

Brandschneisen Èubersprungen werden."
"592";"00:12:44:00";"00:12:44:00";"FABst×L Da muss die Bundeswehr helfen.ÿÿ"
"593";"00:12:44:00";"00:12:46:04";"Da muss die Bundeswehr helfen."
"594";"00:12:46:08";"00:12:46:08";"FABstØdAus der Luft kann gelöscht werden,( ( FF"
"595";"00:12:46:08";"00:12:46:08";"FABst<wo Munitionsbelastung ist.ÿÿ%""
"596";"00:12:46:08";"00:12:50:11";"Aus der Luft kann gelÈoscht werden,

wo Munitionsbelastung ist."
"597";"00:12:51:09";"00:12:51:09";"FABstÙd Abgesehen von kurzen Schauern, ( ( ist §î"
"598";"00:12:51:09";"00:12:51:09";"FABst<kaum Niederschlag in Sicht.ÿÿ%<u>"
"599";"00:12:51:09";"00:12:54:24";"Abgesehen von kurzen Schauern,

ist kaum Niederschlag in Sicht."
"600";"00:12:55:03";"00:12:55:03";"FABstÚd Der Wind facht( ( das FeueV"
"601";"00:12:55:03";"00:12:55:03";"FABstr wieder an.ÿÿCë"
"602";"00:12:55:03";"00:12:57:03";"Der Wind facht

das Feuer wieder an."
"603";"00:12:57:07";"00:12:57:07";"FABstÛd Die Trockenheit wird nicht nur( ( in B<u>N"
"604";"00:12:57:07";"00:12:57:07";"FABst6randenburg zum Problem. ÿÿ+ÇÞ"
"605";"00:12:57:07";"00:13:00:14";"Die Trockenheit wird nicht nur

in Brandenburg zum Problem."
"606";"00:13:00:18";"00:13:00:18";"FABstÜdDiese Karte des Helmholtz-Zentrum ( ( für U"
"607";"00:13:00:18";"00:13:00:18";"FABst@mweltforschung zeigt Gebiete,ÿÿ!<i>b"
"608";"00:13:00:18";"00:13:04:16";"Diese Karte des Helmholtz-Zentrum

fÈur Umweltforschung zeigt Gebiete,"
"609";"00:13:04:20";"00:13:04:20";"FABstÝd in denen der Boden( ( ungewöhnÞ"
"610";"00:13:04:20";"00:13:04:20";"FABst(lich trocken ist.ÿÿ9Ø"
"611";"00:13:04:20";"00:13:07:09";"in denen der Boden

ungewÈohnlich trocken ist."
"612";"00:13:07:13";"00:13:07:13";"FABstÞd Vor allem im Nordosten( ( herrschtºh"
"613";"00:13:07:13";"00:13:07:13";"FABst0 teils extreme Dürre.ÿÿ1.Î"
"614";"00:13:07:13";"00:13:10:16";"Vor allem im Nordosten

herrscht teils extreme DÈurre."
"615";"00:13:10:20";"00:13:10:20";"FABstßB Besonders betroffen:ÿÿir"
"616";"00:13:10:20";"00:13:11:24";"Besonders betroffen:"
"617";"00:13:12:03";"00:13:12:03";"FABstàd Mecklenburg-Vorpommern,( ( Niedersacþn"
"618";"00:13:12:03";"00:13:12:03";"FABst0hsen, Sachsen-Anhalt,ÿÿ10"
"619";"00:13:12:03";"00:13:15:05";"Mecklenburg-Vorpommern,

Niedersachsen, Sachsen-Anhalt,"
"620";"00:13:15:09";"00:13:15:09";"FABstáF Brandenburg und Sachsen.ÿÿ7ô"
"621";"00:13:15:09";"00:13:16:21";"Brandenburg und Sachsen."
"622";"00:13:17:00";"00:13:17:00";"FABstâdDer Regen zu Jahresbeginn habe daran( ( näB"
"623";"00:13:17:00";"00:13:17:00";"FABstBichts geändert, so Hydrologen.ÿÿCZ"
"624";"00:13:17:00";"00:13:21:14";"Der Regen zu Jahresbeginn habe daran

nichts geÈandert, so Hydrologen."
"625";"00:13:22:11";"00:13:22:11";"FABstãd Die Niederschläge im Winter( ( haben dl"
"626";"00:13:22:11";"00:13:22:11";"FABst:ie Oberböden aufgefrischt./"
"627";"00:13:22:11";"00:13:26:02";"Die NiederschlÈage im Winter

haben die OberbÈoden aufgefrischt."
"628";"00:13:26:06";"00:13:26:06";"FABstäd Darunter sind aber( ( viele Schi"
"629";"00:13:26:06";"00:13:26:06";"FABst,chten sehr trocken.=Õ"
"630";"00:13:26:06";"00:13:29:12";"Darunter sind aber

viele Schichten sehr trocken."
"631";"00:13:29:15";"00:13:29:15";"FABståd Bis das Wasser( ( ins Grundw´"
"632";"00:13:29:15";"00:13:29:15";"FABst"asser sickert,ÿÿ?û"
"633";"00:13:29:15";"00:13:31:23";"Bis das Wasser

ins Grundwasser sickert,"
"634";"00:13:32:02";"00:13:32:02";"FABstæL müssen die aufgefüllt werden.ÿÿ0t"
"635";"00:13:32:02";"00:13:33:21";"mÈussen die aufgefÈullt werden."
"636";"00:13:34:01";"00:13:34:01";"FABstçH Da ist ein großes Defizit.ÿÿ</i>6"
"637";"00:13:34:01";"00:13:35:15";"Da ist ein groûes Defizit."
"638";"00:13:35:19";"00:13:35:19";"FABstèd Wir bräuchten Jahre mit starkem( ( Nied3º"
"639";"00:13:35:19";"00:13:35:19";"FABstDerschlag, um das auszugleichen.ÿÿ4"
"640";"00:13:35:19";"00:13:40:05";"Wir brÈauchten Jahre mit starkem

Niederschlag, um das auszugleichen."
"641";"00:13:40:11";"00:13:40:11";"FABstéd Trockene Böden machen( ( der Landw%â"
"642";"00:13:40:11";"00:13:40:11";"FABst2irtschaft zu schaffen.ÿÿ/§B"
"643";"00:13:40:11";"00:13:43:12";"Trockene BÈoden machen

der Landwirtschaft zu schaffen."
"644";"00:13:43:14";"00:13:43:14";"FABstêH In Mecklenburg-Vorpommernÿÿ0L"
"645";"00:13:43:14";"00:13:45:01";"In Mecklenburg-Vorpommern"
"646";"00:13:45:03";"00:13:45:03";"FABstëd klagen Bauern( ( über Raps- unVÌ"
"647";"00:13:45:03";"00:13:45:03";"FABst*d Getreideschäden.ÿÿ7@`"
"648";"00:13:45:03";"00:13:48:05";"klagen Bauern

Èuber Raps- und GetreideschÈaden."
"649";"00:13:50:01";"00:13:50:01";"FABstì> Die Lottozahlen:ÿÿ"
"650";"00:13:50:01";"00:13:51:08";"Die Lottozahlen:"
"651";"00:14:11:01";"00:14:11:01";"FABstídNun die Wettervorhersage für morgen,( ("
"652";"00:14:11:01";"00:14:11:01";"FABst: Sonntag, den 11. Juni:ÿÿ'ñ<i>"
"653";"00:14:11:01";"00:14:15:02";"Nun die Wettervorhersage fÈur morgen,

Sonntag, den 11. Juni:"
"654";"00:14:17:02";"00:14:17:02";"FABstîd Die Woche geht( ( unter Hocå"
"655";"00:14:17:02";"00:14:17:02";"FABst"hdruckeinflussÿÿ?î"
"656";"00:14:17:02";"00:14:19:10";"Die Woche geht

unter Hochdruckeinfluss"
"657";"00:14:19:12";"00:14:19:12";"FABstïd meist sonnig( ( und oft sehr warÆæ"
"658";"00:14:19:12";"00:14:19:12";"FABst,m bis heiß zu Ende.ÿÿ5QÈ"
"659";"00:14:19:12";"00:14:22:08";"meist sonnig

und oft sehr warm bis heiû zu Ende."
"660";"00:14:22:21";"00:14:22:21";"FABstðdDie Schauer und Gewitter des Abends( ( falV"
"661";"00:14:22:21";"00:14:22:21";"FABstBlen schnell in sich zusammen. ÿÿª®"
"662";"00:14:22:21";"00:14:26:22";"Die Schauer und Gewitter des Abends

fallen schnell in sich zusammen."
"663";"00:14:27:02";"00:14:27:02";"FABstñN Die Nacht ist meist sternenklar.ÿÿ*"
"664";"00:14:27:02";"00:14:29:04";"Die Nacht ist meist sternenklar."
"665";"00:14:29:10";"00:14:29:10";"FABstòd Am Tag erwarten uns( ( bis zu 16"
"666";"00:14:29:10";"00:14:29:10";"FABst0Stunden Sonnenschein.ÿÿ1x"
"667";"00:14:29:10";"00:14:32:17";"Am Tag erwarten uns

bis zu 16 Stunden Sonnenschein."
"668";"00:14:32:22";"00:14:32:22";"FABstód Über dem östlichen Bergland sowie( ( im Sðê"
"669";"00:14:32:22";"00:14:32:22";"FABst@üden tauchen Quellwolken auf.ÿÿ!VP"
"670";"00:14:32:22";"00:14:37:03";"ÈUber dem Èostlichen Bergland sowie

im SÈuden tauchen Quellwolken auf."
"671";"00:14:37:09";"00:14:37:09";"FABstôd An den Alpen können sie( ( SchauergÊ"
"672";"00:14:37:09";"00:14:37:09";"FABst2 und Gewitter bringen.ÿÿ/Ñv"
"673";"00:14:37:09";"00:14:41:02";"An den Alpen kÈonnen sie

Schauer und Gewitter bringen."
"674";"00:14:53:00";"00:14:53:00";"FABstõd Auch am Montag ist es oft sonnig( ( u"
"675";"00:14:53:00";"00:14:53:00";"FABst2nd sehr warm bis heiß.ÿÿ/þ"
"676";"00:14:53:00";"00:14:56:09";"Auch am Montag ist es oft sonnig

und sehr warm bis heiû."
"677";"00:14:56:11";"00:14:56:11";"FABstödIn den folgenden Tagen sind Richtung( ( ¾<u>"
"678";"00:14:56:11";"00:14:56:11";"FABstBOsten einige Wolken unterwegs.ÿÿ¾""
"679";"00:14:56:11";"00:15:00:07";"In den folgenden Tagen sind Richtung

Osten einige Wolken unterwegs."
"680";"00:15:00:09";"00:15:00:09";"FABst÷H Gebietsweise wird es nass.ÿÿv"
"681";"00:15:00:09";"00:15:02:01";"Gebietsweise wird es nass."
"682";"00:15:05:11";"00:15:05:11";"FABstød In den tagesthemen um 23.15 Uhr( ( <i>è"
"683";"00:15:05:11";"00:15:05:11";"FABst.mit Ingo Zamperoniÿÿ3ö8"
"684";"00:15:05:11";"00:15:08:11";"In den tagesthemen um 23.15 Uhr

mit Ingo Zamperoni"
"685";"00:15:08:15";"00:15:08:15";"FABstùJ blicken wir in die Ukraine.ÿÿC`"
"686";"00:15:08:15";"00:15:10:08";"blicken wir in die Ukraine."
"687";"00:15:10:13";"00:15:10:13";"FABstúd Dort soll die Gegenoffensive( ( ¼ü"
"688";"00:15:10:13";"00:15:10:13";"FABst&begonnen haben.ÿÿ;d"
"689";"00:15:10:13";"00:15:13:04";"Dort soll die Gegenoffensive

begonnen haben."
"690";"00:15:13:09";"00:15:13:09";"FABstûN Wir zeigen Ihnen die HöhepunkteÿÿL"
"691";"00:15:13:09";"00:15:15:06";"Wir zeigen Ihnen die HÈohepunkte"
"692";"00:15:15:10";"00:15:15:10";"FABstüd vom Champions-League-Finale( ( ManchestÎ*"
"693";"00:15:15:10";"00:15:15:10";"FABst>er City gegen Inter Mailand.ÿÿ#"
"694";"00:15:15:10";"00:15:19:11";"vom Champions-League-Finale

Manchester City gegen Inter Mailand."
"695";"00:15:19:16";"00:15:19:16";"FABstýH Ihnen einen schönen Abend.ÿÿÁ"
"696";"00:15:19:16";"00:15:21:09";"Ihnen einen schÈonen Abend."
"697";"00:15:24:14";"00:15:24:14";"FABstþLCopyright Untertitel: NDR 2023ÿÿc:"
"698";"00:15:24:14";"00:15:26:13";"Copyright Untertitel: NDR 2023"
