No.;Timecode In;Timecode Out;Subtitle
"1";"00:00:03:00";"00:00:03:00";"FABst6 * Gong *ÿÿZZZZZZZZZZ¥¥ã¥¥¥¥¥6"
"2";"00:00:03:00";"00:00:03:00";"FABst¥¥¥ä¥¥¥¥ç¥¥ç¥§ª¦ªîªªªG</i>´"
"3";"00:00:03:00";"00:00:04:05";"* Gong *"
"4";"00:00:04:07";"00:00:04:07";"FABstdHier ist das Erste Deutsche Fernsehen( ( 9"
"5";"00:00:04:07";"00:00:04:07";"FABst: mit der tagesschau.ÿÿ'õþ"
"6";"00:00:04:07";"00:00:08:02";"Hier ist das Erste Deutsche Fernsehen

mit der tagesschau."
"7";"00:00:08:04";"00:00:08:04";"FABstd Diese Sendung wurde vom NDR( ( live Af"
"8";"00:00:08:04";"00:00:08:04";"FABst6untertitelt (30.06.2023)ÿÿ+»¬"
"9";"00:00:08:04";"00:00:12:23";"Diese Sendung wurde vom NDR

live untertitelt (30.06.2023)"
"10";"00:00:15:16";"00:00:15:16";"FABstd Heute im Studio:( ( Constanü"
"11";"00:00:15:16";"00:00:15:16";"FABst"tin Schreiber.ÿÿ?ÞN"
"12";"00:00:15:16";"00:00:18:08";"Heute im Studio:

Constantin Schreiber."
"13";"00:00:18:15";"00:00:18:15";"FABstd Guten Abend,( ( ich begrüße Si3¦"
"14";"00:00:18:15";"00:00:18:15";"FABst(e zur tagesschau.A¯R"
"15";"00:00:18:15";"00:00:21:17";"Guten Abend,

ich begrÈuûe Sie zur tagesschau."
"16";"00:00:22:16";"00:00:22:16";"FABstd Frankreich wurde( ( die drittRâ"
"17";"00:00:22:16";"00:00:22:16";"FABst&e Nacht in Folgeÿÿ;¥|"
"18";"00:00:22:16";"00:00:25:10";"Frankreich wurde

die dritte Nacht in Folge"
"19";"00:00:25:12";"00:00:25:12";"FABstP von schweren Unruhen erschüttert.ÿÿZ<"
"20";"00:00:25:12";"00:00:27:17";"von schweren Unruhen erschÈuttert."
"21";"00:00:27:19";"00:00:27:19";"FABstd Zehntausende Polizisten( ( wm¬"
"22";"00:00:27:19";"00:00:27:19";"FABst&aren im Einsatz,ÿÿ;4"
"23";"00:00:27:19";"00:00:30:10";"Zehntausende Polizisten

waren im Einsatz,"
"24";"00:00:30:12";"00:00:30:12";"FABstd mehr als 870 Menschen( ( wurdLÄ"
"25";"00:00:30:12";"00:00:30:12";"FABst(en festgenommen. ÿÿ9Õ"
"26";"00:00:30:12";"00:00:33:08";"mehr als 870 Menschen

wurden festgenommen."
"27";"00:00:33:10";"00:00:33:10";"FABstd Zentrum der Ausschreitungen( ( war't"
"28";"00:00:33:10";"00:00:33:10";"FABst2en Vororte von Paris. ÿÿ/¼Ì"
"29";"00:00:33:10";"00:00:36:22";"Zentrum der Ausschreitungen

waren Vororte von Paris."
"30";"00:00:36:24";"00:00:36:24";"FABstd Vor allem Nanterre,( ( wo ein 17-JB"
"31";"00:00:36:24";"00:00:36:24";"FABst,ähriger am Dienstagÿÿ58"
"32";"00:00:36:24";"00:00:40:17";"Vor allem Nanterre,

wo ein 17-JÈahriger am Dienstag"
"33";"00:00:40:19";"00:00:40:19";"FABstd bei einer Polizeikontrolle( ( eO>"
"34";"00:00:40:19";"00:00:40:19";"FABst&rschossen wurde.ÿÿ;áj"
"35";"00:00:40:19";"00:00:44:01";"bei einer Polizeikontrolle

erschossen wurde."
"36";"00:00:44:12";"00:00:44:12";"FABstdUm weiteren Eskalationen vorzubeugen,( ( a¾"
"37";"00:00:44:12";"00:00:44:12";"FABstHerließ die französische Regierungÿÿ8"
"38";"00:00:44:12";"00:00:49:09";"Um weiteren Eskalationen vorzubeugen,

erlieû die franzÈosische Regierung"
"39";"00:00:49:10";"00:00:49:10";"FABstd Einschränkungen( ( des öffentÂ"
"40";"00:00:49:10";"00:00:49:10";"FABst"lichen Lebens.ÿÿ?Èz"
"41";"00:00:49:10";"00:00:52:05";"EinschrÈankungen

des Èoffentlichen Lebens."
"42";"00:00:53:06";"00:00:53:06";"FABstd Fast 2000 ausgebrannte Autos,( ( oè"
"43";"00:00:53:06";"00:00:53:06";"FABst,zahlreiche Busse:=®Z"
"44";"00:00:53:06";"00:00:56:13";"Fast 2000 ausgebrannte Autos,

zahlreiche Busse:"
"45";"00:00:56:15";"00:00:56:15";"FABstd Das Ausmaß der Zerstörung( ( in FE"
"46";"00:00:56:15";"00:00:56:15";"FABst0rankreich ist immens.9Ã"
"47";"00:00:56:15";"00:00:59:23";"Das Ausmaû der ZerstÈorung

in Frankreich ist immens."
"48";"00:01:00:00";"00:01:00:00";"FABstd Auch kleinere Städte( ( sind måî"
"49";"00:01:00:00";"00:01:00:00";"FABst&assiv betroffen,ÿÿ;ç"
"50";"00:01:00:00";"00:01:02:21";"Auch kleinere StÈadte

sind massiv betroffen,"
"51";"00:01:02:23";"00:01:02:23";"FABstP wie Montargis im Süden von Paris.ÿÿC<"
"52";"00:01:02:23";"00:01:05:07";"wie Montargis im SÈuden von Paris."
"53";"00:01:05:18";"00:01:05:18";"FABstd Ich verstehe( ( diesen Ausbruc9þ"
"54";"00:01:05:18";"00:01:05:18";"FABst&h an Hass nicht.ÿÿ;Èf"
"55";"00:01:05:18";"00:01:08:17";"Ich verstehe

diesen Ausbruch an Hass nicht."
"56";"00:01:08:19";"00:01:08:19";"FABstD Ich habe keine Worte.ÿÿÚr"
"57";"00:01:08:19";"00:01:10:05";"Ich habe keine Worte."
"58";"00:01:10:07";"00:01:10:07";"FABstd Ich sehe hier alle weinen( ( und("
"59";"00:01:10:07";"00:01:10:07";"FABst. Trümmer aufsammeln,ÿÿ3ò"
"60";"00:01:10:07";"00:01:13:09";"Ich sehe hier alle weinen

und TrÈummer aufsammeln,"
"61";"00:01:13:11";"00:01:13:11";"FABst> es ist schlimm.ÿÿÚ<u>"
"62";"00:01:13:11";"00:01:14:15";"es ist schlimm."
"63";"00:01:14:17";"00:01:14:17";"FABstd Heute Mittag( ( KrisensitzungÔ"
"64";"00:01:14:17";"00:01:14:17";"FABst$ der Regierung.ÿÿ=û."
"65";"00:01:14:17";"00:01:17:06";"Heute Mittag

Krisensitzung der Regierung."
"66";"00:01:17:08";"00:01:17:08";"FABstd Die Ordnung im Land müsse( ( ohne Tabuõ<"
"67";"00:01:17:08";"00:01:17:08";"FABst: wiederhergestellt werden,ÿÿ'°"
"68";"00:01:17:08";"00:01:21:02";"Die Ordnung im Land mÈusse

ohne Tabu wiederhergestellt werden,"
"69";"00:01:21:04";"00:01:21:04";"FABstD lautet die Botschaft.ÿÿ$"
"70";"00:01:21:04";"00:01:22:17";"lautet die Botschaft."
"71";"00:01:23:00";"00:01:23:00";"FABstd Der Tod eines jungen Mannes( ( wir"
"72";"00:01:23:00";"00:01:23:00";"FABst2d instrumentalisiert. 7¿¬"
"73";"00:01:23:00";"00:01:26:17";"Der Tod eines jungen Mannes

wird instrumentalisiert."
"74";"00:01:26:19";"00:01:26:19";"FABstVWir beklagen alle, was passiert ist.Æ:"
"75";"00:01:26:19";"00:01:29:06";"Wir beklagen alle, was passiert ist."
"76";"00:01:29:09";"00:01:29:09";"FABstd Es sollte eine Zeit( ( der Andacht¬"
"77";"00:01:29:09";"00:01:29:09";"FABst4 und des Respekts sein.ÿÿ-û>"
"78";"00:01:29:09";"00:01:32:24";"Es sollte eine Zeit

der Andacht und des Respekts sein."
"79";"00:01:33:06";"00:01:33:06";"FABstd Vergangene Nacht waren( ( 40.000 P_<"
"80";"00:01:33:06";"00:01:33:06";"FABst0olizisten im Einsatz,ÿÿ1ï>"
"81";"00:01:33:06";"00:01:36:17";"Vergangene Nacht waren

40.000 Polizisten im Einsatz,"
"82";"00:01:36:19";"00:01:36:19";"FABstN darunter Anti-Terror-Einheiten.ÿÿüþ"
"83";"00:01:36:19";"00:01:39:02";"darunter Anti-Terror-Einheiten."
"84";"00:01:39:11";"00:01:39:11";"FABstd Die Protestierenden( ( sind meip2"
"85";"00:01:39:11";"00:01:39:11";"FABst&st junge Männer.ÿÿ;2"
"86";"00:01:39:11";"00:01:42:12";"Die Protestierenden

sind meist junge MÈanner."
"87";"00:01:43:22";"00:01:43:22";"FABst d Ein Drittel der Verhafteten( ("
"88";"00:01:43:22";"00:01:43:22";"FABst*ist minderjährig.ÿÿ7"
"89";"00:01:43:22";"00:01:46:12";"Ein Drittel der Verhafteten

ist minderjÈahrig."
"90";"00:01:46:16";"00:01:46:16";"FABst!d Ich appelliere an die Eltern, ( ( ihre"
"91";"00:01:46:16";"00:01:46:16";"FABst8Kinder zu beaufsichtigen.ÿÿ)÷4"
"92";"00:01:46:16";"00:01:50:20";"Ich appelliere an die Eltern,

ihre Kinder zu beaufsichtigen."
"93";"00:01:51:12";"00:01:51:12";"FABst"d Macron forderte( ( die sozialz"
"94";"00:01:51:12";"00:01:51:12";"FABst"en Medien auf,ÿÿ?"
"95";"00:01:51:12";"00:01:54:04";"Macron forderte

die sozialen Medien auf,"
"96";"00:01:54:06";"00:01:54:06";"FABst#Vihre Inhalte besser zu kontrollieren.ÿÿ²"
"97";"00:01:54:06";"00:01:56:18";"ihre Inhalte besser zu kontrollieren."
"98";"00:01:56:20";"00:01:56:20";"FABst$d Auslöser der Gewalt( ( war der Tod½"
"99";"00:01:56:20";"00:01:56:20";"FABst, eines 17-Jährigen,ÿÿ56ü"
"100";"00:01:56:20";"00:02:00:00";"AuslÈoser der Gewalt

war der Tod eines 17-JÈahrigen,"
"101";"00:02:00:02";"00:02:00:02";"FABst%d der von einem Polizisten( ( ersc~Ú"
"102";"00:02:00:02";"00:02:00:02";"FABst*hossen worden war.ÿÿ7³J"
"103";"00:02:00:02";"00:02:03:01";"der von einem Polizisten

erschossen worden war."
"104";"00:02:03:03";"00:02:03:03";"FABst&d Polizeigewalt sorgt seit Langem( ("
"105";"00:02:03:03";"00:02:03:03";"FABst2für Wut in Frankreich.ÿÿ/bt"
"106";"00:02:03:03";"00:02:06:13";"Polizeigewalt sorgt seit Langem

fÈur Wut in Frankreich."
"107";"00:02:06:15";"00:02:06:15";"FABst'd Auch das UN-Menschenrechtsbüro( ( siØ:"
"108";"00:02:06:15";"00:02:06:15";"FABst0eht hier ein Problem.ÿÿ1¤"
"109";"00:02:06:15";"00:02:10:05";"Auch das UN-MenschenrechtsbÈuro

sieht hier ein Problem."
"110";"00:02:10:07";"00:02:10:07";"FABst(dDas ist der Zeitpunkt, sich mit den( ("
"111";"00:02:10:07";"00:02:10:07";"FABst< Problemen von Rassismus-"
"112";"00:02:10:07";"00:02:14:01";"Das ist der Zeitpunkt, sich mit den

Problemen von Rassismus"
"113";"00:02:14:03";"00:02:14:03";"FABst)d und Diskriminierung in der( ( StrafvW."
"114";"00:02:14:03";"00:02:14:03";"FABstBerfolgung auseinanderzusetzen.'"
"115";"00:02:14:03";"00:02:18:05";"und Diskriminierung in der

Strafverfolgung auseinanderzusetzen."
"116";"00:02:18:07";"00:02:18:07";"FABst*F Busse und Straßenbahnenÿÿ]"
"117";"00:02:18:07";"00:02:19:22";"Busse und Straûenbahnen"
"118";"00:02:19:24";"00:02:19:24";"FABst+d sollen bis auf Weiteres( ( nach 21 U]"
"119";"00:02:19:24";"00:02:19:24";"FABst0hr nicht mehr fahren.ÿÿ1"
"120";"00:02:19:24";"00:02:23:11";"sollen bis auf Weiteres

nach 21 Uhr nicht mehr fahren."
"121";"00:02:23:13";"00:02:23:13";"FABst,dGrößere Veranstaltungen werden aus ( ( SorgSD"
"122";"00:02:23:13";"00:02:23:13";"FABstDe vor Ausschreitungen abgesagt.ÿÿö¤"
"123";"00:02:23:13";"00:02:27:18";"GrÈoûere Veranstaltungen werden aus

Sorge vor Ausschreitungen abgesagt."
"124";"00:02:27:20";"00:02:27:20";"FABst-dDie Wut hat sich bei vielen Menschen( ( .,"
"125";"00:02:27:20";"00:02:27:20";"FABstFaus den Vorstädten aufgestaut.#?Ö"
"126";"00:02:27:20";"00:02:32:00";"Die Wut hat sich bei vielen Menschen

aus den VorstÈadten aufgestaut."
"127";"00:02:32:02";"00:02:32:02";"FABst.d Sie fühlen sich( ( vernachlässig!>"
"128";"00:02:32:02";"00:02:32:02";"FABst.t und diskriminiert.;¦j"
"129";"00:02:32:02";"00:02:35:03";"Sie fÈuhlen sich

vernachlÈassigt und diskriminiert."
"130";"00:02:35:05";"00:02:35:05";"FABst/d Ein Ausnahmezustand( ( wurde nochJÌ"
"131";"00:02:35:05";"00:02:35:05";"FABst* nicht ausgerufen:ÿÿ7½R"
"132";"00:02:35:05";"00:02:38:08";"Ein Ausnahmezustand

wurde noch nicht ausgerufen:"
"133";"00:02:38:10";"00:02:38:10";"FABst0N Mehr Befugnisse für die Polizeiÿÿ}<"
"134";"00:02:38:10";"00:02:40:12";"Mehr Befugnisse fÈur die Polizei"
"135";"00:02:40:14";"00:02:40:14";"FABst1d könnten die Gewaltausbrüche( ( e"
"136";"00:02:40:14";"00:02:40:14";"FABst$ verschärfen.ÿÿ=ä"
"137";"00:02:40:14";"00:02:43:00";"kÈonnten die GewaltausbrÈuche

verschÈarfen."
"138";"00:02:43:04";"00:02:43:04";"FABst2d Doch an Eltern( ( und soziale M{ü"
"139";"00:02:43:04";"00:02:43:04";"FABst0edien zu appellieren,ÿÿ1Ý`"
"140";"00:02:43:04";"00:02:46:03";"Doch an Eltern

und soziale Medien zu appellieren,"
"141";"00:02:46:05";"00:02:46:05";"FABst3L reicht vermutlich auch nicht.ÿÿæ"
"142";"00:02:46:05";"00:02:48:05";"reicht vermutlich auch nicht."
"143";"00:02:48:23";"00:02:48:23";"FABst4d In Brüssel ist der EU-Gipfel( ( ðì"
"144";"00:02:48:23";"00:02:48:23";"FABst*ohne eine Einigungÿÿ7ËH"
"145";"00:02:48:23";"00:02:51:23";"In BrÈussel ist der EU-Gipfel

ohne eine Einigung"
"146";"00:02:52:00";"00:02:52:00";"FABst5d im Streit über die geplante( ( Asyl-À"
"147";"00:02:52:00";"00:02:52:00";"FABst6Reform zu Ende gegangen.ÿÿ+üì"
"148";"00:02:52:00";"00:02:55:09";"im Streit Èuber die geplante

Asyl-Reform zu Ende gegangen."
"149";"00:02:55:12";"00:02:55:12";"FABst6dIn der gemeinsamen Abschlusserklärung( ( ²"
"150";"00:02:55:12";"00:02:55:12";"FABstB taucht das Thema nicht auf,ÿÿ
Î"
"151";"00:02:55:12";"00:02:59:08";"In der gemeinsamen AbschlusserklÈarung

taucht das Thema nicht auf,"
"152";"00:02:59:10";"00:02:59:10";"FABst7d denn Polen und Ungarn( ( stellten si"
"153";"00:02:59:10";"00:02:59:10";"FABst6ch gegen die Pläne quer.ÿÿ+"
"154";"00:02:59:10";"00:03:02:23";"denn Polen und Ungarn

stellten sich gegen die PlÈane quer."
"155";"00:03:03:00";"00:03:03:00";"FABst8d Kanzler Scholz zeigte sich( ( optimisti2"
"156";"00:03:03:00";"00:03:03:00";"FABst8sch, dass die EU absehbarÿÿ)Ù4"
"157";"00:03:03:00";"00:03:06:18";"Kanzler Scholz zeigte sich

optimistisch, dass die EU absehbar"
"158";"00:03:06:20";"00:03:06:20";"FABst9deine für alle Staaten verbindliche ( ( Migrö"
"159";"00:03:06:20";"00:03:06:20";"FABstDationspolitik beschließen wird.ÿÿ;<i>"
"160";"00:03:06:20";"00:03:11:01";"eine fÈur alle Staaten verbindliche

Migrationspolitik beschlieûen wird."
"161";"00:03:12:16";"00:03:12:16";"FABst:d Eine Nacht des Streits( ( liegt hint>~"
"162";"00:03:12:16";"00:03:12:16";"FABst4er den Regierungschefs,5÷|"
"163";"00:03:12:16";"00:03:16:04";"Eine Nacht des Streits

liegt hinter den Regierungschefs,"
"164";"00:03:16:06";"00:03:16:06";"FABst;d als sie( ( den Gipfel in Brüî"
"165";"00:03:16:06";"00:03:16:06";"FABst&ssel fortsetzen.C`"
"166";"00:03:16:06";"00:03:18:24";"als sie

den Gipfel in BrÈussel fortsetzen."
"167";"00:03:19:01";"00:03:19:01";"FABst<d Polens Regierungschef Morawiecki( ("
"168";"00:03:19:01";"00:03:19:01";"FABst.wehrt sich dagegen,ÿÿ3Ñ,"
"169";"00:03:19:01";"00:03:22:15";"Polens Regierungschef Morawiecki

wehrt sich dagegen,"
"170";"00:03:22:20";"00:03:22:20";"FABst=ddass sein Land künftig Flüchtlinge ( ( aufnÜ"
"171";"00:03:22:20";"00:03:22:20";"FABstDehmen oder Strafen zahlen soll.ÿÿ¼*"
"172";"00:03:22:20";"00:03:27:06";"dass sein Land kÈunftig FlÈuchtlinge

aufnehmen oder Strafen zahlen soll."
"173";"00:03:27:08";"00:03:27:08";"FABst>B Polen sei souverän.ÿÿj"
"174";"00:03:27:08";"00:03:28:18";"Polen sei souverÈan."
"175";"00:03:29:11";"00:03:29:11";"FABst?d Ich will nicht mit dem Finger( ( *Ö"
"176";"00:03:29:11";"00:03:29:11";"FABst,auf andere zeigen,=¿6"
"177";"00:03:29:11";"00:03:32:16";"Ich will nicht mit dem Finger

auf andere zeigen,"
"178";"00:03:32:18";"00:03:32:18";"FABst@d aber wir sehen, was in einigen( ( Städt<i>b"
"179";"00:03:32:18";"00:03:32:18";"FABst8en Westeuropas passiert. 1µ*"
"180";"00:03:32:18";"00:03:36:11";"aber wir sehen, was in einigen

StÈadten Westeuropas passiert."
"181";"00:03:36:13";"00:03:36:13";"FABstAd Die Risiken illegaler( ( Einwanderun\"
"182";"00:03:36:13";"00:03:36:13";"FABst0gswellen in ein Land.ÿÿ1­"
"183";"00:03:36:13";"00:03:40:09";"Die Risiken illegaler

Einwanderungswellen in ein Land."
"184";"00:03:42:02";"00:03:42:02";"FABstBH Erst kürzlich hatte die EUÿÿOª"
"185";"00:03:42:02";"00:03:44:00";"Erst kÈurzlich hatte die EU"
"186";"00:03:44:02";"00:03:44:02";"FABstCd eine Reform( ( des Asylsyst*V"
"187";"00:03:44:02";"00:03:44:02";"FABst$ems verabredet.ÿÿ=</i>B"
"188";"00:03:44:02";"00:03:46:18";"eine Reform

des Asylsystems verabredet."
"189";"00:03:46:24";"00:03:46:24";"FABstDP Um Ländern wie Italien zu helfen,ÿÿh"
"190";"00:03:46:24";"00:03:49:08";"Um LÈandern wie Italien zu helfen,"
"191";"00:03:49:10";"00:03:49:10";"FABstEd sollen alle Flüchtlinge aufnehmen( ( Öt"
"192";"00:03:49:10";"00:03:49:10";"FABst, oder bezahlen.ÿÿ5Õf"
"193";"00:03:49:10";"00:03:52:15";"sollen alle FlÈuchtlinge aufnehmen

oder bezahlen."
"194";"00:03:53:05";"00:03:53:05";"FABstFd Polen und Ungarn stört,( ( dass súú"
"195";"00:03:53:05";"00:03:53:05";"FABst0ie überstimmt wurden.ÿÿ1BH"
"196";"00:03:53:05";"00:03:56:12";"Polen und Ungarn stÈort,

dass sie Èuberstimmt wurden."
"197";"00:03:56:14";"00:03:56:14";"FABstGRSo ist das eben, sagen die anderen.ÿÿ°2"
"198";"00:03:56:14";"00:03:59:01";"So ist das eben, sagen die anderen."
"199";"00:03:59:13";"00:03:59:13";"FABstHd Dass Polen und Ungarn ( ( die MyV"
"200";"00:03:59:13";"00:03:59:13";"FABst(öglichkeit haben,Aqø"
"201";"00:03:59:13";"00:04:02:13";"Dass Polen und Ungarn

die MÈoglichkeit haben,"
"202";"00:04:02:14";"00:04:02:14";"FABstIddie Mehrheitsabstimmungen infrage( ( zu sQ"
"203";"00:04:02:14";"00:04:02:14";"FABst@tellen, mache ich nicht mit. )¡"
"204";"00:04:02:14";"00:04:06:23";"die Mehrheitsabstimmungen infrage

zu stellen, mache ich nicht mit."
"205";"00:04:07:00";"00:04:07:00";"FABstJd Wir haben Regeln( ( und daran sol1"
"206";"00:04:07:00";"00:04:07:00";"FABst.lten wir uns halten.ÿÿ3ó¸"
"207";"00:04:07:00";"00:04:10:15";"Wir haben Regeln

und daran sollten wir uns halten."
"208";"00:04:12:17";"00:04:12:17";"FABstKd Der Migrationspakt steht, ( ( da geh#ð"
"209";"00:04:12:17";"00:04:12:17";"FABst2en wir nicht mehr ran.7£z"
"210";"00:04:12:17";"00:04:16:08";"Der Migrationspakt steht,

da gehen wir nicht mehr ran."
"211";"00:04:16:10";"00:04:16:10";"FABstLB Der ist beschlossen.#»À"
"212";"00:04:16:10";"00:04:17:21";"Der ist beschlossen."
"213";"00:04:18:01";"00:04:18:01";"FABstMdAn dem Deal können Polen und Ungarn( ( ¥@"
"214";"00:04:18:01";"00:04:18:01";"FABst4 also nichts ändern.ÿÿ-W"
"215";"00:04:18:01";"00:04:21:14";"An dem Deal kÈonnen Polen und Ungarn

also nichts Èandern."
"216";"00:04:21:16";"00:04:21:16";"FABstNd Aus Protest blockierten sie heute( ( eine <Ä"
"217";"00:04:21:16";"00:04:21:16";"FABstBErklärung zum Thema Migration.ÿÿl"
"218";"00:04:21:16";"00:04:26:00";"Aus Protest blockierten sie heute

eine ErklÈarung zum Thema Migration."
"219";"00:04:26:02";"00:04:26:02";"FABstOd Der Kanzler geht davon aus: ( ( Die As%è"
"220";"00:04:26:02";"00:04:26:02";"FABst6ylreform wird umgesetzt.ÿÿ+´X"
"221";"00:04:26:02";"00:04:29:24";"Der Kanzler geht davon aus:

Die Asylreform wird umgesetzt."
"222";"00:04:30:01";"00:04:30:01";"FABstPd Zumal Polen und Ungarn( ( gar nichVÜ"
"223";"00:04:30:01";"00:04:30:01";"FABst0t verpflichtet wären,ÿÿ1B\"
"224";"00:04:30:01";"00:04:33:16";"Zumal Polen und Ungarn

gar nicht verpflichtet wÈaren,"
"225";"00:04:33:18";"00:04:33:18";"FABstQF Flüchtlinge aufzunehmen.ÿÿs<"
"226";"00:04:33:18";"00:04:35:12";"FlÈuchtlinge aufzunehmen."
"227";"00:04:35:24";"00:04:35:24";"FABstRd Der andere Weg ist,( ( dass man s,"
"228";"00:04:35:24";"00:04:35:24";"FABst8ich finanziell beteiligt.1Ìú"
"229";"00:04:35:24";"00:04:39:21";"Der andere Weg ist,

dass man sich finanziell beteiligt."
"230";"00:04:40:06";"00:04:40:06";"FABstSdDas ist aus meiner Sicht plausibel,( ( 32"
"231";"00:04:40:06";"00:04:40:06";"FABstBdass das auch die Praxis wird.'¾t"
"232";"00:04:40:06";"00:04:45:02";"Das ist aus meiner Sicht plausibel,

dass das auch die Praxis wird."
"233";"00:04:46:17";"00:04:46:17";"FABstT> Viele in Brüssel'*È"
"234";"00:04:46:17";"00:04:48:01";"Viele in BrÈussel"
"235";"00:04:48:03";"00:04:48:03";"FABstUderklären sich das Auftreten Polens( ( í´"
"236";"00:04:48:03";"00:04:48:03";"FABst<mit dem dortigen Wahlkampf.-°Ô"
"237";"00:04:48:03";"00:04:52:01";"erklÈaren sich das Auftreten Polens

mit dem dortigen Wahlkampf."
"238";"00:04:52:03";"00:04:52:03";"FABstVd Die Regierung will Wähler gewinnen( ( unÉV"
"239";"00:04:52:03";"00:04:52:03";"FABstJd plant auch eine Volksabstimmung:ÿÿÍ""
"240";"00:04:52:03";"00:04:56:09";"Die Regierung will WÈahler gewinnen

und plant auch eine Volksabstimmung:"
"241";"00:04:56:11";"00:04:56:11";"FABstWH Gegen eine EU-Asylreform,ÿÿ\"
"242";"00:04:56:11";"00:04:58:02";"Gegen eine EU-Asylreform,"
"243";"00:04:58:04";"00:04:58:04";"FABstXd die Polen nicht zur Aufnahme( ( von Flh"
"244";"00:04:58:04";"00:04:58:04";"FABst6üchtlingen verpflichtet.ÿÿ+f"
"245";"00:04:58:04";"00:05:01:19";"die Polen nicht zur Aufnahme

von FlÈuchtlingen verpflichtet."
"246";"00:05:01:21";"00:05:01:21";"FABstYRUnd die die Asylregeln verschärft.ÿÿ?"
"247";"00:05:01:21";"00:05:04:01";"Und die die Asylregeln verschÈarft."
"248";"00:05:04:04";"00:05:04:04";"FABstZd Beides Dinge,( ( die Polen seitf"
"249";"00:05:04:04";"00:05:04:04";"FABst& Jahren fordert.ÿÿ;D"
"250";"00:05:04:04";"00:05:06:24";"Beides Dinge,

die Polen seit Jahren fordert."
"251";"00:05:07:20";"00:05:07:20";"FABst[d Nach monatelangem Streit( ( in d6>"
"252";"00:05:07:20";"00:05:07:20";"FABst*er Ampel-Koalitionÿÿ7ã4"
"253";"00:05:07:20";"00:05:10:19";"Nach monatelangem Streit

in der Ampel-Koalition"
"254";"00:05:10:22";"00:05:10:22";"FABst\d liegt nun der Entwurf( ( des He(¾"
"255";"00:05:10:22";"00:05:10:22";"FABst,izungsgesetzes vor.ÿÿ5</i>Â"
"256";"00:05:10:22";"00:05:14:06";"liegt nun der Entwurf

des Heizungsgesetzes vor."
"257";"00:05:14:12";"00:05:14:12";"FABst]d Der Bundestag kann nun( ( kommende WF\"
"258";"00:05:14:12";"00:05:14:12";"FABst4oche darüber abstimmen.ÿÿ-Cî"
"259";"00:05:14:12";"00:05:18:07";"Der Bundestag kann nun

kommende Woche darÈuber abstimmen."
"260";"00:05:18:09";"00:05:18:09";"FABst^d Das Gesetz soll sicherstellen,( ( dass J"
"261";"00:05:18:09";"00:05:18:09";"FABst8Haushalte von Öl und Gas ÿÿ)`"
"262";"00:05:18:09";"00:05:22:09";"Das Gesetz soll sicherstellen,

dass Haushalte von ÈOl und Gas"
"263";"00:05:22:11";"00:05:22:11";"FABst_d auf klimafreundlichere Heizungen( ( Ct"
"264";"00:05:22:11";"00:05:22:11";"FABst& umsteigen.ÿÿ;¡b"
"265";"00:05:22:11";"00:05:25:10";"auf klimafreundlichere Heizungen

umsteigen."
"266";"00:05:25:20";"00:05:25:20";"FABst`dEin Austausch kann mit bis zu 70 %( ( deD"
"267";"00:05:25:20";"00:05:25:20";"FABst:r Kosten gefördert werden.ÿÿ'L6"
"268";"00:05:25:20";"00:05:30:02";"Ein Austausch kann mit bis zu 70 %

der Kosten gefÈordert werden."
"269";"00:05:30:24";"00:05:30:24";"FABstaTDie Vorgaben sollen in vollem Umfangÿÿ¢("
"270";"00:05:30:24";"00:05:33:15";"Die Vorgaben sollen in vollem Umfang"
"271";"00:05:33:17";"00:05:33:17";"FABstbd vorerst nur in Neubaugebieten( ( {,"
"272";"00:05:33:17";"00:05:33:17";"FABst*in Kraft treten.ÿÿ7`"
"273";"00:05:33:17";"00:05:36:17";"vorerst nur in Neubaugebieten

in Kraft treten."
"274";"00:05:37:24";"00:05:37:24";"FABstcF Ab heute wird es klarer,ÿÿ"
"275";"00:05:37:24";"00:05:39:20";"Ab heute wird es klarer,"
"276";"00:05:39:22";"00:05:39:22";"FABstdd wie sich die Ampel( ( die Zukunft dEÔ"
"277";"00:05:39:22";"00:05:39:22";"FABst0es Heizens vorstellt.9òØ"
"278";"00:05:39:22";"00:05:43:04";"wie sich die Ampel

die Zukunft des Heizens vorstellt."
"279";"00:05:43:06";"00:05:43:06";"FABsted Die Wärmepumpe( ( ist eine Mögl<i>,"
"280";"00:05:43:06";"00:05:43:06";"FABst*chkeit von vielen.`7ÚÆ"
"281";"00:05:43:06";"00:05:46:04";"Die WÈarmepumpe

ist eine MÈoglichkeit von vielen."
"282";"00:05:46:06";"00:05:46:06";"FABstfd Gasheizungen, die auch( ( mit WassP²"
"283";"00:05:46:06";"00:05:46:06";"FABst0erstoff laufen könnenÿÿ1Z"
"284";"00:05:46:06";"00:05:49:11";"Gasheizungen, die auch

mit Wasserstoff laufen kÈonnen"
"285";"00:05:49:13";"00:05:49:13";"FABstgd oder das Heizen mit Holzpellets( ( h"
"286";"00:05:49:13";"00:05:49:13";"FABst.gehören auch dazu.ÿÿ3."
"287";"00:05:49:13";"00:05:52:15";"oder das Heizen mit Holzpellets

gehÈoren auch dazu."
"288";"00:05:52:17";"00:05:52:17";"FABsthB Die FDP - zufrieden.ÿÿµä"
"289";"00:05:52:17";"00:05:54:02";"Die FDP - zufrieden."
"290";"00:05:54:06";"00:05:54:06";"FABstid Keine Eingriffe ins Eigentum,( ( =R"
"291";"00:05:54:06";"00:05:54:06";"FABst( keine VerboteA<i>"
"292";"00:05:54:06";"00:05:57:00";"Keine Eingriffe ins Eigentum,

keine Verbote"
"293";"00:05:57:02";"00:05:57:02";"FABstjH und Technologieoffenheit."
"294";"00:05:57:02";"00:05:59:02";"und Technologieoffenheit."
"295";"00:06:00:23";"00:06:00:23";"FABstkD Diese Punkte sind neu:ÿÿÈ"
"296";"00:06:00:23";"00:06:02:15";"Diese Punkte sind neu:"
"297";"00:06:02:17";"00:06:02:17";"FABstld Die strengen Vorgaben( ( für Bestand¦$"
"298";"00:06:02:17";"00:06:02:17";"FABst0sgebäude gelten erst,ÿÿ1B<i>"
"299";"00:06:02:17";"00:06:06:05";"Die strengen Vorgaben

fÈur BestandsgebÈaude gelten erst,"
"300";"00:06:06:07";"00:06:06:07";"FABstmd wenn die kommunale( ( Wärmepl¢"
"301";"00:06:06:07";"00:06:06:07";"FABst$anung vorliegt.ÿÿ="
"302";"00:06:06:07";"00:06:09:00";"wenn die kommunale

WÈarmeplanung vorliegt."
"303";"00:06:09:02";"00:06:09:02";"FABstnd Für größere Kommunen( ( soll das 20£ê"
"304";"00:06:09:02";"00:06:09:02";"FABst826 sein, für kleine 2028.ÿÿ)"
"305";"00:06:09:02";"00:06:12:24";"FÈur grÈoûere Kommunen

soll das 2026 sein, fÈur kleine 2028."
"306";"00:06:13:24";"00:06:13:24";"FABstod Für Mieter gilt ein Schutz( ( vor zu ho¦¾"
"307";"00:06:13:24";"00:06:13:24";"FABst:hen Modernisierungskosten.ÿÿ'Á¨"
"308";"00:06:13:24";"00:06:17:20";"FÈur Mieter gilt ein Schutz

vor zu hohen Modernisierungskosten."
"309";"00:06:17:22";"00:06:17:22";"FABstpd Die Vermieter können nur ( ( eine("
"310";"00:06:17:22";"00:06:17:22";"FABst0n Teil davon umlegen.ÿÿ1·è"
"311";"00:06:17:22";"00:06:20:24";"Die Vermieter kÈonnen nur

einen Teil davon umlegen."
"312";"00:06:21:02";"00:06:21:02";"FABstqN Beim Kauf einer neuen GasheizungÿÿØØ"
"313";"00:06:21:02";"00:06:23:03";"Beim Kauf einer neuen Gasheizung"
"314";"00:06:23:05";"00:06:23:05";"FABstrd muss es eine( ( verpflichtendeK"
"315";"00:06:23:05";"00:06:23:05";"FABst& Beratung geben.ÿÿ;h"
"316";"00:06:23:05";"00:06:26:04";"muss es eine

verpflichtende Beratung geben."
"317";"00:06:28:03";"00:06:28:03";"FABstsd Es ist niemandem zu raten,( ( ?4"
"318";"00:06:28:03";"00:06:28:03";"FABst&nach dem 1.1.'24CÔ"
"319";"00:06:28:03";"00:06:31:07";"Es ist niemandem zu raten,

nach dem 1.1.'24"
"320";"00:06:31:16";"00:06:31:16";"FABsttd noch eine( ( Öl- oder GasheiÔ¶"
"321";"00:06:31:16";"00:06:31:16";"FABst&zung einzubauen.Cr"
"322";"00:06:31:16";"00:06:34:13";"noch eine

ÈOl- oder Gasheizung einzubauen."
"323";"00:06:34:22";"00:06:34:22";"FABstud Das wird sehr, sehr teuer.( ( Der Ga8P"
"324";"00:06:34:22";"00:06:34:22";"FABst2spreis geht nach oben.ÿÿ/ìV"
"325";"00:06:34:22";"00:06:39:03";"Das wird sehr, sehr teuer.

Der Gaspreis geht nach oben."
"326";"00:06:40:04";"00:06:40:04";"FABstvd Die Opposition kritisiert,( ( sie H|"
"327";"00:06:40:04";"00:06:40:04";"FABst.habe zu wenig Zeit, ÿÿ3¢"
"328";"00:06:40:04";"00:06:43:13";"Die Opposition kritisiert,

sie habe zu wenig Zeit,"
"329";"00:06:43:15";"00:06:43:15";"FABstwd die vielen Änderungen( ( im Gesetß´"
"330";"00:06:43:15";"00:06:43:15";"FABst*z durchzuarbeiten.ÿÿ7áÜ"
"331";"00:06:43:15";"00:06:46:24";"die vielen ÈAnderungen

im Gesetz durchzuarbeiten."
"332";"00:06:47:03";"00:06:47:03";"FABstxdDas kann man nicht durchdrücken,( ( wó"
"333";"00:06:47:03";"00:06:47:03";"FABst2ie in einer Monarchie.7ÕB"
"334";"00:06:47:03";"00:06:50:16";"Das kann man nicht durchdrÈucken,

wie in einer Monarchie."
"335";"00:06:50:18";"00:06:50:18";"FABstyJ Am Montag ist die Anhörung."
"336";"00:06:50:18";"00:06:52:12";"Am Montag ist die AnhÈorung."
"337";"00:06:52:14";"00:06:52:14";"FABstzd Jetzt haben Sachverständige( ( <u>`"
"338";"00:06:52:14";"00:06:52:14";"FABst(und AbgeordneteAô"
"339";"00:06:52:14";"00:06:55:05";"Jetzt haben SachverstÈandige

und Abgeordnete"
"340";"00:06:55:07";"00:06:55:07";"FABst{J gerade das Wochenende Zeit:ÿÿ"
"341";"00:06:55:07";"00:06:57:02";"gerade das Wochenende Zeit:"
"342";"00:06:57:04";"00:06:57:04";"FABst|d Um 120 Seiten zu lesen,( ( zu bewerteK"
"343";"00:06:57:04";"00:06:57:04";"FABst2n, Schlüsse zu ziehen.ÿÿ/Ö"
"344";"00:06:57:04";"00:07:00:13";"Um 120 Seiten zu lesen,

zu bewerten, SchlÈusse zu ziehen."
"345";"00:07:00:15";"00:07:00:15";"FABst}d Die Ampel-Koalition will( ( das GebäÊv"
"346";"00:07:00:15";"00:07:00:15";"FABst2ude- und Energiegesetzÿÿ/n"
"347";"00:07:00:15";"00:07:03:22";"Die Ampel-Koalition will

das GebÈaude- und Energiegesetz"
"348";"00:07:03:24";"00:07:03:24";"FABst~d in der nächsten Woche( ( im BunÄ"
"349";"00:07:03:24";"00:07:03:24";"FABst,destag beschließen.ÿÿ51"
"350";"00:07:03:24";"00:07:07:03";"in der nÈachsten Woche

im Bundestag beschlieûen."
"351";"00:07:08:02";"00:07:08:02";"FABstd Die Ampel nennt es( ( ein nor"
"352";"00:07:08:02";"00:07:08:02";"FABst&males Verfahren.C²"
"353";"00:07:08:02";"00:07:10:19";"Die Ampel nennt es

ein normales Verfahren."
"354";"00:07:10:21";"00:07:10:21";"FABst<i>d In der Opposition sind viele ( ( über /¾"
"355";"00:07:10:21";"00:07:10:21";"FABst:den engen Zeitplan empört./Râ"
"356";"00:07:10:21";"00:07:14:15";"In der Opposition sind viele

Èuber den engen Zeitplan empÈort."
"357";"00:07:14:17";"00:07:14:17";"FABst</i>d Ein Abgeordneter( ( versucht sogaæø"
"358";"00:07:14:17";"00:07:14:17";"FABst,r per Eilverfahren,ÿÿ5úø"
"359";"00:07:14:17";"00:07:17:22";"Ein Abgeordneter

versucht sogar per Eilverfahren,"
"360";"00:07:17:24";"00:07:17:24";"FABst<u>J das Gesetz noch zu stoppen.ÿÿÐ"
"361";"00:07:17:24";"00:07:20:02";"das Gesetz noch zu stoppen."
"362";"00:07:22:04";"00:07:22:04";"FABst</u>d 100 Tage vor den Landtagswahlen( ( <u>Ð"
"363";"00:07:22:04";"00:07:22:04";"FABst0in Bayern und Hessenÿÿ1º$"
"364";"00:07:22:04";"00:07:25:11";"100 Tage vor den Landtagswahlen

in Bayern und Hessen"
"365";"00:07:25:14";"00:07:25:14";"FABstd haben CDU und CSU( ( ein Zehn-Pun¦"
"366";"00:07:25:14";"00:07:25:14";"FABst8kte-Programm beschlossen.ÿÿ)ë"
"367";"00:07:25:14";"00:07:29:02";"haben CDU und CSU

ein Zehn-Punkte-Programm beschlossen."
"368";"00:07:29:07";"00:07:29:07";"FABstd Die Parteispitzen stellten ( ( ihre¥"
"369";"00:07:29:07";"00:07:29:07";"FABst4 Agenda für Deutschlandÿÿ-K<"
"370";"00:07:29:07";"00:07:32:17";"Die Parteispitzen stellten

ihre Agenda fÈur Deutschland"
"371";"00:07:32:20";"00:07:32:20";"FABstd nach einer Präsidiumssitzung( ( 9Þ"
"372";"00:07:32:20";"00:07:32:20";"FABst&in München vor.ÿÿ;f6"
"373";"00:07:32:20";"00:07:35:18";"nach einer PrÈasidiumssitzung

in MÈunchen vor."
"374";"00:07:35:20";"00:07:35:20";"FABstdDie Union fordert Steuersenkungen, ( ( weni
ð"
"375";"00:07:35:20";"00:07:35:20";"FABstDger Belastungen für UnternehmenÿÿÜ"
"376";"00:07:35:20";"00:07:40:06";"Die Union fordert Steuersenkungen,

weniger Belastungen fÈur Unternehmen"
"377";"00:07:40:08";"00:07:40:08";"FABstd und ein strikteres Vorgehen( ( gegÏ"
"378";"00:07:40:08";"00:07:40:08";"FABst2en illegale Migration.ÿÿ/"
"379";"00:07:40:08";"00:07:43:19";"und ein strikteres Vorgehen

gegen illegale Migration."
"380";"00:07:45:01";"00:07:45:01";"FABstH Spitzentreffen in München.ýÞ"
"381";"00:07:45:01";"00:07:47:00";"Spitzentreffen in MÈunchen."
"382";"00:07:47:02";"00:07:47:02";"FABst
d Die Union( ( will sich inhaltliºÄ"
"383";"00:07:47:02";"00:07:47:02";"FABst&ch positionierenCÚò"
"384";"00:07:47:02";"00:07:49:22";"Die Union

will sich inhaltlich positionieren"
"385";"00:07:49:24";"00:07:49:24";"FABstL mit einem 10-Punkte-Programm.36"
"386";"00:07:49:24";"00:07:51:24";"mit einem 10-Punkte-Programm."
"387";"00:07:52:01";"00:07:52:01";"FABstdBei der Klimapolitik heißt es weiter:( ( Sn"
"388";"00:07:52:01";"00:07:52:01";"FABst< Anreize statt Verbote.ÿÿ%"
"389";"00:07:52:01";"00:07:55:21";"Bei der Klimapolitik heiût es weiter:

Anreize statt Verbote."
"390";"00:07:56:00";"00:07:56:00";"FABstd Wir sind für den Klimaschutz - ( ( aber9ª"
"391";"00:07:56:00";"00:07:56:00";"FABst< nicht mit der Brechstange.-èò"
"392";"00:07:56:00";"00:07:59:23";"Wir sind fÈur den Klimaschutz -

aber nicht mit der Brechstange."
"393";"00:08:00:00";"00:08:00:00";"FABstd Wir alleine können nicht( ( die Welt?Ä"
"394";"00:08:00:00";"00:08:00:00";"FABst2 in zwei Jahren lösen.7¢"
"395";"00:08:00:00";"00:08:03:15";"Wir alleine kÈonnen nicht

die Welt in zwei Jahren lÈosen."
"396";"00:08:03:17";"00:08:03:17";"FABstd CDU und CSU wollen sich ( ( im Jah"
"397";"00:08:03:17";"00:08:03:17";"FABst.r der Landtagswahlenÿÿ3Î¨"
"398";"00:08:03:17";"00:08:07:07";"CDU und CSU wollen sich

im Jahr der Landtagswahlen"
"399";"00:08:07:10";"00:08:07:10";"FABstd in Bayern und Hessen am meisten( ( mitë"
"400";"00:08:07:10";"00:08:07:10";"FABst: den Grünen beschäftigen. ÿÿ'ò"
"401";"00:08:07:10";"00:08:10:23";"in Bayern und Hessen am meisten

mit den GrÈunen beschÈaftigen."
"402";"00:08:12:13";"00:08:12:13";"FABstd Zuletzt gab es Kritik ( ( aus d­:"
"403";"00:08:12:13";"00:08:12:13";"FABst(en eigenen Reihenÿÿ9¡Ì"
"404";"00:08:12:13";"00:08:15:19";"Zuletzt gab es Kritik

aus den eigenen Reihen"
"405";"00:08:16:00";"00:08:16:00";"FABstd an Merz' Äußerung,( ( die Grünen s3¾"
"406";"00:08:16:00";"00:08:16:00";"FABst0eien der Hauptgegner.ÿÿ1òx"
"407";"00:08:16:00";"00:08:19:07";"an Merz' ÈAuûerung,

die GrÈunen seien der Hauptgegner."
"408";"00:08:19:09";"00:08:19:09";"FABstd Merz sagt heute,( ( alle Parteienô&"
"409";"00:08:19:09";"00:08:19:09";"FABst. seien Wettbewerber.ÿÿ3"
"410";"00:08:19:09";"00:08:22:23";"Merz sagt heute,

alle Parteien seien Wettbewerber."
"411";"00:08:23:14";"00:08:23:14";"FABstdDazu gehört auch die AfD, die Merz( ( einen*Ì"
"412";"00:08:23:14";"00:08:23:14";"FABst@ Feind der Demokratie nennt. ÿÿ!í"
"413";"00:08:23:14";"00:08:28:02";"Dazu gehÈort auch die AfD, die Merz

einen Feind der Demokratie nennt."
"414";"00:08:28:04";"00:08:28:04";"FABstd Das Unions-Programm sei die Antwort( ( aufàþ"
"415";"00:08:28:04";"00:08:28:04";"FABstJ eine Verunsicherung der Menschen,ÿÿý&"
"416";"00:08:28:04";"00:08:32:14";"Das Unions-Programm sei die Antwort

auf eine Verunsicherung der Menschen,"
"417";"00:08:32:16";"00:08:32:16";"FABst: sagt Söder.ÿÿ#³"
"418";"00:08:32:16";"00:08:33:18";"sagt SÈoder."
"419";"00:08:33:20";"00:08:33:20";"FABstL Die Schwesterparteien fordernÿÿk6"
"420";"00:08:33:20";"00:08:35:17";"Die Schwesterparteien fordern"
"421";"00:08:35:19";"00:08:35:19";"FABstd weniger Steuern und Abgaben( ( für GeriFÀ"
"422";"00:08:35:19";"00:08:35:19";"FABst6ng- und Normalverdiener.ÿÿ+ÆÞ"
"423";"00:08:35:19";"00:08:39:08";"weniger Steuern und Abgaben

fÈur Gering- und Normalverdiener."
"424";"00:08:39:10";"00:08:39:10";"FABstd Beim Thema Sicherheit( ( sprechÑ"
"425";"00:08:39:10";"00:08:39:10";"FABst,en sich CDU und CSUÿÿ5d"
"426";"00:08:39:10";"00:08:42:08";"Beim Thema Sicherheit

sprechen sich CDU und CSU"
"427";"00:08:42:10";"00:08:42:10";"FABstd für Ausweisungen( ( ausländischer d"
"428";"00:08:42:10";"00:08:42:10";"FABst.Clan-Mitglieder aus.ÿÿ3°"
"429";"00:08:42:10";"00:08:45:12";"fÈur Ausweisungen

auslÈandischer Clan-Mitglieder aus."
"430";"00:08:45:14";"00:08:45:14";"FABstd Und in der Migrationspolitik ( ( brauc³ê"
"431";"00:08:45:14";"00:08:45:14";"FABst:he es einen härteren Kurs.ÿÿ'Ü"
"432";"00:08:45:14";"00:08:49:05";"Und in der Migrationspolitik

brauche es einen hÈarteren Kurs."
"433";"00:08:49:07";"00:08:49:07";"FABstd Wir brauchen Einwanderung( ( inñl"
"434";"00:08:49:07";"00:08:49:07";"FABst* den Arbeitsmarkt.?V"
"435";"00:08:49:07";"00:08:52:05";"Wir brauchen Einwanderung

in den Arbeitsmarkt."
"436";"00:08:52:08";"00:08:52:08";"FABstd Gleichzeitig müssen wir( ( die irre¬"
"437";"00:08:52:08";"00:08:52:08";"FABst<guläre Migration begrenzen.-n@"
"438";"00:08:52:08";"00:08:56:10";"Gleichzeitig mÈussen wir

die irregulÈare Migration begrenzen."
"439";"00:08:56:15";"00:08:56:15";"FABstd Die Zahlen müssen runter,( ( ih"
"440";"00:08:56:15";"00:08:56:15";"FABst(die sind zu hoch.ÿÿ9."
"441";"00:08:56:15";"00:09:00:04";"Die Zahlen mÈussen runter,

die sind zu hoch."
"442";"00:09:02:01";"00:09:02:01";"FABstd CDU und CSU betonen,( ( wie gut di¥,"
"443";"00:09:02:01";"00:09:02:01";"FABst0e Zusammenarbeit sei.ÿÿ1çl"
"444";"00:09:02:01";"00:09:06:00";"CDU und CSU betonen,

wie gut die Zusammenarbeit sei."
"445";"00:09:06:11";"00:09:06:11";"FABst d Aus ihrer Sicht haben( ( dieÙ"
"446";"00:09:06:11";"00:09:06:11";"FABst& Landtagswahlen ÿÿ;ÏÜ"
"447";"00:09:06:11";"00:09:09:09";"Aus ihrer Sicht haben

die Landtagswahlen"
"448";"00:09:09:13";"00:09:09:13";"FABst¡J eine gesamtdeutsche Wirkung.ÿÿ[¤"
"449";"00:09:09:13";"00:09:11:19";"eine gesamtdeutsche Wirkung."
"450";"00:09:12:04";"00:09:12:04";"FABst¢d Sie seien damit( ( eine Abstimm</i>"
"451";"00:09:12:04";"00:09:12:04";"FABst,ung über die Ampel.ÿÿ52"
"452";"00:09:12:04";"00:09:15:08";"Sie seien damit

eine Abstimmung Èuber die Ampel."
"453";"00:09:16:13";"00:09:16:13";"FABst£L Die UN-Friedenstruppen in Maliÿÿ7ö"
"454";"00:09:16:13";"00:09:18:18";"Die UN-Friedenstruppen in Mali"
"455";"00:09:18:20";"00:09:18:20";"FABst¤d werden das krisengeschüttelte( ( \,"
"456";"00:09:18:20";"00:09:18:20";"FABst* Land verlassen.ÿÿ7`"
"457";"00:09:18:20";"00:09:21:20";"werden das krisengeschÈuttelte

Land verlassen."
"458";"00:09:21:22";"00:09:21:22";"FABst¥dNachdem die dortige Militärregierung( ( den"
"459";"00:09:21:22";"00:09:21:22";"FABstJ sofortigen Abzug gefordert hatte,ÿÿÓ$"
"460";"00:09:21:22";"00:09:26:10";"Nachdem die dortige MilitÈarregierung

den sofortigen Abzug gefordert hatte,"
"461";"00:09:26:12";"00:09:26:12";"FABst¦Tist heute die Entscheidung gefallen.ÿÿbð"
"462";"00:09:26:12";"00:09:28:22";"ist heute die Entscheidung gefallen."
"463";"00:09:29:00";"00:09:29:00";"FABst§N Der UN-Sicherheitsrat beschloss,ÿÿ4."
"464";"00:09:29:00";"00:09:31:06";"Der UN-Sicherheitsrat beschloss,"
"465";"00:09:31:08";"00:09:31:08";"FABst¨dden Minusma-Einsatz sofort zu beenden( ( ·"
"466";"00:09:31:08";"00:09:31:08";"FABstDund mit dem Abzug zu beginnen.%¹z"
"467";"00:09:31:08";"00:09:35:13";"den Minusma-Einsatz sofort zu beenden

und mit dem Abzug zu beginnen."
"468";"00:09:35:15";"00:09:35:15";"FABst©dDie letzten Blauhelm-Truppen sollen( ( biñÈ"
"469";"00:09:35:15";"00:09:35:15";"FABst@s Ende des Jahres heimkehren.ÿÿ!¸"
"470";"00:09:35:15";"00:09:39:16";"Die letzten Blauhelm-Truppen sollen

bis Ende des Jahres heimkehren."
"471";"00:09:39:18";"00:09:39:18";"FABstªd Die Bundeswehr ist an der Mission( ( noch¢~"
"472";"00:09:39:18";"00:09:39:18";"FABst@ mit 1100 Soldaten beteiligt.ÿÿ!à"
"473";"00:09:39:18";"00:09:44:00";"Die Bundeswehr ist an der Mission

noch mit 1100 Soldaten beteiligt."
"474";"00:09:45:02";"00:09:45:02";"FABst«PDas Oberste Wahlgericht Brasiliensÿÿ_R"
"475";"00:09:45:02";"00:09:47:18";"Das Oberste Wahlgericht Brasiliens"
"476";"00:09:47:20";"00:09:47:20";"FABst¬dhat Ex-Präsident Bolsonaro bis 2030 ( ( fürï¢"
"477";"00:09:47:20";"00:09:47:20";"FABstH alle politischen Ämter gesperrt.ÿÿ8"
"478";"00:09:47:20";"00:09:53:01";"hat Ex-PrÈasident Bolsonaro bis 2030

fÈur alle politischen ÈAmter gesperrt."
"479";"00:09:53:18";"00:09:53:18";"FABst­dDer Rechtsextreme kann damit nicht( ( bei d"
"480";"00:09:53:18";"00:09:53:18";"FABst@er Präsidentenwahl antreten. ÿÿ!XT"
"481";"00:09:53:18";"00:09:58:09";"Der Rechtsextreme kann damit nicht

bei der PrÈasidentenwahl antreten."
"482";"00:09:58:11";"00:09:58:11";"FABst®d Fünf der sieben Richter ( ( stimmS4"
"483";"00:09:58:11";"00:09:58:11";"FABst,ten für die Sperre.=;"
"484";"00:09:58:11";"00:10:01:14";"FÈunf der sieben Richter

stimmten fÈur die Sperre."
"485";"00:10:01:16";"00:10:01:16";"FABst¯d Er soll öffentlich das Wahlsystem( ( UÆ"
"486";"00:10:01:16";"00:10:01:16";"FABst* in Brasilien?Æ"
"487";"00:10:01:16";"00:10:05:07";"Er soll Èoffentlich das Wahlsystem

in Brasilien"
"488";"00:10:05:18";"00:10:05:18";"FABst°Rals manipulierbar bezeichnet haben.ÿÿtÈ"
"489";"00:10:05:18";"00:10:08:08";"als manipulierbar bezeichnet haben."
"490";"00:10:08:13";"00:10:08:13";"FABst±N Bolsonaro kritisiert das Urteil.ÿÿ%Þ"
"491";"00:10:08:13";"00:10:10:20";"Bolsonaro kritisiert das Urteil."
"492";"00:10:10:22";"00:10:10:22";"FABst²d Seine Anwälte wollen vor( ( den Obersnú"
"493";"00:10:10:22";"00:10:10:22";"FABst4ten Gerichtshof ziehen.ÿÿ-äØ"
"494";"00:10:10:22";"00:10:14:18";"Seine AnwÈalte wollen vor

den Obersten Gerichtshof ziehen."
"495";"00:10:16:13";"00:10:16:13";"FABst³d Die UN-Ernährungs-( ( und Landwirtslª"
"496";"00:10:16:13";"00:10:16:13";"FABst2chaftsorganisation FAOÿÿ/</i>N"
"497";"00:10:16:13";"00:10:20:23";"Die UN-ErnÈahrungs-

und Landwirtschaftsorganisation FAO"
"498";"00:10:21:09";"00:10:21:09";"FABst´d wurde offenbar auf geopolitische( ( Zie´2"
"499";"00:10:21:09";"00:10:21:09";"FABst6le Chinas zugeschnitten.ÿÿ+Ø"
"500";"00:10:21:09";"00:10:25:20";"wurde offenbar auf geopolitische

Ziele Chinas zugeschnitten."
"501";"00:10:26:06";"00:10:26:06";"FABstµd Eine ARD-Recherche zeigt,( ( wie Ge
Ê"
"502";"00:10:26:06";"00:10:26:06";"FABst4neraldirektor Qu Dongyuÿÿ-æ"
"503";"00:10:26:06";"00:10:30:21";"Eine ARD-Recherche zeigt,

wie Generaldirektor Qu Dongyu"
"504";"00:10:31:12";"00:10:31:12";"FABst¶d die Organisation systematisch( ( im Sê"
"505";"00:10:31:12";"00:10:31:12";"FABst8inne Chinas umgebaut hat.ÿÿ)¥Ü"
"506";"00:10:31:12";"00:10:35:16";"die Organisation systematisch

im Sinne Chinas umgebaut hat."
"507";"00:10:35:23";"00:10:35:23";"FABst·d Zentrale Posten der Organisation( ( íì"
"508";"00:10:35:23";"00:10:35:23";"FABst0wurden mit Direktorenÿÿ1°H"
"509";"00:10:35:23";"00:10:39:15";"Zentrale Posten der Organisation

wurden mit Direktoren"
"510";"00:10:39:17";"00:10:39:17";"FABst¸daus dem chinesischen Staatsapparat( ( ã&"
"511";"00:10:39:17";"00:10:39:17";"FABst& besetzt.ÿÿ;µÞ"
"512";"00:10:39:17";"00:10:42:11";"aus dem chinesischen Staatsapparat

besetzt."
"513";"00:10:42:13";"00:10:42:13";"FABst¹d Umstrittene Pestizide( ( wurÝn"
"514";"00:10:42:13";"00:10:42:13";"FABst&den freigegeben.ÿÿ;àÀ"
"515";"00:10:42:13";"00:10:45:04";"Umstrittene Pestizide

wurden freigegeben."
"516";"00:10:46:17";"00:10:46:17";"FABstºd Kleinbauern( ( im südafrika>"
"517";"00:10:46:17";"00:10:46:17";"FABst$nischen Sambia.EÖÈ"
"518";"00:10:46:17";"00:10:49:13";"Kleinbauern

im sÈudafrikanischen Sambia."
"519";"00:10:49:17";"00:10:49:17";"FABst»RSie mischen einen Pestizidcocktail,x"
"520";"00:10:49:17";"00:10:52:02";"Sie mischen einen Pestizidcocktail,"
"521";"00:10:52:04";"00:10:52:04";"FABst¼d um ihren Kohl( ( gegen InsekßV"
"522";"00:10:52:04";"00:10:52:04";"FABst&ten zu schützen.ÿÿ;/Ê"
"523";"00:10:52:04";"00:10:54:22";"um ihren Kohl

gegen Insekten zu schÈutzen."
"524";"00:10:54:24";"00:10:54:24";"FABst½PIhr einziger Schutz: Gummistiefel.ÿÿ6"
"525";"00:10:54:24";"00:10:57:10";"Ihr einziger Schutz: Gummistiefel."
"526";"00:10:58:00";"00:10:58:00";"FABst¾dDie Zahl der Pestizidvergiftungen( ( «"
"527";"00:10:58:00";"00:10:58:00";"FABst0 steigt rasant an.9ÓV"
"528";"00:10:58:00";"00:11:01:24";"Die Zahl der Pestizidvergiftungen

steigt rasant an."
"529";"00:11:02:12";"00:11:02:12";"FABst¿d Ein Viertel dieser Patienten( ( ëB"
"530";"00:11:02:12";"00:11:02:12";"FABst&ist gestorben.C6"
"531";"00:11:02:12";"00:11:06:01";"Ein Viertel dieser Patienten

ist gestorben."
"532";"00:11:07:19";"00:11:07:19";"FABstÀdDie Welternährungsorganisation FAO( ( erlÆ"
"533";"00:11:07:19";"00:11:07:19";"FABst<aubt in Afrika und anderswoÿÿ%¯8"
"534";"00:11:07:19";"00:11:13:05";"Die WelternÈahrungsorganisation FAO

erlaubt in Afrika und anderswo"
"535";"00:11:13:12";"00:11:13:12";"FABstÁdim Rahmen ihrer Projekte Pestizide,( ( d´"
"536";"00:11:13:12";"00:11:13:12";"FABst<i>e in Europa verboten sind.ÿÿ%î""
"537";"00:11:13:12";"00:11:18:10";"im Rahmen ihrer Projekte Pestizide,

die in Europa verboten sind."
"538";"00:11:18:24";"00:11:18:24";"FABstÂdDie FAO soll die Ernährungssicherheit( ( P"
"539";"00:11:18:24";"00:11:18:24";"FABst> in der Welt verbessern -ÿÿ#t"
"540";"00:11:18:24";"00:11:23:06";"Die FAO soll die ErnÈahrungssicherheit

in der Welt verbessern -"
"541";"00:11:23:08";"00:11:23:08";"FABstÃH mit nachhaltigen Methoden.ÿÿ"
"542";"00:11:23:08";"00:11:25:09";"mit nachhaltigen Methoden."
"543";"00:11:26:07";"00:11:26:07";"FABstÄd Der Kurs hat sich unter( ( Generaldir<u>b"
"544";"00:11:26:07";"00:11:26:07";"FABst8ektor Qu Dongyu geändert.ÿÿ)Ú"
"545";"00:11:26:07";"00:11:30:03";"Der Kurs hat sich unter

Generaldirektor Qu Dongyu geÈandert."
"546";"00:11:30:05";"00:11:30:05";"FABstÅL Mitarbeitende sind alarmiert,ÿÿKb"
"547";"00:11:30:05";"00:11:32:04";"Mitarbeitende sind alarmiert,"
"548";"00:11:32:06";"00:11:32:06";"FABstÆdwenden sich an das ARD Studio Rom,( ( wo"
"549";"00:11:32:06";"00:11:32:06";"FABst8llen aber anonym bleiben.ÿÿ)Ô"
"550";"00:11:32:06";"00:11:36:24";"wenden sich an das ARD Studio Rom,

wollen aber anonym bleiben."
"551";"00:11:38:11";"00:11:38:11";"FABstÇdIch habe das Gefühl, China nutzt ( ( die ¨"
"552";"00:11:38:11";"00:11:38:11";"FABst@FAO zu ihren eigenen Zwecken.ÿÿ!½&"
"553";"00:11:38:11";"00:11:42:21";"Ich habe das GefÈuhl, China nutzt

die FAO zu ihren eigenen Zwecken."
"554";"00:11:42:24";"00:11:42:24";"FABstÈdDamit meine ich geopolitische Zwecke( ( ð&"
"555";"00:11:42:24";"00:11:42:24";"FABst6 und Interessen.ÿÿ+R"
"556";"00:11:42:24";"00:11:46:20";"Damit meine ich geopolitische Zwecke

und Interessen."
"557";"00:11:47:22";"00:11:47:22";"FABstÉd Der neue Chef( ( baue die BeÂ"
"558";"00:11:47:22";"00:11:47:22";"FABst&hörde massiv um.ÿÿ;8ä"
"559";"00:11:47:22";"00:11:50:20";"Der neue Chef

baue die BehÈorde massiv um."
"560";"00:11:51:03";"00:11:51:03";"FABstÊd Bei Qus Amtsantritt gab es zwei ( ( chinesÆ("
"561";"00:11:51:03";"00:11:51:03";"FABst>ische Direktoren, nun sechs.ÿÿ#."
"562";"00:11:51:03";"00:11:55:12";"Bei Qus Amtsantritt gab es zwei

chinesische Direktoren, nun sechs."
"563";"00:11:55:16";"00:11:55:16";"FABstËd Die Einflussnahme( ( auf bestimmteì6"
"564";"00:11:55:16";"00:11:55:16";"FABst2 Projekte sei spürbar,ÿÿ/Gn"
"565";"00:11:55:16";"00:11:59:04";"Die Einflussnahme

auf bestimmte Projekte sei spÈurbar,"
"566";"00:11:59:06";"00:11:59:06";"FABstÌD sagt unser Informant.ÿÿN<i>"
"567";"00:11:59:06";"00:12:00:18";"sagt unser Informant."
"568";"00:12:00:20";"00:12:00:20";"FABstÍd So engagiert sich die FAO massiv( ( in ChiÁ¤"
"569";"00:12:00:20";"00:12:00:20";"FABst>nas Nachbarländern wie Laos.ÿÿ#fà"
"570";"00:12:00:20";"00:12:05:17";"So engagiert sich die FAO massiv

in Chinas NachbarlÈandern wie Laos."
"571";"00:12:06:16";"00:12:06:16";"FABstÎd Das dient laut Experten( ( ganz klar ò"
"572";"00:12:06:16";"00:12:06:16";"FABst8Chinas Handelsinteressen.ÿÿ)d"
"573";"00:12:06:16";"00:12:10:20";"Das dient laut Experten

ganz klar Chinas Handelsinteressen."
"574";"00:12:11:12";"00:12:11:12";"FABstÏ8 Das Ziel:ÿÿ%aè"
"575";"00:12:11:12";"00:12:12:20";"Das Ziel:"
"576";"00:12:13:13";"00:12:13:13";"FABstÐd Die Welt neu umzugestalten,( ( in einò""
"577";"00:12:13:13";"00:12:13:13";"FABst@e Art, wo China zentraler ist)é"
"578";"00:12:13:13";"00:12:18:15";"Die Welt neu umzugestalten,

in eine Art, wo China zentraler ist"
"579";"00:12:18:19";"00:12:18:19";"FABstÑB und mehr Macht hat.#.n"
"580";"00:12:18:19";"00:12:20:09";"und mehr Macht hat."
"581";"00:12:20:19";"00:12:20:19";"FABstÒdQu Dongyu steht jetzt zur Wiederwahl.( ( ¦"
"582";"00:12:20:19";"00:12:20:19";"FABstDEs gibt keine Gegenkandidaten.ÿÿ®°"
"583";"00:12:20:19";"00:12:25:09";"Qu Dongyu steht jetzt zur Wiederwahl.

Es gibt keine Gegenkandidaten."
"584";"00:12:27:08";"00:12:27:08";"FABstÓdDer Oberste US-Gerichtshof kippte ein( ( GeãÒ"
"585";"00:12:27:08";"00:12:27:08";"FABstLsetzesvorhaben von Präsident Biden,ÿÿI¨"
"586";"00:12:27:08";"00:12:31:22";"Der Oberste US-Gerichtshof kippte ein

Gesetzesvorhaben von PrÈasident Biden,"
"587";"00:12:31:24";"00:12:31:24";"FABstÔd mit dem Studienkredite reduziert( ( oder</i>Ö"
"588";"00:12:31:24";"00:12:31:24";"FABst: erlassen werden sollten. ÿÿ'£"
"589";"00:12:31:24";"00:12:36:03";"mit dem Studienkredite reduziert

oder erlassen werden sollten."
"590";"00:12:36:05";"00:12:36:05";"FABstÕd Die Regierung( ( habe ihre Befug´"
"591";"00:12:36:05";"00:12:36:05";"FABst.nisse überschritten,ÿÿ3"
"592";"00:12:36:05";"00:12:39:07";"Die Regierung

habe ihre Befugnisse Èuberschritten,"
"593";"00:12:39:09";"00:12:39:09";"FABstÖd entschied die Mehrheit( ( der neun Ri¼"
"594";"00:12:39:09";"00:12:39:09";"FABst4chterinnen und Richter.ÿÿ-üº"
"595";"00:12:39:09";"00:12:42:23";"entschied die Mehrheit

der neun Richterinnen und Richter."
"596";"00:12:43:00";"00:12:43:00";"FABst×PKonservativ regierte BundesstaatenÿÿqZ"
"597";"00:12:43:00";"00:12:45:04";"Konservativ regierte Bundesstaaten"
"598";"00:12:45:06";"00:12:45:06";"FABstØd hatten gegen die Pläne( ( der Bidea"
"599";"00:12:45:06";"00:12:45:06";"FABst.n-Regierung geklagt.ÿÿ3"
"600";"00:12:45:06";"00:12:48:13";"hatten gegen die PlÈane

der Biden-Regierung geklagt."
"601";"00:12:48:15";"00:12:48:15";"FABstÙd Mit dem Vorhaben( ( hätten etwa y8"
"602";"00:12:48:15";"00:12:48:15";"FABst*43 Mio. Amerikanerÿÿ7³("
"603";"00:12:48:15";"00:12:51:15";"Mit dem Vorhaben

hÈatten etwa 43 Mio. Amerikaner"
"604";"00:12:51:17";"00:12:51:17";"FABstÚd ihre Studienschulden( ( erlaÄ"
"605";"00:12:51:17";"00:12:51:17";"FABst"ssen bekommen.ÿÿ?ý"
"606";"00:12:51:17";"00:12:54:13";"ihre Studienschulden

erlassen bekommen."
"607";"00:12:55:19";"00:12:55:19";"FABstÛd In Kanada brennen weiter( ( gro÷N"
"608";"00:12:55:19";"00:12:55:19";"FABst&ße Flächen Wald.ÿÿ;"
"609";"00:12:55:19";"00:12:58:21";"In Kanada brennen weiter

groûe FlÈachen Wald."
"610";"00:12:59:01";"00:12:59:01";"FABstÜVDie Feuerwehr kämpft gegen 500 Feuer.ÿÿý<u>"
"611";"00:12:59:01";"00:13:01:19";"Die Feuerwehr kÈampft gegen 500 Feuer."
"612";"00:13:02:03";"00:13:02:03";"FABstÝd Die Rauchwolken breiten sich auch( ( üb("
"613";"00:13:02:03";"00:13:02:03";"FABst<er weite Teile der USA aus.ÿÿ%:"
"614";"00:13:02:03";"00:13:06:10";"Die Rauchwolken breiten sich auch

Èuber weite Teile der USA aus."
"615";"00:13:06:12";"00:13:06:12";"FABstÞd In New York City hängt Smog ( ( zwiscÖ"
"616";"00:13:06:12";"00:13:06:12";"FABst4hen den Wolkenkratzern.5àp"
"617";"00:13:06:12";"00:13:10:05";"In New York City hÈangt Smog

zwischen den Wolkenkratzern."
"618";"00:13:10:07";"00:13:10:07";"FABstßd Die Behörden haben für( ( mehr al³Z"
"619";"00:13:10:07";"00:13:10:07";"FABst,s 120 Mio. Menschen=ÙÖ"
"620";"00:13:10:07";"00:13:13:23";"Die BehÈorden haben fÈur

mehr als 120 Mio. Menschen"
"621";"00:13:14:00";"00:13:14:00";"FABstàRGesundheitswarnungen ausgesprochen.Ú"
"622";"00:13:14:00";"00:13:16:15";"Gesundheitswarnungen ausgesprochen."
"623";"00:13:16:17";"00:13:16:17";"FABstád Teilweise sollen Aktivitäten( ( im Froz"
"624";"00:13:16:17";"00:13:16:17";"FABst4eien vermieden werden. ÿÿ-Z"
"625";"00:13:16:17";"00:13:20:09";"Teilweise sollen AktivitÈaten

im Freien vermieden werden."
"626";"00:13:21:23";"00:13:21:23";"FABstâd Mit einem Festakt( ( im polnisÊ"
"627";"00:13:21:23";"00:13:21:23";"FABst$chen SwinemündeE¼"
"628";"00:13:21:23";"00:13:24:22";"Mit einem Festakt

im polnischen SwinemÈunde"
"629";"00:13:24:24";"00:13:24:24";"FABstãd wurde heute( ( der Swine-TunnÕª"
"630";"00:13:24:24";"00:13:24:24";"FABst"el eingeweiht.G"
"631";"00:13:24:24";"00:13:27:19";"wurde heute

der Swine-Tunnel eingeweiht."
"632";"00:13:27:21";"00:13:27:21";"FABstädEr verbindet die Ostsee-Inseln Usedom( ( Ý"
"633";"00:13:27:21";"00:13:27:21";"FABstFund auf polnischer Seite Wollin.ÿÿù¨"
"634";"00:13:27:21";"00:13:32:03";"Er verbindet die Ostsee-Inseln Usedom

und auf polnischer Seite Wollin."
"635";"00:13:32:05";"00:13:32:05";"FABståd Bisher mussten Autofahrer( ( mit Ç¤"
"636";"00:13:32:05";"00:13:32:05";"FABst0der Fähre übersetzen,ÿÿ1ô\"
"637";"00:13:32:05";"00:13:35:15";"Bisher mussten Autofahrer

mit der FÈahre Èubersetzen,"
"638";"00:13:35:17";"00:13:35:17";"FABstæVregelmäßig bildeten sich lange Staus.ÿÿtd"
"639";"00:13:35:17";"00:13:38:05";"regelmÈaûig bildeten sich lange Staus."
"640";"00:13:38:07";"00:13:38:07";"FABstçd Von dem Tunnel profitieren auch( ( vÉ"
"641";"00:13:38:07";"00:13:38:07";"FABst4iele deutsche Urlauber.ÿÿ-èÞ"
"642";"00:13:38:07";"00:13:42:03";"Von dem Tunnel profitieren auch

viele deutsche Urlauber."
"643";"00:13:44:00";"00:13:44:00";"FABstèd ARD und ZDF erweitern( ( die Sendezeà¸"
"644";"00:13:44:00";"00:13:44:00";"FABst8it ihres Mittagsmagazins.ÿÿ)ÿ"
"645";"00:13:44:00";"00:13:48:12";"ARD und ZDF erweitern

die Sendezeit ihres Mittagsmagazins."
"646";"00:13:49:07";"00:13:49:07";"FABstédAb 2024 soll die Sendung um 12 Uhr( ( begi°è"
"647";"00:13:49:07";"00:13:49:07";"FABst>nnen und bis 14 Uhr dauern. ÿÿ#:"
"648";"00:13:49:07";"00:13:53:18";"Ab 2024 soll die Sendung um 12 Uhr

beginnen und bis 14 Uhr dauern."
"649";"00:13:53:20";"00:13:53:20";"FABstêd Federführend für die ARD( ( ist Û"
"650";"00:13:53:20";"00:13:53:20";"FABst*zukünftig der MDR.ÿÿ7¾"
"651";"00:13:53:20";"00:13:57:12";"FederfÈuhrend fÈur die ARD

ist zukÈunftig der MDR."
"652";"00:13:59:01";"00:13:59:01";"FABstëN Gesendet wird dann aus Leipzig.ÿÿ`,"
"653";"00:13:59:01";"00:14:01:05";"Gesendet wird dann aus Leipzig."
"654";"00:14:01:07";"00:14:01:07";"FABstìN ARD-Vorsitzender Gniffke sagte:ÿÿ|"
"655";"00:14:01:07";"00:14:03:11";"ARD-Vorsitzender Gniffke sagte:"
"656";"00:14:03:13";"00:14:03:13";"FABstíd Die Erweiterung schaffe mehr Raum( ( für lö"
"657";"00:14:03:13";"00:14:03:13";"FABstHInformation und regionale Inhalteÿÿb"
"658";"00:14:03:13";"00:14:07:23";"Die Erweiterung schaffe mehr Raum

fÈur Information und regionale Inhalte"
"659";"00:14:08:00";"00:14:08:00";"FABstîd und sei durch die Synergie ( ( mit dõp"
"660";"00:14:08:00";"00:14:08:00";"FABst6em ZDF wirtschaftlicher.ÿÿ+*"
"661";"00:14:08:00";"00:14:11:22";"und sei durch die Synergie

mit dem ZDF wirtschaftlicher."
"662";"00:14:12:17";"00:14:12:17";"FABstïdNun die Wettervorhersage für morgen,( ("
"663";"00:14:12:17";"00:14:12:17";"FABst8 Samstag, den 1. Juli.ÿÿ)ÊÒ"
"664";"00:14:12:17";"00:14:16:21";"Nun die Wettervorhersage fÈur morgen,

Samstag, den 1. Juli."
"665";"00:14:17:14";"00:14:17:14";"FABstðd Die Kaltfront( ( des Tiefs ü?N"
"666";"00:14:17:14";"00:14:17:14";"FABst ber OsteuropaÿÿA"
"667";"00:14:17:14";"00:14:20:04";"Die Kaltfront

des Tiefs Èuber Osteuropa"
"668";"00:14:20:06";"00:14:20:06";"FABstñN zieht über den Süden und Osten.ÿÿ+x"
"669";"00:14:20:06";"00:14:22:12";"zieht Èuber den SÈuden und Osten."
"670";"00:14:22:21";"00:14:22:21";"FABstòd Daher in der Nacht dort teils( ( kräftiW"
"671";"00:14:22:21";"00:14:22:21";"FABstDge teils gewittrige Regenfälle,ÿÿdÊ"
"672";"00:14:22:21";"00:14:27:02";"Daher in der Nacht dort teils

krÈaftige teils gewittrige RegenfÈalle,"
"673";"00:14:27:04";"00:14:27:04";"FABstóD sonst ist es oft klar.ÿÿ¾"
"674";"00:14:27:04";"00:14:28:17";"sonst ist es oft klar."
"675";"00:14:28:19";"00:14:28:19";"FABstôd Später vom Niederrhein( ( bis nach Sc6"
"676";"00:14:28:19";"00:14:28:19";"FABst4hleswig-Holstein Regen.ÿÿ-Éü"
"677";"00:14:28:19";"00:14:32:08";"SpÈater vom Niederrhein

bis nach Schleswig-Holstein Regen."
"678";"00:14:32:10";"00:14:32:10";"FABstõd Am Tag von Nordwesten Regenwolken,( ( auchð"
"679";"00:14:32:10";"00:14:32:10";"FABstF am Alpenrand anfangs noch nass.ÿÿ
<u>"
"680";"00:14:32:10";"00:14:36:19";"Am Tag von Nordwesten Regenwolken,

auch am Alpenrand anfangs noch nass."
"681";"00:14:36:21";"00:14:36:21";"FABstöB Dazu ist es windig.ÿÿ"
"682";"00:14:36:21";"00:14:38:06";"Dazu ist es windig."
"683";"00:14:38:08";"00:14:38:08";"FABst÷d Nach Osten hin neben Wolken( ( bis æÂ"
"684";"00:14:38:08";"00:14:38:08";"FABst4zu acht Sonnenstunden. ÿÿ-¯,"
"685";"00:14:38:08";"00:14:42:01";"Nach Osten hin neben Wolken

bis zu acht Sonnenstunden."
"686";"00:14:48:04";"00:14:48:04";"FABstød Am Sonntag Sonne und Wolken,( ( dazu Sc©"
"687";"00:14:48:04";"00:14:48:04";"FABst8hauer und überall windig.ÿÿ)¸"
"688";"00:14:48:04";"00:14:52:00";"Am Sonntag Sonne und Wolken,

dazu Schauer und Èuberall windig."
"689";"00:14:52:03";"00:14:52:03";"FABstùd Ähnlich der Montag( ( mit der"
"690";"00:14:52:03";"00:14:52:03";"FABst"m Unterschied,ÿÿ?ÙL"
"691";"00:14:52:03";"00:14:54:16";"ÈAhnlich der Montag

mit dem Unterschied,"
"692";"00:14:54:18";"00:14:54:18";"FABstúN dass es weitgehend trocken ist.ÿÿmÆ"
"693";"00:14:54:18";"00:14:56:19";"dass es weitgehend trocken ist."
"694";"00:14:56:21";"00:14:56:21";"FABstûdAm Dienstag teils kräftige Schauer( ( T"
"695";"00:14:56:21";"00:14:56:21";"FABst4und einzelne Gewitter.ÿÿ-f"
"696";"00:14:56:21";"00:15:00:06";"Am Dienstag teils krÈaftige Schauer

und einzelne Gewitter."
"697";"00:15:00:08";"00:15:00:08";"FABstüd In der Mitte und im Osten( ( ö0:"
"698";"00:15:00:08";"00:15:00:08";"FABst*fter Sonnenschein.ÿÿ7Ö"
"699";"00:15:00:08";"00:15:03:09";"In der Mitte und im Osten

Èofter Sonnenschein."
"700";"00:15:05:03";"00:15:05:03";"FABstýd In den tagesthemen um 21.45 Uhr( ( ©Î"
"701";"00:15:05:03";"00:15:05:03";"FABst0spricht Caren Miosgaÿÿ1å¸"
"702";"00:15:05:03";"00:15:08:19";"In den tagesthemen um 21.45 Uhr

spricht Caren Miosga"
"703";"00:15:08:21";"00:15:08:21";"FABstþd mit dem Exil-Oppositionellen( ( Må"
"704";"00:15:08:21";"00:15:08:21";"FABst,ichail Chodorkowskiÿÿ5í"
"705";"00:15:08:21";"00:15:12:16";"mit dem Exil-Oppositionellen

Michail Chodorkowski"
"706";"00:15:12:18";"00:15:12:18";"FABstÿL über den Machtapparat Putins.ÿÿ"
"707";"00:15:12:18";"00:15:15:01";"Èuber den Machtapparat Putins."
"708";"00:15:15:13";"00:15:15:13";"FABstF Außerdem haken wir nach:ÿÿ¢"
"709";"00:15:15:13";"00:15:17:08";"Auûerdem haken wir nach:"
"710";"00:15:17:10";"00:15:17:10";"FABstdSollen die Grünen für die Union jetzt( ( H*"
"711";"00:15:17:10";"00:15:17:10";"FABstJauptgegner oder Hauptpartner sein?ÿÿô"
"712";"00:15:17:10";"00:15:22:04";"Sollen die GrÈunen fÈur die Union jetzt

Hauptgegner oder Hauptpartner sein?"
"713";"00:15:22:06";"00:15:22:06";"FABstN Ich wünsche einen schönen Abend.ÿÿÝd"
"714";"00:15:22:06";"00:15:24:14";"Ich wÈunsche einen schÈonen Abend."
"715";"00:15:29:09";"00:15:29:09";"FABstLCopyright Untertitel: NDR 2023ÿÿø"
"716";"00:15:29:09";"00:15:31:23";"Copyright Untertitel: NDR 2023"
