No.;Timecode In;Timecode Out;Subtitle
"1";"00:00:03:00";"00:00:03:00";"FABst6 * Gong *ÿÿZZZZZZZZZZ¥¥ã¥¥¥¥¥6"
"2";"00:00:03:00";"00:00:03:00";"FABst¥¥¥¥ã¥ã¥¥¥¥¥§ª¦ªîªªªGö¤"
"3";"00:00:03:00";"00:00:04:05";"* Gong *"
"4";"00:00:04:19";"00:00:04:19";"FABstdHier ist das Erste Deutsche Fernsehen( ( 9"
"5";"00:00:04:19";"00:00:04:19";"FABst: mit der tagesschau.ÿÿ'õþ"
"6";"00:00:04:19";"00:00:08:03";"Hier ist das Erste Deutsche Fernsehen

mit der tagesschau."
"7";"00:00:08:09";"00:00:08:09";"FABstd Diese Sendung wurde vom NDR( ( live Af"
"8";"00:00:08:09";"00:00:08:09";"FABst6untertitelt (07.05.2023)ÿÿ+¼¨"
"9";"00:00:08:09";"00:00:13:01";"Diese Sendung wurde vom NDR

live untertitelt (07.05.2023)"
"10";"00:00:13:05";"00:00:13:05";"FABstd Heute im Studio:( ( Constanü"
"11";"00:00:13:05";"00:00:13:05";"FABst"tin Schreiber.ÿÿ?ÞN"
"12";"00:00:13:05";"00:00:16:14";"Heute im Studio:

Constantin Schreiber."
"13";"00:00:18:00";"00:00:18:00";"FABstd Guten Abend,( ( ich begrüße Si3¦"
"14";"00:00:18:00";"00:00:18:00";"FABst(e zur tagesschau.A¯R"
"15";"00:00:18:00";"00:00:21:10";"Guten Abend,

ich begrÈuûe Sie zur tagesschau."
"16";"00:00:22:13";"00:00:22:13";"FABstd Sie gilt als ein Symbol für( ( marode IÓF"
"17";"00:00:22:13";"00:00:22:13";"FABst>nfrastruktur in Deutschland:ÿÿ#t"
"18";"00:00:22:13";"00:00:26:12";"Sie gilt als ein Symbol fÈur

marode Infrastruktur in Deutschland:"
"19";"00:00:26:14";"00:00:26:14";"FABstd Die Talbrücke Rahmede( ( in Noô<"
"20";"00:00:26:14";"00:00:26:14";"FABst*rdrhein-Westfalen.ÿÿ7È"
"21";"00:00:26:14";"00:00:29:18";"Die TalbrÈucke Rahmede

in Nordrhein-Westfalen."
"22";"00:00:29:20";"00:00:29:20";"FABstd Heute ist sie( ( erfolgreich r"
"23";"00:00:29:20";"00:00:29:20";"FABst(gesprengt worden.ÿÿ9n"
"24";"00:00:29:20";"00:00:32:14";"Heute ist sie

erfolgreich gesprengt worden."
"25";"00:00:32:17";"00:00:32:17";"FABstd Die Brücke an der A45,( ( einer zenÃ"
"26";"00:00:32:17";"00:00:32:17";"FABst2tralen Nord-Süd-Achse,ÿÿ/\"
"27";"00:00:32:17";"00:00:37:05";"Die BrÈucke an der A45,

einer zentralen Nord-SÈud-Achse,"
"28";"00:00:37:07";"00:00:37:07";"FABstd lag zwischen Lüdenscheid-Nord( ( µ"
"29";"00:00:37:07";"00:00:37:07";"FABst*und Lüdenscheid.ÿÿ7Nì"
"30";"00:00:37:07";"00:00:41:03";"lag zwischen LÈudenscheid-Nord

und LÈudenscheid."
"31";"00:00:42:03";"00:00:42:03";"FABstd Seit Dezember 2021( ( war sie+N"
"32";"00:00:42:03";"00:00:42:03";"FABst$ voll gesperrt.ÿÿ=Ó"
"33";"00:00:42:03";"00:00:44:21";"Seit Dezember 2021

war sie voll gesperrt."
"34";"00:00:44:23";"00:00:44:23";"FABstd Mit drastischen Auswirkungen( ( auf den +h"
"35";"00:00:44:23";"00:00:44:23";"FABst<Verkehr und die Wirtschaft.ÿÿ%Z"
"36";"00:00:44:23";"00:00:50:09";"Mit drastischen Auswirkungen

auf den Verkehr und die Wirtschaft."
"37";"00:00:51:11";"00:00:51:11";"FABstH Drei, zwo, eins, Zündung!ÿÿ"
"38";"00:00:51:11";"00:00:56:05";"Drei, zwo, eins, ZÈundung!"
"39";"00:00:56:22";"00:00:56:22";"FABst8 * Knall *ÿÿ%ø"
"40";"00:00:56:22";"00:00:59:09";"* Knall *"
"41";"00:01:00:01";"00:01:00:01";"FABstd Sekundenschnell war vorbei,( ( was jahþ"
"42";"00:01:00:01";"00:01:00:01";"FABstBrelange Vorbereitung brauchte.'ál"
"43";"00:01:00:01";"00:01:04:17";"Sekundenschnell war vorbei,

was jahrelange Vorbereitung brauchte."
"44";"00:01:05:00";"00:01:05:00";"FABstd17.000 Tonnen Beton und Stahl krachen( ("
"45";"00:01:05:00";"00:01:05:00";"FABstFaus 70 Metern Höhe in die Tiefe.#q¤"
"46";"00:01:05:00";"00:01:10:24";"17.000 Tonnen Beton und Stahl krachen

aus 70 Metern HÈohe in die Tiefe."
"47";"00:01:12:24";"00:01:12:24";"FABstD Jubel. Erleichterung.ÿÿ¾"
"48";"00:01:12:24";"00:01:14:21";"Jubel. Erleichterung."
"49";"00:01:15:00";"00:01:15:00";"FABstdBei Anwohnern, die sich die Sprengung( ( t"
"50";"00:01:15:00";"00:01:15:00";"FABstDnicht entgehen lassen wollten.ÿÿ¶"
"51";"00:01:15:00";"00:01:19:11";"Bei Anwohnern, die sich die Sprengung

nicht entgehen lassen wollten."
"52";"00:01:19:13";"00:01:19:13";"FABstd Seit Ende 2021( ( geht auf der BY"
"53";"00:01:19:13";"00:01:19:13";"FABst*rücke nichts mehr.ÿÿ7$l"
"54";"00:01:19:13";"00:01:23:15";"Seit Ende 2021

geht auf der BrÈucke nichts mehr."
"55";"00:01:25:02";"00:01:25:02";"FABstd Pendler, Lastwagen quälen sich( ( auf U
<"
"56";"00:01:25:02";"00:01:25:02";"FABst8mwegen durch Lüdenscheid.ÿÿ)fJ"
"57";"00:01:25:02";"00:01:29:12";"Pendler, Lastwagen quÈalen sich

auf Umwegen durch LÈudenscheid."
"58";"00:01:29:17";"00:01:29:17";"FABstB Anwohner zogen weg.ÿÿ­|"
"59";"00:01:29:17";"00:01:31:10";"Anwohner zogen weg."
"60";"00:01:31:17";"00:01:31:17";"FABstd Der Region entsteht( ( ein Schaden_â"
"61";"00:01:31:17";"00:01:31:17";"FABst, in Milliardenhöhe,ÿÿ5}"
"62";"00:01:31:17";"00:01:35:15";"Der Region entsteht

ein Schaden in MilliardenhÈohe,"
"63";"00:01:35:17";"00:01:35:17";"FABstd berechnet das Institut ( ( der D9¼"
"64";"00:01:35:17";"00:01:35:17";"FABst.eutschen Wirtschaft.ÿÿ3Új"
"65";"00:01:35:17";"00:01:38:14";"berechnet das Institut

der Deutschen Wirtschaft."
"66";"00:01:38:16";"00:01:38:16";"FABstd Einige Unternehmen( ( müssen InÆf"
"67";"00:01:38:16";"00:01:38:16";"FABst(solvenz anmelden,ÿÿ9</u>"
"68";"00:01:38:16";"00:01:41:05";"Einige Unternehmen

mÈussen Insolvenz anmelden,"
"69";"00:01:41:07";"00:01:41:07";"FABstd andere mit steigenden Kosten( ( G"
"70";"00:01:41:07";"00:01:41:07";"FABst" klarkommen.ÿÿ?åâ"
"71";"00:01:41:07";"00:01:43:19";"andere mit steigenden Kosten

klarkommen."
"72";"00:01:43:21";"00:01:43:21";"FABstdDie Umwege durch die fehlende Brücke( ( koÅ\"
"73";"00:01:43:21";"00:01:43:21";"FABstFsten das Unternehmen viel Geld. ÿÿ¥^"
"74";"00:01:43:21";"00:01:47:22";"Die Umwege durch die fehlende BrÈucke

kosten das Unternehmen viel Geld."
"75";"00:01:47:24";"00:01:47:24";"FABstJ Zum Teil doppelte Ausgaben,ÿÿær"
"76";"00:01:47:24";"00:01:49:13";"Zum Teil doppelte Ausgaben,"
"77";"00:01:49:15";"00:01:49:15";"FABstd um das Material( ( verlässlich zumË"
"78";"00:01:49:15";"00:01:49:15";"FABst, Kunden zu bringen.ÿÿ5±z"
"79";"00:01:49:15";"00:01:52:13";"um das Material

verlÈasslich zum Kunden zu bringen."
"80";"00:01:52:15";"00:01:52:15";"FABstdSie müssen sich vorstellen, dass wir( ( fßN"
"81";"00:01:52:15";"00:01:52:15";"FABstJast für jede Tour gen SüdwestfalenãÄ"
"82";"00:01:52:15";"00:01:56:19";"Sie mÈussen sich vorstellen, dass wir

fast fÈur jede Tour gen SÈudwestfalen"
"83";"00:01:56:21";"00:01:56:21";"FABstd ein zweites Fahrzeug( ( hinterh\B"
"84";"00:01:56:21";"00:01:56:21";"FABst*erschicken müssen.?|p"
"85";"00:01:56:21";"00:01:59:12";"ein zweites Fahrzeug

hinterherschicken mÈussen."
"86";"00:01:59:15";"00:01:59:15";"FABstd Zwangsläufig, weil wir zeitlich( ( n"
"87";"00:01:59:15";"00:01:59:15";"FABst6icht mehr zurechtkommen.ÿÿ+²"
"88";"00:01:59:15";"00:02:02:23";"ZwangslÈaufig, weil wir zeitlich

nicht mehr zurechtkommen."
"89";"00:02:03:00";"00:02:03:00";"FABst d Die Rahmedetalbrücke -( ( ein Infras»Ä"
"90";"00:02:03:00";"00:02:03:00";"FABst2trukturproblem vieler.ÿÿ/ÿf"
"91";"00:02:03:00";"00:02:06:21";"Die RahmedetalbrÈucke -

ein Infrastrukturproblem vieler."
"92";"00:02:07:03";"00:02:07:03";"FABst!d Auf der A45( ( zwischen Dortm ä"
"93";"00:02:07:03";"00:02:07:03";"FABst(und und Frankfurtÿÿ9¹|"
"94";"00:02:07:03";"00:02:10:16";"Auf der A45

zwischen Dortmund und Frankfurt"
"95";"00:02:10:18";"00:02:10:18";"FABst"d gibt es( ( weitere 60 besch8"
"96";"00:02:10:18";"00:02:10:18";"FABst$ädigte Brücken.ÿÿ=ª@"
"97";"00:02:10:18";"00:02:13:06";"gibt es

weitere 60 beschÈadigte BrÈucken."
"98";"00:02:13:11";"00:02:13:11";"FABst#d Ein bundesweites Problem:( ( dasC@"
"99";"00:02:13:11";"00:02:13:11";"FABst. Alter der Bauwerke.ÿÿ3û"
"100";"00:02:13:11";"00:02:16:14";"Ein bundesweites Problem:

das Alter der Bauwerke."
"101";"00:02:16:16";"00:02:16:16";"FABst$d Mindestens 4000 Brücken( ( ÌX"
"102";"00:02:16:16";"00:02:16:16";"FABst"in Deutschlandÿÿ?n"
"103";"00:02:16:16";"00:02:19:03";"Mindestens 4000 BrÈucken

in Deutschland"
"104";"00:02:19:05";"00:02:19:05";"FABst%N gelten als sanierungsbedürftig.ÿÿ<¸"
"105";"00:02:19:05";"00:02:21:10";"gelten als sanierungsbedÈurftig."
"106";"00:02:22:17";"00:02:22:17";"FABst&dWir haben ein Beschleunigungsgesetz( ("
"107";"00:02:22:17";"00:02:22:17";"FABst: auf den Weg gebracht,/"
"108";"00:02:22:17";"00:02:26:19";"Wir haben ein Beschleunigungsgesetz

auf den Weg gebracht,"
"109";"00:02:26:21";"00:02:26:21";"FABst'd mit dem wir schneller( ( ausbauen uK¤"
"110";"00:02:26:21";"00:02:26:21";"FABst.nd neu bauen können.;|x"
"111";"00:02:26:21";"00:02:29:22";"mit dem wir schneller

ausbauen und neu bauen kÈonnen."
"112";"00:02:29:24";"00:02:29:24";"FABst(> Das braucht es.ÿÿÚ¬"
"113";"00:02:29:24";"00:02:31:01";"Das braucht es."
"114";"00:02:31:03";"00:02:31:03";"FABst)d In einer Transformation( ( ist der A!Ú"
"115";"00:02:31:03";"00:02:31:03";"FABst0npassungsbedarf hoch.ÿÿ1p"
"116";"00:02:31:03";"00:02:35:20";"In einer Transformation

ist der Anpassungsbedarf hoch."
"117";"00:02:37:07";"00:02:37:07";"FABst*< Die Sprengung:ÿÿ!Áª"
"118";"00:02:37:07";"00:02:38:10";"Die Sprengung:"
"119";"00:02:38:12";"00:02:38:12";"FABst+d Ein Symbol für den enormen( ( Sanierun¶à"
"120";"00:02:38:12";"00:02:38:12";"FABst6gsbedarf in Deutschland,ÿÿ+"
"121";"00:02:38:12";"00:02:42:05";"Ein Symbol fÈur den enormen

Sanierungsbedarf in Deutschland,"
"122";"00:02:42:07";"00:02:42:07";"FABst,L den der Bund bewältigen muss.ÿÿ*"
"123";"00:02:42:07";"00:02:44:22";"den der Bund bewÈaltigen muss."
"124";"00:02:47:10";"00:02:47:10";"FABst-d Wenige Tage vor dem Bund-Länder-( ( Gipf­N"
"125";"00:02:47:10";"00:02:47:10";"FABst:el zur Flüchtlingspolitik ÿÿ'"
"126";"00:02:47:10";"00:02:51:01";"Wenige Tage vor dem Bund-LÈander-

Gipfel zur FlÈuchtlingspolitik"
"127";"00:02:51:03";"00:02:51:03";"FABst.L bleiben die Fronten verhärtet.ÿÿ+"
"128";"00:02:51:03";"00:02:52:24";"bleiben die Fronten verhÈartet."
"129";"00:02:53:01";"00:02:53:01";"FABst/d Aus den Bundesländern( ( kam heuteÎ¾"
"130";"00:02:53:01";"00:02:53:01";"FABst2 erneut die Forderung,ÿÿ/Ýr"
"131";"00:02:53:01";"00:02:56:05";"Aus den BundeslÈandern

kam heute erneut die Forderung,"
"132";"00:02:56:07";"00:02:56:07";"FABst0d der Bund müsse mehr Geld( ( für MÆ"
"133";"00:02:56:07";"00:02:56:07";"FABst*Geflüchtete geben.ÿÿ7JD"
"134";"00:02:56:07";"00:03:00:05";"der Bund mÈusse mehr Geld

fÈur GeflÈuchtete geben."
"135";"00:03:00:15";"00:03:00:15";"FABst1d Hessen forderte eine Verdopplung( ( des AwÚ"
"136";"00:03:00:15";"00:03:00:15";"FABst<nteils von 2,75 Mrd. Euro. ÿÿ%À¼"
"137";"00:03:00:15";"00:03:06:06";"Hessen forderte eine Verdopplung

des Anteils von 2,75 Mrd. Euro."
"138";"00:03:06:08";"00:03:06:08";"FABst2d Der Bund lehnt das ab( ( und vL<u>"
"139";"00:03:06:08";"00:03:06:08";"FABst*erlangt mehr Tempoÿÿ7Æ0"
"140";"00:03:06:08";"00:03:10:06";"Der Bund lehnt das ab

und verlangt mehr Tempo"
"141";"00:03:10:20";"00:03:10:20";"FABst3d bei Abschiebungen( ( und der Bearz"
"142";"00:03:10:20";"00:03:10:20";"FABst8beitung von Asylanträgen.ÿÿ)e&"
"143";"00:03:10:20";"00:03:15:15";"bei Abschiebungen

und der Bearbeitung von AsylantrÈagen."
"144";"00:03:18:05";"00:03:18:05";"FABst4d Ein heikler Beschlussvorschlag,( ( r"
"145";"00:03:18:05";"00:03:18:05";"FABst.den das Kanzleramt;É"
"146";"00:03:18:05";"00:03:21:05";"Ein heikler Beschlussvorschlag,

den das Kanzleramt"
"147";"00:03:21:07";"00:03:21:07";"FABst5d vor dem Flüchtlingsgipfel ( ( an die¥n"
"148";"00:03:21:07";"00:03:21:07";"FABst2 Länder geschickt hat.7TF"
"149";"00:03:21:07";"00:03:24:14";"vor dem FlÈuchtlingsgipfel

an die LÈander geschickt hat."
"150";"00:03:24:16";"00:03:24:16";"FABst6N Eine der zentralen Botschaften:ÿÿô"
"151";"00:03:24:16";"00:03:26:13";"Eine der zentralen Botschaften:"
"152";"00:03:26:15";"00:03:26:15";"FABst7d Mehr finanzielle Unterstützung( ( vom B¨"
"153";"00:03:26:15";"00:03:26:15";"FABst8und soll es nicht geben. ÿÿ)T"
"154";"00:03:26:15";"00:03:30:07";"Mehr finanzielle UnterstÈutzung

vom Bund soll es nicht geben."
"155";"00:03:30:09";"00:03:30:09";"FABst8H Aus den Ländern: Protest.ÿÿ<:"
"156";"00:03:30:09";"00:03:32:03";"Aus den LÈandern: Protest."
"157";"00:03:32:05";"00:03:32:05";"FABst9d Es seien viele Geflüchtete( ( ë¦"
"158";"00:03:32:05";"00:03:32:05";"FABst"zu versorgen,ÿÿ? "
"159";"00:03:32:05";"00:03:34:17";"Es seien viele GeflÈuchtete

zu versorgen,"
"160";"00:03:34:20";"00:03:34:20";"FABst:dauch durch den Krieg in der Ukraine,( ( d"
"161";"00:03:34:20";"00:03:34:20";"FABstBer Bund müsse mehr Geld geben.ÿÿ3þ"
"162";"00:03:34:20";"00:03:39:09";"auch durch den Krieg in der Ukraine,

der Bund mÈusse mehr Geld geben."
"163";"00:03:39:20";"00:03:39:20";"FABst;D Fifty-fifty wäre fair.!6r"
"164";"00:03:39:20";"00:03:41:19";"Fifty-fifty wÈare fair."
"165";"00:03:42:03";"00:03:42:03";"FABst<d So etwa gab es das auch( ( in ,"
"166";"00:03:42:03";"00:03:42:03";"FABst*der Vergangenheit.?Åæ"
"167";"00:03:42:03";"00:03:44:21";"So etwa gab es das auch

in der Vergangenheit."
"168";"00:03:44:23";"00:03:44:23";"FABst=L Bei uns in NRW kann ich sagen:ÿÿà"
"169";"00:03:44:23";"00:03:46:17";"Bei uns in NRW kann ich sagen:"
"170";"00:03:46:19";"00:03:46:19";"FABst>d Der Bund beteiligt sich( ( an den K4"
"171";"00:03:46:19";"00:03:46:19";"FABst<osten von Land und Kommunenÿÿ%J"
"172";"00:03:46:19";"00:03:50:04";"Der Bund beteiligt sich

an den Kosten von Land und Kommunen"
"173";"00:03:50:06";"00:03:50:06";"FABst?L nicht mal mehr mit 20 Prozent.ÿÿ"
"174";"00:03:50:06";"00:03:52:00";"nicht mal mehr mit 20 Prozent."
"175";"00:03:52:02";"00:03:52:02";"FABst@d Der Bund argumentiert, man gebe ( ( an sic="
"176";"00:03:52:02";"00:03:52:02";"FABst>h schon mehr als vorgesehen.ÿÿ#¿î"
"177";"00:03:52:02";"00:03:55:20";"Der Bund argumentiert, man gebe

an sich schon mehr als vorgesehen."
"178";"00:03:55:22";"00:03:55:22";"FABstAdUnd habe ein großes Loch im Haushalt,( ( Ãê"
"179";"00:03:55:22";"00:03:55:22";"FABstFanders als Kommunen und Länder.ÿÿ~"
"180";"00:03:55:22";"00:04:01:12";"Und habe ein groûes Loch im Haushalt,

anders als Kommunen und LÈander."
"181";"00:04:01:14";"00:04:01:14";"FABstBRDie das nicht gelten lassen wollen.ÿÿ²"
"182";"00:04:01:14";"00:04:04:15";"Die das nicht gelten lassen wollen."
"183";"00:04:05:15";"00:04:05:15";"FABstCd Da appelliere ich( ( an den BundqÒ"
"184";"00:04:05:15";"00:04:05:15";"FABst(esfinanzminister,A¬¼"
"185";"00:04:05:15";"00:04:09:00";"Da appelliere ich

an den Bundesfinanzminister,"
"186";"00:04:09:02";"00:04:09:02";"FABstDNder nicht immer Nein sagen kann.Í""
"187";"00:04:09:02";"00:04:11:03";"der nicht immer Nein sagen kann."
"188";"00:04:11:05";"00:04:11:05";"FABstEF Nicht immer sagen kann:ÿÿ®"
"189";"00:04:11:05";"00:04:12:13";"Nicht immer sagen kann:"
"190";"00:04:12:15";"00:04:12:15";"FABstFF Keine Steuererhöhungen,ÿÿ'"
"191";"00:04:12:15";"00:04:13:24";"Keine SteuererhÈohungen,"
"192";"00:04:14:01";"00:04:14:01";"FABstGd kein Geld und letztendlich( ( auch di|"
"193";"00:04:14:01";"00:04:14:01";"FABst6eses Problem nicht löst.ÿÿ+PÊ"
"194";"00:04:14:01";"00:04:18:23";"kein Geld und letztendlich

auch dieses Problem nicht lÈost."
"195";"00:04:19:20";"00:04:19:20";"FABstHVAnsage an die FDP, aber auch die SPD.ÿÿð"
"196";"00:04:19:20";"00:04:22:22";"Ansage an die FDP, aber auch die SPD."
"197";"00:04:22:24";"00:04:22:24";"FABstIdDer Parteigenosse aus Niedersachsen( ( G$"
"198";"00:04:22:24";"00:04:22:24";"FABst2 ist pessimistisch.ÿÿ/þÒ"
"199";"00:04:22:24";"00:04:26:22";"Der Parteigenosse aus Niedersachsen

ist pessimistisch."
"200";"00:04:27:22";"00:04:27:22";"FABstJd Es kann nur im Interesse( ( der ;ô"
"201";"00:04:27:22";"00:04:27:22";"FABst*Gesellschaft sein,?ÏÜ"
"202";"00:04:27:22";"00:04:31:04";"Es kann nur im Interesse

der Gesellschaft sein,"
"203";"00:04:31:07";"00:04:31:07";"FABstKd wenn auch die Politik da( ( Gemez¢"
"204";"00:04:31:07";"00:04:31:07";"FABst*insamkeit beweist.?ó<u>"
"205";"00:04:31:07";"00:04:35:02";"wenn auch die Politik da

Gemeinsamkeit beweist."
"206";"00:04:35:06";"00:04:35:06";"FABstLdIch muss sagen, dass die Vorschläge( ( `"
"207";"00:04:35:06";"00:04:35:06";"FABst@bis jetzt in dieser Hinsichtÿÿ!«ì"
"208";"00:04:35:06";"00:04:40:05";"Ich muss sagen, dass die VorschlÈage

bis jetzt in dieser Hinsicht"
"209";"00:04:40:09";"00:04:40:09";"FABstMRwenig Anlass zur Zuversicht geben.ÿÿ±<i>"
"210";"00:04:40:09";"00:04:42:10";"wenig Anlass zur Zuversicht geben."
"211";"00:04:42:19";"00:04:42:19";"FABstNdNicht nur zwischen Bund und Ländern( ( ÆÀ"
"212";"00:04:42:19";"00:04:42:19";"FABst< ist das Thema strittig,ÿÿ%§h"
"213";"00:04:42:19";"00:04:46:07";"Nicht nur zwischen Bund und LÈandern

ist das Thema strittig,"
"214";"00:04:46:09";"00:04:46:09";"FABstO@ auch in der Ampel:ÿÿõÐ"
"215";"00:04:46:09";"00:04:47:19";"auch in der Ampel:"
"216";"00:04:47:21";"00:04:47:21";"FABstPPSchon vor dem Treffen am MittwochÿÿãÞ"
"217";"00:04:47:21";"00:04:49:20";"Schon vor dem Treffen am Mittwoch"
"218";"00:04:49:22";"00:04:49:22";"FABstQd hat sich die Grünen-Spitze( ( auf di½¼"
"219";"00:04:49:22";"00:04:49:22";"FABstBe Seite der Länder geschlagen.ÿÿh¢"
"220";"00:04:49:22";"00:04:54:11";"hat sich die GrÈunen-Spitze

auf die Seite der LÈander geschlagen."
"221";"00:04:54:13";"00:04:54:13";"FABstRd Der Bund müsse belasteten( ( Kommuø"
"222";"00:04:54:13";"00:04:54:13";"FABst2nen zusätzlich helfen,ÿÿ/-,"
"223";"00:04:54:13";"00:04:58:01";"Der Bund mÈusse belasteten

Kommunen zusÈatzlich helfen,"
"224";"00:04:58:03";"00:04:58:03";"FABstS> auch finanziell.ÿÿ"
"225";"00:04:58:03";"00:04:59:08";"auch finanziell."
"226";"00:05:00:06";"00:05:00:06";"FABstTdDen Grünen weht der politische Wind( ( Óª"
"227";"00:05:00:06";"00:05:00:06";"FABst<derzeit weiter ins Gesicht.ÿÿ% "
"228";"00:05:00:06";"00:05:03:23";"Den GrÈunen weht der politische Wind

derzeit weiter ins Gesicht."
"229";"00:05:04:01";"00:05:04:01";"FABstUJ Das spiegeln Umfragen wider.ÿÿÒø"
"230";"00:05:04:01";"00:05:05:18";"Das spiegeln Umfragen wider."
"231";"00:05:05:20";"00:05:05:20";"FABstVVSo lag die Partei im Deutschlandtrendÿÿõ¦"
"232";"00:05:05:20";"00:05:07:24";"So lag die Partei im Deutschlandtrend"
"233";"00:05:08:01";"00:05:08:01";"FABstWd mit 16 Prozent( ( fast gleichS0"
"234";"00:05:08:01";"00:05:08:01";"FABst&auf mit der AfD.ÿÿ;ìr"
"235";"00:05:08:01";"00:05:10:12";"mit 16 Prozent

fast gleichauf mit der AfD."
"236";"00:05:10:14";"00:05:10:14";"FABstXdViel Kritik gab es am Heizungsgesetz( ( odeD"
"237";"00:05:10:14";"00:05:10:14";"FABstJr vermeintlicher Vetternwirtschaftÿÿb"
"238";"00:05:10:14";"00:05:14:19";"Viel Kritik gab es am Heizungsgesetz

oder vermeintlicher Vetternwirtschaft"
"239";"00:05:14:21";"00:05:14:21";"FABstYH im Wirtschaftsministerium.ÿÿÉ "
"240";"00:05:14:21";"00:05:17:03";"im Wirtschaftsministerium."
"241";"00:05:18:24";"00:05:18:24";"FABstZd Im Bericht aus Berlin( ( stellt E"
"242";"00:05:18:24";"00:05:18:24";"FABst.sich die Vorsitzende`3ª8"
"243";"00:05:18:24";"00:05:21:21";"Im Bericht aus Berlin

stellt sich die Vorsitzende"
"244";"00:05:21:23";"00:05:21:23";"FABst[d der Grünen der Kritik( ( an WirtschÆ"
"245";"00:05:21:23";"00:05:21:23";"FABst.aftsminister Habeck.`3½6"
"246";"00:05:21:23";"00:05:24:24";"der GrÈunen der Kritik

an Wirtschaftsminister Habeck."
"247";"00:05:25:03";"00:05:25:03";"FABst\d Keine einfachen Zeiten( ( füñì"
"248";"00:05:25:03";"00:05:25:03";"FABst r die Partei.ÿÿA</u>D"
"249";"00:05:25:03";"00:05:27:12";"Keine einfachen Zeiten

fÈur die Partei."
"250";"00:05:27:14";"00:05:27:14";"FABst]d Die Umfragewerte schlecht,( ( der ViRT"
"251";"00:05:27:14";"00:05:27:14";"FABst2zekanzler unter Druck.ÿÿ/J"
"252";"00:05:27:14";"00:05:30:24";"Die Umfragewerte schlecht,

der Vizekanzler unter Druck."
"253";"00:05:31:03";"00:05:31:03";"FABst^d Lang räumt ein,( ( im Wirtscõ<"
"254";"00:05:31:03";"00:05:31:03";"FABst&haftsministeriumÿÿ;úÒ"
"255";"00:05:31:03";"00:05:35:00";"Lang rÈaumt ein,

im Wirtschaftsministerium"
"256";"00:05:35:03";"00:05:35:03";"FABst_d seien Fehler bei( ( der Personalpo6ª"
"257";"00:05:35:03";"00:05:35:03";"FABst0litik gemacht worden.ÿÿ1Åv"
"258";"00:05:35:03";"00:05:38:15";"seien Fehler bei

der Personalpolitik gemacht worden."
"259";"00:05:38:17";"00:05:38:17";"FABst`J Die seien korrigiert worden.ÿÿË¼"
"260";"00:05:38:17";"00:05:40:08";"Die seien korrigiert worden."
"261";"00:05:40:10";"00:05:40:10";"FABstaPJetzt will sie nach vorne schauen.ÿÿàb"
"262";"00:05:40:10";"00:05:42:11";"Jetzt will sie nach vorne schauen."
"263";"00:05:42:13";"00:05:42:13";"FABstbdWir haben große Veränderungsprozesse( ( 9¾"
"264";"00:05:42:13";"00:05:42:13";"FABst6 in diesem Land.3À>"
"265";"00:05:42:13";"00:05:45:13";"Wir haben groûe VerÈanderungsprozesse

in diesem Land."
"266";"00:05:45:15";"00:05:45:15";"FABstcPDafür braucht es Glaubwürdigkeit.¦H"
"267";"00:05:45:15";"00:05:47:13";"DafÈur braucht es GlaubwÈurdigkeit."
"268";"00:05:47:16";"00:05:47:16";"FABstdF Das ist gar keine Frage.ÿÿ
Þ"
"269";"00:05:47:16";"00:05:49:06";"Das ist gar keine Frage."
"270";"00:05:49:08";"00:05:49:08";"FABsted Diese Glaubwürdigkeit geht,( ( indemh"
"271";"00:05:49:08";"00:05:49:08";"FABst6 wir klare Regeln haben,ÿÿ+"
"272";"00:05:49:08";"00:05:52:14";"Diese GlaubwÈurdigkeit geht,

indem wir klare Regeln haben,"
"273";"00:05:52:16";"00:05:52:16";"FABstfRwir uns nicht verunsichern lassen.ÿÿ."
"274";"00:05:52:16";"00:05:54:18";"wir uns nicht verunsichern lassen."
"275";"00:05:54:22";"00:05:54:22";"FABstgd Indem wir die Fragen,( ( die Bæ"
"276";"00:05:54:22";"00:05:54:22";"FABst(Bürger umtreiben,ÿÿ97z"
"277";"00:05:54:22";"00:05:57:13";"Indem wir die Fragen,

die BÈurger umtreiben,"
"278";"00:05:57:16";"00:05:57:16";"FABsthd etwa soziale Fragen, ( ( beantvâ"
"279";"00:05:57:16";"00:05:57:16";"FABst*worten und klären.ÿÿ7.R"
"280";"00:05:57:16";"00:06:00:09";"etwa soziale Fragen,

beantworten und klÈaren."
"281";"00:06:00:13";"00:06:00:13";"FABstidDie Affäre um einen Staatssekretär( ( i4"
"282";"00:06:00:13";"00:06:00:13";"FABst6m Wirtschaftsministeriumÿÿ+"
"283";"00:06:00:13";"00:06:03:24";"Die AffÈare um einen StaatssekretÈar

im Wirtschaftsministerium"
"284";"00:06:04:02";"00:06:04:02";"FABstjd belastet nicht nur Habeck,( ( sonde)<u>"
"285";"00:06:04:02";"00:06:04:02";"FABst0rn die ganze Partei. ÿÿ1úú"
"286";"00:06:04:02";"00:06:07:06";"belastet nicht nur Habeck,

sondern die ganze Partei."
"287";"00:06:07:18";"00:06:07:18";"FABstkd Der Filz-Vorwurf( ( trifft die Pa"
"288";"00:06:07:18";"00:06:07:18";"FABst,rtei umso schwerer,=Ä"
"289";"00:06:07:18";"00:06:11:11";"Der Filz-Vorwurf

trifft die Partei umso schwerer,"
"290";"00:06:11:13";"00:06:11:13";"FABstld die für sich werteorientierte( ( ß"
"291";"00:06:11:13";"00:06:11:13";"FABst.Politik beansprucht.;Ü"
"292";"00:06:11:13";"00:06:15:18";"die fÈur sich werteorientierte

Politik beansprucht."
"293";"00:06:15:24";"00:06:15:24";"FABstmd Die Grünen haben fast ein Drittel( ( ihreüþ"
"294";"00:06:15:24";"00:06:15:24";"FABst@r möglichen Wähler verloren. ÿÿ!Ü"
"295";"00:06:15:24";"00:06:21:07";"Die GrÈunen haben fast ein Drittel

ihrer mÈoglichen WÈahler verloren."
"296";"00:06:21:14";"00:06:21:14";"FABstnd Auch, weil die grüne( ( Klima- ^"
"297";"00:06:21:14";"00:06:21:14";"FABst*und Energiepolitikÿÿ7"
"298";"00:06:21:14";"00:06:24:08";"Auch, weil die grÈune

Klima- und Energiepolitik"
"299";"00:06:24:10";"00:06:24:10";"FABstoL den Menschen viel abverlangt.ÿÿ§¨"
"300";"00:06:24:10";"00:06:26:06";"den Menschen viel abverlangt."
"301";"00:06:26:08";"00:06:26:08";"FABstpd Zum Beispiel( ( der Austausch$Î"
"302";"00:06:26:08";"00:06:26:08";"FABst$ von Heizungen.ÿÿ=ä("
"303";"00:06:26:08";"00:06:28:18";"Zum Beispiel

der Austausch von Heizungen."
"304";"00:06:28:20";"00:06:28:20";"FABstqH Lang wirbt um Verständnis.ÿÿ]2"
"305";"00:06:28:20";"00:06:30:08";"Lang wirbt um VerstÈandnis."
"306";"00:06:30:13";"00:06:30:13";"FABstrd Die Alternative zur Veränderung( ( û"
"307";"00:06:30:13";"00:06:30:13";"FABst& ist nicht,ÿÿ;êf"
"308";"00:06:30:13";"00:06:33:00";"Die Alternative zur VerÈanderung

ist nicht,"
"309";"00:06:33:02";"00:06:33:02";"FABstsL dass alles bleibt, wie es ist.ÿÿ¯"
"310";"00:06:33:02";"00:06:34:23";"dass alles bleibt, wie es ist."
"311";"00:06:35:00";"00:06:35:00";"FABsttd Die Alternative ist,( ( dass ¢"
"312";"00:06:35:00";"00:06:35:00";"FABst$es unsicherer, ÿÿ=Ä:"
"313";"00:06:35:00";"00:06:37:06";"Die Alternative ist,

dass es unsicherer,"
"314";"00:06:37:08";"00:06:37:08";"FABstuL teurer und gefährlicher wird.ÿÿ5t"
"315";"00:06:37:08";"00:06:39:03";"teurer und gefÈahrlicher wird."
"316";"00:06:39:05";"00:06:39:05";"FABstvd Aber wenn wir sagen,( ( wir gehen t0"
"317";"00:06:39:05";"00:06:39:05";"FABst8diese Veränderung an, ...ÿÿ)kH"
"318";"00:06:39:05";"00:06:42:11";"Aber wenn wir sagen,

wir gehen diese VerÈanderung an, ..."
"319";"00:06:42:13";"00:06:42:13";"FABstwVWenn unsere Koalitionspartner sagen,ÿÿÛN"
"320";"00:06:42:13";"00:06:44:15";"Wenn unsere Koalitionspartner sagen,"
"321";"00:06:44:19";"00:06:44:19";"FABstxd sie machen sich Sorgen darüber,( ( obð"
"322";"00:06:44:19";"00:06:44:19";"FABst8 Bürger dazu bereit sind.ÿÿ)y´"
"323";"00:06:44:19";"00:06:48:04";"sie machen sich Sorgen darÈuber,

ob BÈurger dazu bereit sind."
"324";"00:06:48:07";"00:06:48:07";"FABsty< Dann heißt es,ÿÿ!r"
"325";"00:06:48:07";"00:06:49:10";"Dann heiût es,"
"326";"00:06:49:13";"00:06:49:13";"FABstzdgemeinsam Geld in die Hand nehmen( ( \`"
"327";"00:06:49:13";"00:06:49:13";"FABst0 und unterstützen.ÿÿ1V"
"328";"00:06:49:13";"00:06:52:13";"gemeinsam Geld in die Hand nehmen

und unterstÈutzen."
"329";"00:06:52:16";"00:06:52:16";"FABst{> Davon müssen sieÿÿ(º"
"330";"00:06:52:16";"00:06:53:20";"Davon mÈussen sie"
"331";"00:06:53:23";"00:06:53:23";"FABst|d ihre Koalitionspartner( ( erst ,Ð"
"332";"00:06:53:23";"00:06:53:23";"FABst(noch überzeugen. ÿÿ9W"
"333";"00:06:53:23";"00:06:56:12";"ihre Koalitionspartner

erst noch Èuberzeugen."
"334";"00:06:56:16";"00:06:56:16";"FABst}d Nächster Stimmungstest( ( ist die Bürf@"
"335";"00:06:56:16";"00:06:56:16";"FABst6gerschaftswahl in Bremenÿÿ+Þd"
"336";"00:06:56:16";"00:07:00:07";"NÈachster Stimmungstest

ist die BÈurgerschaftswahl in Bremen"
"337";"00:07:00:13";"00:07:00:13";"FABst~> in einer Woche.ÿÿ°\"
"338";"00:07:00:13";"00:07:01:17";"in einer Woche."
"339";"00:07:02:23";"00:07:02:23";"FABstTDer deutsche Städte- und Gemeindetagÿÿ3"
"340";"00:07:02:23";"00:07:05:07";"Der deutsche StÈadte- und Gemeindetag"
"341";"00:07:05:10";"00:07:05:10";"FABst<i>dwarnt beim Austausch von Heizungen( ( vor h¨¶"
"342";"00:07:05:10";"00:07:05:10";"FABst@ohen Kosten für die Kommunen.ÿÿ!2Ð"
"343";"00:07:05:10";"00:07:09:13";"warnt beim Austausch von Heizungen

vor hohen Kosten fÈur die Kommunen."
"344";"00:07:09:15";"00:07:09:15";"FABst</i>d Sie werden auf mindestens( ( 8 MõÀ"
"345";"00:07:09:15";"00:07:09:15";"FABst.rd. Euro beziffert. ÿÿ3"
"346";"00:07:09:15";"00:07:12:15";"Sie werden auf mindestens

8 Mrd. Euro beziffert."
"347";"00:07:12:17";"00:07:12:17";"FABst<u>dBis 2045 müssten 135.000 Gebäude mit( ( neu÷"
"348";"00:07:12:17";"00:07:12:17";"FABstHen Heizungen ausgestattet werden,ÿÿïø"
"349";"00:07:12:17";"00:07:20:00";"Bis 2045 mÈussten 135.000 GebÈaude mit

neuen Heizungen ausgestattet werden,"
"350";"00:07:20:22";"00:07:20:22";"FABst</u>dsagte Hauptgeschäftsführer Landsberg( ( ¦Î"
"351";"00:07:20:22";"00:07:20:22";"FABst, der NOZ.ÿÿ5òJ"
"352";"00:07:20:22";"00:07:23:13";"sagte HauptgeschÈaftsfÈuhrer Landsberg

der NOZ."
"353";"00:07:23:16";"00:07:23:16";"FABstdEr fordert langfristige Unterstützung( ( <X"
"354";"00:07:23:16";"00:07:23:16";"FABst4 und bemängelt,ÿÿ-]R"
"355";"00:07:23:16";"00:07:26:15";"Er fordert langfristige UnterstÈutzung

und bemÈangelt,"
"356";"00:07:26:17";"00:07:26:17";"FABstd dass Kommunen von der Förderung ( ( des BZ¤"
"357";"00:07:26:17";"00:07:26:17";"FABst<undes ausgeschlossen seien.ÿÿ%Ò"
"358";"00:07:26:17";"00:07:30:12";"dass Kommunen von der FÈorderung

des Bundes ausgeschlossen seien."
"359";"00:07:32:10";"00:07:32:10";"FABstd Trotz internationaler Bemühungen( ( 2®"
"360";"00:07:32:10";"00:07:32:10";"FABst.um eine Waffenruheÿÿ3ØT"
"361";"00:07:32:10";"00:07:36:02";"Trotz internationaler BemÈuhungen

um eine Waffenruhe"
"362";"00:07:36:04";"00:07:36:04";"FABstVdauern die Kämpfe im Sudan weiter an.ÿÿÀ"
"363";"00:07:36:04";"00:07:38:11";"dauern die KÈampfe im Sudan weiter an."
"364";"00:07:38:14";"00:07:38:14";"FABstd Seit gestern verhandeln Vertreter( ( ü"
"365";"00:07:38:14";"00:07:38:14";"FABst6der sudanesischen Armeeÿÿ+·ô"
"366";"00:07:38:14";"00:07:42:22";"Seit gestern verhandeln Vertreter

der sudanesischen Armee"
"367";"00:07:42:24";"00:07:42:24";"FABstdund der RSF-Miliz in Saudi Arabien( ( $"
"368";"00:07:42:24";"00:07:42:24";"FABst2über eine Feuerpause.ÿÿ/h<i>"
"369";"00:07:42:24";"00:07:46:06";"und der RSF-Miliz in Saudi Arabien

Èuber eine Feuerpause."
"370";"00:07:46:09";"00:07:46:09";"FABst
d Dort ist der Nothilfekoordinator( ( der VÁ"
"371";"00:07:46:09";"00:07:46:09";"FABstDereinten Nationen eingetroffen,ÿÿ¨´"
"372";"00:07:46:09";"00:07:50:09";"Dort ist der Nothilfekoordinator

der Vereinten Nationen eingetroffen,"
"373";"00:07:50:11";"00:07:50:11";"FABstd um über die humanitäre Situation( ( <i>"
"374";"00:07:50:11";"00:07:50:11";"FABst0im Sudan zu sprechen.ÿÿ1°Ø"
"375";"00:07:50:11";"00:07:53:17";"um Èuber die humanitÈare Situation

im Sudan zu sprechen."
"376";"00:07:53:19";"00:07:53:19";"FABstd Seit Beginn der Angriffe( ( v
Æ"
"377";"00:07:53:19";"00:07:53:19";"FABst"or drei Wochenÿÿ?Ïd"
"378";"00:07:53:19";"00:07:56:00";"Seit Beginn der Angriffe

vor drei Wochen"
"379";"00:07:56:02";"00:07:56:02";"FABstd wurden dort mehr als ( ( 500 ñ"
"380";"00:07:56:02";"00:07:56:02";"FABst(Menschen getötet.ÿÿ9""
"381";"00:07:56:02";"00:08:04:02";"wurden dort mehr als

500 Menschen getÈotet."
"382";"00:08:04:13";"00:08:04:13";"FABstdEin paar Schritte durch die Gassen( ( ù,"
"383";"00:08:04:13";"00:08:04:13";"FABst4Khartums zu spazieren,5ø"
"384";"00:08:04:13";"00:08:07:19";"Ein paar Schritte durch die Gassen

Khartums zu spazieren,"
"385";"00:08:07:21";"00:08:07:21";"FABstd seit Wochen( ( trauen sich das ÕÌ"
"386";"00:08:07:21";"00:08:07:21";"FABst.nur wenige Menschen.;¼"
"387";"00:08:07:21";"00:08:10:15";"seit Wochen

trauen sich das nur wenige Menschen."
"388";"00:08:10:17";"00:08:10:17";"FABstd Die Hauptstadt wird leerer,( ( viele Su"
"389";"00:08:10:17";"00:08:10:17";"FABst<danesen packen ihre Koffer,ÿÿ%¹H"
"390";"00:08:10:17";"00:08:14:07";"Die Hauptstadt wird leerer,

viele Sudanesen packen ihre Koffer,"
"391";"00:08:14:09";"00:08:14:09";"FABstTHunderttausende sind auf der Flucht.ÿÿ{ê"
"392";"00:08:14:09";"00:08:16:11";"Hunderttausende sind auf der Flucht."
"393";"00:08:16:13";"00:08:16:13";"FABstPDrei Wochen nach Beginn der Kämpfeÿÿç&"
"394";"00:08:16:13";"00:08:18:13";"Drei Wochen nach Beginn der KÈampfe"
"395";"00:08:18:15";"00:08:18:15";"FABstdhat sich Familie Ibrahim entschieden,( ( ·v"
"396";"00:08:18:15";"00:08:18:15";"FABstBihr Heimatland zu verlassen.ÿÿþ"
"397";"00:08:18:15";"00:08:22:08";"hat sich Familie Ibrahim entschieden,

ihr Heimatland zu verlassen."
"398";"00:08:22:10";"00:08:22:10";"FABstd Viele fliehen in den Tschad,( ( die Fa"
"399";"00:08:22:10";"00:08:22:10";"FABst6milie will nach Ägypten.ÿÿ+Uè"
"400";"00:08:22:10";"00:08:25:21";"Viele fliehen in den Tschad,

die Familie will nach ÈAgypten."
"401";"00:08:25:24";"00:08:25:24";"FABstL Wir haben hier kein Geld mehr.N"
"402";"00:08:25:24";"00:08:27:18";"Wir haben hier kein Geld mehr."
"403";"00:08:27:20";"00:08:27:20";"FABstF Kein Benzin, kein Essen,F"
"404";"00:08:27:20";"00:08:29:08";"Kein Benzin, kein Essen,"
"405";"00:08:29:10";"00:08:29:10";"FABstd kein Brot, kein Trinkwasser,( ( seit z±<i>"
"406";"00:08:29:10";"00:08:29:10";"FABst6wölf Tagen keinen Strom.ÿÿ+yÄ"
"407";"00:08:29:10";"00:08:33:12";"kein Brot, kein Trinkwasser,

seit zwÈolf Tagen keinen Strom."
"408";"00:08:35:22";"00:08:35:22";"FABstd Offiziell gilt eine Feuerpause,( ( doúü"
"409";"00:08:35:22";"00:08:35:22";"FABst8ch die sudanesische Armeeÿÿ)îr"
"410";"00:08:35:22";"00:08:39:11";"Offiziell gilt eine Feuerpause,

doch die sudanesische Armee"
"411";"00:08:39:13";"00:08:39:13";"FABstdund die Miliz Rapid Support Forces( ( bek¡"
"412";"00:08:39:13";"00:08:39:13";"FABst:ämpfen sich weiter heftig.ÿÿ'r"
"413";"00:08:39:13";"00:08:44:02";"und die Miliz Rapid Support Forces

bekÈampfen sich weiter heftig."
"414";"00:08:44:04";"00:08:44:04";"FABstN In den innenpolitischen KonfliktÿÿV®"
"415";"00:08:44:04";"00:08:46:05";"In den innenpolitischen Konflikt"
"416";"00:08:46:07";"00:08:46:07";"FABstd sind auch zahlreiche( ( ausländischxä"
"417";"00:08:46:07";"00:08:46:07";"FABst0e Akteure involviert.ÿÿ1ðH"
"418";"00:08:46:07";"00:08:49:17";"sind auch zahlreiche

auslÈandische Akteure involviert."
"419";"00:08:49:19";"00:08:49:19";"FABstd Ägypten unterstützt( ( eher MilõÒ"
"420";"00:08:49:19";"00:08:49:19";"FABst,itärchef al-Burhan,ÿÿ5y"
"421";"00:08:49:19";"00:08:53:07";"ÈAgypten unterstÈutzt

eher MilitÈarchef al-Burhan,"
"422";"00:08:53:09";"00:08:53:09";"FABstd Milizen-Anführer Dagalo pflegt( ( enge V<"
"423";"00:08:53:09";"00:08:53:09";"FABstBerbindungen in die Golfregion.ÿÿ
~"
"424";"00:08:53:09";"00:08:57:08";"Milizen-AnfÈuhrer Dagalo pflegt

enge Verbindungen in die Golfregion."
"425";"00:08:57:09";"00:08:57:09";"FABstdDie Vereinigten Arabischen Emirate,( ( ö¤"
"426";"00:08:57:09";"00:08:57:09";"FABst8aber auch Saudi-Arabienÿÿ)Â~"
"427";"00:08:57:09";"00:09:00:20";"Die Vereinigten Arabischen Emirate,

aber auch Saudi-Arabien"
"428";"00:09:00:22";"00:09:00:22";"FABstL sind wichtige Handelspartner.ÿÿ¼"
"429";"00:09:00:22";"00:09:02:19";"sind wichtige Handelspartner."
"430";"00:09:02:21";"00:09:02:21";"FABst dUnter anderem im Milliardengeschäft( ( <u>"
"431";"00:09:02:21";"00:09:02:21";"FABst* mit Gold.ÿÿ72"
"432";"00:09:02:21";"00:09:05:10";"Unter anderem im MilliardengeschÈaft

mit Gold."
"433";"00:09:05:12";"00:09:05:12";"FABst¡d Auch Russland mischt mit, wohl mit( ( rund2"
"434";"00:09:05:12";"00:09:05:12";"FABstF 200 Söldnern der Wagner-Gruppe.ÿÿEè"
"435";"00:09:05:12";"00:09:10:01";"Auch Russland mischt mit, wohl mit

rund 200 SÈoldnern der Wagner-Gruppe."
"436";"00:09:10:07";"00:09:10:07";"FABst¢d Die Wagner-Truppe hatte eigene ( ( kommeæÊ"
"437";"00:09:10:07";"00:09:10:07";"FABst>rzielle Interessen im Sudan,+ãP"
"438";"00:09:10:07";"00:09:14:15";"Die Wagner-Truppe hatte eigene

kommerzielle Interessen im Sudan,"
"439";"00:09:14:18";"00:09:14:18";"FABst£Ndie sie zu verteidigen versucht._"
"440";"00:09:14:18";"00:09:16:19";"die sie zu verteidigen versucht."
"441";"00:09:16:21";"00:09:16:21";"FABst¤dGoldhandel mit Dagalo ist wichtig( ( fv"
"442";"00:09:16:21";"00:09:16:21";"FABst:ür deren Einkommensströme.ÿÿ'"
"443";"00:09:16:21";"00:09:20:09";"Goldhandel mit Dagalo ist wichtig

fÈur deren EinkommensstrÈome."
"444";"00:09:20:11";"00:09:20:11";"FABst¥d Für die Sudanesen gibt es( ( einen kleG6"
"445";"00:09:20:11";"00:09:20:11";"FABst4inen Hoffnungsschimmer:ÿÿ-¢¾"
"446";"00:09:20:11";"00:09:23:23";"FÈur die Sudanesen gibt es

einen kleinen Hoffnungsschimmer:"
"447";"00:09:24:00";"00:09:24:00";"FABst¦B Die Konfliktparteienÿÿt"
"448";"00:09:24:00";"00:09:25:05";"Die Konfliktparteien"
"449";"00:09:25:07";"00:09:25:07";"FABst§dverhandeln derzeit in Saudi-Arabien( ( ü<i>"
"450";"00:09:25:07";"00:09:25:07";"FABst<ber einen Waffenstillstand.ÿÿ%ù"
"451";"00:09:25:07";"00:09:29:04";"verhandeln derzeit in Saudi-Arabien

Èuber einen Waffenstillstand."
"452";"00:09:29:06";"00:09:29:06";"FABst¨d Und über humanitäre Korridore zur( ( Verso©"
"453";"00:09:29:06";"00:09:29:06";"FABstBrgung der Menschen in Khartum.ÿÿêb"
"454";"00:09:29:06";"00:09:34:20";"Und Èuber humanitÈare Korridore zur

Versorgung der Menschen in Khartum."
"455";"00:09:37:11";"00:09:37:11";"FABst©d Mehr als zehn Jahre( ( nach Beginüh"
"456";"00:09:37:11";"00:09:37:11";"FABst*n des Bürgerkriegsÿÿ7Q&"
"457";"00:09:37:11";"00:09:40:07";"Mehr als zehn Jahre

nach Beginn des BÈurgerkriegs"
"458";"00:09:40:09";"00:09:40:09";"FABstªd wird Syrien wieder( ( in die ArabisÂÀ"
"459";"00:09:40:09";"00:09:40:09";"FABst0che Liga aufgenommen.ÿÿ1õ"
"460";"00:09:40:09";"00:09:43:12";"wird Syrien wieder

in die Arabische Liga aufgenommen."
"461";"00:09:43:14";"00:09:43:14";"FABst«d Das beschlossen( ( die Außenminist1"
"462";"00:09:43:14";"00:09:43:14";"FABst,er der Organisationÿÿ5¢"
"463";"00:09:43:14";"00:09:46:12";"Das beschlossen

die Auûenminister der Organisation"
"464";"00:09:46:14";"00:09:46:14";"FABst¬J bei ihrem Treffen in Kairo.ÿÿ:Ü"
"465";"00:09:46:14";"00:09:48:04";"bei ihrem Treffen in Kairo."
"466";"00:09:48:06";"00:09:48:06";"FABst­d Das Land war 2011 aus dem Bündnis( ( Mª"
"467";"00:09:48:06";"00:09:48:06";"FABst4ausgeschlossen worden,ÿÿ-ãº"
"468";"00:09:48:06";"00:09:51:11";"Das Land war 2011 aus dem BÈundnis

ausgeschlossen worden,"
"469";"00:09:51:13";"00:09:51:13";"FABst®dnachdem Assad die Demokratiebewegung( ( Ð2"
"470";"00:09:51:13";"00:09:51:13";"FABstBgewaltsam niederschlagen ließ.ÿÿZÚ"
"471";"00:09:51:13";"00:09:55:11";"nachdem Assad die Demokratiebewegung

gewaltsam niederschlagen lieû."
"472";"00:09:55:13";"00:09:55:13";"FABst¯d In dem nachfolgenden Krieg( ( sind HuîD"
"473";"00:09:55:13";"00:09:55:13";"FABst4nderttausende gestorbenÿÿ-Õ6"
"474";"00:09:55:13";"00:09:58:20";"In dem nachfolgenden Krieg

sind Hunderttausende gestorben"
"475";"00:09:58:22";"00:09:58:22";"FABst°H und Millionen geflüchtet.ÿÿ¤¬"
"476";"00:09:58:22";"00:10:00:10";"und Millionen geflÈuchtet."
"477";"00:10:02:05";"00:10:02:05";"FABst±dIn Kanada breiten sich in der Provinz( ( A<i>Ô"
"478";"00:10:02:05";"00:10:02:05";"FABstHlberta zahlreiche Waldbrände aus.!^ø"
"479";"00:10:02:05";"00:10:06:11";"In Kanada breiten sich in der Provinz

Alberta zahlreiche WaldbrÈande aus."
"480";"00:10:06:13";"00:10:06:13";"FABst²d Die Behörden( ( berichten vW"
"481";"00:10:06:13";"00:10:06:13";"FABst"on 109 Feuern,ÿÿ?ÊJ"
"482";"00:10:06:13";"00:10:09:00";"Die BehÈorden

berichten von 109 Feuern,"
"483";"00:10:09:02";"00:10:09:02";"FABst³d von denen 33( ( nicht unter Küv"
"484";"00:10:09:02";"00:10:09:02";"FABst$ontrolle seien.ÿÿ=</u>&"
"485";"00:10:09:02";"00:10:11:11";"von denen 33

nicht unter Kontrolle seien."
"486";"00:10:11:13";"00:10:11:13";"FABst´d In der Region( ( wurde der Notsë¼"
"487";"00:10:11:13";"00:10:11:13";"FABst&tand ausgerufen.C</u>"
"488";"00:10:11:13";"00:10:14:00";"In der Region

wurde der Notstand ausgerufen."
"489";"00:10:14:02";"00:10:14:02";"FABstµd Knapp 25.000 Menschen( ( mussten ihæ"
"490";"00:10:14:02";"00:10:14:02";"FABst.re Häuser verlassen.ÿÿ3ú"
"491";"00:10:14:02";"00:10:17:21";"Knapp 25.000 Menschen

mussten ihre HÈauser verlassen."
"492";"00:10:17:23";"00:10:17:23";"FABst¶d Trockenheit, starke Winde( ( unª"
"493";"00:10:17:23";"00:10:17:23";"FABst,d hohe Temperaturenÿÿ5¸ö"
"494";"00:10:17:23";"00:10:21:05";"Trockenheit, starke Winde

und hohe Temperaturen"
"495";"00:10:21:07";"00:10:21:07";"FABst·L erschweren die Löscharbeiten.ÿÿ­"
"496";"00:10:21:07";"00:10:23:05";"erschweren die LÈoscharbeiten."
"497";"00:10:24:17";"00:10:24:17";"FABst¸dGestern war es prunkvoll und pompös,( ( hvÂ"
"498";"00:10:24:17";"00:10:24:17";"FABstBeute fröhlich und ausgelassen:ÿÿ3"
"499";"00:10:24:17";"00:10:30:12";"Gestern war es prunkvoll und pompÈos,

heute frÈohlich und ausgelassen:"
"500";"00:10:30:14";"00:10:30:14";"FABst¹d Mit Straßenfesten und Teepartys( ( haben Gö"
"501";"00:10:30:14";"00:10:30:14";"FABstBin Großbritannien Zehntausendeÿÿê"
"502";"00:10:30:14";"00:10:34:21";"Mit Straûenfesten und Teepartys

haben in Groûbritannien Zehntausende"
"503";"00:10:34:23";"00:10:34:23";"FABstºddie Krönung von König Charles III.( ( undÈÔ"
"504";"00:10:34:23";"00:10:34:23";"FABst: Königin Camilla gefeiert.ÿÿ'hz"
"505";"00:10:34:23";"00:10:38:17";"die KrÈonung von KÈonig Charles III.

und KÈonigin Camilla gefeiert."
"506";"00:10:38:20";"00:10:38:20";"FABst»d Auch einige Familienmitglieder( ( ¢"
"507";"00:10:38:20";"00:10:38:20";"FABst$ der Royalsÿÿ=½r"
"508";"00:10:38:20";"00:10:42:10";"Auch einige Familienmitglieder

der Royals"
"509";"00:10:42:12";"00:10:42:12";"FABst¼d nahmen am "Coronation Big Lunch"( ( ´"
"510";"00:10:42:12";"00:10:42:12";"FABst teil.ÿÿA¶Ö"
"511";"00:10:42:12";"00:10:44:15";"nahmen am "Coronation Big Lunch"

teil."
"512";"00:10:44:18";"00:10:44:18";"FABst½VIn die Partylaune mischte sich Kritikÿÿ"
"513";"00:10:44:18";"00:10:46:21";"In die Partylaune mischte sich Kritik"
"514";"00:10:46:23";"00:10:46:23";"FABst¾dam harten Durchgreifen der Polizei( ( <u>"
"515";"00:10:46:23";"00:10:46:23";"FABst4gegen Monarchie-Gegner.ÿÿ-Ý"
"516";"00:10:46:23";"00:10:51:01";"am harten Durchgreifen der Polizei

gegen Monarchie-Gegner."
"517";"00:10:52:24";"00:10:52:24";"FABst¿d Am Tag danach sieht es in London( ( ausê&"
"518";"00:10:52:24";"00:10:52:24";"FABst8 wie nach einem Festival.1üx"
"519";"00:10:52:24";"00:10:56:23";"Am Tag danach sieht es in London

aus wie nach einem Festival."
"520";"00:10:57:03";"00:10:57:03";"FABstÀd Während am Buckingham Palace noch( ( di"
"521";"00:10:57:03";"00:10:57:03";"FABst:e Spuren beseitigt werden,/Òæ"
"522";"00:10:57:03";"00:11:01:05";"WÈahrend am Buckingham Palace noch

die Spuren beseitigt werden,"
"523";"00:11:01:08";"00:11:01:08";"FABstÁd wird ein paar 100 Meter weiter im ( ( Regeíü"
"524";"00:11:01:08";"00:11:01:08";"FABstFnt's Park schon wieder gefeiert.ÿÿ<u>X"
"525";"00:11:01:08";"00:11:06:00";"wird ein paar 100 Meter weiter im

Regent's Park schon wieder gefeiert."
"526";"00:11:07:24";"00:11:07:24";"FABstÂd The Big Lunch,( ( die großen roy2"
"527";"00:11:07:24";"00:11:07:24";"FABst,alen Straßenpartys,ÿÿ5"
"528";"00:11:07:24";"00:11:10:22";"The Big Lunch,

die groûen royalen Straûenpartys,"
"529";"00:11:10:24";"00:11:10:24";"FABstÃd die seit 70 Jahren( ( immer d"
"530";"00:11:10:24";"00:11:10:24";"FABst&er Queen galten:ÿÿ;<u>L"
"531";"00:11:10:24";"00:11:13:08";"die seit 70 Jahren

immer der Queen galten:"
"532";"00:11:13:10";"00:11:13:10";"FABstÄJ Diesmal für den neuen König:ÿÿt"
"533";"00:11:13:10";"00:11:15:21";"Diesmal fÈur den neuen KÈonig:"
"534";"00:11:16:18";"00:11:16:18";"FABstÅd Die Krönung hat( ( einen positiv=X"
"535";"00:11:16:18";"00:11:16:18";"FABst.en Effekte auf alle.ÿÿ3ÙB"
"536";"00:11:16:18";"00:11:20:09";"Die KrÈonung hat

einen positiven Effekte auf alle."
"537";"00:11:20:15";"00:11:20:15";"FABstÆd Alle sind draußen und feiern,( ( sX"
"538";"00:11:20:15";"00:11:20:15";"FABst$ großartig.ÿÿ=6b"
"539";"00:11:20:15";"00:11:23:04";"Alle sind drauûen und feiern,

groûartig."
"540";"00:11:23:09";"00:11:23:09";"FABstÇH Das macht uns Briten aus.ÿÿ_0"
"541";"00:11:23:09";"00:11:25:10";"Das macht uns Briten aus."
"542";"00:11:25:15";"00:11:25:15";"FABstÈd Es geht darum,( ( deine Nachbar¢P"
"543";"00:11:25:15";"00:11:25:15";"FABst(n kennenzulernen.ÿÿ9<i>"
"544";"00:11:25:15";"00:11:28:18";"Es geht darum,

deine Nachbarn kennenzulernen."
"545";"00:11:29:02";"00:11:29:02";"FABstÉNDas ist eine ideale Gelegenheit.ÿÿ)"
"546";"00:11:29:02";"00:11:31:14";"Das ist eine ideale Gelegenheit."
"547";"00:11:36:03";"00:11:36:03";"FABstÊL Er wird ein brillanter König.ÿÿÊ"
"548";"00:11:36:03";"00:11:38:11";"Er wird ein brillanter KÈonig."
"549";"00:11:38:17";"00:11:38:17";"FABstËd Er ist bescheiden, ( ( wir k:"
"550";"00:11:38:17";"00:11:38:17";"FABst&önnen froh sein.ÿÿ;!"
"551";"00:11:38:17";"00:11:42:06";"Er ist bescheiden,

wir kÈonnen froh sein."
"552";"00:11:44:20";"00:11:44:20";"FABstÌd Weiter diskutiert( ( werdenÒ¼"
"553";"00:11:44:20";"00:11:44:20";"FABst$ die Festnahmenÿÿ=¹F"
"554";"00:11:44:20";"00:11:47:18";"Weiter diskutiert

werden die Festnahmen"
"555";"00:11:47:20";"00:11:47:20";"FABstÍN von über 50 Monarchie-Kritikern.ÿÿ"
"556";"00:11:47:20";"00:11:49:24";"von Èuber 50 Monarchie-Kritikern."
"557";"00:11:50:01";"00:11:50:01";"FABstÎd Die Polizei beruft sich auf( ( ein neues¦"
"558";"00:11:50:01";"00:11:50:01";"FABst8 Gesetz, das ihr erlaubt,ÿÿ)º8"
"559";"00:11:50:01";"00:11:54:06";"Die Polizei beruft sich auf

ein neues Gesetz, das ihr erlaubt,"
"560";"00:11:54:08";"00:11:54:08";"FABstÏJ Demonstranten festzunehmen:ÿÿ/v"
"561";"00:11:54:08";"00:11:56:02";"Demonstranten festzunehmen:"
"562";"00:11:56:04";"00:11:56:04";"FABstÐd Nur bei Verdacht, sie könnten( ( die öô"
"563";"00:11:56:04";"00:11:56:04";"FABst:ffentliche Ordnung stören.ÿÿ'6"
"564";"00:11:56:04";"00:11:59:20";"Nur bei Verdacht, sie kÈonnten

die Èoffentliche Ordnung stÈoren."
"565";"00:11:59:22";"00:11:59:22";"FABstÑd In Windsor( ( beginnt das Kr¤"
"566";"00:11:59:22";"00:11:59:22";"FABst"önungskonzert,ÿÿ?8Ê"
"567";"00:11:59:22";"00:12:03:07";"In Windsor

beginnt das KrÈonungskonzert,"
"568";"00:12:03:09";"00:12:03:09";"FABstÒd zu dem über 20.000 Besucher( ( %"
"569";"00:12:03:09";"00:12:03:09";"FABst(erwartet werden.ÿÿ9à"
"570";"00:12:03:09";"00:12:07:02";"zu dem Èuber 20.000 Besucher

erwartet werden."
"571";"00:12:09:13";"00:12:09:13";"FABstÓd Am Tag danach ist sich das Land( ( ì"
"572";"00:12:09:13";"00:12:09:13";"FABst4einig, dass die Krönung5)"
"573";"00:12:09:13";"00:12:14:01";"Am Tag danach ist sich das Land

einig, dass die KrÈonung"
"574";"00:12:14:03";"00:12:14:03";"FABstÔd ein voller Erfolg( ( für die"
"575";"00:12:14:03";"00:12:14:03";"FABst"Monarchie war.G¯&"
"576";"00:12:14:03";"00:12:17:05";"ein voller Erfolg

fÈur die Monarchie war."
"577";"00:12:17:07";"00:12:17:07";"FABstÕdDennoch überschatten die gestrigen( ( È"
"578";"00:12:17:07";"00:12:17:07";"FABst>Verhaftungen das Wochenende.ÿÿ#·¶"
"579";"00:12:17:07";"00:12:21:00";"Dennoch Èuberschatten die gestrigen

Verhaftungen das Wochenende."
"580";"00:12:21:02";"00:12:21:02";"FABstÖF Ein Gesetz, das erlaubt,ÿÿ3"
"581";"00:12:21:02";"00:12:22:17";"Ein Gesetz, das erlaubt,"
"582";"00:12:22:19";"00:12:22:19";"FABst×d friedliche Demonstrationen( ( willL"
"583";"00:12:22:19";"00:12:22:19";"FABst.kürlich zu beenden: ÿÿ3mÐ"
"584";"00:12:22:19";"00:12:25:21";"friedliche Demonstrationen

willkÈurlich zu beenden:"
"585";"00:12:25:24";"00:12:25:24";"FABstØdDas gehöre in autoritäre Staaten,( ( nic¶"
"586";"00:12:25:24";"00:12:25:24";"FABst>ht aber in eine Demokratie, ÿÿ#×j"
"587";"00:12:25:24";"00:12:29:15";"Das gehÈore in autoritÈare Staaten,

nicht aber in eine Demokratie,"
"588";"00:12:29:17";"00:12:29:17";"FABstÙB sagen die Kritiker.ÿÿJX"
"589";"00:12:29:17";"00:12:30:23";"sagen die Kritiker."
"590";"00:12:31:00";"00:12:31:00";"FABstÚd Das Gesetz ist in Kraft und wird( ( das </u>p"
"591";"00:12:31:00";"00:12:31:00";"FABstBDemonstrieren sehr erschweren.ÿÿÛ¬"
"592";"00:12:31:00";"00:12:35:09";"Das Gesetz ist in Kraft und wird

das Demonstrieren sehr erschweren."
"593";"00:12:36:11";"00:12:36:11";"FABstÛd In der Fußball-Bundesliga( ( hat sicvX"
"594";"00:12:36:11";"00:12:36:11";"FABst6h Dortmund eindrucksvollÿÿ+ÄJ"
"595";"00:12:36:11";"00:12:39:23";"In der Fuûball-Bundesliga

hat sich Dortmund eindrucksvoll"
"596";"00:12:40:00";"00:12:40:00";"FABstÜd im Kampf( ( um die Meisterschçä"
"597";"00:12:40:00";"00:12:40:00";"FABst,aft zurückgemeldet.ÿÿ5ä"
"598";"00:12:40:00";"00:12:42:20";"im Kampf

um die Meisterschaft zurÈuckgemeldet."
"599";"00:12:42:22";"00:12:42:22";"FABstÝd Die Borussen( ( besiegten den VÚz"
"600";"00:12:42:22";"00:12:42:22";"FABst0fL Wolfsburg mit 6:0.ÿÿ1Ç<u>"
"601";"00:12:42:22";"00:12:45:21";"Die Borussen

besiegten den VfL Wolfsburg mit 6:0."
"602";"00:12:45:23";"00:12:45:23";"FABstÞd Sie liegen in der Tabelle nur( ( einen Pu´"
"603";"00:12:45:23";"00:12:45:23";"FABst:nkt hinter Bayern München.ÿÿ'*"
"604";"00:12:45:23";"00:12:50:20";"Sie liegen in der Tabelle nur

einen Punkt hinter Bayern MÈunchen."
"605";"00:12:52:21";"00:12:52:21";"FABstßd Eindrucksvoller kann man( ( Ambitioneªv"
"606";"00:12:52:21";"00:12:52:21";"FABst4n auf die Meisterschale5ì "
"607";"00:12:52:21";"00:12:56:05";"Eindrucksvoller kann man

Ambitionen auf die Meisterschale"
"608";"00:12:56:08";"00:12:56:08";"FABstà@ nicht untermauern.%{h"
"609";"00:12:56:08";"00:12:57:24";"nicht untermauern."
"610";"00:12:58:01";"00:12:58:01";"FABstádDie Dortmunder liegen nach 15 Minuten( ( úH"
"611";"00:12:58:01";"00:12:58:01";"FABst> durch Adeyemi in Front.ÿÿ#¨ "
"612";"00:12:58:01";"00:13:03:01";"Die Dortmunder liegen nach 15 Minuten

durch Adeyemi in Front."
"613";"00:13:03:07";"00:13:03:07";"FABstâd Durch die frühe Führung( ( folgt einØ"
"614";"00:13:03:07";"00:13:03:07";"FABst0 Spiel wie im Rausch.ÿÿ1ÀB"
"615";"00:13:03:07";"00:13:07:08";"Durch die frÈuhe FÈuhrung

folgt ein Spiel wie im Rausch."
"616";"00:13:07:15";"00:13:07:15";"FABstãd Sebastien Haller nach Pass( ( vo¶R"
"617";"00:13:07:15";"00:13:07:15";"FABst*n Adeyemi zum 2:0.ÿÿ7"
"618";"00:13:07:15";"00:13:11:17";"Sebastien Haller nach Pass

von Adeyemi zum 2:0."
"619";"00:13:12:06";"00:13:12:06";"FABstäd Wolfsburg in nahezu jeder Szene( ( vom D±`"
"620";"00:13:12:06";"00:13:12:06";"FABst>ortmunder Tempo überfordert.ÿÿ#~"
"621";"00:13:12:06";"00:13:17:03";"Wolfsburg in nahezu jeder Szene

vom Dortmunder Tempo Èuberfordert."
"622";"00:13:18:03";"00:13:18:03";"FABståd Donyell Malen erhöht( ( noch vor*"
"623";"00:13:18:03";"00:13:18:03";"FABst, der Pause auf 3:0.ÿÿ5°<u>"
"624";"00:13:18:03";"00:13:22:02";"Donyell Malen erhÈoht

noch vor der Pause auf 3:0."
"625";"00:13:22:07";"00:13:22:07";"FABstæd Es fühlt sich an wie Fliegen( ( fDp"
"626";"00:13:22:07";"00:13:22:07";"FABst*ür Trainer Terzic.ÿÿ74~"
"627";"00:13:22:07";"00:13:25:18";"Es fÈuhlt sich an wie Fliegen

fÈur Trainer Terzic."
"628";"00:13:26:02";"00:13:26:02";"FABstçd Auch danach( ( klappt einfach al¿J"
"629";"00:13:26:02";"00:13:26:02";"FABst(les bei Dortmund.ÿÿ9ù"
"630";"00:13:26:02";"00:13:29:18";"Auch danach

klappt einfach alles bei Dortmund."
"631";"00:13:29:20";"00:13:29:20";"FABstèd Bellingham an die Latte( ( und der Baü`"
"632";"00:13:29:20";"00:13:29:20";"FABst2ll geht trotzdem rein.ÿÿ/û"
"633";"00:13:29:20";"00:13:34:00";"Bellingham an die Latte

und der Ball geht trotzdem rein."
"634";"00:13:34:02";"00:13:34:02";"FABstéJ Dortmund macht immer weiter.ÿÿQ "
"635";"00:13:34:02";"00:13:35:20";"Dortmund macht immer weiter."
"636";"00:13:35:22";"00:13:35:22";"FABstêd Nach 60 Minuten( ( das 5:0 dà"
"637";"00:13:35:22";"00:13:35:22";"FABst urch Adeyemi,ÿÿAÔ®"
"638";"00:13:35:22";"00:13:38:16";"Nach 60 Minuten

das 5:0 durch Adeyemi,"
"639";"00:13:38:18";"00:13:38:18";"FABstëd der danach( ( noch einen Elfmïè"
"640";"00:13:38:18";"00:13:38:18";"FABst&eter verschießt.ÿÿ;F¨"
"641";"00:13:38:18";"00:13:41:10";"der danach

noch einen Elfmeter verschieût."
"642";"00:13:41:12";"00:13:41:12";"FABstìdDer Schlusspunkt in der 86. Minute.( ( é"
"643";"00:13:41:12";"00:13:41:12";"FABst4 Bellingham zum 6:0.ÿÿ-§"
"644";"00:13:41:12";"00:13:46:05";"Der Schlusspunkt in der 86. Minute.

Bellingham zum 6:0."
"645";"00:13:46:06";"00:13:46:06";"FABstíd Keine Spur von Nervenflattern( ( bei½æ"
"646";"00:13:46:06";"00:13:46:06";"FABst6 den Bayern-Verfolgern. ÿÿ+¥v"
"647";"00:13:46:06";"00:13:50:01";"Keine Spur von Nervenflattern

bei den Bayern-Verfolgern."
"648";"00:13:52:12";"00:13:52:12";"FABstîd Und nun die Wettervorhersage ( ( für mÎ"
"649";"00:13:52:12";"00:13:52:12";"FABst:orgen, Montag, den 8. Mai.ÿÿ'­Ü"
"650";"00:13:52:12";"00:13:56:03";"Und nun die Wettervorhersage

fÈur morgen, Montag, den 8. Mai."
"651";"00:13:56:21";"00:13:56:21";"FABstïd Ein Hoch sorgt im Nordosten( ( auch¤¤"
"652";"00:13:56:21";"00:13:56:21";"FABst4 morgen für viel Sonne.ÿÿ-aL"
"653";"00:13:56:21";"00:14:00:06";"Ein Hoch sorgt im Nordosten

auch morgen fÈur viel Sonne."
"654";"00:14:00:08";"00:14:00:08";"FABstðd In der Nacht vom Westen und Süden( ("
"655";"00:14:00:08";"00:14:00:08";"FABst0 bis zur Mitte hierÿÿ1¾"
"656";"00:14:00:08";"00:14:03:11";"In der Nacht vom Westen und SÈuden

bis zur Mitte hier"
"657";"00:14:03:13";"00:14:03:13";"FABstñdund da Regen oder kräftige Schauer,( ( 0"
"658";"00:14:03:13";"00:14:03:13";"FABst<anfangs auch noch Gewitter.ÿÿ%¶,"
"659";"00:14:03:13";"00:14:08:09";"und da Regen oder krÈaftige Schauer,

anfangs auch noch Gewitter."
"660";"00:14:08:11";"00:14:08:11";"FABstòd Am Tag viel Sonne( ( nordösff"
"661";"00:14:08:11";"00:14:08:11";"FABst$tlich der Elbe.ÿÿ=ýH"
"662";"00:14:08:11";"00:14:10:16";"Am Tag viel Sonne

nordÈostlich der Elbe."
"663";"00:14:10:18";"00:14:10:18";"FABstód Sonst viele Wolken, die im Laufe( ( des ¿ì"
"664";"00:14:10:18";"00:14:10:18";"FABst:Tages häufiger auflockern.ÿÿ'N"
"665";"00:14:10:18";"00:14:14:08";"Sonst viele Wolken, die im Laufe

des Tages hÈaufiger auflockern."
"666";"00:14:14:10";"00:14:14:10";"FABstôdVom Westen bis in den Süden teilweise( ( ^"
"667";"00:14:14:10";"00:14:14:10";"FABstFkräftige Schauer oder Gewitter.ÿÿ]ò"
"668";"00:14:14:10";"00:14:18:18";"Vom Westen bis in den SÈuden teilweise

krÈaftige Schauer oder Gewitter."
"669";"00:14:26:24";"00:14:26:24";"FABstõd Auch am Dienstag ist es( ( im Oåò"
"670";"00:14:26:24";"00:14:26:24";"FABst,sten länger sonnig.ÿÿ5Rî"
"671";"00:14:26:24";"00:14:30:03";"Auch am Dienstag ist es

im Osten lÈanger sonnig."
"672";"00:14:30:07";"00:14:30:07";"FABstöd In der Westhälfte( ( breitetNØ"
"673";"00:14:30:07";"00:14:30:07";"FABst& sich Regen aus.ÿÿ;ÓV"
"674";"00:14:30:07";"00:14:33:03";"In der WesthÈalfte

breitet sich Regen aus."
"675";"00:14:33:08";"00:14:33:08";"FABst÷d Am Mittwoch überall unbeständig,( ( am Doãî"
"676";"00:14:33:08";"00:14:33:08";"FABstFnnerstag Wolken und etwas Sonne.ÿÿî"
"677";"00:14:33:08";"00:14:38:16";"Am Mittwoch Èuberall unbestÈandig,

am Donnerstag Wolken und etwas Sonne."
"678";"00:14:43:02";"00:14:43:02";"FABstød In den tagesthemen um 22.45 Uhr( ( heute ÍH"
"679";"00:14:43:02";"00:14:43:02";"FABstBeine Reportage aus der Türkei,ÿÿH"
"680";"00:14:43:02";"00:14:47:23";"In den tagesthemen um 22.45 Uhr

heute eine Reportage aus der TÈurkei,"
"681";"00:14:48:00";"00:14:48:00";"FABstùd die die Bedeutung des Erdbebens( ( für A¼"
"682";"00:14:48:00";"00:14:48:00";"FABst<den Wahlausgang beschreibt.ÿÿ%ø¸"
"683";"00:14:48:00";"00:14:51:17";"die die Bedeutung des Erdbebens

fÈur den Wahlausgang beschreibt."
"684";"00:14:53:10";"00:14:53:10";"FABstúB Aline Abboud zeigt,ÿÿ"
"685";"00:14:53:10";"00:14:54:18";"Aline Abboud zeigt,"
"686";"00:14:55:00";"00:14:55:00";"FABstûd wie hart um Gelder( ( für FlüchtliÙ"
"687";"00:14:55:00";"00:14:55:00";"FABst.nge gestritten wird.ÿÿ3¯º"
"688";"00:14:55:00";"00:14:58:00";"wie hart um Gelder

fÈur FlÈuchtlinge gestritten wird."
"689";"00:14:58:19";"00:14:58:19";"FABstüd Ich wünsche Ihnen( ( noch ein]Ð"
"690";"00:14:58:19";"00:14:58:19";"FABst(en schönen Abend.ÿÿ9~¨"
"691";"00:14:58:19";"00:15:01:15";"Ich wÈunsche Ihnen

noch einen schÈonen Abend."
"692";"00:15:04:06";"00:15:04:06";"FABstýLCopyright Untertitel: NDR 2023ÿÿ`>"
"693";"00:15:04:06";"00:15:07:06";"Copyright Untertitel: NDR 2023"
