No.;Timecode In;Timecode Out;Subtitle
"1";"00:00:03:00";"00:00:03:00";"FABst6 * Gong *ÿÿZZZZZZZZZZ¥¥ã¥¥¥¥¥6"
"2";"00:00:03:00";"00:00:03:00";"FABst¥¥¥ä¥¥¥¥ç¥¥ç¥§ª¦ªîªªªG</i>´"
"3";"00:00:03:00";"00:00:04:05";"* Gong *"
"4";"00:00:04:12";"00:00:04:12";"FABstdHier ist das Erste Deutsche Fernsehen( ( 9"
"5";"00:00:04:12";"00:00:04:12";"FABst: mit der tagesschau.ÿÿ'õþ"
"6";"00:00:04:12";"00:00:08:07";"Hier ist das Erste Deutsche Fernsehen

mit der tagesschau."
"7";"00:00:08:13";"00:00:08:13";"FABstd Diese Sendung wurde vom NDR( ( live Af"
"8";"00:00:08:13";"00:00:08:13";"FABst6untertitelt (10.09.2023)ÿÿ+¶°"
"9";"00:00:08:13";"00:00:13:22";"Diese Sendung wurde vom NDR

live untertitelt (10.09.2023)"
"10";"00:00:15:18";"00:00:15:18";"FABstd Heute im Studio:( ( Constanü"
"11";"00:00:15:18";"00:00:15:18";"FABst"tin Schreiber.ÿÿ?ÞN"
"12";"00:00:15:18";"00:00:18:06";"Heute im Studio:

Constantin Schreiber."
"13";"00:00:18:09";"00:00:18:09";"FABstd Guten Abend,( ( ich begrüße Si3¦"
"14";"00:00:18:09";"00:00:18:09";"FABst(e zur tagesschau.A¯R"
"15";"00:00:18:09";"00:00:22:10";"Guten Abend,

ich begrÈuûe Sie zur tagesschau."
"16";"00:00:23:17";"00:00:23:17";"FABstL Ein historischer Titelgewinn:ÿÿ§¦"
"17";"00:00:23:17";"00:00:25:18";"Ein historischer Titelgewinn:"
"18";"00:00:25:22";"00:00:25:22";"FABstd Die deutschen Basketballer( ( sfv"
"19";"00:00:25:22";"00:00:25:22";"FABst&ind Weltmeister.ÿÿ;Æ´"
"20";"00:00:25:22";"00:00:28:20";"Die deutschen Basketballer

sind Weltmeister."
"21";"00:00:28:24";"00:00:28:24";"FABstD Die goldene WM-Trophäeÿÿqâ"
"22";"00:00:28:24";"00:00:30:20";"Die goldene WM-TrophÈae"
"23";"00:00:31:02";"00:00:31:02";"FABstd erhielten die Spieler( ( nach dem Flæ"
"24";"00:00:31:02";"00:00:31:02";"FABst4inalsieg gegen Serbien.ÿÿ-â"
"25";"00:00:31:02";"00:00:34:19";"erhielten die Spieler

nach dem Finalsieg gegen Serbien."
"26";"00:00:35:00";"00:00:35:00";"FABstPDer WM-Titel ist der größte Erfolgÿÿ³j"
"27";"00:00:35:00";"00:00:37:07";"Der WM-Titel ist der grÈoûte Erfolg"
"28";"00:00:37:08";"00:00:37:08";"FABstd in der Geschichte( ( des deutscü"
"29";"00:00:37:08";"00:00:37:08";"FABst&hen Basketballs.ÿÿ;Çà"
"30";"00:00:37:08";"00:00:40:05";"in der Geschichte

des deutschen Basketballs."
"31";"00:00:40:20";"00:00:40:20";"FABstH Nach einem packenden Spielÿÿä°"
"32";"00:00:40:20";"00:00:42:17";"Nach einem packenden Spiel"
"33";"00:00:42:19";"00:00:42:19";"FABstdstand es am Ende 83:77 für das Team( ( ôt"
"34";"00:00:42:19";"00:00:42:19";"FABst:von Bundestrainer Herbert.ÿÿ'«6"
"35";"00:00:42:19";"00:00:47:00";"stand es am Ende 83:77 fÈur das Team

von Bundestrainer Herbert."
"36";"00:00:48:03";"00:00:48:03";"FABst< Im Halbfinaleÿÿ!üÔ"
"37";"00:00:48:03";"00:00:49:16";"Im Halbfinale"
"38";"00:00:49:19";"00:00:49:19";"FABstd hatte Deutschland überraschend( ( die Faé$"
"39";"00:00:49:19";"00:00:49:19";"FABstDvoriten aus den USA geschlagen.ÿÿ³x"
"40";"00:00:49:19";"00:00:54:12";"hatte Deutschland Èuberraschend

die Favoriten aus den USA geschlagen."
"41";"00:00:54:16";"00:00:54:16";"FABstTHeute gelang eine weitere Sensation.ÿÿå"
"42";"00:00:54:16";"00:00:57:04";"Heute gelang eine weitere Sensation."
"43";"00:00:57:24";"00:00:57:24";"FABstd Deutschlands Basketballer( ( haben SporJL"
"44";"00:00:57:24";"00:00:57:24";"FABst6tgeschichte geschrieben.3ãô"
"45";"00:00:57:24";"00:01:01:17";"Deutschlands Basketballer

haben Sportgeschichte geschrieben."
"46";"00:01:01:19";"00:01:01:19";"FABstd Das Team um Kapitän Schröder( ("
"47";"00:01:01:19";"00:01:01:19";"FABst(ist Weltmeister.A¡~"
"48";"00:01:01:19";"00:01:05:03";"Das Team um KapitÈan SchrÈoder

ist Weltmeister."
"49";"00:01:05:05";"00:01:05:05";"FABstd Im WM-Finale in Manila siegt ( ( die ¼"
"50";"00:01:05:05";"00:01:05:05";"FABst8DBB-Auswahl gegen Serbienÿÿ)êä"
"51";"00:01:05:05";"00:01:08:17";"Im WM-Finale in Manila siegt

die DBB-Auswahl gegen Serbien"
"52";"00:01:08:19";"00:01:08:19";"FABst8 mit 83:77.ÿÿ%£Ü"
"53";"00:01:08:19";"00:01:09:23";"mit 83:77."
"54";"00:01:10:02";"00:01:10:02";"FABstd Das ist einer( ( der besten Mo5"
"55";"00:01:10:02";"00:01:10:02";"FABst2mente in meinem Leben.7ÄP"
"56";"00:01:10:02";"00:01:13:14";"Das ist einer

der besten Momente in meinem Leben."
"57";"00:01:14:04";"00:01:14:04";"FABstdDas mit meinem Team, meinem Coach,( ( \*"
"58";"00:01:14:04";"00:01:14:04";"FABst>meiner Familie zu feiern ...`#ïð"
"59";"00:01:14:04";"00:01:18:22";"Das mit meinem Team, meinem Coach,

meiner Familie zu feiern ..."
"60";"00:01:19:23";"00:01:19:23";"FABstPWir haben Geschichte geschrieben.ÿÿÊ"
"61";"00:01:19:23";"00:01:22:00";"Wir haben Geschichte geschrieben."
"62";"00:01:23:12";"00:01:23:12";"FABstF Schwer, Worte zu finden.`L"
"63";"00:01:23:12";"00:01:25:22";"Schwer, Worte zu finden."
"64";"00:01:26:13";"00:01:26:13";"FABstN Zur Halbzeit steht es 47 beide,ÿÿÍ>"
"65";"00:01:26:13";"00:01:29:02";"Zur Halbzeit steht es 47 beide,"
"66";"00:01:29:12";"00:01:29:12";"FABstd ehe die deutsche Mannschaft( ( im drittL"
"67";"00:01:29:12";"00:01:29:12";"FABst6en Viertel stärker wird.ÿÿ+EÒ"
"68";"00:01:29:12";"00:01:33:12";"ehe die deutsche Mannschaft

im dritten Viertel stÈarker wird."
"69";"00:01:33:14";"00:01:33:14";"FABstd Schröder attackiert,( ( ObsóL"
"70";"00:01:33:14";"00:01:33:14";"FABst t, Voigtmann,ÿÿA"
"71";"00:01:33:14";"00:01:37:21";"SchrÈoder attackiert,

Obst, Voigtmann,"
"72";"00:01:41:02";"00:01:41:02";"FABstdWagner völlig frei unter dem Korb:( ( x"
"73";"00:01:41:02";"00:01:41:02";"FABst411 Punkte die Führung.ÿÿ-tì"
"74";"00:01:41:02";"00:01:45:00";"Wagner vÈollig frei unter dem Korb:

11 Punkte die FÈuhrung."
"75";"00:01:45:08";"00:01:45:08";"FABstdDie Serben kommen im letzten Viertel( ( Ix"
"76";"00:01:45:08";"00:01:45:08";"FABst0 wieder heran.ÿÿ1â"
"77";"00:01:45:08";"00:01:48:16";"Die Serben kommen im letzten Viertel

wieder heran."
"78";"00:01:48:18";"00:01:48:18";"FABstd 60 Sekunden vor Spielende führt( ( DeutÐô"
"79";"00:01:48:18";"00:01:48:18";"FABst<schland nur mit 3 Punkten, ÿÿ%ò"
"80";"00:01:48:18";"00:01:52:11";"60 Sekunden vor Spielende fÈuhrt

Deutschland nur mit 3 Punkten,"
"81";"00:01:52:13";"00:01:52:13";"FABstd doch Guduric verfehlt( ( den offAT"
"82";"00:01:52:13";"00:01:52:13";"FABst.enen Dreipunktewurf.ÿÿ3Ãz"
"83";"00:01:52:13";"00:01:55:17";"doch Guduric verfehlt

den offenen Dreipunktewurf."
"84";"00:01:55:21";"00:01:55:21";"FABst d Schröder,( ( mit 28 Punkten@"
"85";"00:01:55:21";"00:01:55:21";"FABst$ bester Werfer,ÿÿ=þ"
"86";"00:01:55:21";"00:01:58:13";"SchrÈoder,

mit 28 Punkten bester Werfer,"
"87";"00:01:58:23";"00:01:58:23";"FABst!L bringt Deutschland in Führung.ÿÿ²"
"88";"00:01:58:23";"00:02:01:11";"bringt Deutschland in FÈuhrung."
"89";"00:02:03:19";"00:02:03:19";"FABst"L Der 4-Punkte-Vorsprung reicht.ÿÿ¥"
"90";"00:02:03:19";"00:02:05:22";"Der 4-Punkte-Vorsprung reicht."
"91";"00:02:06:04";"00:02:06:04";"FABst#d Deutschland( ( macht die Sens[ò"
"92";"00:02:06:04";"00:02:06:04";"FABst"ation perfekt.ÿÿ?ø"
"93";"00:02:06:04";"00:02:08:12";"Deutschland

macht die Sensation perfekt."
"94";"00:02:08:18";"00:02:08:18";"FABst$d Im letzten Jahr Erfolg,( ( dar0"
"95";"00:02:08:18";"00:02:08:18";"FABst*auf bauen wir auf.?ò&"
"96";"00:02:08:18";"00:02:11:12";"Im letzten Jahr Erfolg,

darauf bauen wir auf."
"97";"00:02:11:14";"00:02:11:14";"FABst%J Jetzt sind wir Weltmeister!Ôð"
"98";"00:02:11:14";"00:02:13:13";"Jetzt sind wir Weltmeister!"
"99";"00:02:14:22";"00:02:14:22";"FABst&d Unglaublich,( ( das mit den JVº"
"100";"00:02:14:22";"00:02:14:22";"FABst$ungs zu feiern!ÿÿ=Æ."
"101";"00:02:14:22";"00:02:17:18";"Unglaublich,

das mit den Jungs zu feiern!"
"102";"00:02:18:13";"00:02:18:13";"FABst'd Dennis Schröder( ( präsentieBÞ"
"103";"00:02:18:13";"00:02:18:13";"FABst&rt den WM-Pokal.ÿÿ;Ùl"
"104";"00:02:18:13";"00:02:21:12";"Dennis SchrÈoder

prÈasentiert den WM-Pokal."
"105";"00:02:22:21";"00:02:22:21";"FABst(d Es ist der größte Erfolg( ( im de)¾"
"106";"00:02:22:21";"00:02:22:21";"FABst,utschen Basketball.ÿÿ5¡"
"107";"00:02:22:21";"00:02:26:15";"Es ist der grÈoûte Erfolg

im deutschen Basketball."
"108";"00:02:27:22";"00:02:27:22";"FABst)L Basketball-Deutschland feiert,ÿÿÏV"
"109";"00:02:27:22";"00:02:30:07";"Basketball-Deutschland feiert,"
"110";"00:02:30:09";"00:02:30:09";"FABst*d doch der hiesige Fußball( ( stecÜV"
"111";"00:02:30:09";"00:02:30:09";"FABst*kt in einer Krise:ÿÿ7Á²"
"112";"00:02:30:09";"00:02:33:09";"doch der hiesige Fuûball

steckt in einer Krise:"
"113";"00:02:33:16";"00:02:33:16";"FABst+d Nach dem WM-Vorrunden-Aus( ( und de:H"
"114";"00:02:33:16";"00:02:33:16";"FABst4r Serie von Niederlagenÿÿ-É&"
"115";"00:02:33:16";"00:02:37:08";"Nach dem WM-Vorrunden-Aus

und der Serie von Niederlagen"
"116";"00:02:37:10";"00:02:37:10";"FABst,d entließ der DFB( ( Bundestrain£""
"117";"00:02:37:10";"00:02:37:10";"FABst$er Hansi Flick.ÿÿ=Û~"
"118";"00:02:37:10";"00:02:40:08";"entlieû der DFB

Bundestrainer Hansi Flick."
"119";"00:02:40:16";"00:02:40:16";"FABst-P Das Testspiel gegen Japan gesternÿÿð¬"
"120";"00:02:40:16";"00:02:43:01";"Das Testspiel gegen Japan gestern"
"121";"00:02:43:05";"00:02:43:05";"FABst.d hatte die Mannschaft( ( mit jJ"
"122";"00:02:43:05";"00:02:43:05";"FABst"1:4 verloren. ÿÿ?úè"
"123";"00:02:43:05";"00:02:46:07";"hatte die Mannschaft

mit 1:4 verloren."
"124";"00:02:46:24";"00:02:46:24";"FABst/d Beim kommenden Test( ( gegen Fran8H"
"125";"00:02:46:24";"00:02:46:24";"FABst*kreich am Dienstagÿÿ7Å\"
"126";"00:02:46:24";"00:02:50:03";"Beim kommenden Test

gegen Frankreich am Dienstag"
"127";"00:02:50:07";"00:02:50:07";"FABst0d soll Sportdirektor Rudi Völler( ( als In^"
"128";"00:02:50:07";"00:02:50:07";"FABst:terimstrainer einspringen.ÿÿ'åf"
"129";"00:02:50:07";"00:02:54:04";"soll Sportdirektor Rudi VÈoller

als Interimstrainer einspringen."
"130";"00:02:55:05";"00:02:55:05";"FABst1d Es war sein letzter ( ( öffent¨ú"
"131";"00:02:55:05";"00:02:55:05";"FABst&licher Auftritt.C·p"
"132";"00:02:55:05";"00:02:57:23";"Es war sein letzter

Èoffentlicher Auftritt."
"133";"00:02:58:00";"00:02:58:00";"FABst2d Hansi Flick leitete( ( heute noÊ"
"134";"00:02:58:00";"00:02:58:00";"FABst&ch das Training.Cî¤"
"135";"00:02:58:00";"00:03:00:22";"Hansi Flick leitete

heute noch das Training."
"136";"00:03:00:24";"00:03:00:24";"FABst3dAm Nachmittag dann die Mitteilung:( ( De@Þ"
"137";"00:03:00:24";"00:03:00:24";"FABst:r DFB trennt sich von ihm.ÿÿ'Ñ"
"138";"00:03:00:24";"00:03:05:07";"Am Nachmittag dann die Mitteilung:

Der DFB trennt sich von ihm."
"139";"00:03:05:16";"00:03:05:16";"FABst4dPräsident Neuendorf bezeichnete das( ( P"
"140";"00:03:05:16";"00:03:05:16";"FABst2 als unumgänglich.ÿÿ/'"
"141";"00:03:05:16";"00:03:09:12";"PrÈasident Neuendorf bezeichnete das

als unumgÈanglich."
"142";"00:03:18:08";"00:03:18:08";"FABst5d Flick gab sich gestern( ( noc"N"
"143";"00:03:18:08";"00:03:18:08";"FABst"h kämpferisch.ÿÿ?d2"
"144";"00:03:18:08";"00:03:21:16";"Flick gab sich gestern

noch kÈampferisch."
"145";"00:03:23:15";"00:03:23:15";"FABst6J Sie wollen weitermachen?Ja.ÿÿËb"
"146";"00:03:23:15";"00:03:26:01";"Sie wollen weitermachen?Ja."
"147";"00:03:26:22";"00:03:26:22";"FABst7RIhm sind die Argumente ausgegangen.ÿÿ¦"
"148";"00:03:26:22";"00:03:29:08";"Ihm sind die Argumente ausgegangen."
"149";"00:03:29:10";"00:03:29:10";"FABst8d Keine der letzten fünf Partien( ( ð"
"150";"00:03:29:10";"00:03:29:10";"FABst*hat er gewonnen.ÿÿ7¥6"
"151";"00:03:29:10";"00:03:32:15";"Keine der letzten fÈunf Partien

hat er gewonnen."
"152";"00:03:32:19";"00:03:32:19";"FABst9d Dabei sollte im September( ( alÞ"
"153";"00:03:32:19";"00:03:32:19";"FABst*les besser werden.ÿÿ7»^"
"154";"00:03:32:19";"00:03:36:10";"Dabei sollte im September

alles besser werden."
"155";"00:03:37:17";"00:03:37:17";"FABst:H Sportdirektor Rudi Völlerÿÿm"
"156";"00:03:37:17";"00:03:39:09";"Sportdirektor Rudi VÈoller"
"157";"00:03:39:11";"00:03:39:11";"FABst;d vermied gestern( ( ein klares Beke}f"
"158";"00:03:39:11";"00:03:39:11";"FABst,nntnis zum Trainer.ÿÿ5ïÊ"
"159";"00:03:39:11";"00:03:42:17";"vermied gestern

ein klares Bekenntnis zum Trainer."
"160";"00:03:42:19";"00:03:42:19";"FABst<VErst mal 'ne Nacht darüber schlafen.`9R"
"161";"00:03:42:19";"00:03:45:05";"Erst mal 'ne Nacht darÈuber schlafen."
"162";"00:03:45:10";"00:03:45:10";"FABst=d Rudi Völler selbst wird( ( al."
"163";"00:03:45:10";"00:03:45:10";"FABst(s Interimstrainerÿÿ9ëø"
"164";"00:03:45:10";"00:03:48:11";"Rudi VÈoller selbst wird

als Interimstrainer"
"165";"00:03:48:15";"00:03:48:15";"FABst>d am Dienstag auf der Trainerbank( ( R"
"166";"00:03:48:15";"00:03:48:15";"FABst* Platz nehmen.ÿÿ7"
"167";"00:03:48:15";"00:03:51:17";"am Dienstag auf der Trainerbank

Platz nehmen."
"168";"00:03:51:21";"00:03:51:21";"FABst?d Die große Baustelle( ( bleib±j"
"169";"00:03:51:21";"00:03:51:21";"FABst&t die Defensive.ÿÿ;d"
"170";"00:03:51:21";"00:03:54:14";"Die groûe Baustelle

bleibt die Defensive."
"171";"00:03:54:19";"00:03:54:19";"FABst@dAuch gegen Japan mit großen Problemen( ( ì("
"172";"00:03:54:19";"00:03:54:19";"FABst@ und ohne Selbstvertrauen.ÿÿ!"
"173";"00:03:54:19";"00:03:58:24";"Auch gegen Japan mit groûen Problemen

und ohne Selbstvertrauen."
"174";"00:03:59:04";"00:03:59:04";"FABstAd Jeder hat gerade( ( mit sich sUH"
"175";"00:03:59:04";"00:03:59:04";"FABst(elbst zu kämpfen.A#^"
"176";"00:03:59:04";"00:04:02:17";"Jeder hat gerade

mit sich selbst zu kÈampfen."
"177";"00:04:02:19";"00:04:02:19";"FABstBPMan merkt das auch auf dem Platz,ÿÿÖ"
"178";"00:04:02:19";"00:04:04:24";"Man merkt das auch auf dem Platz,"
"179";"00:04:05:01";"00:04:05:01";"FABstCd dass bei einigen( ( eine große Vé¨"
"180";"00:04:05:01";"00:04:05:01";"FABst*erunsicherung ist.ÿÿ7æÎ"
"181";"00:04:05:01";"00:04:09:11";"dass bei einigen

eine groûe Verunsicherung ist."
"182";"00:04:11:14";"00:04:11:14";"FABstDdDie Mannschaft um Kapitän Gündogan( ( ®"
"183";"00:04:11:14";"00:04:11:14";"FABst( bestätigte,ÿÿ9_æ"
"184";"00:04:11:14";"00:04:14:16";"Die Mannschaft um KapitÈan GÈundogan

bestÈatigte,"
"185";"00:04:14:18";"00:04:14:18";"FABstEd dass sie in einem( ( besorgniserre?h"
"186";"00:04:14:18";"00:04:14:18";"FABst,genden Zustand ist.ÿÿ5ôæ"
"187";"00:04:14:18";"00:04:18:08";"dass sie in einem

besorgniserregenden Zustand ist."
"188";"00:04:19:08";"00:04:19:08";"FABstFd Flick konnte dem( ( nicht e^"
"189";"00:04:19:08";"00:04:19:08";"FABst"ntgegenwirken.ÿÿ?¦"
"190";"00:04:19:08";"00:04:22:00";"Flick konnte dem

nicht entgegenwirken."
"191";"00:04:22:02";"00:04:22:02";"FABstGd Ziel ist es jetzt,( ( einen NacnÈ"
"192";"00:04:22:02";"00:04:22:02";"FABst*hfolger zu finden.ÿÿ7¢z"
"193";"00:04:22:02";"00:04:25:13";"Ziel ist es jetzt,

einen Nachfolger zu finden."
"194";"00:04:27:02";"00:04:27:02";"FABstHdJulian Nagelsmann und Matthias Sammer( ( 1"
"195";"00:04:27:02";"00:04:27:02";"FABst8 sind im Gespräch,ÿÿ)x¸"
"196";"00:04:27:02";"00:04:31:14";"Julian Nagelsmann und Matthias Sammer

sind im GesprÈach,"
"197";"00:04:31:23";"00:04:31:23";"FABstIdum die Krise der Nationalmannschaft( ( "|"
"198";"00:04:31:23";"00:04:31:23";"FABst, zu beenden.ÿÿ5x"
"199";"00:04:31:23";"00:04:35:09";"um die Krise der Nationalmannschaft

zu beenden."
"200";"00:04:36:15";"00:04:36:15";"FABstJd Am zweiten Tag( ( nach dem ErdFL"
"201";"00:04:36:15";"00:04:36:15";"FABst&beben in Marokkoÿÿ;Çê"
"202";"00:04:36:15";"00:04:39:14";"Am zweiten Tag

nach dem Erdbeben in Marokko"
"203";"00:04:39:16";"00:04:39:16";"FABstKTdauert die Suche nach Vermissten an.ÿÿÿ"
"204";"00:04:39:16";"00:04:42:07";"dauert die Suche nach Vermissten an."
"205";"00:04:42:09";"00:04:42:09";"FABstLd Die Lage in den Unglücksgebieten( ( ûL"
"206";"00:04:42:09";"00:04:42:09";"FABst0ist unübersichtlich,ÿÿ1|8"
"207";"00:04:42:09";"00:04:45:20";"Die Lage in den UnglÈucksgebieten

ist unÈubersichtlich,"
"208";"00:04:45:22";"00:04:45:22";"FABstMd nur mit Mühe kommen die Helfer( ( in ¯ "
"209";"00:04:45:22";"00:04:45:22";"FABst4den Bergregionen voran.ÿÿ-ðØ"
"210";"00:04:45:22";"00:04:49:19";"nur mit MÈuhe kommen die Helfer

in den Bergregionen voran."
"211";"00:04:50:06";"00:04:50:06";"FABstNd Die Zahl der Toten( ( ist auf mehr t"
"212";"00:04:50:06";"00:04:50:06";"FABst0als 2100 angestiegen.ÿÿ1Õ^"
"213";"00:04:50:06";"00:04:53:22";"Die Zahl der Toten

ist auf mehr als 2100 angestiegen."
"214";"00:04:54:10";"00:04:54:10";"FABstOdAm Morgen erschütterte ein Nachbeben( ( Õ"
"215";"00:04:54:10";"00:04:54:10";"FABst8 die Provinz Al Haouz.ÿÿ)¸,"
"216";"00:04:54:10";"00:04:58:13";"Am Morgen erschÈutterte ein Nachbeben

die Provinz Al Haouz."
"217";"00:05:01:16";"00:05:01:16";"FABstPd Wo einmal Häuser standen,( ( liegen né"
"218";"00:05:01:16";"00:05:01:16";"FABst@un Hügel aus Stein und Staub.)R´"
"219";"00:05:01:16";"00:05:06:05";"Wo einmal HÈauser standen,

liegen nun HÈugel aus Stein und Staub."
"220";"00:05:06:14";"00:05:06:14";"FABstQd So sieht es in manchen Dörfern( ( südl2ö"
"221";"00:05:06:14";"00:05:06:14";"FABst6ich von Marrakesch aus. 3"
"222";"00:05:06:14";"00:05:10:05";"So sieht es in manchen DÈorfern

sÈudlich von Marrakesch aus."
"223";"00:05:10:07";"00:05:10:07";"FABstRd Manche Bewohner versuchen,( ( nocn²"
"224";"00:05:10:07";"00:05:10:07";"FABst*h etwas zu retten.ÿÿ7ñH"
"225";"00:05:10:07";"00:05:13:08";"Manche Bewohner versuchen,

noch etwas zu retten."
"226";"00:05:13:10";"00:05:13:10";"FABstSd Hinter Türen,( ( die sich kaum þ´"
"227";"00:05:13:10";"00:05:13:10";"FABst,mehr öffnen lassen.ÿÿ5]ò"
"228";"00:05:13:10";"00:05:16:13";"Hinter TÈuren,

die sich kaum mehr Èoffnen lassen."
"229";"00:05:16:15";"00:05:16:15";"FABstTd Viele leben jetzt in Zelten,( ( die pro'ø"
"230";"00:05:16:15";"00:05:16:15";"FABst@visorisch aufgestellt wurden.ÿÿ!»æ"
"231";"00:05:16:15";"00:05:20:10";"Viele leben jetzt in Zelten,

die provisorisch aufgestellt wurden."
"232";"00:05:20:12";"00:05:20:12";"FABstUd In den Krankenhäusern( ( kommen no¡¬"
"233";"00:05:20:12";"00:05:20:12";"FABst2ch immer Verletzte an.ÿÿ/Ór"
"234";"00:05:20:12";"00:05:23:21";"In den KrankenhÈausern

kommen noch immer Verletzte an."
"235";"00:05:26:06";"00:05:26:06";"FABstVd Bei einer solchen Katastrophe( ( Yø"
"236";"00:05:26:06";"00:05:26:06";"FABst.ist der Druck groß,ÿÿ3Ê"
"237";"00:05:26:06";"00:05:29:23";"Bei einer solchen Katastrophe

ist der Druck groû,"
"238";"00:05:30:00";"00:05:30:00";"FABstWd weil die Zahl der Verletzten( ( jF"
"239";"00:05:30:00";"00:05:30:00";"FABst&sehr hoch ist.ÿÿ;°À"
"240";"00:05:30:00";"00:05:32:17";"weil die Zahl der Verletzten

sehr hoch ist."
"241";"00:05:32:19";"00:05:32:19";"FABstXd Gestern stieg schnell ( ( die Z>ò"
"242";"00:05:32:19";"00:05:32:19";"FABst(ahl der Menschen,ÿÿ9ó¶"
"243";"00:05:32:19";"00:05:35:17";"Gestern stieg schnell

die Zahl der Menschen,"
"244";"00:05:35:19";"00:05:35:19";"FABstYNdie medizinische Hilfe brauchen.ÿÿÞâ"
"245";"00:05:35:19";"00:05:38:01";"die medizinische Hilfe brauchen."
"246";"00:05:39:14";"00:05:39:14";"FABstZ> Es gibt Klagen,ÿÿ¶¬"
"247";"00:05:39:14";"00:05:40:21";"Es gibt Klagen,"
"248";"00:05:40:23";"00:05:40:23";"FABst[dandere Hilfen kämen nicht ausreichend( ( ²à"
"249";"00:05:40:23";"00:05:40:23";"FABstFin den Katastrophengebieten an.ÿÿ÷Ô"
"250";"00:05:40:23";"00:05:45:06";"andere Hilfen kÈamen nicht ausreichend

in den Katastrophengebieten an."
"251";"00:05:45:10";"00:05:45:10";"FABst\d Es dauert alles noch.( ( Es fehlt BrH*"
"252";"00:05:45:10";"00:05:45:10";"FABst0ot, Wasser und Strom!ÿÿ1Óú"
"253";"00:05:45:10";"00:05:49:03";"Es dauert alles noch.

Es fehlt Brot, Wasser und Strom!"
"254";"00:05:51:14";"00:05:51:14";"FABst]d Laut Weltgesundheitsorganisation( ( seil*"
"255";"00:05:51:14";"00:05:51:14";"FABst6en etwa 300.000 Menschenÿÿ+Ä^"
"256";"00:05:51:14";"00:05:55:09";"Laut Weltgesundheitsorganisation

seien etwa 300.000 Menschen"
"257";"00:05:55:11";"00:05:55:11";"FABst^d von den Folgen des Erdbebens( ( d@"
"258";"00:05:55:11";"00:05:55:11";"FABst" betroffen.ÿÿ?»b"
"259";"00:05:55:11";"00:05:58:01";"von den Folgen des Erdbebens

betroffen."
"260";"00:05:58:05";"00:05:58:05";"FABst_P Die Zahl der Opfer steigt weiter.ÿÿ</u>^"
"261";"00:05:58:05";"00:06:00:22";"Die Zahl der Opfer steigt weiter."
"262";"00:06:02:24";"00:06:02:24";"FABst`d In der Metropole Marrakesch( ( begin(@"
"263";"00:06:02:24";"00:06:02:24";"FABst6nen die Aufräumarbeiten.ÿÿ+ü"
"264";"00:06:02:24";"00:06:06:20";"In der Metropole Marrakesch

beginnen die AufrÈaumarbeiten."
"265";"00:06:06:22";"00:06:06:22";"FABstad Touristen kommen wieder( ( ia"
"266";"00:06:06:22";"00:06:06:22";"FABst&ns Stadtzentrum.ÿÿ;Úz"
"267";"00:06:06:22";"00:06:09:18";"Touristen kommen wieder

ins Stadtzentrum."
"268";"00:06:12:21";"00:06:12:21";"FABstbdIch sehe nicht die Notwendigkeit,( ( @\"
"269";"00:06:12:21";"00:06:12:21";"FABst0 früher abzureisen.9BÄ"
"270";"00:06:12:21";"00:06:16:13";"Ich sehe nicht die Notwendigkeit,

frÈuher abzureisen."
"271";"00:06:16:15";"00:06:16:15";"FABstcd Wir fühlen uns( ( in MarrakeschÙl"
"272";"00:06:16:15";"00:06:16:15";"FABst( ziemlich sicher.ÿÿ9Á´"
"273";"00:06:16:15";"00:06:19:16";"Wir fÈuhlen uns

in Marrakesch ziemlich sicher."
"274";"00:06:19:22";"00:06:19:22";"FABstdd Oben in den Bergen( ( ist es \Ä"
"275";"00:06:19:22";"00:06:19:22";"FABst$viel schlimmer.ÿÿ=2"
"276";"00:06:19:22";"00:06:22:20";"Oben in den Bergen

ist es viel schlimmer."
"277";"00:06:24:15";"00:06:24:15";"FABsted Spanien schickt( ( eine militäriü<i>"
"278";"00:06:24:15";"00:06:24:15";"FABst.sche Spezialeinheit,ÿÿ3Ë"
"279";"00:06:24:15";"00:06:27:24";"Spanien schickt

eine militÈarische Spezialeinheit,"
"280";"00:06:28:05";"00:06:28:05";"FABstfd die bei Katastrophen( ( zum #<"
"281";"00:06:28:05";"00:06:28:05";"FABst"Einsatz kommt.ÿÿ?Ð8"
"282";"00:06:28:05";"00:06:30:20";"die bei Katastrophen

zum Einsatz kommt."
"283";"00:06:30:22";"00:06:30:22";"FABstgd Das THW aus Deutschland( ( wurde bis|L"
"284";"00:06:30:22";"00:06:30:22";"FABst>lang nicht um Hilfe gebeten.ÿÿ#h"
"285";"00:06:30:22";"00:06:34:20";"Das THW aus Deutschland

wurde bislang nicht um Hilfe gebeten."
"286";"00:06:35:02";"00:06:35:02";"FABsthd Gebraucht werden Spezialisten ( ( in den\ð"
"287";"00:06:35:02";"00:06:35:02";"FABst: Dörfern im Atlas-Gebirge.ÿÿ'"
"288";"00:06:35:02";"00:06:39:04";"Gebraucht werden Spezialisten

in den DÈorfern im Atlas-Gebirge."
"289";"00:06:39:08";"00:06:39:08";"FABstid Die Zufahrt dorthin ist schwierig( ( unP"
"290";"00:06:39:08";"00:06:39:08";"FABst<d die Lage unübersichtlich.ÿÿ% R"
"291";"00:06:39:08";"00:06:43:16";"Die Zufahrt dorthin ist schwierig

und die Lage unÈubersichtlich."
"292";"00:06:45:10";"00:06:45:10";"FABstjTKristina Böker ist im Erdbebengebietÿÿd¨"
"293";"00:06:45:10";"00:06:48:00";"Kristina BÈoker ist im Erdbebengebiet"
"294";"00:06:48:02";"00:06:48:02";"FABstkd im Dorf Asni,( ( südlich vÍþ"
"295";"00:06:48:02";"00:06:48:02";"FABst"on Marrakesch.ÿÿ?Äl"
"296";"00:06:48:02";"00:06:50:15";"im Dorf Asni,

sÈudlich von Marrakesch."
"297";"00:06:51:01";"00:06:51:01";"FABstlD Wie ist die Lage dort?ÿÿ"
"298";"00:06:51:01";"00:06:52:20";"Wie ist die Lage dort?"
"299";"00:06:56:24";"00:06:56:24";"FABstmd Das Dorf liegt im Atlasgebirge,( ( nichvâ"
"300";"00:06:56:24";"00:06:56:24";"FABst<t im Epizentrum des Bebens.`% "
"301";"00:06:56:24";"00:07:01:24";"Das Dorf liegt im Atlasgebirge,

nicht im Epizentrum des Bebens."
"302";"00:07:02:03";"00:07:02:03";"FABstndHier waren die Zerstörungen auch( ( Î"
"303";"00:07:02:03";"00:07:02:03";"FABst hoch.`AØH"
"304";"00:07:02:03";"00:07:04:19";"Hier waren die ZerstÈorungen auch

hoch."
"305";"00:07:04:22";"00:07:04:22";"FABstod Viele Menschen haben( ( ihr Dach üb½"
"306";"00:07:04:22";"00:07:04:22";"FABst0er dem Kopf verloren.ÿÿ1°æ"
"307";"00:07:04:22";"00:07:09:05";"Viele Menschen haben

ihr Dach Èuber dem Kopf verloren."
"308";"00:07:09:19";"00:07:09:19";"FABstpd Hinter mir im Zeltlager( ( beD"
"309";"00:07:09:19";"00:07:09:19";"FABst(kommen sie Hilfe.ÿÿ9ì¬"
"310";"00:07:09:19";"00:07:13:02";"Hinter mir im Zeltlager

bekommen sie Hilfe."
"311";"00:07:13:08";"00:07:13:08";"FABstqd Sie haben sich( ( in den ZeltÀ"
"312";"00:07:13:08";"00:07:13:08";"FABst&en eingerichtet.ÿÿ;à"
"313";"00:07:13:08";"00:07:17:00";"Sie haben sich

in den Zelten eingerichtet."
"314";"00:07:18:09";"00:07:18:09";"FABstrH Ihre Häuser sind zerstört.ÿÿã0"
"315";"00:07:18:09";"00:07:20:07";"Ihre HÈauser sind zerstÈort."
"316";"00:07:20:09";"00:07:20:09";"FABstsd Sie kommen aus den umliegenden ( ( DörfÁÐ"
"317";"00:07:20:09";"00:07:20:09";"FABst<ern weiter oben im Gebirge.ÿÿ%àP"
"318";"00:07:20:09";"00:07:24:15";"Sie kommen aus den umliegenden

DÈorfern weiter oben im Gebirge."
"319";"00:07:24:17";"00:07:24:17";"FABsttL Dort kommt man nur schwer hin.ÿÿÅ "
"320";"00:07:24:17";"00:07:27:01";"Dort kommt man nur schwer hin."
"321";"00:07:27:03";"00:07:27:03";"FABstud Das ist gerade( ( für die Hil¼"
"322";"00:07:27:03";"00:07:27:03";"FABst&fskräfte Schwer.ÿÿ;Y¬"
"323";"00:07:27:03";"00:07:30:17";"Das ist gerade

fÈur die HilfskrÈafte Schwer."
"324";"00:07:34:06";"00:07:34:06";"FABstvdViele Staaten haben Hilfe angeboten,( ( 7v"
"325";"00:07:34:06";"00:07:34:06";"FABst4 auch Deutschland.ÿÿ-º¼"
"326";"00:07:34:06";"00:07:37:18";"Viele Staaten haben Hilfe angeboten,

auch Deutschland."
"327";"00:07:37:20";"00:07:37:20";"FABstwd Noch gibt es aus Marokko offenbar( ( keF¤"
"328";"00:07:37:20";"00:07:37:20";"FABst<i>ne Hilfsanfrage an Berlin.ÿÿ%"
"329";"00:07:37:20";"00:07:41:14";"Noch gibt es aus Marokko offenbar

keine Hilfsanfrage an Berlin."
"330";"00:07:41:16";"00:07:41:16";"FABstxF Wie ist das zu erklären?ÿÿ4"
"331";"00:07:41:16";"00:07:43:12";"Wie ist das zu erklÈaren?"
"332";"00:07:46:04";"00:07:46:04";"FABstyL Da können wir nur spekulieren.ÿÿ|"
"333";"00:07:46:04";"00:07:48:04";"Da kÈonnen wir nur spekulieren."
"334";"00:07:48:06";"00:07:48:06";"FABstzPWir wissen nicht, woran es liegt.ÿÿÇð"
"335";"00:07:48:06";"00:07:50:10";"Wir wissen nicht, woran es liegt."
"336";"00:07:50:12";"00:07:50:12";"FABst{ROb das Königreich Marokko glaubte,ÿÿ,À"
"337";"00:07:50:12";"00:07:52:19";"Ob das KÈonigreich Marokko glaubte,"
"338";"00:07:52:21";"00:07:52:21";"FABst|d sie können sich( ( mit eigenenÊ"
"339";"00:07:52:21";"00:07:52:21";"FABst* Mitteln befreien.ÿÿ7À"
"340";"00:07:52:21";"00:07:56:13";"sie kÈonnen sich

mit eigenen Mitteln befreien."
"341";"00:07:56:21";"00:07:56:21";"FABst}d Dass sie keine Hilfe( ( aus europäÌê"
"342";"00:07:56:21";"00:07:56:21";"FABst8ischen Ländern brauchten.ÿÿ)cX"
"343";"00:07:56:21";"00:08:01:01";"Dass sie keine Hilfe

aus europÈaischen LÈandern brauchten."
"344";"00:08:01:17";"00:08:01:17";"FABst~d Mittlerweile sind Spanier( ( aberÊ"
"345";"00:08:01:17";"00:08:01:17";"FABst0 im Land und helfen. ÿÿ1² "
"346";"00:08:01:17";"00:08:05:08";"Mittlerweile sind Spanier

aber im Land und helfen."
"347";"00:08:05:12";"00:08:05:12";"FABstPAuch Teams aus Frankreich helfen.ÿÿÐð"
"348";"00:08:05:12";"00:08:08:06";"Auch Teams aus Frankreich helfen."
"349";"00:08:08:13";"00:08:08:13";"FABst<i>d Allerdings( ( beklagen sich
Ü"
"350";"00:08:08:13";"00:08:08:13";"FABst" die Menschen,ÿÿ?</i>"
"351";"00:08:08:13";"00:08:11:01";"Allerdings

beklagen sich die Menschen,"
"352";"00:08:11:03";"00:08:11:03";"FABst</i>Ndass Hilfe nicht angekommen sei.ÿÿC"
"353";"00:08:11:03";"00:08:13:17";"dass Hilfe nicht angekommen sei."
"354";"00:08:13:23";"00:08:13:23";"FABst<u>N Erst im Laufe der nächsten TageÿÿF"
"355";"00:08:13:23";"00:08:16:00";"Erst im Laufe der nÈachsten Tage"
"356";"00:08:16:02";"00:08:16:02";"FABst</u>d wird klar werden,( ( wie viel Hilú"
"357";"00:08:16:02";"00:08:16:02";"FABst*fe gebraucht wird.ÿÿ7¬"
"358";"00:08:16:02";"00:08:20:06";"wird klar werden,

wie viel Hilfe gebraucht wird."
"359";"00:08:20:09";"00:08:20:09";"FABstd Ich glaube,( ( es wird noch ÑP"
"360";"00:08:20:09";"00:08:20:09";"FABst&mehr Hilfe sein.ÿÿ;T"
"361";"00:08:20:09";"00:08:23:12";"Ich glaube,

es wird noch mehr Hilfe sein."
"362";"00:08:28:12";"00:08:28:12";"FABstd In Indien ist der G20-Gipfel( ( ð"
"363";"00:08:28:12";"00:08:28:12";"FABst(zu Ende gegangen.ÿÿ9ñ°"
"364";"00:08:28:12";"00:08:31:15";"In Indien ist der G20-Gipfel

zu Ende gegangen."
"365";"00:08:31:17";"00:08:31:17";"FABstd Die Staats-Chefs der 20 führenden( ( IndyB"
"366";"00:08:31:17";"00:08:31:17";"FABst>ustrie- und Schwellenländer ÿÿ#Z"
"367";"00:08:31:17";"00:08:36:10";"Die Staats-Chefs der 20 fÈuhrenden

Industrie- und SchwellenlÈander"
"368";"00:08:36:12";"00:08:36:12";"FABstd versammelten sich am Ehrenmal( ( von Unabóð"
"369";"00:08:36:12";"00:08:36:12";"FABst:hängigkeitskämpfer Gandhi.ÿÿ'ÛÖ"
"370";"00:08:36:12";"00:08:40:24";"versammelten sich am Ehrenmal

von UnabhÈangigkeitskÈampfer Gandhi."
"371";"00:08:41:01";"00:08:41:01";"FABstdGestern verständigte sich der Gipfel( ( 'Z"
"372";"00:08:41:01";"00:08:41:01";"FABst< nach langen Diskussionenÿÿ%üb"
"373";"00:08:41:01";"00:08:45:03";"Gestern verstÈandigte sich der Gipfel

nach langen Diskussionen"
"374";"00:08:45:05";"00:08:45:05";"FABstJ auf eine Abschlusserklärung.ÿÿö¬"
"375";"00:08:45:05";"00:08:47:08";"auf eine AbschlusserklÈarung."
"376";"00:08:47:10";"00:08:47:10";"FABst
d Unumstritten war die Aufnahme( ( der afì|"
"377";"00:08:47:10";"00:08:47:10";"FABstDrikanischen Staaten in die G20.ÿÿ"
"378";"00:08:47:10";"00:08:52:00";"Unumstritten war die Aufnahme

der afrikanischen Staaten in die G20."
"379";"00:08:52:06";"00:08:52:06";"FABstd Bei den Themen Ukraine-Krieg und( ( Klima"
"380";"00:08:52:06";"00:08:52:06";"FABstD gab es einen Formelkompromiss.ÿÿ¾$"
"381";"00:08:52:06";"00:08:56:21";"Bei den Themen Ukraine-Krieg und

Klima gab es einen Formelkompromiss."
"382";"00:08:58:04";"00:08:58:04";"FABstJ Barfuß oder in Badelatschen£V"
"383";"00:08:58:04";"00:09:00:03";"Barfuû oder in Badelatschen"
"384";"00:09:00:04";"00:09:00:04";"FABstd auf dem Weg zu Indiens ( ( größtÄö"
"385";"00:09:00:04";"00:09:00:04";"FABst.em Freiheitskämpfer:;G8"
"386";"00:09:00:04";"00:09:03:13";"auf dem Weg zu Indiens

grÈoûtem FreiheitskÈampfer:"
"387";"00:09:03:16";"00:09:03:16";"FABstL Am Ehrenmal von Mahatma Ghandiÿÿ)B"
"388";"00:09:03:16";"00:09:05:17";"Am Ehrenmal von Mahatma Ghandi"
"389";"00:09:05:19";"00:09:05:19";"FABstd legen Staats- und Regierungschefs( ( õÖ"
"390";"00:09:05:19";"00:09:05:19";"FABst, Kränze nieder.ÿÿ5gb"
"391";"00:09:05:19";"00:09:08:21";"legen Staats- und Regierungschefs

KrÈanze nieder."
"392";"00:09:08:23";"00:09:08:23";"FABstF Sie zollen dem VordenkerÿÿQ"
"393";"00:09:08:23";"00:09:10:13";"Sie zollen dem Vordenker"
"394";"00:09:10:15";"00:09:10:15";"FABstddes Grundsatzes der Gewaltlosigkeit( ( ¦6"
"395";"00:09:10:15";"00:09:10:15";"FABst( Respekt.ÿÿ9¼ø"
"396";"00:09:10:15";"00:09:13:09";"des Grundsatzes der Gewaltlosigkeit

Respekt."
"397";"00:09:13:11";"00:09:13:11";"FABst: Diese Bilderÿÿ#"
"398";"00:09:13:11";"00:09:14:14";"Diese Bilder"
"399";"00:09:14:16";"00:09:14:16";"FABstd will Indiens Premier Modi( ( iÚ"
"400";"00:09:14:16";"00:09:14:16";"FABst*n die Welt senden.ÿÿ7ÅÈ"
"401";"00:09:14:16";"00:09:17:13";"will Indiens Premier Modi

in die Welt senden."
"402";"00:09:17:15";"00:09:17:15";"FABstd Zufrieden mit sich( ( und den Erge¿&"
"403";"00:09:17:15";"00:09:17:15";"FABst.bnissen des Gipfels.ÿÿ3<i>*"
"404";"00:09:17:15";"00:09:20:19";"Zufrieden mit sich

und den Ergebnissen des Gipfels."
"405";"00:09:20:21";"00:09:20:21";"FABstd Die Afrikanische Union( ( ist neu<u>"
"406";"00:09:20:21";"00:09:20:21";"FABst,es Mitglied der G20ÿÿ5Çà"
"407";"00:09:20:21";"00:09:24:01";"Die Afrikanische Union

ist neues Mitglied der G20"
"408";"00:09:24:03";"00:09:24:03";"FABstTund es gibt eine Abschlusserklärung.ÿÿÎô"
"409";"00:09:24:03";"00:09:26:14";"und es gibt eine AbschlusserklÈarung."
"410";"00:09:26:16";"00:09:26:16";"FABstd Die wird unterschiedlich( ( gewicÙ²"
"411";"00:09:26:16";"00:09:26:16";"FABst,htig wahrgenommen. ÿÿ5Ì"
"412";"00:09:26:16";"00:09:29:16";"Die wird unterschiedlich

gewichtig wahrgenommen."
"413";"00:09:29:18";"00:09:29:18";"FABstN Der Kanzler gibt sich zufrieden.ÿÿUB"
"414";"00:09:29:18";"00:09:32:01";"Der Kanzler gibt sich zufrieden."
"415";"00:09:33:14";"00:09:33:14";"FABstN Auf alle Fälle ist es gelungen,ï"
"416";"00:09:33:14";"00:09:35:23";"Auf alle FÈalle ist es gelungen,"
"417";"00:09:36:00";"00:09:36:00";"FABstd eine Entscheidung ( ( zustanr"
"418";"00:09:36:00";"00:09:36:00";"FABst"de zu kriegen.GÄ4"
"419";"00:09:36:00";"00:09:38:14";"eine Entscheidung

zustande zu kriegen."
"420";"00:09:38:16";"00:09:38:16";"FABstd Die hat die wichtigsten Fragen( ( «d"
"421";"00:09:38:16";"00:09:38:16";"FABst& thematisiert,ÿÿ;í6"
"422";"00:09:38:16";"00:09:41:14";"Die hat die wichtigsten Fragen

thematisiert,"
"423";"00:09:41:16";"00:09:41:16";"FABstd wie territoriale Integrität( ( und Sb"
"424";"00:09:41:16";"00:09:41:16";"FABst6ouveränität von Staaten.ÿÿ+²"
"425";"00:09:41:16";"00:09:45:07";"wie territoriale IntegritÈat

und SouverÈanitÈat von Staaten."
"426";"00:09:45:09";"00:09:45:09";"FABstF Gemeint ist die Ukraine.ÿÿ4"
"427";"00:09:45:09";"00:09:47:06";"Gemeint ist die Ukraine."
"428";"00:09:47:08";"00:09:47:08";"FABstdEs ist uns gelungen, den Versuch( ( de®¨"
"429";"00:09:47:08";"00:09:47:08";"FABst6s Westens zu verhindern,3ÓP"
"430";"00:09:47:08";"00:09:51:10";"Es ist uns gelungen, den Versuch

des Westens zu verhindern,"
"431";"00:09:51:13";"00:09:51:13";"FABstd die Tagesordnung des Gipfels( ( wie¤â"
"432";"00:09:51:13";"00:09:51:13";"FABst0der zu ukrainisieren.9Æþ"
"433";"00:09:51:13";"00:09:55:00";"die Tagesordnung des Gipfels

wieder zu ukrainisieren."
"434";"00:09:55:02";"00:09:55:02";"FABst d Und die für die Entwicklungsländer( ( wi</i>¼"
"435";"00:09:55:02";"00:09:55:02";"FABstJchtigen Themen zu vernachlässigen.ÿÿ"
"436";"00:09:55:02";"00:09:59:18";"Und die fÈur die EntwicklungslÈander

wichtigen Themen zu vernachlÈassigen."
"437";"00:09:59:23";"00:09:59:23";"FABst¡d Gemeint sind Themen ( ( wie dßv"
"438";"00:09:59:23";"00:09:59:23";"FABst$ie Finanzierungÿÿ=î®"
"439";"00:09:59:23";"00:10:02:14";"Gemeint sind Themen

wie die Finanzierung"
"440";"00:10:02:16";"00:10:02:16";"FABst¢ddes Kampfes gegen den Klimawandel und( ( dÍ4"
"441";"00:10:02:16";"00:10:02:16";"FABstJen Ausstieg aus Kohle, Öl und Gas.ÿÿ <u>"
"442";"00:10:02:16";"00:10:07:12";"des Kampfes gegen den Klimawandel und

den Ausstieg aus Kohle, ÈOl und Gas."
"443";"00:10:07:14";"00:10:07:14";"FABst£d Aus Sicht( ( von Entwicklungsë´"
"444";"00:10:07:14";"00:10:07:14";"FABst"organisationenÿÿ?é"
"445";"00:10:07:14";"00:10:10:05";"Aus Sicht

von Entwicklungsorganisationen"
"446";"00:10:10:07";"00:10:10:07";"FABst¤Vist beides ins Hintertreffen geraten.ÿÿÜ"
"447";"00:10:10:07";"00:10:12:22";"ist beides ins Hintertreffen geraten."
"448";"00:10:13:20";"00:10:13:20";"FABst¥dEs gibt keine neuen Beschlüsse zum ( ( Auy¤"
"449";"00:10:13:20";"00:10:13:20";"FABstHsstieg aus fossilen Brennstoffen.!Ö´"
"450";"00:10:13:20";"00:10:18:20";"Es gibt keine neuen BeschlÈusse zum

Ausstieg aus fossilen Brennstoffen."
"451";"00:10:18:22";"00:10:18:22";"FABst¦dDas ist keine gute Ausgangsposition( ( Ä"
"452";"00:10:18:22";"00:10:18:22";"FABst4 für die Zukunft.5:¶"
"453";"00:10:18:22";"00:10:22:06";"Das ist keine gute Ausgangsposition

fÈur die Zukunft."
"454";"00:10:22:08";"00:10:22:08";"FABst§d Deshalb sind die Ergebnisse ( ( dieseÖ"
"455";"00:10:22:08";"00:10:22:08";"FABst4s Gipfels enttäuschend.ÿÿ-fÐ"
"456";"00:10:22:08";"00:10:25:22";"Deshalb sind die Ergebnisse

dieses Gipfels enttÈauschend."
"457";"00:10:25:24";"00:10:25:24";"FABst¨d Brasilien( ( übernimmt den näc¦ª"
"458";"00:10:25:24";"00:10:25:24";"FABst,hsten G20-Vorsitz -ÿÿ5"
"459";"00:10:25:24";"00:10:28:22";"Brasilien

Èubernimmt den nÈachsten G20-Vorsitz -"
"460";"00:10:28:24";"00:10:28:24";"FABst©Rund eine Menge ungelöster Probleme.ÿÿºZ"
"461";"00:10:28:24";"00:10:31:11";"und eine Menge ungelÈoster Probleme."
"462";"00:10:32:13";"00:10:32:13";"FABstªTDie G20-Staaten sind verantwortlich[<"
"463";"00:10:32:13";"00:10:35:03";"Die G20-Staaten sind verantwortlich"
"464";"00:10:35:05";"00:10:35:05";"FABst«d für über 80 % des weltweiten( ( Treïl"
"465";"00:10:35:05";"00:10:35:05";"FABst.ibhausgas-Ausstoßes.;yö"
"466";"00:10:35:05";"00:10:38:12";"fÈur Èuber 80 % des weltweiten

Treibhausgas-Ausstoûes."
"467";"00:10:38:14";"00:10:38:14";"FABst¬@ Tendenz: steigend.ÿÿO¢"
"468";"00:10:38:14";"00:10:39:21";"Tendenz: steigend."
"469";"00:10:39:24";"00:10:39:24";"FABst­d Dieser G20-Gipfel( ( hat die ú,"
"470";"00:10:39:24";"00:10:39:24";"FABst"Chance vertan,ÿÿ?Äz"
"471";"00:10:39:24";"00:10:42:19";"Dieser G20-Gipfel

hat die Chance vertan,"
"472";"00:10:42:21";"00:10:42:21";"FABst®F eine Vorlage zu liefern:ÿÿ5H"
"473";"00:10:42:21";"00:10:44:17";"eine Vorlage zu liefern:"
"474";"00:10:44:24";"00:10:44:24";"FABst¯d Für die anstehende( ( UN-Geneà"
"475";"00:10:44:24";"00:10:44:24";"FABst$ralversammlung,ÿÿ=Ä"
"476";"00:10:44:24";"00:10:47:20";"FÈur die anstehende

UN-Generalversammlung,"
"477";"00:10:47:22";"00:10:47:22";"FABst°d das Herbsttreffen( ( des InternatÎâ"
"478";"00:10:47:22";"00:10:47:22";"FABst0ionalen Währungsfondsÿÿ1tÈ"
"479";"00:10:47:22";"00:10:51:03";"das Herbsttreffen

des Internationalen WÈahrungsfonds"
"480";"00:10:51:06";"00:10:51:06";"FABst±d und die Welt-Klimakonferenz( ( °"
"481";"00:10:51:06";"00:10:51:06";"FABst" in Dubai.ÿÿ?<u>Z"
"482";"00:10:51:06";"00:10:53:24";"und die Welt-Klimakonferenz

in Dubai."
"483";"00:10:56:06";"00:10:56:06";"FABst²J AfD-Bundessprecherin Weidelÿÿr"
"484";"00:10:56:06";"00:10:58:01";"AfD-Bundessprecherin Weidel"
"485";"00:10:58:03";"00:10:58:03";"FABst³d hat im ARD-Sommerinterview( ( den Kurs µ"
"486";"00:10:58:03";"00:10:58:03";"FABst8der Regierung kritisiert.ÿÿ)ç$"
"487";"00:10:58:03";"00:11:02:09";"hat im ARD-Sommerinterview

den Kurs der Regierung kritisiert."
"488";"00:11:02:14";"00:11:02:14";"FABst´d Die Ampel-Koalition mache Politik( ( gegeÁX"
"489";"00:11:02:14";"00:11:02:14";"FABst@n die Mehrheit der Deutschen.ÿÿ!¦"
"490";"00:11:02:14";"00:11:07:07";"Die Ampel-Koalition mache Politik

gegen die Mehrheit der Deutschen."
"491";"00:11:07:11";"00:11:07:11";"FABstµd Kanzler Scholz' Pläne( ( zur Moderni"
"492";"00:11:07:11";"00:11:07:11";"FABst6sierung der Gesellschaftÿÿ+Ín"
"493";"00:11:07:11";"00:11:11:11";"Kanzler Scholz' PlÈane

zur Modernisierung der Gesellschaft"
"494";"00:11:11:13";"00:11:11:13";"FABst¶Pbezeichnete sie als Armutszeugnis.ÿÿ4&"
"495";"00:11:11:13";"00:11:14:04";"bezeichnete sie als Armutszeugnis."
"496";"00:11:14:23";"00:11:14:23";"FABst·dAuch am Co-Bundessprecher der AfD,( ( ChrÔ"
"497";"00:11:14:23";"00:11:14:23";"FABst<upalla, übte Weidel Kritik.ÿÿ%L^"
"498";"00:11:14:23";"00:11:19:11";"Auch am Co-Bundessprecher der AfD,

Chrupalla, Èubte Weidel Kritik."
"499";"00:11:21:17";"00:11:21:17";"FABst¸d Die Umfragewerte für die AfD( ( ê"
"500";"00:11:21:17";"00:11:21:17";"FABst" sind hoch,G"
"501";"00:11:21:17";"00:11:24:08";"Die Umfragewerte fÈur die AfD

sind hoch,"
"502";"00:11:24:10";"00:11:24:10";"FABst¹J die Laune der Co-Chefin gut.¸"
"503";"00:11:24:10";"00:11:26:10";"die Laune der Co-Chefin gut."
"504";"00:11:26:16";"00:11:26:16";"FABstºTDoch gleich zu Beginn des Interviewsÿÿ`"
"505";"00:11:26:16";"00:11:29:04";"Doch gleich zu Beginn des Interviews"
"506";"00:11:29:06";"00:11:29:06";"FABst»d eine Spitze in Richtung ihres( ( Co-VoÈ"
"507";"00:11:29:06";"00:11:29:06";"FABst:rsitzenden Tino Chrupalla.ÿÿ'¼"
"508";"00:11:29:06";"00:11:33:10";"eine Spitze in Richtung ihres

Co-Vorsitzenden Tino Chrupalla."
"509";"00:11:33:16";"00:11:33:16";"FABst¼d Dafür, dass er am Jahrestag( ( des Siegk"
"510";"00:11:33:16";"00:11:33:16";"FABst6es über Nazi-Deutschlandÿÿ+!ì"
"511";"00:11:33:16";"00:11:37:13";"DafÈur, dass er am Jahrestag

des Sieges Èuber Nazi-Deutschland"
"512";"00:11:37:15";"00:11:37:15";"FABst½d am Empfang des russischen( ( Botschaf"
"513";"00:11:37:15";"00:11:37:15";"FABst2ters teilgenommen hat.ÿÿ/¯0"
"514";"00:11:37:15";"00:11:40:23";"am Empfang des russischen

Botschafters teilgenommen hat."
"515";"00:11:41:00";"00:11:41:00";"FABst¾d Die Kritik äußert sie aber nicht( ( wegen§h"
"516";"00:11:41:00";"00:11:41:00";"FABstF des russischen Angriffskrieges.ÿÿ¸"
"517";"00:11:41:00";"00:11:45:16";"Die Kritik Èauûert sie aber nicht

wegen des russischen Angriffskrieges."
"518";"00:11:45:20";"00:11:45:20";"FABst¿dDie Niederlage des eigenen Landes( ( öb"
"519";"00:11:45:20";"00:11:45:20";"FABst* zu befeiern?ö<i>"
"520";"00:11:45:20";"00:11:49:12";"Die Niederlage des eigenen Landes

zu befeiern"
"521";"00:11:49:21";"00:11:49:21";"FABstÀd mit einer ehemaligen( ( Besà"
"522";"00:11:49:21";"00:11:49:21";"FABst atzungsmacht:I¸Ú"
"523";"00:11:49:21";"00:11:52:15";"mit einer ehemaligen

Besatzungsmacht:"
"524";"00:11:52:22";"00:11:52:22";"FABstÁPDa habe ich für mich entschieden,ÿÿ¼r"
"525";"00:11:52:22";"00:11:55:10";"Da habe ich fÈur mich entschieden,"
"526";"00:11:55:12";"00:11:55:12";"FABstÂdauch mit der Fluchtgeschichte meines( ( ÙR"
"527";"00:11:55:12";"00:11:55:12";"FABstHVaters, daran nicht teilzunehmen.ÿÿ§"
"528";"00:11:55:12";"00:12:00:10";"auch mit der Fluchtgeschichte meines

Vaters, daran nicht teilzunehmen."
"529";"00:12:01:05";"00:12:01:05";"FABstÃd Weidel spart nicht mit Kritik( ( aé¸"
"530";"00:12:01:05";"00:12:01:05";"FABst2n der Ampel-Koalition:ÿÿ/óp"
"531";"00:12:01:05";"00:12:04:20";"Weidel spart nicht mit Kritik

an der Ampel-Koalition:"
"532";"00:12:04:22";"00:12:04:22";"FABstÄd Diese mache Politik( ( gegen die MÈB"
"533";"00:12:04:22";"00:12:04:22";"FABst2ehrheit der Deutschen.ÿÿ/"
"534";"00:12:04:22";"00:12:08:09";"Diese mache Politik

gegen die Mehrheit der Deutschen."
"535";"00:12:08:11";"00:12:08:11";"FABstÅd Beispielsweise( ( durch das Aus ¸F"
"536";"00:12:08:11";"00:12:08:11";"FABst2für die Atomkraftwerkeÿÿ/Cü"
"537";"00:12:08:11";"00:12:11:17";"Beispielsweise

durch das Aus fÈur die Atomkraftwerke"
"538";"00:12:11:19";"00:12:11:19";"FABstÆd oder das gerade( ( beschlossene¹0"
"539";"00:12:11:19";"00:12:11:19";"FABst& Heizungsgesetz.ÿÿ;Õ"
"540";"00:12:11:19";"00:12:14:20";"oder das gerade

beschlossene Heizungsgesetz."
"541";"00:12:14:22";"00:12:14:22";"FABstÇdDieser Kanzler, der die Mehrheiten( ( ve"
"542";"00:12:14:22";"00:12:14:22";"FABstBrloren hat im deutschen Volk, ÿÿ<i>ì"
"543";"00:12:14:22";"00:12:20:00";"Dieser Kanzler, der die Mehrheiten

verloren hat im deutschen Volk,"
"544";"00:12:21:01";"00:12:21:01";"FABstÈd sollte den Weg frei machen( ( ÷þ"
"545";"00:12:21:01";"00:12:21:01";"FABst$für Neuwahlen.ÿÿ=^H"
"546";"00:12:21:01";"00:12:25:08";"sollte den Weg frei machen

fÈur Neuwahlen."
"547";"00:12:25:19";"00:12:25:19";"FABstÉd Und sie formuliert( ( einen Führun)"
"548";"00:12:25:19";"00:12:25:19";"FABst6gsanspruch ihrer Partei.ÿÿ+È"
"549";"00:12:25:19";"00:12:29:04";"Und sie formuliert

einen FÈuhrungsanspruch ihrer Partei."
"550";"00:12:29:06";"00:12:29:06";"FABstÊd Ungeachtet der Tatsache,( ( da¬"
"551";"00:12:29:06";"00:12:29:06";"FABst$ss alle anderenÿÿ=R"
"552";"00:12:29:06";"00:12:31:17";"Ungeachtet der Tatsache,

dass alle anderen"
"553";"00:12:31:20";"00:12:31:20";"FABstËd eine politische Zusammenarbeit( ( m"
"554";"00:12:31:20";"00:12:31:20";"FABst.it der AfD ablehnen.ÿÿ3ôN"
"555";"00:12:31:20";"00:12:34:23";"eine politische Zusammenarbeit

mit der AfD ablehnen."
"556";"00:12:35:00";"00:12:35:00";"FABstÌTAuch, weil sie vom Verfassungsschutzÿÿ1¼"
"557";"00:12:35:00";"00:12:37:05";"Auch, weil sie vom Verfassungsschutz"
"558";"00:12:37:07";"00:12:37:07";"FABstÍd wegen rechtsextremer Tendenzen( ( ÚÐ"
"559";"00:12:37:07";"00:12:37:07";"FABst*beobachtet wird.ÿÿ7ó¶"
"560";"00:12:37:07";"00:12:40:00";"wegen rechtsextremer Tendenzen

beobachtet wird."
"561";"00:12:40:02";"00:12:40:02";"FABstÎN Die kann Weidel nicht erkennen,ÿÿXv"
"562";"00:12:40:02";"00:12:42:03";"Die kann Weidel nicht erkennen,"
"563";"00:12:42:05";"00:12:42:05";"FABstÏd auch nicht beim rechtsextremen( ( ThüriDì"
"564";"00:12:42:05";"00:12:42:05";"FABst8nger Landesvorsitzenden. ÿÿ)æ$"
"565";"00:12:42:05";"00:12:45:23";"auch nicht beim rechtsextremen

ThÈuringer Landesvorsitzenden."
"566";"00:12:46:00";"00:12:46:00";"FABstÐd Björn Höcke( ( hat sich sehr¶¢"
"567";"00:12:46:00";"00:12:46:00";"FABst& gut entwickelt.ÿÿ;¬ô"
"568";"00:12:46:00";"00:12:48:22";"BjÈorn HÈocke

hat sich sehr gut entwickelt."
"569";"00:12:49:06";"00:12:49:06";"FABstÑd Vor Jahren wollte auch Weidel( ( Höcke a%Î"
"570";"00:12:49:06";"00:12:49:06";"FABst>us der Partei ausschließen ÿÿ#&,"
"571";"00:12:49:06";"00:12:53:13";"Vor Jahren wollte auch Weidel

HÈocke aus der Partei ausschlieûen Ð"
"572";"00:12:53:15";"00:12:53:15";"FABstÒd wegen einer Nähe( ( zum NatiovÐ"
"573";"00:12:53:15";"00:12:53:15";"FABst$nalsozialismus.ÿÿ=Ê"
"574";"00:12:53:15";"00:12:56:01";"wegen einer NÈahe

zum Nationalsozialismus."
"575";"00:12:56:04";"00:12:56:04";"FABstÓd Heute sieht sie ihn( ( als erfolgre<u>´"
"576";"00:12:56:04";"00:12:56:04";"FABst4ichen Parteifunktionär.ÿÿ-4¸"
"577";"00:12:56:04";"00:12:59:17";"Heute sieht sie ihn

als erfolgreichen ParteifunktionÈar."
"578";"00:13:00:22";"00:13:00:22";"FABstÔd In München endete heute( ( die Auto- uVD"
"579";"00:13:00:22";"00:13:00:22";"FABst4nd Mobilitätsmesse IAA.ÿÿ-OX"
"580";"00:13:00:22";"00:13:05:04";"In MÈunchen endete heute

die Auto- und MobilitÈatsmesse IAA."
"581";"00:13:06:03";"00:13:06:03";"FABstÕd Laut den Veranstaltern( ( kamen mehr¶þ"
"582";"00:13:06:03";"00:13:06:03";"FABst2 als 500.000 Besucher,`/â¢"
"583";"00:13:06:03";"00:13:09:19";"Laut den Veranstaltern

kamen mehr als 500.000 Besucher,"
"584";"00:13:09:21";"00:13:09:21";"FABstÖd um alternative Verkehrsmittel( ( unÞ"
"585";"00:13:09:21";"00:13:09:21";"FABst2d neue Autos zu sehen.`/ñ"
"586";"00:13:09:21";"00:13:13:12";"um alternative Verkehrsmittel

und neue Autos zu sehen."
"587";"00:13:13:14";"00:13:13:14";"FABst×dChinesische Hersteller präsentierten( ( D`"
"588";"00:13:13:14";"00:13:13:14";"FABst@viele elektrische Fahrzeuge.ÿÿ!úb"
"589";"00:13:13:14";"00:13:18:06";"Chinesische Hersteller prÈasentierten

viele elektrische Fahrzeuge."
"590";"00:13:18:17";"00:13:18:17";"FABstØL Wie in den vergangenen Jahrenÿÿ'ð"
"591";"00:13:18:17";"00:13:20:21";"Wie in den vergangenen Jahren"
"592";"00:13:20:23";"00:13:20:23";"FABstÙdbegleiteten Demos und Blockaden von( ( Klim"
"593";"00:13:20:23";"00:13:20:23";"FABstDa-Aktivisten die Veranstaltung.ÿÿÖÆ"
"594";"00:13:20:23";"00:13:26:00";"begleiteten Demos und Blockaden von

Klima-Aktivisten die Veranstaltung."
"595";"00:13:27:20";"00:13:27:20";"FABstÚd Die Dürresituation in Deutschland( ( F"
"596";"00:13:27:20";"00:13:27:20";"FABst2hat sich verbessert:ÿÿ/£ð"
"597";"00:13:27:20";"00:13:31:09";"Die DÈurresituation in Deutschland

hat sich verbessert:"
"598";"00:13:31:12";"00:13:31:12";"FABstÛd Durch den feuchten Winter und( ( den tei²r"
"599";"00:13:31:12";"00:13:31:12";"FABst>ls sehr regenreichen Sommer.ÿÿ#Ã¼"
"600";"00:13:31:12";"00:13:36:02";"Durch den feuchten Winter und

den teils sehr regenreichen Sommer."
"601";"00:13:36:16";"00:13:36:16";"FABstÜd Laut Helmholtz-Zentrum( ( für Umwelbì"
"602";"00:13:36:16";"00:13:36:16";"FABst0tforschung in Leipzigÿÿ1¤\"
"603";"00:13:36:16";"00:13:40:02";"Laut Helmholtz-Zentrum

fÈur Umweltforschung in Leipzig"
"604";"00:13:40:07";"00:13:40:07";"FABstÝd sind die Böden überall( ( bis auf eiÎ"
"605";"00:13:40:07";"00:13:40:07";"FABst<ne Tiefe von 60 Zentimeternÿÿ%¸"
"606";"00:13:40:07";"00:13:44:02";"sind die BÈoden Èuberall

bis auf eine Tiefe von 60 Zentimetern"
"607";"00:13:44:05";"00:13:44:05";"FABstÞ@ gut durchfeuchtet.ÿÿ~Î"
"608";"00:13:44:05";"00:13:45:15";"gut durchfeuchtet."
"609";"00:13:45:18";"00:13:45:18";"FABstßD Für die Landwirtschaftÿÿóü"
"610";"00:13:45:18";"00:13:47:05";"FÈur die Landwirtschaft"
"611";"00:13:47:07";"00:13:47:07";"FABstàd habe es keine Probleme( ( mitýÆ"
"612";"00:13:47:07";"00:13:47:07";"FABst$ Dürre gegeben.ÿÿ=nH"
"613";"00:13:47:07";"00:13:50:01";"habe es keine Probleme

mit DÈurre gegeben."
"614";"00:13:50:04";"00:13:50:04";"FABstád Im Osten des Landes herrsche in( ( tiefe¾"
"615";"00:13:50:04";"00:13:50:04";"FABstFren Böden aber noch Trockenheit.ÿÿxÜ"
"616";"00:13:50:04";"00:13:54:15";"Im Osten des Landes herrsche in

tieferen BÈoden aber noch Trockenheit."
"617";"00:13:55:07";"00:13:55:07";"FABstâN In Venedig endeten gestern AbendÿÿV"
"618";"00:13:55:07";"00:13:57:11";"In Venedig endeten gestern Abend"
"619";"00:13:57:13";"00:13:57:13";"FABstãd die 80. Internationalen( ( ë¶"
"620";"00:13:57:13";"00:13:57:13";"FABst$Filmfestspiele.ÿÿ=ö"
"621";"00:13:57:13";"00:14:00:07";"die 80. Internationalen

Filmfestspiele."
"622";"00:14:00:09";"00:14:00:09";"FABstäd Der renommierteste Preis,( ( ÊÌ"
"623";"00:14:00:09";"00:14:00:09";"FABst(der Goldene Löwe,A(²"
"624";"00:14:00:09";"00:14:03:05";"Der renommierteste Preis,

der Goldene LÈowe,"
"625";"00:14:03:07";"00:14:03:07";"FABstådging an den griechischen Regisseur( ( LaË*"
"626";"00:14:03:07";"00:14:03:07";"FABst:nthimos für "Poor Things"./lJ"
"627";"00:14:03:07";"00:14:08:06";"ging an den griechischen Regisseur

Lanthimos fÈur "Poor Things"."
"628";"00:14:08:17";"00:14:08:17";"FABstæF Als beste Schauspielerinÿÿvb"
"629";"00:14:08:17";"00:14:10:11";"Als beste Schauspielerin"
"630";"00:14:10:13";"00:14:10:13";"FABstçdwurde Cailee Spaeny für ihre Rolle( ( in 7n"
"631";"00:14:10:13";"00:14:10:13";"FABst:"Priscilla" ausgezeichnet.ÿÿ'ÊV"
"632";"00:14:10:13";"00:14:14:11";"wurde Cailee Spaeny fÈur ihre Rolle

in "Priscilla" ausgezeichnet."
"633";"00:14:14:13";"00:14:14:13";"FABstèVDen Preis für den besten SchauspielerÿÿÚ"
"634";"00:14:14:13";"00:14:17:03";"Den Preis fÈur den besten Schauspieler"
"635";"00:14:17:05";"00:14:17:05";"FABstéd bekam Peter Sarsgaard( ( als SaulÿÂ"
"636";"00:14:17:05";"00:14:17:05";"FABst* im Film "Memory".ÿÿ7õ6"
"637";"00:14:17:05";"00:14:20:01";"bekam Peter Sarsgaard

als Saul im Film "Memory"."
"638";"00:14:21:03";"00:14:21:03";"FABstêdNun die Wettervorhersage für morgen,( ("
"639";"00:14:21:03";"00:14:21:03";"FABst>Montag, den 11. September.ÿÿ#âz"
"640";"00:14:21:03";"00:14:25:14";"Nun die Wettervorhersage fÈur morgen,

Montag, den 11. September."
"641";"00:14:26:12";"00:14:26:12";"FABstëd Atlantische Tiefausläufer( ( t"
"642";"00:14:26:12";"00:14:26:12";"FABst$aus Nordwestenÿÿ=L"
"643";"00:14:26:12";"00:14:29:04";"Atlantische TiefauslÈaufer

aus Nordwesten"
"644";"00:14:29:06";"00:14:29:06";"FABstìN leiten einen Wetterwechsel ein.ÿÿ"
"645";"00:14:29:06";"00:14:31:10";"leiten einen Wetterwechsel ein."
"646";"00:14:31:24";"00:14:31:24";"FABstíJ Heute Nacht ist es oft klar.ÿÿw6"
"647";"00:14:31:24";"00:14:34:00";"Heute Nacht ist es oft klar."
"648";"00:14:34:01";"00:14:34:01";"FABstîd Später gibt's im Nordosten( ( geC6"
"649";"00:14:34:01";"00:14:34:01";"FABst(bietsweise Hoch-,ÿÿ9õ"
"650";"00:14:34:01";"00:14:37:01";"SpÈater gibt's im Nordosten

gebietsweise Hoch-,"
"651";"00:14:37:03";"00:14:37:03";"FABstïd vor allem in Flusstälern( ( af"
"652";"00:14:37:03";"00:14:37:03";"FABst$uch Bodennebel.ÿÿ=¦X"
"653";"00:14:37:03";"00:14:39:17";"vor allem in FlusstÈalern

auch Bodennebel."
"654";"00:14:39:20";"00:14:39:20";"FABstðd Nach dessen Auflösung( ( scheint mor"
"655";"00:14:39:20";"00:14:39:20";"FABst8gen vielerorts die Sonne.ÿÿ)´¦"
"656";"00:14:39:20";"00:14:43:11";"Nach dessen AuflÈosung

scheint morgen vielerorts die Sonne."
"657";"00:14:43:13";"00:14:43:13";"FABstñd Im Nordwesten und Westen ( ( gegenä "
"658";"00:14:43:13";"00:14:43:13";"FABst2 Abend dichtere Wolkenÿÿ/¨²"
"659";"00:14:43:13";"00:14:46:20";"Im Nordwesten und Westen

gegen Abend dichtere Wolken"
"660";"00:14:46:22";"00:14:46:22";"FABstòd und stellenweise( ( Schauer å"
"661";"00:14:46:22";"00:14:46:22";"FABst"oder Gewitter.ÿÿ?ÉP"
"662";"00:14:46:22";"00:14:49:20";"und stellenweise

Schauer oder Gewitter."
"663";"00:14:56:24";"00:14:56:24";"FABstód Am Dienstag in der Nordwesthälfte( ( SchV4"
"664";"00:14:56:24";"00:14:56:24";"FABst>auer und kräftige Gewitter, ÿÿ#6"
"665";"00:14:56:24";"00:15:01:00";"Am Dienstag in der NordwesthÈalfte

Schauer und krÈaftige Gewitter,"
"666";"00:15:01:02";"00:15:01:02";"FABstôd Richtung Südosten( ( oft noch®"
"667";"00:15:01:02";"00:15:01:02";"FABst( sonnig und heiß.ÿÿ9$"
"668";"00:15:01:02";"00:15:04:00";"Richtung SÈudosten

oft noch sonnig und heiû."
"669";"00:15:04:02";"00:15:04:02";"FABstõd Am Mittwoch überall kühler,( ( dazur"
"670";"00:15:04:02";"00:15:04:02";"FABst4 teils kräftiger Regen,ÿÿ-2X"
"671";"00:15:04:02";"00:15:07:06";"Am Mittwoch Èuberall kÈuhler,

dazu teils krÈaftiger Regen,"
"672";"00:15:07:08";"00:15:07:08";"FABstöH mitunter heftige Gewitter.ÿÿ7ô"
"673";"00:15:07:08";"00:15:09:02";"mitunter heftige Gewitter."
"674";"00:15:09:04";"00:15:09:04";"FABst÷P Richtung Nordwesten freundlicher.ÿÿGò"
"675";"00:15:09:04";"00:15:11:08";"Richtung Nordwesten freundlicher."
"676";"00:15:11:10";"00:15:11:10";"FABstødAm Donnerstag mehr Sonne als Wolken( ( u"
"677";"00:15:11:10";"00:15:11:10";"FABst<nd es bleibt meist trocken.ÿÿ%Þ""
"678";"00:15:11:10";"00:15:15:13";"Am Donnerstag mehr Sonne als Wolken

und es bleibt meist trocken."
"679";"00:15:16:09";"00:15:16:09";"FABstùN In den tagesthemen um 22.45 Uhrÿÿ6j"
"680";"00:15:16:09";"00:15:18:14";"In den tagesthemen um 22.45 Uhr"
"681";"00:15:18:16";"00:15:18:16";"FABstúd geht es um den WM-Sieg der( ( deutscheó"
"682";"00:15:18:16";"00:15:18:16";"FABst@n Basketballer und die Frage:ÿÿ!¦&"
"683";"00:15:18:16";"00:15:23:09";"geht es um den WM-Sieg der

deutschen Basketballer und die Frage:"
"684";"00:15:24:09";"00:15:24:09";"FABstûd Kann nach dem Rauswurf( ( von Bundç¢"
"685";"00:15:24:09";"00:15:24:09";"FABst0estrainer Hansi Flickÿÿ1ª"
"686";"00:15:24:09";"00:15:27:23";"Kann nach dem Rauswurf

von Bundestrainer Hansi Flick"
"687";"00:15:28:04";"00:15:28:04";"FABstüd auch der deutsche Fußball ( ( wiede¸"
"688";"00:15:28:04";"00:15:28:04";"FABst0r erfolgreich werden?ÿÿ1Î`"
"689";"00:15:28:04";"00:15:31:16";"auch der deutsche Fuûball

wieder erfolgreich werden?"
"690";"00:15:32:17";"00:15:32:17";"FABstýN Ihnen noch einen schönen Abend.ÿÿ÷."
"691";"00:15:32:17";"00:15:35:02";"Ihnen noch einen schÈonen Abend."
"692";"00:15:40:04";"00:15:40:04";"FABstþLCopyright Untertitel: NDR 2023ÿÿc:"
"693";"00:15:40:04";"00:15:42:16";"Copyright Untertitel: NDR 2023"
