No.;Timecode In;Timecode Out;Subtitle
"1";"00:00:03:00";"00:00:03:00";"FABst6 * Gong *ÿÿZZZZZZZZZZ¥¥ã¥¥¥¥¥6"
"2";"00:00:03:00";"00:00:03:00";"FABst¥¥¥á¥¥à¥ã¥¥¥¥§ª¦ªîªªªGÌ"
"3";"00:00:03:00";"00:00:04:06";"* Gong *"
"4";"00:00:04:17";"00:00:04:17";"FABstdHier ist das Erste Deutsche Fernsehen( ( 9"
"5";"00:00:04:17";"00:00:04:17";"FABst: mit der tagesschau.ÿÿ'õþ"
"6";"00:00:04:17";"00:00:08:07";"Hier ist das Erste Deutsche Fernsehen

mit der tagesschau."
"7";"00:00:08:12";"00:00:08:12";"FABstd Diese Sendung wurde vom NDR( ( live Af"
"8";"00:00:08:12";"00:00:08:12";"FABst6untertitelt (15.06.2023)ÿÿ+¼¨"
"9";"00:00:08:12";"00:00:13:02";"Diese Sendung wurde vom NDR

live untertitelt (15.06.2023)"
"10";"00:00:15:05";"00:00:15:05";"FABstN Heute im Studio: Judith Rakers.ÿÿÛè"
"11";"00:00:15:05";"00:00:17:19";"Heute im Studio: Judith Rakers."
"12";"00:00:18:02";"00:00:18:02";"FABstd Guten Abend,( ( ich begrüße Si3¦"
"13";"00:00:18:02";"00:00:18:02";"FABst(e zur tagesschau.A¯R"
"14";"00:00:18:02";"00:00:21:09";"Guten Abend,

ich begrÈuûe Sie zur tagesschau."
"15";"00:00:21:22";"00:00:21:22";"FABstH Der Bundestag beriet heuteÿÿð"
"16";"00:00:21:22";"00:00:24:00";"Der Bundestag beriet heute"
"17";"00:00:24:04";"00:00:24:04";"FABstdüber das umstrittene Heizungsgesetz( ("
"18";"00:00:24:04";"00:00:24:04";"FABst4 der Ampelkoalition.ÿÿ- 2"
"19";"00:00:24:04";"00:00:27:14";"Èuber das umstrittene Heizungsgesetz

der Ampelkoalition."
"20";"00:00:27:18";"00:00:27:18";"FABstd Vor zwei Tagen einigten sich( ( .Â"
"21";"00:00:27:18";"00:00:27:18";"FABst*SPD, Grüne und FDPÿÿ7Td"
"22";"00:00:27:18";"00:00:30:16";"Vor zwei Tagen einigten sich

SPD, GrÈune und FDP"
"23";"00:00:30:20";"00:00:30:20";"FABstd auf einen Kompromiss( ( mit zahlJ,"
"24";"00:00:30:20";"00:00:30:20";"FABst,reichen Änderungen.ÿÿ5*"
"25";"00:00:30:20";"00:00:34:10";"auf einen Kompromiss

mit zahlreichen ÈAnderungen."
"26";"00:00:35:22";"00:00:35:22";"FABstd Dafür gab es heute( ( Kritik í|"
"27";"00:00:35:22";"00:00:35:22";"FABst$der Opposition.ÿÿ=¯"
"28";"00:00:35:22";"00:00:39:07";"DafÈur gab es heute

Kritik der Opposition."
"29";"00:00:39:11";"00:00:39:11";"FABstd Unionfraktionsvize Spahn sprach ( ( von es®"
"30";"00:00:39:11";"00:00:39:11";"FABst<i>nem verkorksten Verfahren.ÿÿ%òz"
"31";"00:00:39:11";"00:00:43:21";"Unionfraktionsvize Spahn sprach

von einem verkorksten Verfahren."
"32";"00:00:44:00";"00:00:44:00";"FABstd Bei den Vorgaben( ( für klimafreål"
"33";"00:00:44:00";"00:00:44:00";"FABst*undlicheres Heizenÿÿ7&"
"34";"00:00:44:00";"00:00:47:09";"Bei den Vorgaben

fÈur klimafreundlicheres Heizen"
"35";"00:00:47:14";"00:00:47:14";"FABstN seien noch viele Details offen.ÿÿ¬¼"
"36";"00:00:47:14";"00:00:49:12";"seien noch viele Details offen."
"37";"00:00:50:23";"00:00:50:23";"FABstd Der Wirtschaftsminister( ( 98"
"38";"00:00:50:23";"00:00:50:23";"FABst$brauchte lange,ÿÿ=R"
"39";"00:00:50:23";"00:00:53:10";"Der Wirtschaftsminister

brauchte lange,"
"40";"00:00:53:14";"00:00:53:14";"FABstd um seinen Gesetzentwurf( ( in den Bc"
"41";"00:00:53:14";"00:00:53:14";"FABst.undestag zu bringen.ÿÿ3±Â"
"42";"00:00:53:14";"00:00:57:09";"um seinen Gesetzentwurf

in den Bundestag zu bringen."
"43";"00:00:57:12";"00:00:57:12";"FABstJ Jetzt soll es schnell gehen.òÐ"
"44";"00:00:57:12";"00:01:00:01";"Jetzt soll es schnell gehen."
"45";"00:01:00:03";"00:01:00:03";"FABstd So schnell, dass dafür die( ( Tagesordn¶ü"
"46";"00:01:00:03";"00:01:00:03";"FABst8ung geändert werden muss.1@"
"47";"00:01:00:03";"00:01:03:16";"So schnell, dass dafÈur die

Tagesordnung geÈandert werden muss."
"48";"00:01:03:20";"00:01:03:20";"FABstd Robert Habeck versucht,( ( den EiH"
"49";"00:01:03:20";"00:01:03:20";"FABst0ndruck zu zerstreuen,ÿÿ1É,"
"50";"00:01:03:20";"00:01:06:18";"Robert Habeck versucht,

den Eindruck zu zerstreuen,"
"51";"00:01:06:22";"00:01:06:22";"FABstd sein Heizungsgesetz ( ( sei veR¨"
"52";"00:01:06:22";"00:01:06:22";"FABst&rwässert worden.ÿÿ;yD"
"53";"00:01:06:22";"00:01:09:09";"sein Heizungsgesetz

sei verwÈassert worden."
"54";"00:01:09:13";"00:01:09:13";"FABstd Der Kern des Gesetzes( ( bll"
"55";"00:01:09:13";"00:01:09:13";"FABst"eibt erhalten:G""
"56";"00:01:09:13";"00:01:11:23";"Der Kern des Gesetzes

bleibt erhalten:"
"57";"00:01:12:02";"00:01:12:02";"FABstN Die Dekarbonisierung der Wärme,CP"
"58";"00:01:12:02";"00:01:14:03";"Die Dekarbonisierung der WÈarme,"
"59";"00:01:14:07";"00:01:14:07";"FABstd nicht mehr immer neue Öl- ( ( und G¡ô"
"60";"00:01:14:07";"00:01:14:07";"FABst0asheizungen einbauen.ÿÿ1r"
"61";"00:01:14:07";"00:01:17:08";"nicht mehr immer neue ÈOl-

und Gasheizungen einbauen."
"62";"00:01:17:12";"00:01:17:12";"FABstd Die FDP betont Veränderungen,( ( ß¦"
"63";"00:01:17:12";"00:01:17:12";"FABst0die sie erreicht hat.ÿÿ1ü"
"64";"00:01:17:12";"00:01:20:14";"Die FDP betont VerÈanderungen,

die sie erreicht hat."
"65";"00:01:20:18";"00:01:20:18";"FABstd Vor allem die engere( ( Verzahnung{"
"66";"00:01:20:18";"00:01:20:18";"FABst0 des Heizungsgesetzesÿÿ1£X"
"67";"00:01:20:18";"00:01:23:17";"Vor allem die engere

Verzahnung des Heizungsgesetzes"
"68";"00:01:23:20";"00:01:23:20";"FABstN mit der kommunalen Wärmeplanung.ÿÿ/â"
"69";"00:01:23:20";"00:01:25:22";"mit der kommunalen WÈarmeplanung."
"70";"00:01:26:01";"00:01:26:01";"FABstL Erst muss der Staat vorlegen.ò"
"71";"00:01:26:01";"00:01:28:10";"Erst muss der Staat vorlegen."
"72";"00:01:28:14";"00:01:28:14";"FABstd Wie soll es( ( mit meiner Heiq"
"73";"00:01:28:14";"00:01:28:14";"FABst(zung weitergehen?Añ²"
"74";"00:01:28:14";"00:01:31:15";"Wie soll es

mit meiner Heizung weitergehen?"
"75";"00:01:32:14";"00:01:32:14";"FABstd Dazu muss die Kommune( ( eine W["
"76";"00:01:32:14";"00:01:32:14";"FABst,ärmeplanung machen.ÿÿ5"
"77";"00:01:32:14";"00:01:35:11";"Dazu muss die Kommune

eine WÈarmeplanung machen."
"78";"00:01:35:15";"00:01:35:15";"FABstd Dann muss der Bürger( ( frei enëþ"
"79";"00:01:35:15";"00:01:35:15";"FABst(tscheiden können,ÿÿ9"
"80";"00:01:35:15";"00:01:38:07";"Dann muss der BÈurger

frei entscheiden kÈonnen,"
"81";"00:01:38:11";"00:01:38:11";"FABstB was er sich einbaut.ÿÿ¬"
"82";"00:01:38:11";"00:01:40:06";"was er sich einbaut."
"83";"00:01:40:10";"00:01:40:10";"FABstH Kritik aus der Opposition:ÿÿ©¦"
"84";"00:01:40:10";"00:01:42:15";"Kritik aus der Opposition:"
"85";"00:01:42:19";"00:01:42:19";"FABst d Der Entwurf des Heizungsgesetzes( ( I"
"86";"00:01:42:19";"00:01:42:19";"FABst0gehöre in die Tonne,ÿÿ1Q8"
"87";"00:01:42:19";"00:01:46:08";"Der Entwurf des Heizungsgesetzes

gehÈore in die Tonne,"
"88";"00:01:46:12";"00:01:46:12";"FABst!L das Verfahren sei eine Farce.ÿÿ<u>"
"89";"00:01:46:12";"00:01:48:22";"das Verfahren sei eine Farce."
"90";"00:01:49:01";"00:01:49:01";"FABst"d Für die Union ist nicht klar,( ( was"
"91";"00:01:49:01";"00:01:49:01";"FABst8die Ampel-Koalition will.ÿÿ)<i>"
"92";"00:01:49:01";"00:01:52:11";"FÈur die Union ist nicht klar,

was die Ampel-Koalition will."
"93";"00:01:52:15";"00:01:52:15";"FABst#d Wenn ich nächstes Jahr( ( eine G¥4"
"94";"00:01:52:15";"00:01:52:15";"FABst*asheizung einbaue,?à¨"
"95";"00:01:52:15";"00:01:55:11";"Wenn ich nÈachstes Jahr

eine Gasheizung einbaue,"
"96";"00:01:55:15";"00:01:55:15";"FABst$dmuss ich die dann 2028 ausbauen,( ( wennò"
"97";"00:01:55:15";"00:01:55:15";"FABst: eine Wärmeplanung da ist?/j"
"98";"00:01:55:15";"00:01:59:13";"muss ich die dann 2028 ausbauen,

wenn eine WÈarmeplanung da ist?"
"99";"00:01:59:17";"00:01:59:17";"FABst%L Sie sagen Ja, Sie sagen Nein.ÿÿ»:"
"100";"00:01:59:17";"00:02:01:21";"Sie sagen Ja, Sie sagen Nein."
"101";"00:02:02:00";"00:02:02:00";"FABst&dWird es vor Einbau einer Gasheizung( ( e<i>"
"102";"00:02:02:00";"00:02:02:00";"FABstJne verpflichtende Beratung geben ÿÿØJ"
"103";"00:02:02:00";"00:02:06:12";"Wird es vor Einbau einer Gasheizung

eine verpflichtende Beratung geben Ð"
"104";"00:02:06:16";"00:02:06:16";"FABst'd sagen die Grünen oder ein( ( BeratungÛH"
"105";"00:02:06:16";"00:02:06:16";"FABst6sangebot sagt die FDP?ÿÿ+ÀÈ"
"106";"00:02:06:16";"00:02:10:13";"sagen die GrÈunen Ð oder ein

Beratungsangebot Ð sagt die FDP?"
"107";"00:02:10:21";"00:02:10:21";"FABst(d Die AfD kritisiert,( ( dass)"
"108";"00:02:10:21";"00:02:10:21";"FABst$ die Koalition ÿÿ=à^"
"109";"00:02:10:21";"00:02:14:02";"Die AfD kritisiert,

dass die Koalition"
"110";"00:02:14:06";"00:02:14:06";"FABst)d den Gesetzentwurf zwar ergänzt,( ( abe¢¢"
"111";"00:02:14:06";"00:02:14:06";"FABst:r nicht zurückgezogen hat.ÿÿ'{Ü"
"112";"00:02:14:06";"00:02:18:07";"den Gesetzentwurf zwar ergÈanzt,

aber nicht zurÈuckgezogen hat."
"113";"00:02:19:05";"00:02:19:05";"FABst*d Nach über zwei Monaten ( ( Streóö"
"114";"00:02:19:05";"00:02:19:05";"FABst,it in der Koalition=ü¤"
"115";"00:02:19:05";"00:02:22:06";"Nach Èuber zwei Monaten

Streit in der Koalition"
"116";"00:02:22:10";"00:02:22:10";"FABst+d bringen Sie Ihren unveränderten( ( Refe¨¼"
"117";"00:02:22:10";"00:02:22:10";"FABstFrentenentwurf aus dem April ein.#ó4"
"118";"00:02:22:10";"00:02:28:01";"bringen Sie Ihren unverÈanderten

Referentenentwurf aus dem April ein."
"119";"00:02:28:16";"00:02:28:16";"FABst,d Sie hatten selber festgestellt,( ( das#"
"120";"00:02:28:16";"00:02:28:16";"FABst:s er nicht umsetzbar ist. ÿÿ'ýl"
"121";"00:02:28:16";"00:02:33:02";"Sie hatten selber festgestellt,

dass er nicht umsetzbar ist."
"122";"00:02:34:05";"00:02:34:05";"FABst-VDie Bau-Ministerin wirft der AfD vor,ÿÿÎ"
"123";"00:02:34:05";"00:02:36:15";"Die Bau-Ministerin wirft der AfD vor,"
"124";"00:02:36:19";"00:02:36:19";"FABst.dKlimaschutz und das Heizungsgesetz( ( q"
"125";"00:02:36:19";"00:02:36:19";"FABst4für unnötig zu halten.ÿÿ-õ"
"126";"00:02:36:19";"00:02:40:00";"Klimaschutz und das Heizungsgesetz

fÈur unnÈotig zu halten."
"127";"00:02:40:02";"00:02:40:02";"FABst/dSie erinnert daran, dass Deutschland( ( in Sê"
"128";"00:02:40:02";"00:02:40:02";"FABstH22 Jahren klimaneutral sein muss.ÿÿ¶ö"
"129";"00:02:40:02";"00:02:44:15";"Sie erinnert daran, dass Deutschland

in 22 Jahren klimaneutral sein muss."
"130";"00:02:46:00";"00:02:46:00";"FABst0d2045 das ist für den Gebäudesektor( ( l²"
"131";"00:02:46:00";"00:02:46:00";"FABst8 quasi übermorgen.14"
"132";"00:02:46:00";"00:02:49:15";"2045 Ð das ist fÈur den GebÈaudesektor

quasi Èubermorgen."
"133";"00:02:49:23";"00:02:49:23";"FABst1d Für einen Austausch( ( der riesø"
"134";"00:02:49:23";"00:02:49:23";"FABst,igen Heizungsflotte=ýþ"
"135";"00:02:49:23";"00:02:52:22";"FÈur einen Austausch

der riesigen Heizungsflotte"
"136";"00:02:53:01";"00:02:53:01";"FABst2H ist es eigentlich zu spät.ÿÿy"
"137";"00:02:53:01";"00:02:55:04";"ist es eigentlich zu spÈat."
"138";"00:02:55:13";"00:02:55:13";"FABst3: Als nächstesÿÿ#,"
"139";"00:02:55:13";"00:02:56:19";"Als nÈachstes"
"140";"00:02:56:23";"00:02:56:23";"FABst4dgeht der Entwurf des Heizungsgesetzes( ( c"
"141";"00:02:56:23";"00:02:56:23";"FABstDin die zuständigen Ausschüsse.ÿÿ@"
"142";"00:02:56:23";"00:03:00:19";"geht der Entwurf des Heizungsgesetzes

in die zustÈandigen AusschÈusse."
"143";"00:03:00:23";"00:03:00:23";"FABst5RAbgestimmt werden soll Anfang Juli.ÿÿ¢"
"144";"00:03:00:23";"00:03:03:12";"Abgestimmt werden soll Anfang Juli."
"145";"00:03:05:13";"00:03:05:13";"FABst6d Die NATO-Verteidigungsminister( ( habTæ"
"146";"00:03:05:13";"00:03:05:13";"FABst2en in Brüssel beraten,ÿÿ/^p"
"147";"00:03:05:13";"00:03:10:17";"Die NATO-Verteidigungsminister

haben in BrÈussel beraten,"
"148";"00:03:10:19";"00:03:10:19";"FABst7d wie die Ukraine( ( weiter unter<`"
"149";"00:03:10:19";"00:03:10:19";"FABst,stützt werden kann.ÿÿ5^´"
"150";"00:03:10:19";"00:03:13:12";"wie die Ukraine

weiter unterstÈutzt werden kann."
"151";"00:03:13:16";"00:03:13:16";"FABst8d So soll Kiew u.a. zusätzliche( ( Flu©Ø"
"152";"00:03:13:16";"00:03:13:16";"FABst6gabwehrraketen bekommen,ÿÿ+ú*"
"153";"00:03:13:16";"00:03:17:11";"So soll Kiew u.a. zusÈatzliche

Flugabwehrraketen bekommen,"
"154";"00:03:18:06";"00:03:18:06";"FABst9d um sich gegen russische Attacken( ( 9("
"155";"00:03:18:06";"00:03:18:06";"FABst* zu verteidigen.ÿÿ7©""
"156";"00:03:18:06";"00:03:21:06";"um sich gegen russische Attacken

zu verteidigen."
"157";"00:03:21:10";"00:03:21:10";"FABst:L Zudem ging es um FortschritteÿÿÁª"
"158";"00:03:21:10";"00:03:23:14";"Zudem ging es um Fortschritte"
"159";"00:03:23:18";"00:03:23:18";"FABst;d bei den Gegenangriffen ( ( der hÜ"
"160";"00:03:23:18";"00:03:23:18";"FABst,ukrainischen Armee.ÿÿ5´"
"161";"00:03:23:18";"00:03:26:14";"bei den Gegenangriffen

der ukrainischen Armee."
"162";"00:03:26:18";"00:03:26:18";"FABst<d Nach Angaben eines hochrangigen( ( Mili)À"
"163";"00:03:26:18";"00:03:26:18";"FABst<tärs wurden in einer Woche ÿÿ%~"
"164";"00:03:26:18";"00:03:31:21";"Nach Angaben eines hochrangigen

MilitÈars wurden in einer Woche"
"165";"00:03:31:23";"00:03:31:23";"FABst=d über 100 Quadratkilometer Gebiet( ( Ö"
"166";"00:03:31:23";"00:03:31:23";"FABst* zurückerobert.ÿÿ7."
"167";"00:03:31:23";"00:03:35:18";"Èuber 100 Quadratkilometer Gebiet

zurÈuckerobert."
"168";"00:03:36:16";"00:03:36:16";"FABst>d Er reagiert nicht.( ( Gib ihm Fentj~"
"169";"00:03:36:16";"00:03:36:16";"FABst.anyl, 50 Milligramm.;É0"
"170";"00:03:36:16";"00:03:39:20";"Er reagiert nicht.

Gib ihm Fentanyl, 50 Milligramm."
"171";"00:03:39:24";"00:03:39:24";"FABst?d Sie arbeiten( ( unter schwierigrè"
"172";"00:03:39:24";"00:03:39:24";"FABst(sten Bedingungen.AÇ("
"173";"00:03:39:24";"00:03:42:21";"Sie arbeiten

unter schwierigsten Bedingungen."
"174";"00:03:43:00";"00:03:43:00";"FABst@PIn diesem Feldlazarett bei BachmutÿÿÌ"
"175";"00:03:43:00";"00:03:45:03";"In diesem Feldlazarett bei Bachmut"
"176";"00:03:45:07";"00:03:45:07";"FABstAd kämpfen die Ärzte( ( um das Leben2d"
"177";"00:03:45:07";"00:03:45:07";"FABst0 verletzter Soldaten.ÿÿ1íB"
"178";"00:03:45:07";"00:03:48:11";"kÈampfen die ÈArzte

um das Leben verletzter Soldaten."
"179";"00:03:48:15";"00:03:48:15";"FABstBd 20, 30, gar 100( ( sind es bei jev"
"180";"00:03:48:15";"00:03:48:15";"FABst2dem Vorstoß der Armee.ÿÿ/C´"
"181";"00:03:48:15";"00:03:51:14";"20, 30, gar 100

sind es bei jedem Vorstoû der Armee."
"182";"00:03:51:18";"00:03:51:18";"FABstCd Bilder, gedreht( ( von einem däniX"
"183";"00:03:51:18";"00:03:51:18";"FABst*schen Fernsehteam.ÿÿ7Ñ2"
"184";"00:03:51:18";"00:03:55:02";"Bilder, gedreht

von einem dÈanischen Fernsehteam."
"185";"00:03:55:04";"00:03:55:04";"FABstDd Bilder, von denen es wohl( ( noSÖ"
"186";"00:03:55:04";"00:03:55:04";"FABst,ch mehr geben wird,ÿÿ5<u>¶"
"187";"00:03:55:04";"00:03:58:11";"Bilder, von denen es wohl

noch mehr geben wird,"
"188";"00:03:58:15";"00:03:58:15";"FABstEd wenn die Ukraine entschlossen( ( gegen"
"189";"00:03:58:15";"00:03:58:15";"FABst<russische Truppen vorrückt.ÿÿ%h>"
"190";"00:03:58:15";"00:04:02:13";"wenn die Ukraine entschlossen

gegen russische Truppen vorrÈuckt."
"191";"00:04:03:18";"00:04:03:18";"FABstFd Die Ukraine( ( hat eine Gegeno"
"192";"00:04:03:18";"00:04:03:18";"FABst,ffensive gestartet.="
"193";"00:04:03:18";"00:04:06:11";"Die Ukraine

hat eine Gegenoffensive gestartet."
"194";"00:04:06:15";"00:04:06:15";"FABstGH Wir sehen heftige Kämpfe.ò"
"195";"00:04:06:15";"00:04:08:14";"Wir sehen heftige KÈampfe."
"196";"00:04:08:18";"00:04:08:18";"FABstHF Es sind die ersten Tage.ÿÿ³º"
"197";"00:04:08:18";"00:04:10:03";"Es sind die ersten Tage."
"198";"00:04:10:08";"00:04:10:08";"FABstINAber die Ukraine macht Gewinne ÿÿÄÐ"
"199";"00:04:10:08";"00:04:12:05";"Aber die Ukraine macht Gewinne Ð"
"200";"00:04:12:07";"00:04:12:07";"FABstJd und ist in der Lage,( ( besetzteþ"
"201";"00:04:12:07";"00:04:12:07";"FABst,s Land zu befreien.ÿÿ5µ"
"202";"00:04:12:07";"00:04:15:08";"und ist in der Lage,

besetztes Land zu befreien."
"203";"00:04:17:11";"00:04:17:11";"FABstKd Was genau( ( die Ziele der%&"
"204";"00:04:17:11";"00:04:17:11";"FABst" Ukraine sind:ÿÿ?Ð"
"205";"00:04:17:11";"00:04:19:17";"Was genau

die Ziele der Ukraine sind:"
"206";"00:04:19:21";"00:04:19:21";"FABstLN Kein Wort, nur ein Lächeln dazuÿÿ6È"
"207";"00:04:19:21";"00:04:21:20";"Kein Wort, nur ein LÈacheln dazu"
"208";"00:04:21:24";"00:04:21:24";"FABstMd vom sonst immer gesprächsbereiten( ( Ç:"
"209";"00:04:21:24";"00:04:21:24";"FABst4Verteidigungsminister.ÿÿ-È"
"210";"00:04:21:24";"00:04:25:05";"vom sonst immer gesprÈachsbereiten

Verteidigungsminister."
"211";"00:04:25:09";"00:04:25:09";"FABstNd Vorstöße werden von mehreren ( ( AbschT"
"212";"00:04:25:09";"00:04:25:09";"FABst:nitten der Front gemeldet.ÿÿ'ÓF"
"213";"00:04:25:09";"00:04:29:20";"VorstÈoûe werden von mehreren

Abschnitten der Front gemeldet."
"214";"00:04:29:22";"00:04:29:22";"FABstOd In der Nähe von Saporischschja,( ( bò"
"215";"00:04:29:22";"00:04:29:22";"FABst4ei Donezk oder Bachmut.ÿÿ-"
"216";"00:04:29:22";"00:04:34:07";"In der NÈahe von Saporischschja,

bei Donezk oder Bachmut."
"217";"00:04:34:11";"00:04:34:11";"FABstPd Allerdings: Hinter der Front,( ( inIÎ"
"218";"00:04:34:11";"00:04:34:11";"FABst4 den besetzen Gebieten,ÿÿ-°t"
"219";"00:04:34:11";"00:04:38:07";"Allerdings: Hinter der Front,

in den besetzen Gebieten,"
"220";"00:04:38:11";"00:04:38:11";"FABstQd hat Russland massive( ( Verteidiguk"
"221";"00:04:38:11";"00:04:38:11";"FABst.ngslinien aufgebaut.ÿÿ3ÿH"
"222";"00:04:38:11";"00:04:41:17";"hat Russland massive

Verteidigungslinien aufgebaut."
"223";"00:04:41:22";"00:04:41:22";"FABstRd Das ist kein Zuckerschlecken,( ( ei6Ü"
"224";"00:04:41:22";"00:04:41:22";"FABst2ne schwierige Aufgabe.`/êÔ"
"225";"00:04:41:22";"00:04:45:01";"Das ist kein Zuckerschlecken,

eine schwierige Aufgabe."
"226";"00:04:45:03";"00:04:45:03";"FABstSd Wir sehen einzelne Brigaden( ( anxþ"
"227";"00:04:45:03";"00:04:45:03";"FABst0 verschiedenen Orten.9ì"
"228";"00:04:45:03";"00:04:48:04";"Wir sehen einzelne Brigaden

an verschiedenen Orten."
"229";"00:04:48:06";"00:04:48:06";"FABstTd Aber noch nicht den Einsatz( ( der gro=R"
"230";"00:04:48:06";"00:04:48:06";"FABst<ßen neuen Panzerbataillone.-Ot"
"231";"00:04:48:06";"00:04:52:07";"Aber noch nicht den Einsatz

der groûen neuen Panzerbataillone."
"232";"00:04:53:19";"00:04:53:19";"FABstUd Bei der NATO erwartet man( ( hohe Verl8"
"233";"00:04:53:19";"00:04:53:19";"FABst4uste auf beiden Seiten.ÿÿ-¾R"
"234";"00:04:53:19";"00:04:57:02";"Bei der NATO erwartet man

hohe Verluste auf beiden Seiten."
"235";"00:04:57:06";"00:04:57:06";"FABstVd Russland hat( ( in den vergangen<"
"236";"00:04:57:06";"00:04:57:06";"FABst*en Tagen gemeldet,ÿÿ7Â"
"237";"00:04:57:06";"00:05:00:01";"Russland hat

in den vergangenen Tagen gemeldet,"
"238";"00:05:00:05";"00:05:00:05";"FABstWd Leopard-Panzer zerstört,( ( bzw. éÒ"
"239";"00:05:00:05";"00:05:00:05";"FABst,erbeutet zu haben. ÿÿ5<u>"
"240";"00:05:00:05";"00:05:03:06";"Leopard-Panzer zerstÈort,

bzw. erbeutet zu haben."
"241";"00:05:04:01";"00:05:04:01";"FABstXL Ich bestätige keine Verluste.ÿÿ"
"242";"00:05:04:01";"00:05:06:06";"Ich bestÈatige keine Verluste."
"243";"00:05:06:10";"00:05:06:10";"FABstYd Die Russen haben uns diese( ( immepò"
"244";"00:05:06:10";"00:05:06:10";"FABst.r gleichen Fahrzeuge;ÍX"
"245";"00:05:06:10";"00:05:09:18";"Die Russen haben uns diese

immer gleichen Fahrzeuge"
"246";"00:05:09:22";"00:05:09:22";"FABstZd tausendmal aus( ( zehn verschie:"
"247";"00:05:09:22";"00:05:09:22";"FABst2denen Winkeln gezeigt.7("
"248";"00:05:09:22";"00:05:13:08";"tausendmal aus

zehn verschiedenen Winkeln gezeigt."
"249";"00:05:14:10";"00:05:14:10";"FABst[d Die Gegenoffensive könnte( ( ein Mom"
"250";"00:05:14:10";"00:05:14:10";"FABst6ent der Wahrheit werden.3Ì"
"251";"00:05:14:10";"00:05:17:20";"Die Gegenoffensive kÈonnte

ein Moment der Wahrheit werden."
"252";"00:05:17:24";"00:05:17:24";"FABst\VNicht nur für die Regierung in Kiew,n"
"253";"00:05:17:24";"00:05:20:10";"Nicht nur fÈur die Regierung in Kiew,"
"254";"00:05:20:14";"00:05:20:14";"FABst]d sondern auch für( ( die Unterstü$"
"255";"00:05:20:14";"00:05:20:14";"FABst*tzer bei der NATO.?ó"
"256";"00:05:20:14";"00:05:23:09";"sondern auch fÈur

die UnterstÈutzer bei der NATO."
"257";"00:05:23:13";"00:05:23:13";"FABst^d Denn anders als zu Kriegsbeginn( ( kuD"
"258";"00:05:23:13";"00:05:23:13";"FABst4ämpft die Ukraine jetztÿÿ-mÐ"
"259";"00:05:23:13";"00:05:26:20";"Denn anders als zu Kriegsbeginn

kÈampft die Ukraine jetzt"
"260";"00:05:26:24";"00:05:26:24";"FABst_dmit westlichen Waffen und mit 60.000( ( þ"
"261";"00:05:26:24";"00:05:26:24";"FABstHim Westen ausgebildeten Soldaten.ÿÿÞH"
"262";"00:05:26:24";"00:05:31:00";"mit westlichen Waffen und mit 60.000

im Westen ausgebildeten Soldaten."
"263";"00:05:31:04";"00:05:31:04";"FABst`F Jetzt wird sich zeigen,ÿÿ¨f"
"264";"00:05:31:04";"00:05:32:16";"Jetzt wird sich zeigen,"
"265";"00:05:32:20";"00:05:32:20";"FABstad ob das reicht,( ( um Russland 8P"
"266";"00:05:32:20";"00:05:32:20";"FABst&zurückzudrängen.ÿÿ;¨F"
"267";"00:05:32:20";"00:05:35:13";"ob das reicht,

um Russland zurÈuckzudrÈangen."
"268";"00:05:37:03";"00:05:37:03";"FABstbd Nach der Zerstörung ( ( des Kaèæ"
"269";"00:05:37:03";"00:05:37:03";"FABst&chowka-Staudammsÿÿ;</i>¾"
"270";"00:05:37:03";"00:05:39:18";"Nach der ZerstÈorung

des Kachowka-Staudamms"
"271";"00:05:39:22";"00:05:39:22";"FABstcd ist der Chef der Internationalen( ( Ato9"
"272";"00:05:39:22";"00:05:39:22";"FABst6menergiebehörde, Grossi,ÿÿ+Ú"
"273";"00:05:39:22";"00:05:43:10";"ist der Chef der Internationalen

AtomenergiebehÈorde, Grossi,"
"274";"00:05:43:14";"00:05:43:14";"FABstdd erneut zum russisch besetzten AKW( ( Ø"
"275";"00:05:43:14";"00:05:43:14";"FABst6Saporischschja gereist.ÿÿ+³Ô"
"276";"00:05:43:14";"00:05:47:08";"erneut zum russisch besetzten AKW

Saporischschja gereist."
"277";"00:05:47:12";"00:05:47:12";"FABsted Das AKW in der Südukraine( ( bezieht ät"
"278";"00:05:47:12";"00:05:47:12";"FABst@sein Kühlwasser normalerweiseÿÿ!F¼"
"279";"00:05:47:12";"00:05:51:07";"Das AKW in der SÈudukraine

bezieht sein KÈuhlwasser normalerweise"
"280";"00:05:51:11";"00:05:51:11";"FABstfdaus dem Stausee, dessen Pegelstand( ( seitî"
"281";"00:05:51:11";"00:05:51:11";"FABst> dem Dammbruch gesunken ist.ÿÿ#<"
"282";"00:05:51:11";"00:05:55:14";"aus dem Stausee, dessen Pegelstand

seit dem Dammbruch gesunken ist."
"283";"00:05:55:21";"00:05:55:21";"FABstgd Grossi stufte die Lage( ( als ernH"
"284";"00:05:55:21";"00:05:55:21";"FABst,st aber stabil ein.ÿÿ5"
"285";"00:05:55:21";"00:05:59:14";"Grossi stufte die Lage

als ernst aber stabil ein."
"286";"00:05:59:20";"00:05:59:20";"FABsthd Derzeit sei in den Kühlteichen( ( rund ßv"
"287";"00:05:59:20";"00:05:59:20";"FABst8um das AKW genug Wasser, ÿÿ)¶"
"288";"00:05:59:20";"00:06:03:09";"Derzeit sei in den KÈuhlteichen

rund um das AKW genug Wasser,"
"289";"00:06:03:13";"00:06:03:13";"FABstiRum die Systeme betreiben zu können.ÿÿJ"
"290";"00:06:03:13";"00:06:06:01";"um die Systeme betreiben zu kÈonnen."
"291";"00:06:08:01";"00:06:08:01";"FABstjd Nach dem Untergang( ( eines Fp"
"292";"00:06:08:01";"00:06:08:01";"FABst&lüchtlingsbootesÿÿ;`è"
"293";"00:06:08:01";"00:06:11:01";"Nach dem Untergang

eines FlÈuchtlingsbootes"
"294";"00:06:11:05";"00:06:11:05";"FABstkdvor der Küste Griechenlands rechnen( ( dieÍn"
"295";"00:06:11:05";"00:06:11:05";"FABstB Behörden mit Hunderten Toten.ÿÿQ"
"296";"00:06:11:05";"00:06:15:05";"vor der KÈuste Griechenlands rechnen

die BehÈorden mit Hunderten Toten."
"297";"00:06:15:09";"00:06:15:09";"FABstld Das Schiff war( ( in der Nac`²"
"298";"00:06:15:09";"00:06:15:09";"FABst"ht zu Mittwochÿÿ?Ô."
"299";"00:06:15:09";"00:06:17:15";"Das Schiff war

in der Nacht zu Mittwoch"
"300";"00:06:17:19";"00:06:17:19";"FABstmd vor der Halbinsel Peloponnes( ("
"301";"00:06:17:19";"00:06:17:19";"FABst" gekentert.ÿÿ?«d"
"302";"00:06:17:19";"00:06:20:10";"vor der Halbinsel Peloponnes

gekentert."
"303";"00:06:20:14";"00:06:20:14";"FABstnd 78 Menschen konnten( ( nur noch {T"
"304";"00:06:20:14";"00:06:20:14";"FABst.tot geborgen werden,ÿÿ3­Ò"
"305";"00:06:20:14";"00:06:23:13";"78 Menschen konnten

nur noch tot geborgen werden,"
"306";"00:06:23:17";"00:06:23:17";"FABstoB 104 wurden gerettet.ÿÿó"
"307";"00:06:23:17";"00:06:25:02";"104 wurden gerettet."
"308";"00:06:25:06";"00:06:25:06";"FABstpd Die Küstenwache( ( hat kaum </u>~"
"309";"00:06:25:06";"00:06:25:06";"FABst noch Hoffung,ÿÿAÑ¬"
"310";"00:06:25:06";"00:06:27:09";"Die KÈustenwache

hat kaum noch Hoffung,"
"311";"00:06:27:13";"00:06:27:13";"FABstqL weitere Überlebende zu finden.ÿÿsü"
"312";"00:06:27:13";"00:06:29:09";"weitere ÈUberlebende zu finden."
"313";"00:06:34:05";"00:06:34:05";"FABstr> Am frühen Morgen' ¨"
"314";"00:06:34:05";"00:06:35:10";"Am frÈuhen Morgen"
"315";"00:06:35:14";"00:06:35:14";"FABstsdbringt die griechische Küstenwache( ( eèØ"
"316";"00:06:35:14";"00:06:35:14";"FABst6rtrunkene Opfer an Land.3ÿz"
"317";"00:06:35:14";"00:06:38:24";"bringt die griechische KÈustenwache

ertrunkene Opfer an Land."
"318";"00:06:39:03";"00:06:39:03";"FABsttd Offenbar war ihr Schiff( ( aufgrund H<"
"319";"00:06:39:03";"00:06:39:03";"FABst>einer Massenpanik gekentert.ÿÿ#¸"
"320";"00:06:39:03";"00:06:42:15";"Offenbar war ihr Schiff

aufgrund einer Massenpanik gekentert."
"321";"00:06:42:19";"00:06:42:19";"FABstuB Wie ein Foto zeigt,ÿÿ«"
"322";"00:06:42:19";"00:06:44:00";"Wie ein Foto zeigt,"
"323";"00:06:44:04";"00:06:44:04";"FABstvd waren vermutlich Hunderte( ( ohne RettuR²"
"324";"00:06:44:04";"00:06:44:04";"FABst6ngsweste auf dem Schiff.ÿÿ+Ûê"
"325";"00:06:44:04";"00:06:47:14";"waren vermutlich Hunderte

ohne Rettungsweste auf dem Schiff."
"326";"00:06:47:18";"00:06:47:18";"FABstwdFrauen und Kinder sollen unter Deck( ( e(|"
"327";"00:06:47:18";"00:06:47:18";"FABst<i>ngeschlossen gewesen sein.ÿÿ%Ö"
"328";"00:06:47:18";"00:06:51:09";"Frauen und Kinder sollen unter Deck

eingeschlossen gewesen sein."
"329";"00:06:51:14";"00:06:51:14";"FABstxd Der Kutter( ( war in internati¶"
"330";"00:06:51:14";"00:06:51:14";"FABst&onalen Gewässernÿÿ;ª"
"331";"00:06:51:14";"00:06:53:24";"Der Kutter

war in internationalen GewÈassern"
"332";"00:06:54:03";"00:06:54:03";"FABstydauf dem Weg von Libyen nach Italien,( ( =à"
"333";"00:06:54:03";"00:06:54:03";"FABst6 bevor er kenterte.ÿÿ+·v"
"334";"00:06:54:03";"00:06:57:06";"auf dem Weg von Libyen nach Italien,

bevor er kenterte."
"335";"00:06:57:07";"00:06:57:07";"FABstzd Laut griechischer Küstenwache ( ( habe"
"336";"00:06:57:07";"00:06:57:07";"FABst8sie das Schiff begleitet,ÿÿ)­ì"
"337";"00:06:57:07";"00:07:00:17";"Laut griechischer KÈustenwache

habe sie das Schiff begleitet,"
"338";"00:07:00:20";"00:07:00:20";"FABst{N ihre Hilfe wurde aber abgelehnt.ÿÿ."
"339";"00:07:00:20";"00:07:02:20";"ihre Hilfe wurde aber abgelehnt."
"340";"00:07:02:24";"00:07:02:24";"FABst|d Die Regierung( ( wehrt sich g[Î"
"341";"00:07:02:24";"00:07:02:24";"FABst"egen Vorwürfe,ÿÿ?DF"
"342";"00:07:02:24";"00:07:05:05";"Die Regierung

wehrt sich gegen VorwÈurfe,"
"343";"00:07:05:09";"00:07:05:09";"FABst}d nicht ausreichend( ( eingegriS"
"344";"00:07:05:09";"00:07:05:09";"FABst"ffen zu haben.ÿÿ?º¨"
"345";"00:07:05:09";"00:07:07:23";"nicht ausreichend

eingegriffen zu haben."
"346";"00:07:08:04";"00:07:08:04";"FABst~d Ein unerwünschtes Eingreifen der( ( Küsyè"
"347";"00:07:08:04";"00:07:08:04";"FABstHtenwache auf ein überladenes Boot!M"
"348";"00:07:08:04";"00:07:12:08";"Ein unerwÈunschtes Eingreifen der

KÈustenwache auf ein Èuberladenes Boot"
"349";"00:07:12:12";"00:07:12:12";"FABstL könnte eine Gefahr darstellen.]Ò"
"350";"00:07:12:12";"00:07:14:10";"kÈonnte eine Gefahr darstellen."
"351";"00:07:14:14";"00:07:14:14";"FABst<i>PDas Boot könnte dadurch umkippen.ÿÿj"
"352";"00:07:14:14";"00:07:16:23";"Das Boot kÈonnte dadurch umkippen."
"353";"00:07:20:19";"00:07:20:19";"FABst</i>H Die griechische Regierungÿÿe°"
"354";"00:07:20:19";"00:07:22:18";"Die griechische Regierung"
"355";"00:07:22:22";"00:07:22:22";"FABst<u>d macht Schlepper( ( für das Ungl.Ò"
"356";"00:07:22:22";"00:07:22:22";"FABst,ück verantwortlich.ÿÿ5Ú"
"357";"00:07:22:22";"00:07:25:16";"macht Schlepper

fÈur das UnglÈuck verantwortlich."
"358";"00:07:25:21";"00:07:25:21";"FABst</u>d Acht Überlebende wurden als( ( mutmaßlicÚ&"
"359";"00:07:25:21";"00:07:25:21";"FABst8he Organisatoren verhört.ÿÿ)j"
"360";"00:07:25:21";"00:07:29:20";"Acht ÈUberlebende wurden als

mutmaûliche Organisatoren verhÈort."
"361";"00:07:29:24";"00:07:29:24";"FABstd Die Flüchtlinge sollen 5000 EUR pro( ( Kopr:"
"362";"00:07:29:24";"00:07:29:24";"FABstJf für die Überfahrt gezahlt haben.ÿÿÒ"
"363";"00:07:29:24";"00:07:34:03";"Die FlÈuchtlinge sollen 5000 EUR pro

Kopf fÈur die ÈUberfahrt gezahlt haben."
"364";"00:07:34:05";"00:07:34:05";"FABstL Die Geretteten werden betreut.ÿÿ>°"
"365";"00:07:34:05";"00:07:36:06";"Die Geretteten werden betreut."
"366";"00:07:36:08";"00:07:36:08";"FABstd Viele würden immer noch glauben,( ( auf dL"
"367";"00:07:36:08";"00:07:36:08";"FABst<em Unglücksschiff zu sein. ÿÿ%j"
"368";"00:07:36:08";"00:07:40:16";"Viele wÈurden immer noch glauben,

auf dem UnglÈucksschiff zu sein."
"369";"00:07:40:18";"00:07:40:18";"FABstdLangsam erst würden sie verstehen,( ( ^ª"
"370";"00:07:40:18";"00:07:40:18";"FABst0 was geschehen ist.ÿÿ1°"
"371";"00:07:40:18";"00:07:44:07";"Langsam erst wÈurden sie verstehen,

was geschehen ist."
"372";"00:07:44:08";"00:07:44:08";"FABstd Fast alle waren mit Familie( ( auf de´"
"373";"00:07:44:08";"00:07:44:08";"FABstBm Schiff, manche mit Freunden.'Â"
"374";"00:07:44:08";"00:07:48:17";"Fast alle waren mit Familie

auf dem Schiff, manche mit Freunden."
"375";"00:07:49:03";"00:07:49:03";"FABstd Einer sagte, er habe ein Kind( ( und ¯"
"376";"00:07:49:03";"00:07:49:03";"FABst8er weiß nicht, wo es ist.1x¼"
"377";"00:07:49:03";"00:07:53:13";"Einer sagte, er habe ein Kind

und er weiû nicht, wo es ist."
"378";"00:07:54:07";"00:07:54:07";"FABst
H Das Unglück ereignete sichÿÿ÷v"
"379";"00:07:54:07";"00:07:55:24";"Das UnglÈuck ereignete sich"
"380";"00:07:56:03";"00:07:56:03";"FABstd 46 Seemeilen( ( vor der grieÊè"
"381";"00:07:56:03";"00:07:56:03";"FABst$chischen Küste.ÿÿ=>"
"382";"00:07:56:03";"00:07:59:00";"46 Seemeilen

vor der griechischen KÈuste."
"383";"00:07:59:04";"00:07:59:04";"FABstdAn dieser Stelle ist das Mittelmeer( ("
"384";"00:07:59:04";"00:07:59:04";"FABst6knapp 5000 Meter tief,ÿÿ+È"
"385";"00:07:59:04";"00:08:02:12";"An dieser Stelle ist das Mittelmeer

knapp 5000 Meter tief,"
"386";"00:08:02:13";"00:08:02:13";"FABstd was die Bergung des Schiffs( ( naæl"
"387";"00:08:02:13";"00:08:02:13";"FABst0hezu unmöglich macht.ÿÿ1ZP"
"388";"00:08:02:13";"00:08:05:20";"was die Bergung des Schiffs

nahezu unmÈoglich macht."
"389";"00:08:08:03";"00:08:08:03";"FABstd Die EZB hat den Leitzins( ( für die Eu4"
"390";"00:08:08:03";"00:08:08:03";"FABst6rozone erneut angehoben,ÿÿ+¡¤"
"391";"00:08:08:03";"00:08:12:19";"Die EZB hat den Leitzins

fÈur die Eurozone erneut angehoben,"
"392";"00:08:12:21";"00:08:12:21";"FABstRum 0,25 Prozentpunkte, auf nun 4 %.ÿÿ}"
"393";"00:08:12:21";"00:08:15:16";"um 0,25 Prozentpunkte, auf nun 4 %."
"394";"00:08:17:24";"00:08:17:24";"FABstP Die höheren Zinsen sollen helfen,ÿÿ¸"
"395";"00:08:17:24";"00:08:22:13";"Die hÈoheren Zinsen sollen helfen,"
"396";"00:08:22:15";"00:08:22:15";"FABstd den Anstieg der Verbraucherpreise( ( ¸"
"397";"00:08:22:15";"00:08:22:15";"FABst8in den Griff zu bekommen.ÿÿ)áÞ"
"398";"00:08:22:15";"00:08:26:02";"den Anstieg der Verbraucherpreise

in den Griff zu bekommen."
"399";"00:08:26:06";"00:08:26:06";"FABstd Die Inflationsrate im Euroraum( ( l<u>Ü"
"400";"00:08:26:06";"00:08:26:06";"FABst.ag im Mai bei 6,1 %,ÿÿ3ÛÌ"
"401";"00:08:26:06";"00:08:29:11";"Die Inflationsrate im Euroraum

lag im Mai bei 6,1 %,"
"402";"00:08:29:15";"00:08:29:15";"FABstTalso weit über dem EZB-Ziel von 2 %.ÿÿô®"
"403";"00:08:29:15";"00:08:31:21";"also weit Èuber dem EZB-Ziel von 2 %."
"404";"00:08:32:22";"00:08:32:22";"FABstdIn Bonn ist das Vorbereitungstreffen( ( zÊú"
"405";"00:08:32:22";"00:08:32:22";"FABstBur Weltklimakonferenz in DubaiÿÿéÔ"
"406";"00:08:32:22";"00:08:37:00";"In Bonn ist das Vorbereitungstreffen

zur Weltklimakonferenz in Dubai"
"407";"00:08:37:04";"00:08:37:04";"FABst@ zu Ende gegangen.ÿÿl"
"408";"00:08:37:04";"00:08:38:05";"zu Ende gegangen."
"409";"00:08:38:09";"00:08:38:09";"FABstd Laut Beobachtern( ( wurden kaum Fz"
"410";"00:08:38:09";"00:08:38:09";"FABst.ortschritte erzielt.ÿÿ3è"
"411";"00:08:38:09";"00:08:41:23";"Laut Beobachtern

wurden kaum Fortschritte erzielt."
"412";"00:08:42:03";"00:08:42:03";"FABstdZehn Tage lang hatten 5000 Delegierte( ("
"413";"00:08:42:03";"00:08:42:03";"FABst0 u.a. überÿÿ1Q"
"414";"00:08:42:03";"00:08:45:24";"Zehn Tage lang hatten 5000 Delegierte

u.a. Èuber"
"415";"00:08:46:03";"00:08:46:03";"FABstddie Finanzierung des Klimaschutzes( ( inóÐ"
"416";"00:08:46:03";"00:08:46:03";"FABst8 ärmeren Ländern beraten.ÿÿ)¥Þ"
"417";"00:08:46:03";"00:08:50:01";"die Finanzierung des Klimaschutzes

in Èarmeren LÈandern beraten."
"418";"00:08:51:02";"00:08:51:02";"FABstd Dabei wollten sich( ( die Inüx"
"419";"00:08:51:02";"00:08:51:02";"FABst"dustriestaatenÿÿ?à"
"420";"00:08:51:02";"00:08:53:22";"Dabei wollten sich

die Industriestaaten"
"421";"00:08:54:01";"00:08:54:01";"FABstdnicht auf eine stärkere Unterstützung( ( ÙZ"
"422";"00:08:54:01";"00:08:54:01";"FABst0 festlegen.ÿÿ1</u>"
"423";"00:08:54:01";"00:08:57:15";"nicht auf eine stÈarkere UnterstÈutzung

festlegen."
"424";"00:09:02:02";"00:09:02:02";"FABstdEs geht ihr nicht nur um die Welt,( ( so¬d"
"425";"00:09:02:02";"00:09:02:02";"FABst:ndern auch um ihre Heimat./"
"426";"00:09:02:02";"00:09:05:23";"Es geht ihr nicht nur um die Welt,

sondern auch um ihre Heimat."
"427";"00:09:06:02";"00:09:06:02";"FABstd Die Klimaaktivistin( ( Adenike À¤"
"428";"00:09:06:02";"00:09:06:02";"FABst,Oladosu aus Nigeria=Ü"
"429";"00:09:06:02";"00:09:08:19";"Die Klimaaktivistin

Adenike Oladosu aus Nigeria"
"430";"00:09:08:23";"00:09:08:23";"FABstd fordert Verlässlichkeit( ( bei Zusagesb"
"431";"00:09:08:23";"00:09:08:23";"FABst2n der Industrieländer.ÿÿ/l"
"432";"00:09:08:23";"00:09:13:20";"fordert VerlÈasslichkeit

bei Zusagen der IndustrielÈander."
"433";"00:09:15:16";"00:09:15:16";"FABstd Die Industrieländer( ( sollen Afri"
"434";"00:09:15:16";"00:09:15:16";"FABst2ka nicht wie ein Land,7È"
"435";"00:09:15:16";"00:09:18:19";"Die IndustrielÈander

sollen Afrika nicht wie ein Land,"
"436";"00:09:18:23";"00:09:18:23";"FABstd sondern wie( ( einen Kontine"
"437";"00:09:18:23";"00:09:18:23";"FABst nt behandeln.Iæ."
"438";"00:09:18:23";"00:09:21:03";"sondern wie

einen Kontinent behandeln."
"439";"00:09:21:07";"00:09:21:07";"FABst dMit den zugesagten 100 Mrd. Dollar( ( füi¨"
"440";"00:09:21:07";"00:09:21:07";"FABstBr vom Klima betroffene Staatenÿÿ¬n"
"441";"00:09:21:07";"00:09:25:08";"Mit den zugesagten 100 Mrd. Dollar

fÈur vom Klima betroffene Staaten"
"442";"00:09:25:12";"00:09:25:12";"FABst¡d könnte ich nicht mal( ( die nigeriP"
"443";"00:09:25:12";"00:09:25:12";"FABst8anische Krise bewältigen.ÿÿ)fT"
"444";"00:09:25:12";"00:09:29:00";"kÈonnte ich nicht mal

die nigerianische Krise bewÈaltigen."
"445";"00:09:29:04";"00:09:29:04";"FABst¢d In ihrer Heimat haben( ( nur 57 % Äd"
"446";"00:09:29:04";"00:09:29:04";"FABst,der Menschen Strom.ÿÿ5Ë8"
"447";"00:09:29:04";"00:09:32:07";"In ihrer Heimat haben

nur 57 % der Menschen Strom."
"448";"00:09:32:12";"00:09:32:12";"FABst£d Solar und Windenergie -( ( quÂf"
"449";"00:09:32:12";"00:09:32:12";"FABst&asi Fehlanzeige.ÿÿ;ÙÒ"
"450";"00:09:32:12";"00:09:35:02";"Solar und Windenergie -

quasi Fehlanzeige."
"451";"00:09:35:07";"00:09:35:07";"FABst¤d Was Öl angeht, gilt Nigeria( ( mit als6"
"452";"00:09:35:07";"00:09:35:07";"FABst: größter Förderer Afrikas.ÿÿ'Bz"
"453";"00:09:35:07";"00:09:38:24";"Was ÈOl angeht, gilt Nigeria

mit als grÈoûter FÈorderer Afrikas."
"454";"00:09:39:03";"00:09:39:03";"FABst¥J Laut Oladosu verfügt Afrikaÿÿ~"
"455";"00:09:39:03";"00:09:40:23";"Laut Oladosu verfÈugt Afrika"
"456";"00:09:41:02";"00:09:41:02";"FABst¦d über zahlreiche Möglichkeiten( ( für epJ"
"457";"00:09:41:02";"00:09:41:02";"FABst:rneuerbare Energiequellen.ÿÿ'ÌÊ"
"458";"00:09:41:02";"00:09:44:20";"Èuber zahlreiche MÈoglichkeiten

fÈur erneuerbare Energiequellen."
"459";"00:09:45:00";"00:09:45:00";"FABst§d Davon profitieren( ( auch I×p"
"460";"00:09:45:00";"00:09:45:00";"FABst$ndustrieländer.ÿÿ=I"
"461";"00:09:45:00";"00:09:47:11";"Davon profitieren

auch IndustrielÈander."
"462";"00:09:47:15";"00:09:47:15";"FABst¨d Entwicklungsländer wie meines( ( sol2ì"
"463";"00:09:47:15";"00:09:47:15";"FABst6len dem globalen Norden ÿÿ+Ç""
"464";"00:09:47:15";"00:09:51:16";"EntwicklungslÈander wie meines

sollen dem globalen Norden"
"465";"00:09:51:22";"00:09:51:22";"FABst©d Lösungen anbieten, damit sie( ( sich be."
"466";"00:09:51:22";"00:09:51:22";"FABst8teiligen und investieren.ÿÿ)Ú"
"467";"00:09:51:22";"00:09:56:07";"LÈosungen anbieten, damit sie

sich beteiligen und investieren."
"468";"00:09:57:17";"00:09:57:17";"FABstªd Doch auf der( ( UN-Klimazwische"
"469";"00:09:57:17";"00:09:57:17";"FABst*nkonferenz in Bonnÿÿ7Þ"
"470";"00:09:57:17";"00:10:00:18";"Doch auf der

UN-Klimazwischenkonferenz in Bonn"
"471";"00:10:00:22";"00:10:00:22";"FABst«d wird die Kluft zwischen Industrie-( ( und 2"
"472";"00:10:00:22";"00:10:00:22";"FABstFEntwicklungsländern eher größer.ÿÿ~þ"
"473";"00:10:00:22";"00:10:04:23";"wird die Kluft zwischen Industrie-

und EntwicklungslÈandern eher grÈoûer."
"474";"00:10:05:03";"00:10:05:03";"FABst¬dKlimaforscher betonen, wie wichtig( ( einî¬"
"475";"00:10:05:03";"00:10:05:03";"FABst<e konsequente Unterstützungÿÿ%"@"
"476";"00:10:05:03";"00:10:08:20";"Klimaforscher betonen, wie wichtig

eine konsequente UnterstÈutzung"
"477";"00:10:08:24";"00:10:08:24";"FABst­d für den globalen Süden ist,( ( im KamÜ"
"478";"00:10:08:24";"00:10:08:24";"FABst8pf gegen den Klimawandel.ÿÿ)²ê"
"479";"00:10:08:24";"00:10:12:09";"fÈur den globalen SÈuden ist,

im Kampf gegen den Klimawandel."
"480";"00:10:12:13";"00:10:12:13";"FABst®dUm deren Klimarisiken zu senken,( ( b</u>Ì"
"481";"00:10:12:13";"00:10:12:13";"FABst4raucht es Investitionen5»H"
"482";"00:10:12:13";"00:10:15:19";"Um deren Klimarisiken zu senken,

braucht es Investitionen"
"483";"00:10:15:23";"00:10:15:23";"FABst¯d für Solar- und Windenergie,( ( WaskF"
"484";"00:10:15:23";"00:10:15:23";"FABst2serkraft und Biomasse.7"
"485";"00:10:15:23";"00:10:19:03";"fÈur Solar- und Windenergie,

Wasserkraft und Biomasse."
"486";"00:10:19:07";"00:10:19:07";"FABst°d Es muss über die Finanzierung( ( u"
"487";"00:10:19:07";"00:10:19:07";"FABst,diskutiert werden,ÿÿ5âì"
"488";"00:10:19:07";"00:10:22:06";"Es muss Èuber die Finanzierung

diskutiert werden,"
"489";"00:10:22:10";"00:10:22:10";"FABst±d um den Ländern mit schwachen( ( VolksY:"
"490";"00:10:22:10";"00:10:22:10";"FABst4wirtschaften zu helfen.ÿÿ-ÁÈ"
"491";"00:10:22:10";"00:10:26:00";"um den LÈandern mit schwachen

Volkswirtschaften zu helfen."
"492";"00:10:26:04";"00:10:26:04";"FABst²d Oladosu hofft, dass dieses Jahr( ( klimapb"
"493";"00:10:26:04";"00:10:26:04";"FABstBolitisch gesehen genutzt wird.ÿÿ­ü"
"494";"00:10:26:04";"00:10:30:06";"Oladosu hofft, dass dieses Jahr

klimapolitisch gesehen genutzt wird."
"495";"00:10:31:12";"00:10:31:12";"FABst³d So sah die Oder vergangenen August( ( an d²|"
"496";"00:10:31:12";"00:10:31:12";"FABstHer deutsch-polnischen Grenze aus.ÿÿ±|"
"497";"00:10:31:12";"00:10:36:00";"So sah die Oder vergangenen August

an der deutsch-polnischen Grenze aus."
"498";"00:10:36:04";"00:10:36:04";"FABst´d Hunderte Tonnen toter Fische( ( trieâü"
"499";"00:10:36:04";"00:10:36:04";"FABst2ben verendet im Fluss.ÿÿ/Óv"
"500";"00:10:36:04";"00:10:39:10";"Hunderte Tonnen toter Fische

trieben verendet im Fluss."
"501";"00:10:39:14";"00:10:39:14";"FABstµd Experten hatten u.a.( ( einen z¢ö"
"502";"00:10:39:14";"00:10:39:14";"FABst*u hohen Salzgehaltÿÿ7Ö("
"503";"00:10:39:14";"00:10:42:13";"Experten hatten u.a.

einen zu hohen Salzgehalt"
"504";"00:10:42:17";"00:10:42:17";"FABst¶d und eine Algenblüte( ( als Urf"
"505";"00:10:42:17";"00:10:42:17";"FABst(sache ausgemacht.ÿÿ9ª"
"506";"00:10:42:17";"00:10:46:02";"und eine AlgenblÈute

als Ursache ausgemacht."
"507";"00:10:46:07";"00:10:46:07";"FABst·d Vor einigen Tagen trieben wieder( ( totÑj"
"508";"00:10:46:07";"00:10:46:07";"FABst6e Fische in Oder-Kanälenÿÿ+VP"
"509";"00:10:46:07";"00:10:50:04";"Vor einigen Tagen trieben wieder

tote Fische in Oder-KanÈalen"
"510";"00:10:50:08";"00:10:50:08";"FABst¸D auf polnischer Seite.ÿÿ)Ö"
"511";"00:10:50:08";"00:10:52:01";"auf polnischer Seite."
"512";"00:10:52:05";"00:10:52:05";"FABst¹d Die Sorge vor einer( ( erneuten Umwív"
"513";"00:10:52:05";"00:10:52:05";"FABst6eltkatastrophe ist groß.ÿÿ+¨"
"514";"00:10:52:05";"00:10:55:22";"Die Sorge vor einer

erneuten Umweltkatastrophe ist groû."
"515";"00:10:57:12";"00:10:57:12";"FABstºd Tote Fische im Gleiwitzer Kanal,( ( samtß"
"516";"00:10:57:12";"00:10:57:12";"FABst: Abzweigung in Schlesien. /½x"
"517";"00:10:57:12";"00:11:01:10";"Tote Fische im Gleiwitzer Kanal,

samt Abzweigung in Schlesien."
"518";"00:11:01:14";"00:11:01:14";"FABst»d 500 kg wurden( ( bis Anfang die»"
"519";"00:11:01:14";"00:11:01:14";"FABst,ser Woche gefunden,=çº"
"520";"00:11:01:14";"00:11:04:19";"500 kg wurden

bis Anfang dieser Woche gefunden,"
"521";"00:11:04:23";"00:11:04:23";"FABst¼N darunter Störe, Zander, Hechte.ÿÿÎª"
"522";"00:11:04:23";"00:11:07:19";"darunter StÈore, Zander, Hechte."
"523";"00:11:07:24";"00:11:07:24";"FABst½d Die Fische( ( hatten keine Kieù."
"524";"00:11:07:24";"00:11:07:24";"FABst&menblätter mehr.Cz"
"525";"00:11:07:24";"00:11:11:12";"Die Fische

hatten keine KiemenblÈatter mehr."
"526";"00:11:12:05";"00:11:12:05";"FABst¾d Es gab Rötungen( ( um die ¸"
"527";"00:11:12:05";"00:11:12:05";"FABst"Flossen herum.Gº"
"528";"00:11:12:05";"00:11:15:02";"Es gab RÈotungen

um die Flossen herum."
"529";"00:11:15:06";"00:11:15:06";"FABst¿d Blut trat aus,( ( wenn man die ç>"
"530";"00:11:15:06";"00:11:15:06";"FABst0Kiemendeckel drückte.ÿÿ10v"
"531";"00:11:15:06";"00:11:18:17";"Blut trat aus,

wenn man die Kiemendeckel drÈuckte."
"532";"00:11:22:11";"00:11:22:11";"FABstÀd Die polnische Regierung( ( habe einenãÖ"
"533";"00:11:22:11";"00:11:22:11";"FABst8 Krisenstab eingerichtet,ÿÿ)é@"
"534";"00:11:22:11";"00:11:25:20";"Die polnische Regierung

habe einen Krisenstab eingerichtet,"
"535";"00:11:25:24";"00:11:25:24";"FABstÁN berichtet die Umweltministerin.ÿÿwv"
"536";"00:11:25:24";"00:11:28:08";"berichtet die Umweltministerin."
"537";"00:11:28:24";"00:11:28:24";"FABstÂd Wir haben zum dritten Mal( ( in dies³à"
"538";"00:11:28:24";"00:11:28:24";"FABst>em Jahr so ein Fischsterben.+ªú"
"539";"00:11:28:24";"00:11:32:14";"Wir haben zum dritten Mal

in diesem Jahr so ein Fischsterben."
"540";"00:11:32:18";"00:11:32:18";"FABstÃJ Wir müssen uns vorbereiten.Ô"
"541";"00:11:32:18";"00:11:34:10";"Wir mÈussen uns vorbereiten."
"542";"00:11:34:14";"00:11:34:14";"FABstÄdKann sein, dass sich die Situation( ( þH"
"543";"00:11:34:14";"00:11:34:14";"FABst>vom letzten Jahr wiederholt.ÿÿ#Ô"
"544";"00:11:34:14";"00:11:38:04";"Kann sein, dass sich die Situation

vom letzten Jahr wiederholt."
"545";"00:11:38:08";"00:11:38:08";"FABstÅd Der Gleiwitzer Kanal( ( führH&"
"546";"00:11:38:08";"00:11:38:08";"FABst"t in die Oder,ÿÿ?Ûî"
"547";"00:11:38:08";"00:11:40:19";"Der Gleiwitzer Kanal

fÈuhrt in die Oder,"
"548";"00:11:40:23";"00:11:40:23";"FABstÆd wo es 2022( ( zu massenhaftem æ|"
"549";"00:11:40:23";"00:11:40:23";"FABst(Fischsterben kam.ÿÿ9»"
"550";"00:11:40:23";"00:11:43:24";"wo es 2022

zu massenhaftem Fischsterben kam."
"551";"00:11:44:03";"00:11:44:03";"FABstÇd Das Gift der Goldalge,( ( hoÍä"
"552";"00:11:44:03";"00:11:44:03";"FABst"her Salzgehaltÿÿ?V"
"553";"00:11:44:03";"00:11:46:17";"Das Gift der Goldalge,

hoher Salzgehalt"
"554";"00:11:46:21";"00:11:46:21";"FABstÈd und hohe Temperaturen ( ( warenÇD"
"555";"00:11:46:21";"00:11:46:21";"FABst( wohl die Gründe.ÿÿ9 0"
"556";"00:11:46:21";"00:11:49:24";"und hohe Temperaturen

waren wohl die GrÈunde."
"557";"00:11:50:03";"00:11:50:03";"FABstÉd Das Salz stammt vermutlich ( ( aus ú<i>"
"558";"00:11:50:03";"00:11:50:03";"FABst4dem polnischen Bergbau.ÿÿ-õæ"
"559";"00:11:50:03";"00:11:53:12";"Das Salz stammt vermutlich

aus dem polnischen Bergbau."
"560";"00:11:53:18";"00:11:53:18";"FABstÊd Jetzt wird Sauerstoff ( ( in de¾¦"
"561";"00:11:53:18";"00:11:53:18";"FABst(n Kanal geleitet,ÿÿ9ð²"
"562";"00:11:53:18";"00:11:56:18";"Jetzt wird Sauerstoff

in den Kanal geleitet,"
"563";"00:11:56:22";"00:11:56:22";"FABstËTum die Wasserqualität zu verbessern.ÿÿ²"
"564";"00:11:56:22";"00:11:59:03";"um die WasserqualitÈat zu verbessern."
"565";"00:11:59:07";"00:11:59:07";"FABstÌdDie deutschen und polnischen Behörden( ("
"566";"00:11:59:07";"00:11:59:07";"FABstDwollen enger zusammenarbeiten.ÿÿí"
"567";"00:11:59:07";"00:12:03:04";"Die deutschen und polnischen BehÈorden

wollen enger zusammenarbeiten."
"568";"00:12:03:08";"00:12:03:08";"FABstÍJ Ob das reicht, ist fraglich.ÿÿ{R"
"569";"00:12:03:08";"00:12:05:02";"Ob das reicht, ist fraglich."
"570";"00:12:05:17";"00:12:05:17";"FABstÎdDie Meldeketten wurden verbessert,( ( d£²"
"571";"00:12:05:17";"00:12:05:17";"FABst>ie Messsysteme überarbeitet.+."
"572";"00:12:05:17";"00:12:09:22";"Die Meldeketten wurden verbessert,

die Messsysteme Èuberarbeitet."
"573";"00:12:10:01";"00:12:10:01";"FABstÏd Das hilft nichts, wenn( ( ein erneuÏÜ"
"574";"00:12:10:01";"00:12:10:01";"FABst:tes Fischsterben auftritt./Ì"
"575";"00:12:10:01";"00:12:13:14";"Das hilft nichts, wenn

ein erneutes Fischsterben auftritt."
"576";"00:12:13:18";"00:12:13:18";"FABstÐJ Das muss verhindert werden,ÿÿb"
"577";"00:12:13:18";"00:12:15:10";"Das muss verhindert werden,"
"578";"00:12:15:14";"00:12:15:14";"FABstÑd dafür sind Salzeinleitungen( ( die entsZ"
"579";"00:12:15:14";"00:12:15:14";"FABst6cheidende Stellschraube.ÿÿ+Ì"
"580";"00:12:15:14";"00:12:19:04";"dafÈur sind Salzeinleitungen

die entscheidende Stellschraube."
"581";"00:12:19:08";"00:12:19:08";"FABstÒd Die Oder ist in diesem Jahr( ( n$"
"582";"00:12:19:08";"00:12:19:08";"FABst.och nicht betroffen,ÿÿ3¥ô"
"583";"00:12:19:08";"00:12:22:12";"Die Oder ist in diesem Jahr

noch nicht betroffen,"
"584";"00:12:22:16";"00:12:22:16";"FABstÓd aber auch 2022 wurden erste tote( ( FischÚÈ"
"585";"00:12:22:16";"00:12:22:16";"FABstDe im Gleiwitzer Kanal gefunden.ÿÿ<u>"
"586";"00:12:22:16";"00:12:27:01";"aber auch 2022 wurden erste tote

Fische im Gleiwitzer Kanal gefunden."
"587";"00:12:29:02";"00:12:29:02";"FABstÔd Die deutsche( ( FußballnatiK0"
"588";"00:12:29:02";"00:12:29:02";"FABst"onalmannschaftÿÿ?û"
"589";"00:12:29:02";"00:12:31:11";"Die deutsche

Fuûballnationalmannschaft"
"590";"00:12:31:15";"00:12:31:15";"FABstÕdtrifft morgen im vorletzten Testspiel( ( ¬Z"
"591";"00:12:31:15";"00:12:31:15";"FABstDvor der Sommerpause auf Polen.ÿÿúJ"
"592";"00:12:31:15";"00:12:35:21";"trifft morgen im vorletzten Testspiel

vor der Sommerpause auf Polen."
"593";"00:12:36:00";"00:12:36:00";"FABstÖL Nach dem 3:3 gegen die Ukraineÿÿuh"
"594";"00:12:36:00";"00:12:38:01";"Nach dem 3:3 gegen die Ukraine"
"595";"00:12:38:05";"00:12:38:05";"FABst×d steht das Team( ( von Bundestrai§."
"596";"00:12:38:05";"00:12:38:05";"FABst2ner Flick unter Druck.ÿÿ/ÿj"
"597";"00:12:38:05";"00:12:41:06";"steht das Team

von Bundestrainer Flick unter Druck."
"598";"00:12:41:10";"00:12:41:10";"FABstØd Hinzu kommt,( ( dass Champions-·"
"599";"00:12:41:10";"00:12:41:10";"FABst2League-Sieger Gündoganÿÿ/[8"
"600";"00:12:41:10";"00:12:44:07";"Hinzu kommt,

dass Champions-League-Sieger GÈundogan"
"601";"00:12:44:11";"00:12:44:11";"FABstÙd in Warschau( ( nicht zur Verfügx"
"602";"00:12:44:11";"00:12:44:11";"FABst.ung steht, so Flick.ÿÿ3"
"603";"00:12:44:11";"00:12:47:06";"in Warschau

nicht zur VerfÈugung steht, so Flick."
"604";"00:12:47:10";"00:12:47:10";"FABstÚd Die ARD überträgt das Spiel( ( morg("
"605";"00:12:47:10";"00:12:47:10";"FABst4en Abend ab 20.15 Uhr. ÿÿ-Ù."
"606";"00:12:47:10";"00:12:51:05";"Die ARD ÈubertrÈagt das Spiel

morgen Abend ab 20.15 Uhr."
"607";"00:12:53:09";"00:12:53:09";"FABstÛd Angespannt.( ( Von LockerheiÖ"
"608";"00:12:53:09";"00:12:53:09";"FABst t keine Spur.I</u>Ê"
"609";"00:12:53:09";"00:12:56:03";"Angespannt.

Von Lockerheit keine Spur."
"610";"00:12:57:07";"00:12:57:07";"FABstÜd Jeder weiß, morgen muss( ( ein y"
"611";"00:12:57:07";"00:12:57:07";"FABst,gutes Ergebnis her.=ëª"
"612";"00:12:57:07";"00:13:00:22";"Jeder weiû, morgen muss

ein gutes Ergebnis her."
"613";"00:13:02:19";"00:13:02:19";"FABstÝd Es geht weiter.( ( Wir müszî"
"614";"00:13:02:19";"00:13:02:19";"FABst"sen aufstehen.G"
"615";"00:13:02:19";"00:13:05:12";"Es geht weiter.

Wir mÈussen aufstehen."
"616";"00:13:05:16";"00:13:05:16";"FABstÞD Wir werden versuchen,!@B"
"617";"00:13:05:16";"00:13:07:06";"Wir werden versuchen,"
"618";"00:13:07:10";"00:13:07:10";"FABstßd die Dinge zu verbessern,( ( die wib"
"619";"00:13:07:10";"00:13:07:10";"FABst.r verbessern müssen.ÿÿ3)¦"
"620";"00:13:07:10";"00:13:11:07";"die Dinge zu verbessern,

die wir verbessern mÈussen."
"621";"00:13:12:08";"00:13:12:08";"FABstàd Das sind Defensive( ( und Zweã2"
"622";"00:13:12:08";"00:13:12:08";"FABst&ikampfverhalten.ÿÿ;½l"
"623";"00:13:12:08";"00:13:15:19";"Das sind Defensive

und Zweikampfverhalten."
"624";"00:13:17:05";"00:13:17:05";"FABstáL In Sachen Personal und Taktikÿÿ*"
"625";"00:13:17:05";"00:13:19:08";"In Sachen Personal und Taktik"
"626";"00:13:19:12";"00:13:19:12";"FABstâd wird Flick mit Can( ( das Mittelñb"
"627";"00:13:19:12";"00:13:19:12";"FABst,feld stabilisieren.ÿÿ5ü"
"628";"00:13:19:12";"00:13:22:23";"wird Flick mit Can

das Mittelfeld stabilisieren."
"629";"00:13:23:02";"00:13:23:02";"FABstãN An der Dreierkette hält er fest.ÿÿô,"
"630";"00:13:23:02";"00:13:25:17";"An der Dreierkette hÈalt er fest."
"631";"00:13:27:01";"00:13:27:01";"FABstäRMusiala soll von Anfang an spielen.ÿÿ5z"
"632";"00:13:27:01";"00:13:31:17";"Musiala soll von Anfang an spielen."
"633";"00:13:31:19";"00:13:31:19";"FABstå@ Genau wie Havertz,ÿÿ¸"
"634";"00:13:31:19";"00:13:33:02";"Genau wie Havertz,"
"635";"00:13:33:06";"00:13:33:06";"FABstæd der das Unentschieden( ( gegen diè¶"
"636";"00:13:33:06";"00:13:33:06";"FABst*e Ukraine rettete.ÿÿ7"
"637";"00:13:33:06";"00:13:36:07";"der das Unentschieden

gegen die Ukraine rettete."
"638";"00:13:36:11";"00:13:36:11";"FABstçd Sicher ist: Ter Stegen ( ( steht±"
"639";"00:13:36:11";"00:13:36:11";"FABst. gegen Polen im Tor.ÿÿ3¥®"
"640";"00:13:36:11";"00:13:39:12";"Sicher ist: Ter Stegen

steht gegen Polen im Tor."
"641";"00:13:39:16";"00:13:39:16";"FABstèd In Warschau steht( ( die deutsche Û°"
"642";"00:13:39:16";"00:13:39:16";"FABst4Mannschaft unter Druck.ÿÿ-Î"
"643";"00:13:39:16";"00:13:43:07";"In Warschau steht

die deutsche Mannschaft unter Druck."
"644";"00:13:43:11";"00:13:43:11";"FABstéd Ausgerechnet an dem Ort,( ( Þl"
"645";"00:13:43:11";"00:13:43:11";"FABst"an dem es 2012ÿÿ?¤¶"
"646";"00:13:43:11";"00:13:46:13";"Ausgerechnet an dem Ort,

an dem es 2012"
"647";"00:13:46:18";"00:13:46:18";"FABstêd das schmerzhafte Halbfinal-Aus( ( §"
"648";"00:13:46:18";"00:13:46:18";"FABst,gegen Italien gab.ÿÿ5ú"
"649";"00:13:46:18";"00:13:49:23";"das schmerzhafte Halbfinal-Aus

gegen Italien gab."
"650";"00:13:50:02";"00:13:50:02";"FABstëdEin Jahr vor der Heim-EM darf sich( ( dieóî"
"651";"00:13:50:02";"00:13:50:02";"FABst< DFB-Elf keine Blöße geben.ÿÿ%"
"652";"00:13:50:02";"00:13:53:24";"Ein Jahr vor der Heim-EM darf sich

die DFB-Elf keine BlÈoûe geben."
"653";"00:13:54:03";"00:13:54:03";"FABstìd Sonst würde die Arbeit( ( von Hansi =z"
"654";"00:13:54:03";"00:13:54:03";"FABst4Flick infrage gestellt.ÿÿ-õÞ"
"655";"00:13:54:03";"00:13:57:14";"Sonst wÈurde die Arbeit

von Hansi Flick infrage gestellt."
"656";"00:13:58:19";"00:13:58:19";"FABstíd Und nun die Wettervorhersage( ( für morgFÀ"
"657";"00:13:58:19";"00:13:58:19";"FABst:en, Freitag, den 16. Juni.ÿÿ'áæ"
"658";"00:13:58:19";"00:14:02:16";"Und nun die Wettervorhersage

fÈur morgen, Freitag, den 16. Juni."
"659";"00:14:04:01";"00:14:04:01";"FABstîd Das Tief über dem Stettiner Haff( ( soR"
"660";"00:14:04:01";"00:14:04:01";"FABst4rgt im Osten für Regen.ÿÿ-O|"
"661";"00:14:04:01";"00:14:07:21";"Das Tief Èuber dem Stettiner Haff

sorgt im Osten fÈur Regen."
"662";"00:14:08:00";"00:14:08:00";"FABstïB Sonst meist trocken.ÿÿä"
"663";"00:14:08:00";"00:14:09:17";"Sonst meist trocken."
"664";"00:14:09:21";"00:14:09:21";"FABstðd Heute Nacht( ( klingen letztÁâ"
"665";"00:14:09:21";"00:14:09:21";"FABst e Schauer ab.ÿÿA>"
"666";"00:14:09:21";"00:14:12:04";"Heute Nacht

klingen letzte Schauer ab."
"667";"00:14:12:08";"00:14:12:08";"FABstñd Im Nordosten( ( später gebie^È"
"668";"00:14:12:08";"00:14:12:08";"FABst"tsweise Regen.ÿÿ?ÏJ"
"669";"00:14:12:08";"00:14:15:06";"Im Nordosten

spÈater gebietsweise Regen."
"670";"00:14:16:08";"00:14:16:08";"FABstòd Morgen im Südwesten und Westen( ( dehð"
"671";"00:14:16:08";"00:14:16:08";"FABst2r meiste Sonnenschein.ÿÿ/<u>x"
"672";"00:14:16:08";"00:14:20:13";"Morgen im SÈudwesten und Westen

der meiste Sonnenschein."
"673";"00:14:20:20";"00:14:20:20";"FABstóF Im Osten häufig bewölkt.ÿÿjÐ"
"674";"00:14:20:20";"00:14:22:22";"Im Osten hÈaufig bewÈolkt."
"675";"00:14:23:15";"00:14:23:15";"FABstôRDort Schauer und kräftige Gewitter.ÿÿÀ"
"676";"00:14:23:15";"00:14:26:06";"Dort Schauer und krÈaftige Gewitter."
"677";"00:14:35:12";"00:14:35:12";"FABstõd Am Samstag ähnlich wie morgen,( ( <"
"678";"00:14:35:12";"00:14:35:12";"FABst*aber noch wärmer.ÿÿ7P¸"
"679";"00:14:35:12";"00:14:39:00";"Am Samstag Èahnlich wie morgen,

aber noch wÈarmer."
"680";"00:14:39:03";"00:14:39:03";"FABstödSonntag im Nordosten Gewitterschauer,( ( £"
"681";"00:14:39:03";"00:14:39:03";"FABst8 sonst viel Sonne.ÿÿ)è"
"682";"00:14:39:03";"00:14:42:24";"Sonntag im Nordosten Gewitterschauer,

sonst viel Sonne."
"683";"00:14:43:03";"00:14:43:03";"FABst÷dAb dem Nachmittag von Südwesten her( ( tN"
"684";"00:14:43:03";"00:14:43:03";"FABst, mehr Wolken,ÿÿ5þÖ"
"685";"00:14:43:03";"00:14:46:06";"Ab dem Nachmittag von SÈudwesten her

mehr Wolken,"
"686";"00:14:46:10";"00:14:46:10";"FABstød die in der Nacht und am Montag( ( Schau¢<"
"687";"00:14:46:10";"00:14:46:10";"FABst8er und Gewitter bringen. ÿÿ)êÀ"
"688";"00:14:46:10";"00:14:49:24";"die in der Nacht und am Montag

Schauer und Gewitter bringen."
"689";"00:14:51:20";"00:14:51:20";"FABstùTDie tagesthemen schauen um 22.15 UhrÿÿHê"
"690";"00:14:51:20";"00:14:54:03";"Die tagesthemen schauen um 22.15 Uhr"
"691";"00:14:54:07";"00:14:54:07";"FABstúd ins russische Belgorod( ( nahe der¡t"
"692";"00:14:54:07";"00:14:54:07";"FABst. ukrainische Grenze.ÿÿ3</i>"
"693";"00:14:54:07";"00:14:57:13";"ins russische Belgorod

nahe der ukrainische Grenze."
"694";"00:14:57:17";"00:14:57:17";"FABstûd Die Menschen erleben hier( ( immer st*"
"695";"00:14:57:17";"00:14:57:17";"FABst@ärker die Folgen des Krieges.ÿÿ!?"
"696";"00:14:57:17";"00:15:01:16";"Die Menschen erleben hier

immer stÈarker die Folgen des Krieges."
"697";"00:15:01:21";"00:15:01:21";"FABstüd Und wir blicken auf das Gedenken( ( an dÞ¤"
"698";"00:15:01:21";"00:15:01:21";"FABst:en DDR-Volksaufstand 1953.ÿÿ'÷N"
"699";"00:15:01:21";"00:15:06:13";"Und wir blicken auf das Gedenken

an den DDR-Volksaufstand 1953."
"700";"00:15:06:20";"00:15:06:20";"FABstýd Caren Miosga spricht( ( mit der ËD"
"701";"00:15:06:20";"00:15:06:20";"FABst*Bundesbeauftragtenÿÿ7Ñª"
"702";"00:15:06:20";"00:15:09:23";"Caren Miosga spricht

mit der Bundesbeauftragten"
"703";"00:15:10:02";"00:15:10:02";"FABstþN für die Opfer der SED-Diktatur.ÿÿø"
"704";"00:15:10:02";"00:15:12:04";"fÈur die Opfer der SED-Diktatur."
"705";"00:15:12:08";"00:15:12:08";"FABstÿd Ich wünsche Ihnen ( ( einen _`"
"706";"00:15:12:08";"00:15:12:08";"FABst"schönen Abend.ÿÿ?Yf"
"707";"00:15:12:08";"00:15:15:05";"Ich wÈunsche Ihnen

einen schÈonen Abend."
"708";"00:15:19:14";"00:15:19:14";"FABstLCopyright Untertitel: NDR 2023ÿÿþ"
"709";"00:15:19:14";"00:15:22:03";"Copyright Untertitel: NDR 2023"
