No.;Timecode In;Timecode Out;Subtitle
"1";"00:00:03:00";"00:00:03:00";"FABst6 * Gong *ÿÿZZZZZZZZZZ¥¥ã¥¥¥¥¥6"
"2";"00:00:03:00";"00:00:03:00";"FABst¥¥¥æ¥¥ã¥¥¥ç¥¥§ª¦ªîªªªG¦"
"3";"00:00:03:00";"00:00:04:05";"* Gong *"
"4";"00:00:04:14";"00:00:04:14";"FABstdHier ist das Erste Deutsche Fernsehen( ( 9"
"5";"00:00:04:14";"00:00:04:14";"FABst: mit der tagesschau.ÿÿ'õþ"
"6";"00:00:04:14";"00:00:08:10";"Hier ist das Erste Deutsche Fernsehen

mit der tagesschau."
"7";"00:00:08:17";"00:00:08:17";"FABstd Diese Sendung wurde vom NDR( ( live Af"
"8";"00:00:08:17";"00:00:08:17";"FABst6untertitelt (06.07.2023)ÿÿ+¿¤"
"9";"00:00:08:17";"00:00:13:04";"Diese Sendung wurde vom NDR

live untertitelt (06.07.2023)"
"10";"00:00:15:01";"00:00:15:01";"FABstP Heute im Studio: Susanne Daubner.ÿÿïD"
"11";"00:00:15:01";"00:00:17:12";"Heute im Studio: Susanne Daubner."
"12";"00:00:18:05";"00:00:18:05";"FABstd Guten Abend,( ( ich begrüße Si3¦"
"13";"00:00:18:05";"00:00:18:05";"FABst(e zur tagesschau.A¯R"
"14";"00:00:18:05";"00:00:21:17";"Guten Abend,

ich begrÈuûe Sie zur tagesschau."
"15";"00:00:22:15";"00:00:22:15";"FABstd Im Bundestag scheiterte( ( hegú"
"16";"00:00:22:15";"00:00:22:15";"FABst&ute der Versuch,ÿÿ;<"
"17";"00:00:22:15";"00:00:25:05";"Im Bundestag scheiterte

heute der Versuch,"
"18";"00:00:25:07";"00:00:25:07";"FABstd einen rechtlichen Rahmen( ( für die Sú*"
"19";"00:00:25:07";"00:00:25:07";"FABst4terbehilfe zu schaffen.ÿÿ-Íè"
"20";"00:00:25:07";"00:00:28:18";"einen rechtlichen Rahmen

fÈur die Sterbehilfe zu schaffen."
"21";"00:00:28:20";"00:00:28:20";"FABstd Zwei Gesetzentwürfe von( ( Abgeordne("
"22";"00:00:28:20";"00:00:28:20";"FABst>ten verschiedener Fraktionenÿÿ#Ë6"
"23";"00:00:28:20";"00:00:32:09";"Zwei GesetzentwÈurfe von

Abgeordneten verschiedener Fraktionen"
"24";"00:00:32:11";"00:00:32:11";"FABstD fanden keine Mehrheit.ÿÿ×¶"
"25";"00:00:32:11";"00:00:33:22";"fanden keine Mehrheit."
"26";"00:00:33:24";"00:00:33:24";"FABstH Es ging darum, ob und wieÿÿÉ"
"27";"00:00:33:24";"00:00:35:16";"Es ging darum, ob und wie"
"28";"00:00:35:18";"00:00:35:18";"FABstdSterbewillige Zugang zu todbringenden( ( :"
"29";"00:00:35:18";"00:00:35:18";"FABstDMedikamenten erhalten können.ÿÿ7j"
"30";"00:00:35:18";"00:00:40:03";"Sterbewillige Zugang zu todbringenden

Medikamenten erhalten kÈonnen."
"31";"00:00:40:09";"00:00:40:09";"FABstd Und wer unter welchen Bedingungen( ( beq"
"32";"00:00:40:09";"00:00:40:09";"FABst<i einem Suizid helfen darf.ÿÿ%ü:"
"33";"00:00:40:09";"00:00:44:15";"Und wer unter welchen Bedingungen

bei einem Suizid helfen darf."
"34";"00:00:44:22";"00:00:44:22";"FABstd Diese Fragen sind nicht geregelt,( ( seit=|"
"35";"00:00:44:22";"00:00:44:22";"FABst@ das Bundesverfassungsgerichtÿÿ!ÞÊ"
"36";"00:00:44:22";"00:00:49:13";"Diese Fragen sind nicht geregelt,

seit das Bundesverfassungsgericht"
"37";"00:00:49:15";"00:00:49:15";"FABstd 2020 das Verbot( ( geschäftsmäßigð"
"38";"00:00:49:15";"00:00:49:15";"FABst2er Sterbehilfe kippte.ÿÿ/</u>"
"39";"00:00:49:15";"00:00:53:20";"2020 das Verbot

geschÈaftsmÈaûiger Sterbehilfe kippte."
"40";"00:00:55:13";"00:00:55:13";"FABstd Rote Karte für die Regulierung( ( ("
"41";"00:00:55:13";"00:00:55:13";"FABst*der Suizidhilfe.?Æ"
"42";"00:00:55:13";"00:00:58:16";"Rote Karte fÈur die Regulierung

der Suizidhilfe."
"43";"00:00:58:18";"00:00:58:18";"FABstd Zwei Gesetzentwürfe( ( stande°"
"44";"00:00:58:18";"00:00:58:18";"FABst(n zur Abstimmung.Al"
"45";"00:00:58:18";"00:01:01:07";"Zwei GesetzentwÈurfe

standen zur Abstimmung."
"46";"00:01:01:09";"00:01:01:09";"FABstd Beide fielen jeweils bei einer( ( Mehrhe+À"
"47";"00:01:01:09";"00:01:01:09";"FABst:it der Abgeordneten durch.ÿÿ'Ôf"
"48";"00:01:01:09";"00:01:05:02";"Beide fielen jeweils bei einer

Mehrheit der Abgeordneten durch."
"49";"00:01:05:05";"00:01:05:05";"FABstd Vor der Abstimmung warb Katrin( ( Hellingl"
"50";"00:01:05:05";"00:01:05:05";"FABst<-Plahr für ihren Vorschlag.ÿÿ%YD"
"51";"00:01:05:05";"00:01:08:24";"Vor der Abstimmung warb Katrin

Helling-Plahr fÈur ihren Vorschlag."
"52";"00:01:09:01";"00:01:09:01";"FABstd Der sah eine Beratungspflicht vor( ( und =\"
"53";"00:01:09:01";"00:01:09:01";"FABst@drohte keine Strafbarkeit an.ÿÿ!Ñ|"
"54";"00:01:09:01";"00:01:12:24";"Der sah eine Beratungspflicht vor

und drohte keine Strafbarkeit an."
"55";"00:01:13:08";"00:01:13:08";"FABstdWichtig ist, dass wir die Menschen( ( :¸"
"56";"00:01:13:08";"00:01:13:08";"FABst>nicht wieder alleine lassen,+ñ4"
"57";"00:01:13:08";"00:01:18:13";"Wichtig ist, dass wir die Menschen

nicht wieder alleine lassen,"
"58";"00:01:18:15";"00:01:18:15";"FABstd mit ihrem Schmerz, ihrer Angst( ( und i`."
"59";"00:01:18:15";"00:01:18:15";"FABst@hrem Wunsch, gehen zu dürfen.)\j"
"60";"00:01:18:15";"00:01:23:00";"mit ihrem Schmerz, ihrer Angst

und ihrem Wunsch, gehen zu dÈurfen."
"61";"00:01:24:00";"00:01:24:00";"FABstd Deshalb brauchen wir( ( eine recO¤"
"62";"00:01:24:00";"00:01:24:00";"FABst*htssichere Lösung.ÿÿ7G"
"63";"00:01:24:00";"00:01:26:19";"Deshalb brauchen wir

eine rechtssichere LÈosung."
"64";"00:01:26:21";"00:01:26:21";"FABstd Deshalb dürfen wir nicht wieder( ( miÊT"
"65";"00:01:26:21";"00:01:26:21";"FABst6t dem Strafrecht drohen.ÿÿ+Æô"
"66";"00:01:26:21";"00:01:30:07";"Deshalb dÈurfen wir nicht wieder

mit dem Strafrecht drohen."
"67";"00:01:30:09";"00:01:30:09";"FABstd Den Abgeordneten, die den zweiten( ( ¸"
"68";"00:01:30:09";"00:01:30:09";"FABst4Entwurf unterstützten,ÿÿ-H"
"69";"00:01:30:09";"00:01:33:16";"Den Abgeordneten, die den zweiten

Entwurf unterstÈutzten,"
"70";"00:01:33:18";"00:01:33:18";"FABstdwaren strafrechtliche Konsequenzen( ( $"
"71";"00:01:33:18";"00:01:33:18";"FABst* aber wichtig.ÿÿ7¥â"
"72";"00:01:33:18";"00:01:36:13";"waren strafrechtliche Konsequenzen

aber wichtig."
"73";"00:01:36:21";"00:01:36:21";"FABstd Psychisch kranke Menschen,( ( die uqØ"
"74";"00:01:36:21";"00:01:36:21";"FABst0nter Druck stehen ...9¸ú"
"75";"00:01:36:21";"00:01:40:00";"Psychisch kranke Menschen,

die unter Druck stehen ..."
"76";"00:01:40:02";"00:01:40:02";"FABstd Behinderte Menschen,( ( Menschen iCB"
"77";"00:01:40:02";"00:01:40:02";"FABst8n Ausnahmesituationen ...1ô<"
"78";"00:01:40:02";"00:01:43:12";"Behinderte Menschen,

Menschen in Ausnahmesituationen ..."
"79";"00:01:43:14";"00:01:43:14";"FABstdDiesen Menschen ist die Gesellschaft( ( Ô"
"80";"00:01:43:14";"00:01:43:14";"FABst> ihren Schutz schuldig.ÿÿ#"
"81";"00:01:43:14";"00:01:47:22";"Diesen Menschen ist die Gesellschaft

ihren Schutz schuldig."
"82";"00:01:50:04";"00:01:50:04";"FABstH Diesen Schutz kann man nurÿÿ"
"83";"00:01:50:04";"00:01:52:07";"Diesen Schutz kann man nur"
"84";"00:01:52:09";"00:01:52:09";"FABstd mithilfe des Strafrechts( ("
"85";"00:01:52:09";"00:01:52:09";"FABst"gewährleisten.ÿÿ?9"
"86";"00:01:52:09";"00:01:55:07";"mithilfe des Strafrechts

gewÈahrleisten."
"87";"00:01:55:18";"00:01:55:18";"FABstP Auch dieser Vorschlag fiel durch.ÿÿ­0"
"88";"00:01:55:18";"00:01:57:23";"Auch dieser Vorschlag fiel durch."
"89";"00:01:58:00";"00:01:58:00";"FABst d Die Abgeordneten( ( scheiterD"
"90";"00:01:58:00";"00:01:58:00";"FABst$ten am Versuch,ÿÿ=ç2"
"91";"00:01:58:00";"00:02:00:11";"Die Abgeordneten

scheiterten am Versuch,"
"92";"00:02:00:13";"00:02:00:13";"FABst!d Suizidhilfe nach den Maßgaben( ( des åZ"
"93";"00:02:00:13";"00:02:00:13";"FABst8Bundesverfassungsgerichtsÿÿ)«"
"94";"00:02:00:13";"00:02:03:24";"Suizidhilfe nach den Maûgaben

des Bundesverfassungsgerichts"
"95";"00:02:04:01";"00:02:04:01";"FABst"< zu regulieren.ÿÿ!Çb"
"96";"00:02:04:01";"00:02:05:05";"zu regulieren."
"97";"00:02:05:07";"00:02:05:07";"FABst#d Die Vorsitzende( ( des Deutschen (>"
"98";"00:02:05:07";"00:02:05:07";"FABst*Ethikrats fordert,ÿÿ7Ï"
"99";"00:02:05:07";"00:02:08:03";"Die Vorsitzende

des Deutschen Ethikrats fordert,"
"100";"00:02:08:05";"00:02:08:05";"FABst$N dass sie es noch einmal angehen.ÿÿ¤"
"101";"00:02:08:05";"00:02:10:03";"dass sie es noch einmal angehen."
"102";"00:02:10:05";"00:02:10:05";"FABst%d Patientinnen und Patienten,( ( ü"
"103";"00:02:10:05";"00:02:10:05";"FABst*die Einrichtungen,?ØÒ"
"104";"00:02:10:05";"00:02:13:03";"Patientinnen und Patienten,

die Einrichtungen,"
"105";"00:02:13:05";"00:02:13:05";"FABst&d Ärztinnen und Ärzte( ( wünschen s."
"106";"00:02:13:05";"00:02:13:05";"FABst0ich Rechtssicherheit.9°"
"107";"00:02:13:05";"00:02:16:18";"ÈArztinnen und ÈArzte

wÈunschen sich Rechtssicherheit."
"108";"00:02:16:20";"00:02:16:20";"FABst'F Es ist jetzt ungeregelt.ÿÿ§F"
"109";"00:02:16:20";"00:02:18:16";"Es ist jetzt ungeregelt."
"110";"00:02:18:21";"00:02:18:21";"FABst(d Wir wissen nicht,( ( was wir tuntt"
"111";"00:02:18:21";"00:02:18:21";"FABst. können, tun sollen.ÿÿ3<&"
"112";"00:02:18:21";"00:02:21:24";"Wir wissen nicht,

was wir tun kÈonnen, tun sollen."
"113";"00:02:22:01";"00:02:22:01";"FABst)d Da wünschen sich viele,( ( dass man¤>"
"114";"00:02:22:01";"00:02:22:01";"FABst4 das noch mal versucht.ÿÿ-ÞP"
"115";"00:02:22:01";"00:02:26:14";"Da wÈunschen sich viele,

dass man das noch mal versucht."
"116";"00:02:27:14";"00:02:27:14";"FABst*d Dem Bundesgesundheitsminister( ( gaben K"
"117";"00:02:27:14";"00:02:27:14";"FABst<die Abgeordneten heute auf,ÿÿ%§X"
"118";"00:02:27:14";"00:02:31:09";"Dem Bundesgesundheitsminister

gaben die Abgeordneten heute auf,"
"119";"00:02:31:11";"00:02:31:11";"FABst+P die Suizid-Vorbeugung auszubauen.ÿÿ×X"
"120";"00:02:31:11";"00:02:33:12";"die Suizid-Vorbeugung auszubauen."
"121";"00:02:33:18";"00:02:33:18";"FABst,d Am Aktionsplan Suizidprävention( ( þê"
"122";"00:02:33:18";"00:02:33:18";"FABst, wird gearbeitet.=Õn"
"123";"00:02:33:18";"00:02:37:02";"Am Aktionsplan SuizidprÈavention

wird gearbeitet."
"124";"00:02:37:05";"00:02:37:05";"FABst-d Ich glaube, dass wir nach der( ( SommerYV"
"125";"00:02:37:05";"00:02:37:05";"FABst>pause etwas vorlegen können.+}è"
"126";"00:02:37:05";"00:02:41:14";"Ich glaube, dass wir nach der

Sommerpause etwas vorlegen kÈonnen."
"127";"00:02:41:16";"00:02:41:16";"FABst.d Die Anregungen( ( durch den heS:"
"128";"00:02:41:16";"00:02:41:16";"FABst6ute beschlossenen Antragÿÿ+Çj"
"129";"00:02:41:16";"00:02:45:09";"Die Anregungen

durch den heute beschlossenen Antrag"
"130";"00:02:45:11";"00:02:45:11";"FABst/D werden wir aufnehmen.ÿÿ®Ö"
"131";"00:02:45:11";"00:02:47:07";"werden wir aufnehmen."
"132";"00:02:48:21";"00:02:48:21";"FABst0d Rechtsunsicherheit ( ( bei $"
"133";"00:02:48:21";"00:02:48:21";"FABst$der Suizidhilfeÿÿ=ñ®"
"134";"00:02:48:21";"00:02:51:06";"Rechtsunsicherheit

bei der Suizidhilfe"
"135";"00:02:51:08";"00:02:51:08";"FABst1H fürchtet Lauterbach nicht.ÿÿj("
"136";"00:02:51:08";"00:02:53:01";"fÈurchtet Lauterbach nicht."
"137";"00:02:53:03";"00:02:53:03";"FABst2d Denn in Zweifelsfällen( ( könnten diX"
"138";"00:02:53:03";"00:02:53:03";"FABst4e Gerichte entscheiden.ÿÿ-øê"
"139";"00:02:53:03";"00:02:56:17";"Denn in ZweifelsfÈallen

kÈonnten die Gerichte entscheiden."
"140";"00:02:58:18";"00:02:58:18";"FABst3d Er fühlt sich( ( gefangen inèB"
"141";"00:02:58:18";"00:02:58:18";"FABst& seinem Körper -C!"
"142";"00:02:58:18";"00:03:01:03";"Er fÈuhlt sich

gefangen in seinem KÈorper -"
"143";"00:03:01:05";"00:03:01:05";"FABst4d das sagt Harald Mayer( ( übú"
"144";"00:03:01:05";"00:03:01:05";"FABst$er sich selbst.E®ú"
"145";"00:03:01:05";"00:03:03:14";"das sagt Harald Mayer

Èuber sich selbst."
"146";"00:03:03:16";"00:03:03:16";"FABst5F Er hat Multiple SkleroseÿÿÁ"
"147";"00:03:03:16";"00:03:05:03";"Er hat Multiple Sklerose"
"148";"00:03:05:05";"00:03:05:05";"FABst6d und kann sich vom Hals abwärts( ( âø"
"149";"00:03:05:05";"00:03:05:05";"FABst,nicht mehr bewegen.ÿÿ5É"
"150";"00:03:05:05";"00:03:08:03";"und kann sich vom Hals abwÈarts

nicht mehr bewegen."
"151";"00:03:08:05";"00:03:08:05";"FABst7J Früher war er Feuerwehrmann.ÿÿ$"
"152";"00:03:08:05";"00:03:10:00";"FrÈuher war er Feuerwehrmann."
"153";"00:03:10:06";"00:03:10:06";"FABst8: Das bin ich.ÿÿ#¸¶"
"154";"00:03:10:06";"00:03:11:13";"Das bin ich."
"155";"00:03:12:10";"00:03:12:10";"FABst9d Wenn sich sein Zustand( ( weite"
"156";"00:03:12:10";"00:03:12:10";"FABst(r verschlechtert,ÿÿ9"
"157";"00:03:12:10";"00:03:15:03";"Wenn sich sein Zustand

weiter verschlechtert,"
"158";"00:03:15:05";"00:03:15:05";"FABst:d würde der 52-Jährige( ( gerne SterbZø"
"159";"00:03:15:05";"00:03:15:05";"FABst:ehilfe in Anspruch nehmen.ÿÿ'×\"
"160";"00:03:15:05";"00:03:18:15";"wÈurde der 52-JÈahrige

gerne Sterbehilfe in Anspruch nehmen."
"161";"00:03:18:17";"00:03:18:17";"FABst;dDass heute dazu kein Gesetzentwurf( ( uED"
"162";"00:03:18:17";"00:03:18:17";"FABst8nd keine Beratungspflichtÿÿ)¹:"
"163";"00:03:18:17";"00:03:22:07";"Dass heute dazu kein Gesetzentwurf

und keine Beratungspflicht"
"164";"00:03:22:09";"00:03:22:09";"FABst<d verabschiedet wurde,( ( sieh$"
"165";"00:03:22:09";"00:03:22:09";"FABst"t er positiv. ÿÿ?ó<u>"
"166";"00:03:22:09";"00:03:24:16";"verabschiedet wurde,

sieht er positiv."
"167";"00:03:25:03";"00:03:25:03";"FABst=B So ist es am besten.ÿÿï~"
"168";"00:03:25:03";"00:03:26:18";"So ist es am besten."
"169";"00:03:28:06";"00:03:28:06";"FABst>d Ich habe mich schon( ( über zwanzi«0"
"170";"00:03:28:06";"00:03:28:06";"FABst2g Jahre damit befasst.7Á\"
"171";"00:03:28:06";"00:03:32:00";"Ich habe mich schon

Èuber zwanzig Jahre damit befasst."
"172";"00:03:32:05";"00:03:32:05";"FABst?NIch brauche keine Beratung mehr.Ñ"
"173";"00:03:32:05";"00:03:34:10";"Ich brauche keine Beratung mehr."
"174";"00:03:34:17";"00:03:34:17";"FABst@< So ist es gut.ÿÿ!·"
"175";"00:03:34:17";"00:03:36:01";"So ist es gut."
"176";"00:03:37:04";"00:03:37:04";"FABstAN Harald Mayer fordert seit Jahrenÿÿøâ"
"177";"00:03:37:04";"00:03:39:06";"Harald Mayer fordert seit Jahren"
"178";"00:03:39:08";"00:03:39:08";"FABstBd die Herausgabe eines( ( bestimmten FZ"
"179";"00:03:39:08";"00:03:39:08";"FABst8Mittels zur Selbsttötung:ÿÿ)P"
"180";"00:03:39:08";"00:03:42:16";"die Herausgabe eines

bestimmten Mittels zur SelbsttÈotung:"
"181";"00:03:42:18";"00:03:42:18";"FABstC< Pentobarbital.ÿÿ!Ö,"
"182";"00:03:42:18";"00:03:43:21";"Pentobarbital."
"183";"00:03:43:23";"00:03:43:23";"FABstDL Deswegen ging er vor Gericht.ÿÿãê"
"184";"00:03:43:23";"00:03:45:19";"Deswegen ging er vor Gericht."
"185";"00:03:45:20";"00:03:45:20";"FABstEd In der Schweiz( ( darf das MitteY"
"186";"00:03:45:20";"00:03:45:20";"FABst2l verschrieben werden,ÿÿ/±>"
"187";"00:03:45:20";"00:03:48:19";"In der Schweiz

darf das Mittel verschrieben werden,"
"188";"00:03:48:21";"00:03:48:21";"FABstFD in Deutschland nicht.ÿÿÐ²"
"189";"00:03:48:21";"00:03:50:06";"in Deutschland nicht."
"190";"00:03:50:10";"00:03:50:10";"FABstGVDie Abstimmung im Bundestag bedeutet,ÿÿí²"
"191";"00:03:50:10";"00:03:52:19";"Die Abstimmung im Bundestag bedeutet,"
"192";"00:03:52:23";"00:03:52:23";"FABstHd dass bei der Suizidbeihilfe ( ( allesP"
"193";"00:03:52:23";"00:03:52:23";"FABst4 so bleibt, wie es ist.ÿÿ-ÝÒ"
"194";"00:03:52:23";"00:03:56:05";"dass bei der Suizidbeihilfe

alles so bleibt, wie es ist."
"195";"00:03:56:07";"00:03:56:07";"FABstId Das Bundesgesundheitsministerium ( ( will 22"
"196";"00:03:56:07";"00:03:56:07";"FABstBin den nächsten Wochen prüfen,ÿÿÒ^"
"197";"00:03:56:07";"00:04:00:07";"Das Bundesgesundheitsministerium

will in den nÈachsten Wochen prÈufen,"
"198";"00:04:00:09";"00:04:00:09";"FABstJd wie die Abgabe von Pentobarbital( ( g?D"
"199";"00:04:00:09";"00:04:00:09";"FABst2eregelt werden könnte.ÿÿ/5&"
"200";"00:04:00:09";"00:04:03:21";"wie die Abgabe von Pentobarbital

geregelt werden kÈonnte."
"201";"00:04:04:01";"00:04:04:01";"FABstKd Harald Mayer will das( ( notfalls vor."
"202";"00:04:04:01";"00:04:04:01";"FABst2 Gericht durchsetzen -ÿÿ/À"
"203";"00:04:04:01";"00:04:07:11";"Harald Mayer will das

notfalls vor Gericht durchsetzen -"
"204";"00:04:07:13";"00:04:07:13";"FABstLd und in jedem Fall( ( selbst über s<u>R"
"205";"00:04:07:13";"00:04:07:13";"FABst2einen Tod entscheiden.ÿÿ/"
"206";"00:04:07:13";"00:04:10:16";"und in jedem Fall

selbst Èuber seinen Tod entscheiden."
"207";"00:04:13:02";"00:04:13:02";"FABstM@ Das Heizungsgesetzÿÿ¨*"
"208";"00:04:13:02";"00:04:14:07";"Das Heizungsgesetz"
"209";"00:04:14:09";"00:04:14:09";"FABstNd wird doch erst nach( ( der SommerpM²"
"210";"00:04:14:09";"00:04:14:09";"FABst:ause im Bundestag beraten.ÿÿ'Êj"
"211";"00:04:14:09";"00:04:18:00";"wird doch erst nach

der Sommerpause im Bundestag beraten."
"212";"00:04:18:02";"00:04:18:02";"FABstOd Das Bundesverfassungsgericht( ( stopptes0"
"213";"00:04:18:02";"00:04:18:02";"FABst@ den Plan der Ampelkoalition,ÿÿ!¦"
"214";"00:04:18:02";"00:04:21:22";"Das Bundesverfassungsgericht

stoppte den Plan der Ampelkoalition,"
"215";"00:04:21:24";"00:04:21:24";"FABstPRmorgen darüber abstimmen zu lassen.ÿÿOÎ"
"216";"00:04:21:24";"00:04:24:06";"morgen darÈuber abstimmen zu lassen."
"217";"00:04:24:08";"00:04:24:08";"FABstQTDie Karlsruher Richter gaben gesternÿÿÞ¸"
"218";"00:04:24:08";"00:04:26:13";"Die Karlsruher Richter gaben gestern"
"219";"00:04:26:15";"00:04:26:15";"FABstRdeinem Eilantrag des CDU-Abgeordneten( ( A<u>"
"220";"00:04:26:15";"00:04:26:15";"FABst2 Heilmann statt:ÿÿ/X"
"221";"00:04:26:15";"00:04:30:02";"einem Eilantrag des CDU-Abgeordneten

Heilmann statt:"
"222";"00:04:30:04";"00:04:30:04";"FABstSdSeine Rechte würden durch den engen( ( Zei"
"223";"00:04:30:04";"00:04:30:04";"FABstBtplan möglicherweise verletzt.ÿÿcn"
"224";"00:04:30:04";"00:04:34:15";"Seine Rechte wÈurden durch den engen

Zeitplan mÈoglicherweise verletzt."
"225";"00:04:34:17";"00:04:34:17";"FABstTd Die Regierungsfraktionen( ( hatten utx"
"226";"00:04:34:17";"00:04:34:17";"FABst2mfangreiche Änderungenÿÿ/"
"227";"00:04:34:17";"00:04:37:22";"Die Regierungsfraktionen

hatten umfangreiche ÈAnderungen"
"228";"00:04:37:24";"00:04:37:24";"FABstUd an dem Gesetz( ( erst am Frei?Z"
"229";"00:04:37:24";"00:04:37:24";"FABst"tag vorgelegt.ÿÿ?ÿ"
"230";"00:04:37:24";"00:04:40:21";"an dem Gesetz

erst am Freitag vorgelegt."
"231";"00:04:42:19";"00:04:42:19";"FABstVd Unionschef Merz weiß,( ( bei wem erÇÊ"
"232";"00:04:42:19";"00:04:42:19";"FABst. sich bedanken muss.;æ"
"233";"00:04:42:19";"00:04:45:24";"Unionschef Merz weiû,

bei wem er sich bedanken muss."
"234";"00:04:46:01";"00:04:46:01";"FABstWd Schließlich zog Thomas Heilmann ( ( vor dü"
"235";"00:04:46:01";"00:04:46:01";"FABst<as Bundesverfassungsgericht-ÿ"
"236";"00:04:46:01";"00:04:49:21";"Schlieûlich zog Thomas Heilmann

vor das Bundesverfassungsgericht"
"237";"00:04:49:23";"00:04:49:23";"FABstXd und hat so das Heizungsgesetz( ( zVr"
"238";"00:04:49:23";"00:04:49:23";"FABst0umindest ausgebremst.ÿÿ1</i>T"
"239";"00:04:49:23";"00:04:53:03";"und hat so das Heizungsgesetz

zumindest ausgebremst."
"240";"00:04:53:05";"00:04:53:05";"FABstYd Dem Berliner CDU-Abgeordneten( ( xF"
"241";"00:04:53:05";"00:04:53:05";"FABst0geht es aber um mehr.ÿÿ1Ô"
"242";"00:04:53:05";"00:04:56:07";"Dem Berliner CDU-Abgeordneten

geht es aber um mehr."
"243";"00:04:56:09";"00:04:56:09";"FABstZdEr bemängelt, dass die Abgeordneten( ( z·"
"244";"00:04:56:09";"00:04:56:09";"FABst<u oft zu wenig Zeit hätten,-5"
"245";"00:04:56:09";"00:05:00:03";"Er bemÈangelt, dass die Abgeordneten

zu oft zu wenig Zeit hÈatten,"
"246";"00:05:00:06";"00:05:00:06";"FABst[d um sich mit allen Details( ( einesIº"
"247";"00:05:00:06";"00:05:00:06";"FABst2 Gesetzes zu befassen.ÿÿ/Öh"
"248";"00:05:00:06";"00:05:03:09";"um sich mit allen Details

eines Gesetzes zu befassen."
"249";"00:05:03:19";"00:05:03:19";"FABst\d Wir sind nicht nur dafür da,( ( die Ha£â"
"250";"00:05:03:19";"00:05:03:19";"FABst>nd zu heben und abzustimmen.+´"
"251";"00:05:03:19";"00:05:08:07";"Wir sind nicht nur dafÈur da,

die Hand zu heben und abzustimmen."
"252";"00:05:08:09";"00:05:08:09";"FABst]d Wir sind auch dazu da,( ( sich um dij"
"253";"00:05:08:09";"00:05:08:09";"FABst4ese Details zu kümmern.5'ä"
"254";"00:05:08:09";"00:05:11:16";"Wir sind auch dazu da,

sich um diese Details zu kÈummern."
"255";"00:05:11:18";"00:05:11:18";"FABst^H Dafür werden wir bezahlt.ÿÿ)Ü"
"256";"00:05:11:18";"00:05:13:08";"DafÈur werden wir bezahlt."
"257";"00:05:13:10";"00:05:13:10";"FABst_d Beim Heizungsgesetz( ( rät Heö"
"258";"00:05:13:10";"00:05:13:10";"FABst(ilmann der Ampel:ÿÿ9éª"
"259";"00:05:13:10";"00:05:16:00";"Beim Heizungsgesetz

rÈat Heilmann der Ampel:"
"260";"00:05:16:11";"00:05:16:11";"FABst`d Experten noch mal fragen,( ( AusschussG¼"
"261";"00:05:16:11";"00:05:16:11";"FABst4 noch mal tagen lassen,ÿÿ-Íz"
"262";"00:05:16:11";"00:05:20:00";"Experten noch mal fragen,

Ausschuss noch mal tagen lassen,"
"263";"00:05:20:02";"00:05:20:02";"FABstad dann hätte man die( ( formellen V¾P"
"264";"00:05:20:02";"00:05:20:02";"FABst4oraussetzungen erfüllt.ÿÿ-t"
"265";"00:05:20:02";"00:05:23:13";"dann hÈatte man die

formellen Voraussetzungen erfÈullt."
"266";"00:05:24:01";"00:05:24:01";"FABstbRDas Verfahren noch mal aufschnüren?ÿÿkô"
"267";"00:05:24:01";"00:05:26:12";"Das Verfahren noch mal aufschnÈuren?"
"268";"00:05:26:14";"00:05:26:14";"FABstcd Das wollen weder Grüne( ( nocÐÜ"
"269";"00:05:26:14";"00:05:26:14";"FABst$h SPD oder FDP.ÿÿ=~"
"270";"00:05:26:14";"00:05:29:11";"Das wollen weder GrÈune

noch SPD oder FDP."
"271";"00:05:30:04";"00:05:30:04";"FABstdd Nach der Sommerpause soll( ( übe6"
"272";"00:05:30:04";"00:05:30:04";"FABst.r das fertige Gesetzÿÿ3<i>."
"273";"00:05:30:04";"00:05:33:07";"Nach der Sommerpause soll

Èuber das fertige Gesetz"
"274";"00:05:33:09";"00:05:33:09";"FABsteP debattiert und abgestimmt werden.ÿÿb"
"275";"00:05:33:09";"00:05:35:17";"debattiert und abgestimmt werden."
"276";"00:05:35:19";"00:05:35:19";"FABstfPDas soll Planungssicherheit geben.ÿÿÛ"
"277";"00:05:35:19";"00:05:38:03";"Das soll Planungssicherheit geben."
"278";"00:05:39:00";"00:05:39:00";"FABstgVDamit wollen wir den Menschen sagen:ÙÂ"
"279";"00:05:39:00";"00:05:41:09";"Damit wollen wir den Menschen sagen:"
"280";"00:05:41:10";"00:05:41:10";"FABsthdIhr könnt euch darauf einstellen, ( ( Unt"
"281";"00:05:41:10";"00:05:41:10";"FABstDernehmerinnen, Handwerkerinnen,%p"
"282";"00:05:41:10";"00:05:45:14";"Ihr kÈonnt euch darauf einstellen,

Unternehmerinnen, Handwerkerinnen,"
"283";"00:05:45:16";"00:05:45:16";"FABstid Heizungsbauerinnen,( ( Immobil~"
"284";"00:05:45:16";"00:05:45:16";"FABst*ien-Besitzerinnen:ÿÿ7Ã"
"285";"00:05:45:16";"00:05:49:00";"Heizungsbauerinnen,

Immobilien-Besitzerinnen:"
"286";"00:05:49:02";"00:05:49:02";"FABstjd Die fragen sich,( ( welche HeizuJ¨"
"287";"00:05:49:02";"00:05:49:02";"FABst4ng sie einbauen sollen.ÿÿ-n"
"288";"00:05:49:02";"00:05:52:02";"Die fragen sich,

welche Heizung sie einbauen sollen."
"289";"00:05:52:07";"00:05:52:07";"FABstkTDer FDP-Fraktionsvorsitzende betont:ÿÿçz"
"290";"00:05:52:07";"00:05:54:17";"Der FDP-Fraktionsvorsitzende betont:"
"291";"00:05:54:19";"00:05:54:19";"FABstld Ihm sei nie( ( um Schnelligk"
"292";"00:05:54:19";"00:05:54:19";"FABst eit gegangen,ÿÿAþv"
"293";"00:05:54:19";"00:05:57:04";"Ihm sei nie

um Schnelligkeit gegangen,"
"294";"00:05:57:06";"00:05:57:06";"FABstmJ sondern um ein gutes Gesetz.ÿÿ<i>"
"295";"00:05:57:06";"00:05:59:00";"sondern um ein gutes Gesetz."
"296";"00:05:59:03";"00:05:59:03";"FABstnd Das sei( ( mit den ÄnderungÊ"
"297";"00:05:59:03";"00:05:59:03";"FABsten der Fall.ÿÿCÁd"
"298";"00:05:59:03";"00:06:01:08";"Das sei

mit den ÈAnderungen der Fall."
"299";"00:06:01:10";"00:06:01:10";"FABstod Die FDP würde dazu( ( auch nach de
¬"
"300";"00:06:01:10";"00:06:01:10";"FABst0r Sommerpause stehen.ÿÿ1èN"
"301";"00:06:01:10";"00:06:04:13";"Die FDP wÈurde dazu

auch nach der Sommerpause stehen."
"302";"00:06:05:09";"00:06:05:09";"FABstpd Wir haben den Gesetzentwurf( ( jV"
"303";"00:06:05:09";"00:06:05:09";"FABst.a schon beschlossen,;®"
"304";"00:06:05:09";"00:06:08:09";"Wir haben den Gesetzentwurf

ja schon beschlossen,"
"305";"00:06:08:11";"00:06:08:11";"FABstqNinsofern gibt es keinen Zweifel.³¨"
"306";"00:06:08:11";"00:06:10:09";"insofern gibt es keinen Zweifel."
"307";"00:06:10:16";"00:06:10:16";"FABstrd Einfach mehr Lesezeit( ( für Ìæ"
"308";"00:06:10:16";"00:06:10:16";"FABst(die Abgeordneten ÿÿ9¸¾"
"309";"00:06:10:16";"00:06:13:05";"Einfach mehr Lesezeit

fÈur die Abgeordneten"
"310";"00:06:13:07";"00:06:13:07";"FABstsF reicht der Union nicht.ÿÿf"
"311";"00:06:13:07";"00:06:14:18";"reicht der Union nicht."
"312";"00:06:15:03";"00:06:15:03";"FABsttB Es gibt allen Grund,#äê"
"313";"00:06:15:03";"00:06:16:15";"Es gibt allen Grund,"
"314";"00:06:16:17";"00:06:16:17";"FABstud dieses Gesetz( ( inhaltlich s>¼"
"315";"00:06:16:17";"00:06:16:17";"FABst(auber zu beraten.AºV"
"316";"00:06:16:17";"00:06:19:13";"dieses Gesetz

inhaltlich sauber zu beraten."
"317";"00:06:19:15";"00:06:19:15";"FABstvdDie Einwände der Sachverständigen( ( pº"
"318";"00:06:19:15";"00:06:19:15";"FABst. ernst zu nehmen.ÿÿ3ª"
"319";"00:06:19:15";"00:06:22:14";"Die EinwÈande der SachverstÈandigen

ernst zu nehmen."
"320";"00:06:22:16";"00:06:22:16";"FABstwd Die Union will( ( einen Neustart 2"
"321";"00:06:22:16";"00:06:22:16";"FABst.beim Heizungsgesetz.ÿÿ3Öp"
"322";"00:06:22:16";"00:06:25:15";"Die Union will

einen Neustart beim Heizungsgesetz."
"323";"00:06:25:17";"00:06:25:17";"FABstxd Schon morgen will sie darüber ( ( im BunÈt"
"324";"00:06:25:17";"00:06:25:17";"FABst:destag debattieren lassen.ÿÿ'¯""
"325";"00:06:25:17";"00:06:29:05";"Schon morgen will sie darÈuber

im Bundestag debattieren lassen."
"326";"00:06:29:23";"00:06:29:23";"FABstydTina Hassel in Berlin, wie geht die( ( KoalM@"
"327";"00:06:29:23";"00:06:29:23";"FABstDition mit dieser Niederlage um?ÿÿ¤<"
"328";"00:06:29:23";"00:06:34:03";"Tina Hassel in Berlin, wie geht die

Koalition mit dieser Niederlage um?"
"329";"00:06:35:13";"00:06:35:13";"FABstzd Heute war deutlich zu spüren,( ( À"
"330";"00:06:35:13";"00:06:35:13";"FABst,wie sehr die Ampel="
"331";"00:06:35:13";"00:06:38:11";"Heute war deutlich zu spÈuren,

wie sehr die Ampel"
"332";"00:06:38:13";"00:06:38:13";"FABst{d durch die Eilentscheidung( ( aus KarlLÎ"
"333";"00:06:38:13";"00:06:38:13";"FABst:sruhe kalt erwischt wurde./ü~"
"334";"00:06:38:13";"00:06:42:02";"durch die Eilentscheidung

aus Karlsruhe kalt erwischt wurde."
"335";"00:06:42:04";"00:06:42:04";"FABst|d Entsprechend wortreich( ( versucht7Ê"
"336";"00:06:42:04";"00:06:42:04";"FABst>en sich die Fraktionsspitzenÿÿ#"
"337";"00:06:42:04";"00:06:45:15";"Entsprechend wortreich

versuchten sich die Fraktionsspitzen"
"338";"00:06:45:17";"00:06:45:17";"FABst}d der drei Regierungsparteien ( ( heute{f"
"339";"00:06:45:17";"00:06:45:17";"FABst4 in Schadensbegrenzung.ÿÿ-çÞ"
"340";"00:06:45:17";"00:06:48:23";"der drei Regierungsparteien

heute in Schadensbegrenzung."
"341";"00:06:49:00";"00:06:49:00";"FABst~d Man nehme den Weckruf( ( aus"
"342";"00:06:49:00";"00:06:49:00";"FABst& Karlsruhe ernstÿÿ;Ã¸"
"343";"00:06:49:00";"00:06:51:11";"Man nehme den Weckruf

aus Karlsruhe ernst"
"344";"00:06:51:13";"00:06:51:13";"FABstd und werde das Parlament ( ( künftiþ|"
"345";"00:06:51:13";"00:06:51:13";"FABst.g früher beteiligen.ÿÿ38Ø"
"346";"00:06:51:13";"00:06:54:12";"und werde das Parlament

kÈunftig frÈuher beteiligen."
"347";"00:06:54:15";"00:06:54:15";"FABst<i>d Das umstrittene Gesetz selbst( ( werdeï"
"348";"00:06:54:15";"00:06:54:15";"FABstB aber nicht mehr aufgeschnürt.ÿÿ|"
"349";"00:06:54:15";"00:06:58:09";"Das umstrittene Gesetz selbst

werde aber nicht mehr aufgeschnÈurt."
"350";"00:06:58:11";"00:06:58:11";"FABst</i>dAuch eine weitere Ausschussbefassung( ( å"
"351";"00:06:58:11";"00:06:58:11";"FABst< sei nicht mehr nötig.ÿÿ%"
"352";"00:06:58:11";"00:07:01:22";"Auch eine weitere Ausschussbefassung

sei nicht mehr nÈotig."
"353";"00:07:01:24";"00:07:01:24";"FABst<u>d Das ist nicht nur eine Absage ( ( an diª"
"354";"00:07:01:24";"00:07:01:24";"FABst8e Union, die das fordert.ÿÿ)ªT"
"355";"00:07:01:24";"00:07:05:11";"Das ist nicht nur eine Absage

an die Union, die das fordert."
"356";"00:07:05:13";"00:07:05:13";"FABst</u>d Sondern auch ein Stoppschild( ( an j²Ú"
"357";"00:07:05:13";"00:07:05:13";"FABst2ene FDP-Abgeordneten, ÿÿ/áò"
"358";"00:07:05:13";"00:07:08:19";"Sondern auch ein Stoppschild

an jene FDP-Abgeordneten,"
"359";"00:07:08:22";"00:07:08:22";"FABstd die weitere grundlegende( ( Ände®"
"360";"00:07:08:22";"00:07:08:22";"FABst*rungen forderten. ÿÿ7¬b"
"361";"00:07:08:22";"00:07:11:16";"die weitere grundlegende

ÈAnderungen forderten."
"362";"00:07:11:18";"00:07:11:18";"FABstdDie gegenseitigen Schuldzuweisungen( ( ïö"
"363";"00:07:11:18";"00:07:11:18";"FABst< zwischen FDP und Grünen,ÿÿ%NP"
"364";"00:07:11:18";"00:07:15:06";"Die gegenseitigen Schuldzuweisungen

zwischen FDP und GrÈunen,"
"365";"00:07:15:08";"00:07:15:08";"FABstd wer die Verantwortung( ( für das De~¬"
"366";"00:07:15:08";"00:07:15:08";"FABst.bakel trägt, zeigen:ÿÿ3lØ"
"367";"00:07:15:08";"00:07:18:10";"wer die Verantwortung

fÈur das Debakel trÈagt, zeigen:"
"368";"00:07:18:12";"00:07:18:12";"FABstd Das Klima in der Regierung( ( ist ÌÈ"
"369";"00:07:18:12";"00:07:18:12";"FABst.destruktiv geworden.ÿÿ3ø"
"370";"00:07:18:12";"00:07:21:14";"Das Klima in der Regierung

ist destruktiv geworden."
"371";"00:07:21:16";"00:07:21:16";"FABstd Dass die Regierung( ( krachend da¹ "
"372";"00:07:21:16";"00:07:21:16";"FABst.mit gescheitert ist,ÿÿ3£Ð"
"373";"00:07:21:16";"00:07:24:15";"Dass die Regierung

krachend damit gescheitert ist,"
"374";"00:07:24:17";"00:07:24:17";"FABstd ein Gesetz im Eilverfahren( ( durch dùP"
"375";"00:07:24:17";"00:07:24:17";"FABst6as Parlament zu bringen,ÿÿ+Æê"
"376";"00:07:24:17";"00:07:28:03";"ein Gesetz im Eilverfahren

durch das Parlament zu bringen,"
"377";"00:07:28:05";"00:07:28:05";"FABst
Rfällt auch auf den Kanzler zurück.ÿÿ4"
"378";"00:07:28:05";"00:07:30:07";"fÈallt auch auf den Kanzler zurÈuck."
"379";"00:07:30:09";"00:07:30:09";"FABstTOlaf Scholz und der BundesregierungÿÿeL"
"380";"00:07:30:09";"00:07:32:13";"Olaf Scholz und der Bundesregierung"
"381";"00:07:32:15";"00:07:32:15";"FABstd dürfte ein( ( unruhiger Sommh"
"382";"00:07:32:15";"00:07:32:15";"FABst$er bevorstehen.ÿÿ=<i>0"
"383";"00:07:32:15";"00:07:34:24";"dÈurfte ein

unruhiger Sommer bevorstehen."
"384";"00:07:39:04";"00:07:39:04";"FABstd Eine mutmaßliche( ( islamisti4¾"
"385";"00:07:39:04";"00:07:39:04";"FABst&sche Terrorzelleÿÿ; "
"386";"00:07:39:04";"00:07:41:22";"Eine mutmaûliche

islamistische Terrorzelle"
"387";"00:07:41:24";"00:07:41:24";"FABstF ist in NRW aufgeflogen.ÿÿo¤"
"388";"00:07:41:24";"00:07:43:13";"ist in NRW aufgeflogen."
"389";"00:07:43:15";"00:07:43:15";"FABstd Sieben Männer aus Tadschikistan,( ( Ki3H"
"390";"00:07:43:15";"00:07:43:15";"FABst6rgistan und Turkmenistanÿÿ+Ä@"
"391";"00:07:43:15";"00:07:48:07";"Sieben MÈanner aus Tadschikistan,

Kirgistan und Turkmenistan"
"392";"00:07:48:09";"00:07:48:09";"FABstH wurden heute festgenommen.ÿÿ|ü"
"393";"00:07:48:09";"00:07:50:05";"wurden heute festgenommen."
"394";"00:07:50:07";"00:07:50:07";"FABstJ Sie gelten als Unterstützerÿÿ>"
"395";"00:07:50:07";"00:07:52:01";"Sie gelten als UnterstÈutzer"
"396";"00:07:52:03";"00:07:52:03";"FABstd der Terrororganisation( ( Isl¾"
"397";"00:07:52:03";"00:07:52:03";"FABst$amischer Staat.ÿÿ=£@"
"398";"00:07:52:03";"00:07:54:16";"der Terrororganisation

Islamischer Staat."
"399";"00:07:54:18";"00:07:54:18";"FABstd Ihnen wird vorgeworfen, eine( ( terroriÈL"
"400";"00:07:54:18";"00:07:54:18";"FABst@stische Vereinigung gegründetÿÿ!^¾"
"401";"00:07:54:18";"00:07:58:12";"Ihnen wird vorgeworfen, eine

terroristische Vereinigung gegrÈundet"
"402";"00:07:58:14";"00:07:58:14";"FABstN und Anschläge geplant zu haben.ÿÿ¶¨"
"403";"00:07:58:14";"00:08:00:17";"und AnschlÈage geplant zu haben."
"404";"00:08:00:19";"00:08:00:19";"FABstd Gegen vier der Verdächtigen( ( wurd8"
"405";"00:08:00:19";"00:08:00:19";"FABst4e Haftbefehl erlassen. ÿÿ-µ|"
"406";"00:08:00:19";"00:08:03:24";"Gegen vier der VerdÈachtigen

wurde Haftbefehl erlassen."
"407";"00:08:04:01";"00:08:04:01";"FABstd Die drei anderen sollen morgen dem( ( Ermið"
"408";"00:08:04:01";"00:08:04:01";"FABstHttlungsrichter vorgeführt werden.ÿÿ¾"
"409";"00:08:04:01";"00:08:08:16";"Die drei anderen sollen morgen dem

Ermittlungsrichter vorgefÈuhrt werden."
"410";"00:08:10:12";"00:08:10:12";"FABstd Bei russischen Raketenangriffen( ( é&"
"411";"00:08:10:12";"00:08:10:12";"FABst2auf ukrainische Städteÿÿ/J"
"412";"00:08:10:12";"00:08:13:20";"Bei russischen Raketenangriffen

auf ukrainische StÈadte"
"413";"00:08:13:22";"00:08:13:22";"FABstd sind mindestens sieben Menschen( ( getör"
"414";"00:08:13:22";"00:08:13:22";"FABst<tet und 50 verletzt worden.ÿÿ%ÒZ"
"415";"00:08:13:22";"00:08:17:17";"sind mindestens sieben Menschen

getÈotet und 50 verletzt worden."
"416";"00:08:17:19";"00:08:17:19";"FABstd Bei einem schweren Luftschlag( ( T"
"417";"00:08:17:19";"00:08:17:19";"FABst.im Zentrum von Lwiwÿÿ3Â""
"418";"00:08:17:19";"00:08:20:15";"Bei einem schweren Luftschlag

im Zentrum von Lwiw"
"419";"00:08:20:17";"00:08:20:17";"FABstd fernab der Front( ( starben Þ^"
"420";"00:08:20:17";"00:08:20:17";"FABst"fünf Menschen.ÿÿ?YN"
"421";"00:08:20:17";"00:08:23:02";"fernab der Front

starben fÈunf Menschen."
"422";"00:08:23:04";"00:08:23:04";"FABstd Die Stadt( ( liegt im WestenÛ"
"423";"00:08:23:04";"00:08:23:04";"FABst der Ukraine,ÿÿA,"
"424";"00:08:23:04";"00:08:25:20";"Die Stadt

liegt im Westen der Ukraine,"
"425";"00:08:25:22";"00:08:25:22";"FABstd 60 km von der polnischen Grenze( ( ^"
"426";"00:08:25:22";"00:08:25:22";"FABst& entfernt.ÿÿ;êd"
"427";"00:08:25:22";"00:08:29:06";"60 km von der polnischen Grenze

entfernt."
"428";"00:08:30:15";"00:08:30:15";"FABstdIn Lwiw haben viele Menschen aus dem( ( umkÖ"
"429";"00:08:30:15";"00:08:30:15";"FABstHämpften Osten Zuflucht gefunden. ÿÿÂ"
"430";"00:08:30:15";"00:08:36:12";"In Lwiw haben viele Menschen aus dem

umkÈampften Osten Zuflucht gefunden."
"431";"00:08:38:14";"00:08:38:14";"FABstH Der Moment des Einschlags.Ú"
"432";"00:08:38:14";"00:08:40:05";"Der Moment des Einschlags."
"433";"00:08:40:07";"00:08:40:07";"FABst< * Explosion *)>"
"434";"00:08:40:07";"00:08:41:11";"* Explosion *"
"435";"00:08:41:14";"00:08:41:14";"FABst TFestgehalten von einem Paar in Lwiw.:("
"436";"00:08:41:14";"00:08:44:01";"Festgehalten von einem Paar in Lwiw."
"437";"00:08:44:05";"00:08:44:05";"FABst¡d Die russischen Raketenangriffe( ( der Nac¨"
"438";"00:08:44:05";"00:08:44:05";"FABst>ht zählen zu den heftigsten,ÿÿ#,ð"
"439";"00:08:44:05";"00:08:48:03";"Die russischen Raketenangriffe

der Nacht zÈahlen zu den heftigsten,"
"440";"00:08:48:05";"00:08:48:05";"FABst¢d die die Stadt seit( ( Beginn des Aòz"
"441";"00:08:48:05";"00:08:48:05";"FABst8ngriffskriegs erlebt hat.ÿÿ)ÇB"
"442";"00:08:48:05";"00:08:51:19";"die die Stadt seit

Beginn des Angriffskriegs erlebt hat."
"443";"00:08:51:21";"00:08:51:21";"FABst£d Von zehn Raketen( ( konnte die ukÛ&"
"444";"00:08:51:21";"00:08:51:21";"FABst,rainische Luftwaffeÿÿ5ì"
"445";"00:08:51:21";"00:08:54:19";"Von zehn Raketen

konnte die ukrainische Luftwaffe"
"446";"00:08:54:21";"00:08:54:21";"FABst¤Vnach eigenen Angaben sieben abwehren.ÿÿD"
"447";"00:08:54:21";"00:08:57:03";"nach eigenen Angaben sieben abwehren."
"448";"00:08:57:08";"00:08:57:08";"FABst¥d Die Russen sagen, dass sie( ( nur milß¾"
"449";"00:08:57:08";"00:08:57:08";"FABst>itärische Objekte angreifen.+h"
"450";"00:08:57:08";"00:09:01:01";"Die Russen sagen, dass sie

nur militÈarische Objekte angreifen."
"451";"00:09:01:02";"00:09:01:02";"FABst¦d Aber sie haben( ( ein friedlichª""
"452";"00:09:01:02";"00:09:01:02";"FABst*es Haus getroffen.?J"
"453";"00:09:01:02";"00:09:03:20";"Aber sie haben

ein friedliches Haus getroffen."
"454";"00:09:03:23";"00:09:03:23";"FABst§J Die Leute haben geschlafen.ÿÿIÌ"
"455";"00:09:03:23";"00:09:05:16";"Die Leute haben geschlafen."
"456";"00:09:05:18";"00:09:05:18";"FABst¨J Der Angriff auf Lwiw zeigt:ÿÿô"
"457";"00:09:05:18";"00:09:07:12";"Der Angriff auf Lwiw zeigt:"
"458";"00:09:07:15";"00:09:07:15";"FABst©d Auch über 1000 km( ( von der +¦"
"459";"00:09:07:15";"00:09:07:15";"FABst"Front entferntÿÿ?H"
"460";"00:09:07:15";"00:09:10:02";"Auch Èuber 1000 km

von der Front entfernt"
"461";"00:09:10:05";"00:09:10:05";"FABstªd gibt es keine Sicherheit( ( vor russis¿"
"462";"00:09:10:05";"00:09:10:05";"FABst8chen Raketen und Drohnen.ÿÿ)"
"463";"00:09:10:05";"00:09:13:19";"gibt es keine Sicherheit

vor russischen Raketen und Drohnen."
"464";"00:09:13:21";"00:09:13:21";"FABst«d Saporischschja,( ( im SüdosteO¸"
"465";"00:09:13:21";"00:09:13:21";"FABst"n der Ukraine.ÿÿ?ê"
"466";"00:09:13:21";"00:09:16:14";"Saporischschja,

im SÈudosten der Ukraine."
"467";"00:09:17:00";"00:09:17:00";"FABst¬H In der Nähe wird gekämpft,ÿÿA"
"468";"00:09:17:00";"00:09:18:20";"In der NÈahe wird gekÈampft,"
"469";"00:09:18:22";"00:09:18:22";"FABst­d die Stadt( ( wird immer wiede¨2"
"470";"00:09:18:22";"00:09:18:22";"FABst"r angegriffen.ÿÿ?ö*"
"471";"00:09:18:22";"00:09:21:10";"die Stadt

wird immer wieder angegriffen."
"472";"00:09:21:12";"00:09:21:12";"FABst®d Es gibt die Sorge( ( vor einem nuÈ"
"473";"00:09:21:12";"00:09:21:12";"FABst0klearen Zwischenfall.ÿÿ1¨l"
"474";"00:09:21:12";"00:09:24:16";"Es gibt die Sorge

vor einem nuklearen Zwischenfall."
"475";"00:09:24:18";"00:09:24:18";"FABst¯D Das AKW Saporischschjaÿÿ!ò"
"476";"00:09:24:18";"00:09:26:04";"Das AKW Saporischschja"
"477";"00:09:26:06";"00:09:26:06";"FABst°d ist seit über einem Jahr( ( von russi)("
"478";"00:09:26:06";"00:09:26:06";"FABst4schen Soldaten besetzt.ÿÿ-èÈ"
"479";"00:09:26:06";"00:09:29:21";"ist seit Èuber einem Jahr

von russischen Soldaten besetzt."
"480";"00:09:29:22";"00:09:29:22";"FABst±d Inzwischen sind alle Reaktoren( ( öb"
"481";"00:09:29:22";"00:09:29:22";"FABst*heruntergefahren.ÿÿ7Æ("
"482";"00:09:29:22";"00:09:32:21";"Inzwischen sind alle Reaktoren

heruntergefahren."
"483";"00:09:32:23";"00:09:32:23";"FABst²d Der Chef( ( der ukrainischeÓ"
"484";"00:09:32:23";"00:09:32:23";"FABst n AtombehördeÿÿA "
"485";"00:09:32:23";"00:09:35:03";"Der Chef

der ukrainischen AtombehÈorde"
"486";"00:09:35:05";"00:09:35:05";"FABst³Twarnt vor unberechenbaren Szenarien.ÿÿ2"
"487";"00:09:35:05";"00:09:37:22";"warnt vor unberechenbaren Szenarien."
"488";"00:09:39:06";"00:09:39:06";"FABst´TWir wissen nicht, was sie vorhaben."
"489";"00:09:39:06";"00:09:41:21";"Wir wissen nicht, was sie vorhaben."
"490";"00:09:42:02";"00:09:42:02";"FABstµVSie können einen Reaktor einschalten</u>Æ"
"491";"00:09:42:02";"00:09:44:13";"Sie kÈonnen einen Reaktor einschalten"
"492";"00:09:44:15";"00:09:44:15";"FABst¶d und einen Terroranschlag( ( dâà"
"493";"00:09:44:15";"00:09:44:15";"FABst"arauf verüben.ÿÿ?k"
"494";"00:09:44:15";"00:09:47:04";"und einen Terroranschlag

darauf verÈuben."
"495";"00:09:47:06";"00:09:47:06";"FABst·dEs könnte zu Szenarien der Größe von( ("
"496";"00:09:47:06";"00:09:47:06";"FABstJFukushima oder Tschernobyl kommen.ÿÿ³"
"497";"00:09:47:06";"00:09:52:01";"Es kÈonnte zu Szenarien der GrÈoûe von

Fukushima oder Tschernobyl kommen."
"498";"00:09:52:19";"00:09:52:19";"FABst¸L Es gibt viele Möglichkeiten -ÿÿ¹L"
"499";"00:09:52:19";"00:09:55:07";"Es gibt viele MÈoglichkeiten -"
"500";"00:09:55:09";"00:09:55:09";"FABst¹d von den kleinsten( ( bis zu denÇ¶"
"501";"00:09:55:09";"00:09:55:09";"FABst, schwersten Folgen.ÿÿ5çü"
"502";"00:09:55:09";"00:09:59:04";"von den kleinsten

bis zu den schwersten Folgen."
"503";"00:10:03:21";"00:10:03:21";"FABstºdDiese Kinder sind mit ihren Eltern ( ( aus ·^"
"504";"00:10:03:21";"00:10:03:21";"FABstDden russisch besetzten Gebietenÿÿ¾"
"505";"00:10:03:21";"00:10:08:01";"Diese Kinder sind mit ihren Eltern

aus den russisch besetzten Gebieten"
"506";"00:10:08:03";"00:10:08:03";"FABst»d im Süden( ( nach SaporischscR"
"507";"00:10:08:03";"00:10:08:03";"FABst$hja geflüchtet.ÿÿ=D"
"508";"00:10:08:03";"00:10:10:15";"im SÈuden

nach Saporischschja geflÈuchtet."
"509";"00:10:10:17";"00:10:10:17";"FABst¼d Der Ort,( ( an dem sie unbekÖî"
"510";"00:10:10:17";"00:10:10:17";"FABst$ümmert spielen,ÿÿ="
"511";"00:10:10:17";"00:10:13:02";"Der Ort,

an dem sie unbekÈummert spielen,"
"512";"00:10:13:04";"00:10:13:04";"FABst½J ist 50 km vom AKW entfernt.ÿÿ_:"
"513";"00:10:13:04";"00:10:14:22";"ist 50 km vom AKW entfernt."
"514";"00:10:15:14";"00:10:15:14";"FABst¾VWir machen uns Sorgen um die Kinder.&"
"515";"00:10:15:14";"00:10:18:08";"Wir machen uns Sorgen um die Kinder."
"516";"00:10:18:14";"00:10:18:14";"FABst¿d Die Notfallkoffer sind gepackt,( ( SchªR"
"517";"00:10:18:14";"00:10:18:14";"FABst:utzmasken haben wir parat./ý"
"518";"00:10:18:14";"00:10:22:08";"Die Notfallkoffer sind gepackt,

Schutzmasken haben wir parat."
"519";"00:10:22:10";"00:10:22:10";"FABstÀTAber wir bleiben in Saporischschja.ÿÿ\l"
"520";"00:10:22:10";"00:10:25:06";"Aber wir bleiben in Saporischschja."
"521";"00:10:26:02";"00:10:26:02";"FABstÁd Sie hoffen, dass eine nukleare( ( Katast¼"
"522";"00:10:26:02";"00:10:26:02";"FABstDrophe in der Ukraine ausbleibt.ÿÿ²@"
"523";"00:10:26:02";"00:10:30:22";"Sie hoffen, dass eine nukleare

Katastrophe in der Ukraine ausbleibt."
"524";"00:10:33:10";"00:10:33:10";"FABstÂd Seit dem Beginn( ( des russischeºH"
"525";"00:10:33:10";"00:10:33:10";"FABst(n Angriffskriegesÿÿ9ö"
"526";"00:10:33:10";"00:10:36:05";"Seit dem Beginn

des russischen Angriffskrieges"
"527";"00:10:36:07";"00:10:36:07";"FABstÃd nutzen mehr Menschen die Tafeln, ( ( v.a.ªþ"
"528";"00:10:36:07";"00:10:36:07";"FABst@ Geflüchtete aus der Ukraine.ÿÿ!&"
"529";"00:10:36:07";"00:10:40:19";"nutzen mehr Menschen die Tafeln,

v.a. GeflÈuchtete aus der Ukraine."
"530";"00:10:41:09";"00:10:41:09";"FABstÄd Der Dachverband verzeichnete( ( einen©Â"
"531";"00:10:41:09";"00:10:41:09";"FABst4 Zuwachs um etwa 50 %. ÿÿ-¤Ö"
"532";"00:10:41:09";"00:10:45:17";"Der Dachverband verzeichnete

einen Zuwachs um etwa 50 %."
"533";"00:10:46:07";"00:10:46:07";"FABstÅd Gleichzeitig seien die Spenden( ( um±4"
"534";"00:10:46:07";"00:10:46:07";"FABst0 76 % zurückgegangen.ÿÿ1I^"
"535";"00:10:46:07";"00:10:50:06";"Gleichzeitig seien die Spenden

um 76 % zurÈuckgegangen."
"536";"00:10:50:12";"00:10:50:12";"FABstÆ< Mit ein Grund:ÿÿ!|"
"537";"00:10:50:12";"00:10:51:18";"Mit ein Grund:"
"538";"00:10:51:24";"00:10:51:24";"FABstÇd Lebensmittelhändler haben( ( weniger ¢"
"539";"00:10:51:24";"00:10:51:24";"FABst2übriggebliebene Waren,ÿÿ/]"
"540";"00:10:51:24";"00:10:55:16";"LebensmittelhÈandler haben

weniger Èubriggebliebene Waren,"
"541";"00:10:55:19";"00:10:55:19";"FABstÈP weil sie effizienter kalkulieren.ÿÿ l"
"542";"00:10:55:19";"00:10:58:01";"weil sie effizienter kalkulieren."
"543";"00:10:58:06";"00:10:58:06";"FABstÉdAuf ihrem Bundestreffen in Mannheim( ( sucÓ°"
"544";"00:10:58:06";"00:10:58:06";"FABstBhen die Tafeln nach Lösungen. ÿÿ;"
"545";"00:10:58:06";"00:11:02:15";"Auf ihrem Bundestreffen in Mannheim

suchen die Tafeln nach LÈosungen."
"546";"00:11:03:21";"00:11:03:21";"FABstÊH Bei der Stuttgarter TafelM^"
"547";"00:11:03:21";"00:11:05:10";"Bei der Stuttgarter Tafel"
"548";"00:11:05:12";"00:11:05:12";"FABstËd laufen die letzten Vorbereitungen( ( ÈX"
"549";"00:11:05:12";"00:11:05:12";"FABst. vor der Öffnung.;è"
"550";"00:11:05:12";"00:11:08:16";"laufen die letzten Vorbereitungen

vor der ÈOffnung."
"551";"00:11:08:18";"00:11:08:18";"FABstÌd Draußen stehen die ersten Kunden( ( s8"
"552";"00:11:08:18";"00:11:08:18";"FABst2eit über drei Stunden.ÿÿ/F|"
"553";"00:11:08:18";"00:11:12:04";"Drauûen stehen die ersten Kunden

seit Èuber drei Stunden."
"554";"00:11:12:06";"00:11:12:06";"FABstÍD Was sie nicht wissen:ÿÿø"
"555";"00:11:12:06";"00:11:13:15";"Was sie nicht wissen:"
"556";"00:11:13:17";"00:11:13:17";"FABstÎd Auch heute ist die Auswahl an( ( gespenù"
"557";"00:11:13:17";"00:11:13:17";"FABstDdeten Waren eher übersichtlich.ÿÿs¸"
"558";"00:11:13:17";"00:11:17:16";"Auch heute ist die Auswahl an

gespendeten Waren eher Èubersichtlich."
"559";"00:11:18:23";"00:11:18:23";"FABstÏ8 Na ja ...-#¬"
"560";"00:11:18:23";"00:11:20:02";"Na ja ..."
"561";"00:11:20:06";"00:11:20:06";"FABstÐVEs ist wenig. Wir hatten schon mehr.u$"
"562";"00:11:20:06";"00:11:22:18";"Es ist wenig. Wir hatten schon mehr."
"563";"00:11:22:20";"00:11:22:20";"FABstÑd Trotzdem beginnt kurz darauf( ( </u>ú"
"564";"00:11:22:20";"00:11:22:20";"FABst$ der Ansturm.ÿÿ=ëæ"
"565";"00:11:22:20";"00:11:25:06";"Trotzdem beginnt kurz darauf

der Ansturm."
"566";"00:11:25:08";"00:11:25:08";"FABstÒd Die Zahl der Kunden( ( habe s</u>Þ"
"567";"00:11:25:08";"00:11:25:08";"FABst(ich verdreifacht,ÿÿ9®"
"568";"00:11:25:08";"00:11:28:04";"Die Zahl der Kunden

habe sich verdreifacht,"
"569";"00:11:28:06";"00:11:28:06";"FABstÓd sagt Bernd Müller, der seit( ( seit JÎ"
"570";"00:11:28:06";"00:11:28:06";"FABst8ahren an der Kasse sitzt.ÿÿ)ñº"
"571";"00:11:28:06";"00:11:31:18";"sagt Bernd MÈuller, der seit

seit Jahren an der Kasse sitzt."
"572";"00:11:31:22";"00:11:31:22";"FABstÔVMan sieht viel mehr ältere Menschen.îÎ"
"573";"00:11:31:22";"00:11:34:07";"Man sieht viel mehr Èaltere Menschen."
"574";"00:11:34:09";"00:11:34:09";"FABstÕd Viele mit Minijob, ( ( die b£R"
"575";"00:11:34:09";"00:11:34:09";"FABst&erufstätig sind,Ch"
"576";"00:11:34:09";"00:11:36:19";"Viele mit Minijob,

die berufstÈatig sind,"
"577";"00:11:36:21";"00:11:36:21";"FABstÖVdie das nicht mehr gestemmt kriegen.ÿÿvì"
"578";"00:11:36:21";"00:11:39:05";"die das nicht mehr gestemmt kriegen."
"579";"00:11:39:07";"00:11:39:07";"FABst×d Die Preiserhöhung( ( setzt swÚ"
"580";"00:11:39:07";"00:11:39:07";"FABst&ich jetzt durch.CÌ"
"581";"00:11:39:07";"00:11:42:06";"Die PreiserhÈohung

setzt sich jetzt durch."
"582";"00:11:42:24";"00:11:42:24";"FABstØd Hinzu kommen( ( die Geflüchtete7*"
"583";"00:11:42:24";"00:11:42:24";"FABst*n aus der Ukraine.ÿÿ7Ëº"
"584";"00:11:42:24";"00:11:46:01";"Hinzu kommen

die GeflÈuchteten aus der Ukraine."
"585";"00:11:46:03";"00:11:46:03";"FABstÙd Ihr Anteil ist seit dem Frühjahr( ( 5"
"586";"00:11:46:03";"00:11:46:03";"FABst.deutlich gestiegen,ÿÿ3"
"587";"00:11:46:03";"00:11:49:06";"Ihr Anteil ist seit dem FrÈuhjahr

deutlich gestiegen,"
"588";"00:11:49:08";"00:11:49:08";"FABstÚd liegt mittlerweile( ( beiý$"
"589";"00:11:49:08";"00:11:49:08";"FABst über 90 %.ÿÿE"
"590";"00:11:49:08";"00:11:51:08";"liegt mittlerweile

bei Èuber 90 %."
"591";"00:11:51:10";"00:11:51:10";"FABstÛd Das hat( ( die Versorgungsl¤`"
"592";"00:11:51:10";"00:11:51:10";"FABst$age verschärft.ÿÿ=@"
"593";"00:11:51:10";"00:11:54:00";"Das hat

die Versorgungslage verschÈarft."
"594";"00:11:54:02";"00:11:54:02";"FABstÜd Beim Bundestafeltreffen( ( bis ©`"
"595";"00:11:54:02";"00:11:54:02";"FABst,Samstag in Mannheimÿÿ5V"
"596";"00:11:54:02";"00:11:56:21";"Beim Bundestafeltreffen

bis Samstag in Mannheim"
"597";"00:11:56:23";"00:11:56:23";"FABstÝL ist das eines der Hauptthemen.ÿÿ²"
"598";"00:11:56:23";"00:11:58:20";"ist das eines der Hauptthemen."
"599";"00:11:58:22";"00:11:58:22";"FABstÞd Vertreter der über 960 Tafeln( ( wol-Î"
"600";"00:11:58:22";"00:11:58:22";"FABst6len sich enger vernetzenÿÿ+²"
"601";"00:11:58:22";"00:12:02:07";"Vertreter der Èuber 960 Tafeln

wollen sich enger vernetzen"
"602";"00:12:02:09";"00:12:02:09";"FABstßd und beraten über( ( Auswege h"
"603";"00:12:02:09";"00:12:02:09";"FABst"aus der Krise.ÿÿ?à"
"604";"00:12:02:09";"00:12:04:22";"und beraten Èuber

Auswege aus der Krise."
"605";"00:12:05:00";"00:12:05:00";"FABstàd Sabine Werth hat 1993( ( Deutschland¹"
"606";"00:12:05:00";"00:12:05:00";"FABst6s erste Tafel gegründet.ÿÿ+RÚ"
"607";"00:12:05:00";"00:12:08:24";"Sabine Werth hat 1993

Deutschlands erste Tafel gegrÈundet."
"608";"00:12:09:04";"00:12:09:04";"FABstád Sie fordert, Supermärkte( ( stärker iØ"
"609";"00:12:09:04";"00:12:09:04";"FABst6n die Pflicht zu nehmen.ÿÿ+h"
"610";"00:12:09:04";"00:12:12:17";"Sie fordert, SupermÈarkte

stÈarker in die Pflicht zu nehmen."
"611";"00:12:13:24";"00:12:13:24";"FABstâd Es gibt in Frankreich( ( und anderenÑ"
"612";"00:12:13:24";"00:12:13:24";"FABst0 europäischen Ländern9©"
"613";"00:12:13:24";"00:12:17:07";"Es gibt in Frankreich

und anderen europÈaischen LÈandern"
"614";"00:12:17:09";"00:12:17:09";"FABstãd ein Gesetz zur Zwangsabgabe( ( von übr^"
"615";"00:12:17:09";"00:12:17:09";"FABst<i>ggebliebenen Lebensmitteln-õÞ"
"616";"00:12:17:09";"00:12:21:02";"ein Gesetz zur Zwangsabgabe

von Èubriggebliebenen Lebensmitteln"
"617";"00:12:21:04";"00:12:21:04";"FABstäd für den Handel( ( ab 400 qm u"
"618";"00:12:21:04";"00:12:21:04";"FABst$Verkaufsfläche.ÿÿ=q®"
"619";"00:12:21:04";"00:12:24:03";"fÈur den Handel

ab 400 qm VerkaufsflÈache."
"620";"00:12:24:08";"00:12:24:08";"FABståd Wenn wir das Gesetz hätten,( ( häÇr"
"621";"00:12:24:08";"00:12:24:08";"FABst.tten wir Sicherheit.ÿÿ3þ"
"622";"00:12:24:08";"00:12:28:08";"Wenn wir das Gesetz hÈatten,

hÈatten wir Sicherheit."
"623";"00:12:28:21";"00:12:28:21";"FABstæd Bei der Tafel Stuttgart ( ( würde<"
"624";"00:12:28:21";"00:12:28:21";"FABst,n sie das begrüßen.ÿÿ5§"
"625";"00:12:28:21";"00:12:32:01";"Bei der Tafel Stuttgart

wÈurden sie das begrÈuûen."
"626";"00:12:32:04";"00:12:32:04";"FABstçd Damit die Regale( ( bald wiedÁB"
"627";"00:12:32:04";"00:12:32:04";"FABst$er voller sind.ÿÿ=Ó"
"628";"00:12:32:04";"00:12:34:20";"Damit die Regale

bald wieder voller sind."
"629";"00:12:36:16";"00:12:36:16";"FABstèd Zum letzten Mal( ( brachte eine ÉP"
"630";"00:12:36:16";"00:12:36:16";"FABst6europäische Trägerraketeÿÿ+</u>f"
"631";"00:12:36:16";"00:12:39:21";"Zum letzten Mal

brachte eine europÈaische TrÈagerrakete"
"632";"00:12:39:23";"00:12:39:23";"FABstéd vom Typ Ariane 5( ( von Franzö2"
"633";"00:12:39:23";"00:12:39:23";"FABst(sisch-Guayana ausÿÿ9°"
"634";"00:12:39:23";"00:12:42:23";"vom Typ Ariane 5

von FranzÈosisch-Guayana aus"
"635";"00:12:43:00";"00:12:43:00";"FABstêB Satelliten ins All.ÿÿx"
"636";"00:12:43:00";"00:12:44:10";"Satelliten ins All."
"637";"00:12:44:24";"00:12:44:24";"FABstëB Seit über 25 Jahrenÿÿè"
"638";"00:12:44:24";"00:12:46:15";"Seit Èuber 25 Jahren"
"639";"00:12:46:17";"00:12:46:17";"FABstìd war dieser Raketen-Typ( ( Europas î"
"640";"00:12:46:17";"00:12:46:17";"FABst.Zugang zum Weltraum.ÿÿ3½Ì"
"641";"00:12:46:17";"00:12:50:21";"war dieser Raketen-Typ

Europas Zugang zum Weltraum."
"642";"00:12:51:21";"00:12:51:21";"FABstídWann das Nachfolge-Modell Ariane 6( ( Ñv"
"643";"00:12:51:21";"00:12:51:21";"FABst6einsatzbereit sein wird,ÿÿ+¶"
"644";"00:12:51:21";"00:12:55:14";"Wann das Nachfolge-Modell Ariane 6

einsatzbereit sein wird,"
"645";"00:12:55:17";"00:12:55:17";"FABstî@ steht nicht fest:ÿÿNp"
"646";"00:12:55:17";"00:12:56:21";"steht nicht fest:"
"647";"00:12:56:23";"00:12:56:23";"FABstïd Seine Entwicklung( ( hat sich um </i>B"
"648";"00:12:56:23";"00:12:56:23";"FABst0drei Jahre verzögert.ÿÿ1e^"
"649";"00:12:56:23";"00:12:59:24";"Seine Entwicklung

hat sich um drei Jahre verzÈogert."
"650";"00:13:05:21";"00:13:05:21";"FABstðd Mit diesem Start( ( ist die Ari¸Â"
"651";"00:13:05:21";"00:13:05:21";"FABst(ane 5 Geschichte.AÉÆ"
"652";"00:13:05:21";"00:13:08:22";"Mit diesem Start

ist die Ariane 5 Geschichte."
"653";"00:13:09:10";"00:13:09:10";"FABstñd Die europäische Trägerrakete( ( wird naÚö"
"654";"00:13:09:10";"00:13:09:10";"FABst:ch 27 Jahren ausgemustert./ÎZ"
"655";"00:13:09:10";"00:13:13:14";"Die europÈaische TrÈagerrakete

wird nach 27 Jahren ausgemustert."
"656";"00:13:16:00";"00:13:16:00";"FABstòH Bei ihrer letzten MissionÿÿTV"
"657";"00:13:16:00";"00:13:17:17";"Bei ihrer letzten Mission"
"658";"00:13:17:19";"00:13:17:19";"FABstód bringt sie auch einen deutschen( ( Kommuë¶"
"659";"00:13:17:19";"00:13:17:19";"FABst>nikationssatelliten ins All.ÿÿ#"
"660";"00:13:17:19";"00:13:22:01";"bringt sie auch einen deutschen

Kommunikationssatelliten ins All."
"661";"00:13:22:06";"00:13:22:06";"FABstôd Im Bremer Werk der ArianeGroup( ( Ôö"
"662";"00:13:22:06";"00:13:22:06";"FABst,fieberten sie mit.ÿÿ5¾|"
"663";"00:13:22:06";"00:13:25:15";"Im Bremer Werk der ArianeGroup

fieberten sie mit."
"664";"00:13:25:23";"00:13:25:23";"FABstõd Hier wurde jahrzehntelang( ( der oberñJ"
"665";"00:13:25:23";"00:13:25:23";"FABst8e Teil der Rakete gebaut,ÿÿ)Þ"
"666";"00:13:25:23";"00:13:29:12";"Hier wurde jahrzehntelang

der obere Teil der Rakete gebaut,"
"667";"00:13:29:14";"00:13:29:14";"FABstö> die "Oberstufe".ÿÿ?P"
"668";"00:13:29:14";"00:13:30:20";"die "Oberstufe"."
"669";"00:13:32:02";"00:13:32:02";"FABst÷TDas kann man nicht in Worte fassen.y."
"670";"00:13:32:02";"00:13:34:09";"Das kann man nicht in Worte fassen."
"671";"00:13:34:11";"00:13:34:11";"FABstød Dieses Wunderwerk der Technik( ( und dèº"
"672";"00:13:34:11";"00:13:34:11";"FABstBass man da mitarbeiten durfte.'Óü"
"673";"00:13:34:11";"00:13:38:07";"Dieses Wunderwerk der Technik

und dass man da mitarbeiten durfte."
"674";"00:13:38:12";"00:13:38:12";"FABstùd Das ist schon so ein Ende,( ( die lex"
"675";"00:13:38:12";"00:13:38:12";"FABst2tzte fliegen zu sehen.7üÆ"
"676";"00:13:38:12";"00:13:43:05";"Das ist schon so ein Ende,

die letzte fliegen zu sehen."
"677";"00:13:45:24";"00:13:45:24";"FABstú< Die Ariane 5:ÿÿ!U:"
"678";"00:13:45:24";"00:13:47:06";"Die Ariane 5:"
"679";"00:13:47:08";"00:13:47:08";"FABstûd117-mal transportierte sie Sonden,( ( Satelî"
"680";"00:13:47:08";"00:13:47:08";"FABst@liten und Teleskope ins All. ÿÿ!èö"
"681";"00:13:47:08";"00:13:52:04";"117-mal transportierte sie Sonden,

Satelliten und Teleskope ins All."
"682";"00:13:53:15";"00:13:53:15";"FABstüd Ihr Erfolg( ( war anfangs nÕn"
"683";"00:13:53:15";"00:13:53:15";"FABst"icht absehbar.ÿÿ?äJ"
"684";"00:13:53:15";"00:13:56:09";"Ihr Erfolg

war anfangs nicht absehbar."
"685";"00:13:56:23";"00:13:56:23";"FABstýJ Bei ihrem Jungfernflug 1996ÿÿb¢"
"686";"00:13:56:23";"00:13:59:06";"Bei ihrem Jungfernflug 1996"
"687";"00:13:59:08";"00:13:59:08";"FABstþd explodierte die erste Ariane 5( ( ´æ"
"688";"00:13:59:08";"00:13:59:08";"FABst.kurz nach dem Start.ÿÿ3À"
"689";"00:13:59:08";"00:14:02:18";"explodierte die erste Ariane 5

kurz nach dem Start."
"690";"00:14:03:23";"00:14:03:23";"FABstÿB Ein Höhepunkt: 2021.ÿÿó¼"
"691";"00:14:03:23";"00:14:05:15";"Ein HÈohepunkt: 2021."
"692";"00:14:06:14";"00:14:06:14";"FABstd Die NASA wählte die Ariane 5 aus, ( ( um i²0"
"693";"00:14:06:14";"00:14:06:14";"FABstFhr zehn Milliarden Dollar teuresÿÿº¸"
"694";"00:14:06:14";"00:14:11:13";"Die NASA wÈahlte die Ariane 5 aus,

um ihr zehn Milliarden Dollar teures"
"695";"00:14:11:15";"00:14:11:15";"FABstd James-Webb-Teleskop( ( ins"
"696";"00:14:11:15";"00:14:11:15";"FABst$All zu bringen.ÿÿ=ï0"
"697";"00:14:11:15";"00:14:14:08";"James-Webb-Teleskop

ins All zu bringen."
"698";"00:14:15:05";"00:14:15:05";"FABstd Mit dem letzten Start( ( hinterlässtàì"
"699";"00:14:15:05";"00:14:15:05";"FABst0 Ariane 5 eine Lücke.ÿÿ1Â"
"700";"00:14:15:05";"00:14:18:18";"Mit dem letzten Start

hinterlÈasst Ariane 5 eine LÈucke."
"701";"00:14:18:20";"00:14:18:20";"FABstd Weil Ariane 6( ( noch nicht e3"
"702";"00:14:18:20";"00:14:18:20";"FABst(insatzbereit ist,ÿÿ9~"
"703";"00:14:18:20";"00:14:21:09";"Weil Ariane 6

noch nicht einsatzbereit ist,"
"704";"00:14:21:11";"00:14:21:11";"FABstd steht Europa( ( erst mal ohne P"
"705";"00:14:21:11";"00:14:21:11";"FABst&Trägerrakete da.ÿÿ;EÜ"
"706";"00:14:21:11";"00:14:24:08";"steht Europa

erst mal ohne TrÈagerrakete da."
"707";"00:14:26:07";"00:14:26:07";"FABstd Die Wettervorhersage für morgen,( ( ¢"
"708";"00:14:26:07";"00:14:26:07";"FABst0Freitag, den 7. Juli:ÿÿ1Ü"
"709";"00:14:26:07";"00:14:30:13";"Die Wettervorhersage fÈur morgen,

Freitag, den 7. Juli:"
"710";"00:14:31:19";"00:14:31:19";"FABstP Morgen sonniges Hochsommerwetter.ÿÿ«h"
"711";"00:14:31:19";"00:14:34:02";"Morgen sonniges Hochsommerwetter."
"712";"00:14:34:04";"00:14:34:04";"FABstd Zum Wochenende( ( wird es sehrsÀ"
"713";"00:14:34:04";"00:14:34:04";"FABst( heiß und schwül.ÿÿ9©"
"714";"00:14:34:04";"00:14:37:15";"Zum Wochenende

wird es sehr heiû und schwÈul."
"715";"00:14:38:05";"00:14:38:05";"FABstd Heute Nacht bis auf wenige Wolken( ( %Â"
"716";"00:14:38:05";"00:14:38:05";"FABst4im Norden sternenklar.ÿÿ-"
"717";"00:14:38:05";"00:14:41:23";"Heute Nacht bis auf wenige Wolken

im Norden sternenklar."
"718";"00:14:42:04";"00:14:42:04";"FABstH Morgen verbreitet sonnig.ÿÿÜ"
"719";"00:14:42:04";"00:14:44:00";"Morgen verbreitet sonnig."
"720";"00:14:44:06";"00:14:44:06";"FABstB Ein paar Quellwolkenÿÿ<u>T"
"721";"00:14:44:06";"00:14:45:17";"Ein paar Quellwolken"
"722";"00:14:45:19";"00:14:45:19";"FABstdbilden sich vor allem im Nordosten( ( V"
"723";"00:14:45:19";"00:14:45:19";"FABst6sowie über dem Bergland.ÿÿ+I"
"724";"00:14:45:19";"00:14:49:05";"bilden sich vor allem im Nordosten

sowie Èuber dem Bergland."
"725";"00:14:49:07";"00:14:49:07";"FABst@ Es bleibt trocken.ÿÿÓÈ"
"726";"00:14:49:07";"00:14:50:12";"Es bleibt trocken."
"727";"00:15:02:01";"00:15:02:01";"FABstd Auch am Samstag oft sonnig,( ( im Südwº"
"728";"00:15:02:01";"00:15:02:01";"FABst:esten und Westen wolkiger.ÿÿ'Ð&"
"729";"00:15:02:01";"00:15:06:07";"Auch am Samstag oft sonnig,

im SÈudwesten und Westen wolkiger."
"730";"00:15:06:12";"00:15:06:12";"FABstN Dort sind Hitzegewitter möglich.ÿÿ"
"731";"00:15:06:12";"00:15:08:19";"Dort sind Hitzegewitter mÈoglich."
"732";"00:15:08:21";"00:15:08:21";"FABstJ Am Sonntag im Westen schwül,ÿÿyF"
"733";"00:15:08:21";"00:15:11:06";"Am Sonntag im Westen schwÈul,"
"734";"00:15:11:08";"00:15:11:08";"FABstd im Tagesverlauf Schauer( ( und Gewitt@"
"735";"00:15:11:08";"00:15:11:08";"FABst2er mit Unwettergefahr.ÿÿ/Z"
"736";"00:15:11:08";"00:15:14:16";"im Tagesverlauf Schauer

und Gewitter mit Unwettergefahr."
"737";"00:15:14:19";"00:15:14:19";"FABstd Am Montag im Norden und Osten( ( 1Ê"
"738";"00:15:14:19";"00:15:14:19";"FABst,einzelne Schauer,ÿÿ5¹²"
"739";"00:15:14:19";"00:15:17:15";"Am Montag im Norden und Osten

einzelne Schauer,"
"740";"00:15:17:17";"00:15:17:17";"FABstD im Westen oft trocken.ÿÿþ"
"741";"00:15:17:17";"00:15:19:01";"im Westen oft trocken."
"742";"00:15:21:01";"00:15:21:01";"FABstd In den tagesthemen( ( um 22.15 Uq "
"743";"00:15:21:01";"00:15:21:01";"FABst*hr mit Helge Fuhstÿÿ7¥¼"
"744";"00:15:21:01";"00:15:24:01";"In den tagesthemen

um 22.15 Uhr mit Helge Fuhst"
"745";"00:15:24:03";"00:15:24:03";"FABstd gibt es( ( den neuesten Deu"
"746";"00:15:24:03";"00:15:24:03";"FABst$tschland-Trend:ÿÿ=¡$"
"747";"00:15:24:03";"00:15:26:22";"gibt es

den neuesten Deutschland-Trend:"
"748";"00:15:26:24";"00:15:26:24";"FABstd Die Menschen( ( beunruhigt die?Ð"
"749";"00:15:26:24";"00:15:26:24";"FABst( Politik im Land.ÿÿ9Z"
"750";"00:15:26:24";"00:15:30:07";"Die Menschen

beunruhigt die Politik im Land."
"751";"00:15:30:12";"00:15:30:12";"FABst2 Und:ÿÿ+®^"
"752";"00:15:30:12";"00:15:31:20";"Und:"
"753";"00:15:31:22";"00:15:31:22";"FABstJ Ibiza, Formentera und Co. -ÿÿ°<u>"
"754";"00:15:31:22";"00:15:33:21";"Ibiza, Formentera und Co. -"
"755";"00:15:33:23";"00:15:33:23";"FABstd der Urlaub auf den Balearen( ( oÒ"
"756";"00:15:33:23";"00:15:33:23";"FABst(wird zum Luxus.ÿÿ9ÿ"
"757";"00:15:33:23";"00:15:36:19";"der Urlaub auf den Balearen

wird zum Luxus."
"758";"00:15:37:15";"00:15:37:15";"FABstd Ich wünsche Ihnen ( ( einen ¸ì"
"759";"00:15:37:15";"00:15:37:15";"FABst"schönen Abend.ÿÿ?Yf"
"760";"00:15:37:15";"00:15:40:12";"Ich wÈunsche Ihnen

einen schÈonen Abend."
"761";"00:15:43:14";"00:15:43:14";"FABstLCopyright Untertitel: NDR 2023ÿÿú"
"762";"00:15:43:14";"00:15:46:05";"Copyright Untertitel: NDR 2023"
