No.;Timecode In;Timecode Out;Subtitle
"1";"00:00:03:00";"00:00:03:00";"FABst6 * Gong *ÿÿZZZZZZZZZZ¥¥ã¥¥¥¥¥6"
"2";"00:00:03:00";"00:00:03:00";"FABst¥¥¥æ¥¥ã¥¥¥ç¥¥§ª¦ªîªªªG¦"
"3";"00:00:03:00";"00:00:04:04";"* Gong *"
"4";"00:00:04:08";"00:00:04:08";"FABstdHier ist das Erste Deutsche Fernsehen( ( 9"
"5";"00:00:04:08";"00:00:04:08";"FABst: mit der tagesschau.ÿÿ'õþ"
"6";"00:00:04:08";"00:00:07:22";"Hier ist das Erste Deutsche Fernsehen

mit der tagesschau."
"7";"00:00:08:01";"00:00:08:01";"FABstd Diese Sendung wurde vom NDR( ( live Af"
"8";"00:00:08:01";"00:00:08:01";"FABst6untertitelt (08.09.2023)ÿÿ+¿ "
"9";"00:00:08:01";"00:00:12:21";"Diese Sendung wurde vom NDR

live untertitelt (08.09.2023)"
"10";"00:00:15:08";"00:00:15:08";"FABstRHeute im Studio: Thorsten Schröder.ÿÿS¤"
"11";"00:00:15:08";"00:00:17:19";"Heute im Studio: Thorsten SchrÈoder."
"12";"00:00:17:23";"00:00:17:23";"FABstd Guten Abend,( ( ich begrüße Si3¦"
"13";"00:00:17:23";"00:00:17:23";"FABst(e zur tagesschau.A¯R"
"14";"00:00:17:23";"00:00:20:22";"Guten Abend,

ich begrÈuûe Sie zur tagesschau."
"15";"00:00:21:17";"00:00:21:17";"FABstJ Es ist eine Sport-Sensation:ÿÿî<"
"16";"00:00:21:17";"00:00:23:17";"Es ist eine Sport-Sensation:"
"17";"00:00:24:09";"00:00:24:09";"FABstJ Nach einem Sieg über die USAv"
"18";"00:00:24:09";"00:00:26:08";"Nach einem Sieg Èuber die USA"
"19";"00:00:26:12";"00:00:26:12";"FABstd stehen die deutschen Basketballer( ( er¤"
"20";"00:00:26:12";"00:00:26:12";"FABst:stmals in einem WM-Finale.ÿÿ'"
"21";"00:00:26:12";"00:00:30:07";"stehen die deutschen Basketballer

erstmals in einem WM-Finale."
"22";"00:00:30:11";"00:00:30:11";"FABstd Der größte Erfolg der deutschen( ( UÚ"
"23";"00:00:30:11";"00:00:30:11";"FABst2Basketball-Geschichte.ÿÿ/ó"
"24";"00:00:30:11";"00:00:33:23";"Der grÈoûte Erfolg der deutschen

Basketball-Geschichte."
"25";"00:00:34:02";"00:00:34:02";"FABst@ Mehr dazu später.ÿÿL"
"26";"00:00:34:02";"00:00:35:07";"Mehr dazu spÈater."
"27";"00:00:38:11";"00:00:38:11";"FABstD Erst zur Innenpolitik:ÿÿêP"
"28";"00:00:38:11";"00:00:40:04";"Erst zur Innenpolitik:"
"29";"00:00:40:16";"00:00:40:16";"FABstd Nach langem Streit( ( auch innerF"
"30";"00:00:40:16";"00:00:40:16";"FABst*halb der Koalitionÿÿ7Ø@"
"31";"00:00:40:16";"00:00:44:00";"Nach langem Streit

auch innerhalb der Koalition"
"32";"00:00:44:04";"00:00:44:04";"FABstd beschloss der Bundestag( ( dasÚ"
"33";"00:00:44:04";"00:00:44:04";"FABst* "Heizungsgesetz".ÿÿ7Õ"
"34";"00:00:44:04";"00:00:47:12";"beschloss der Bundestag

das "Heizungsgesetz"."
"35";"00:00:47:20";"00:00:47:20";"FABstd Wirtschaftsminister Habeck( ( sprach v!v"
"36";"00:00:47:20";"00:00:47:20";"FABst6on einer Weichenstellungÿÿ+Áf"
"37";"00:00:47:20";"00:00:51:16";"Wirtschaftsminister Habeck

sprach von einer Weichenstellung"
"38";"00:00:51:20";"00:00:51:20";"FABst> für Klimaschutz.ÿÿLì"
"39";"00:00:51:20";"00:00:52:24";"fÈur Klimaschutz."
"40";"00:00:53:03";"00:00:53:03";"FABstd Die Union bezeichnete die Reform( ( aTt"
"41";"00:00:53:03";"00:00:53:03";"FABst2ls Irrsinn und warnte,ÿÿ/ÔP"
"42";"00:00:53:03";"00:00:56:21";"Die Union bezeichnete die Reform

als Irrsinn und warnte,"
"43";"00:00:57:01";"00:00:57:01";"FABstL das Gesetz mache Menschen arm.ÿÿâð"
"44";"00:00:57:01";"00:00:59:04";"das Gesetz mache Menschen arm."
"45";"00:00:59:09";"00:00:59:09";"FABstVDie Reform des Gebäudeenergiegesetzesÿÿ6¦"
"46";"00:00:59:09";"00:01:01:17";"Die Reform des GebÈaudeenergiegesetzes"
"47";"00:01:01:21";"00:01:01:21";"FABstd soll schrittweise den Abschied ( ( von f[n"
"48";"00:01:01:21";"00:01:01:21";"FABst>ossilen Heizungen einleiten.ÿÿ# "
"49";"00:01:01:21";"00:01:06:00";"soll schrittweise den Abschied

von fossilen Heizungen einleiten."
"50";"00:01:07:09";"00:01:07:09";"FABstB In der Margaretenau#õä"
"51";"00:01:07:09";"00:01:08:22";"In der Margaretenau"
"52";"00:01:09:05";"00:01:09:05";"FABstd laufen die Planungen( ( für dieÌ"
"53";"00:01:09:05";"00:01:09:05";"FABst* Gebäudesanierung.?Mä"
"54";"00:01:09:05";"00:01:12:14";"laufen die Planungen

fÈur die GebÈaudesanierung."
"55";"00:01:12:18";"00:01:12:18";"FABstd Die Genossenschaftsbauten ( ( werden?þ"
"56";"00:01:12:18";"00:01:12:18";"FABst2 noch mit Gas beheizt.7¼"
"57";"00:01:12:18";"00:01:16:03";"Die Genossenschaftsbauten

werden noch mit Gas beheizt."
"58";"00:01:16:07";"00:01:16:07";"FABstd Stadtentwickler planen nun( ( Fotovolta{ "
"59";"00:01:16:07";"00:01:16:07";"FABst:ikanlagen und Wärmepumpen.ÿÿ':"
"60";"00:01:16:07";"00:01:20:17";"Stadtentwickler planen nun

Fotovoltaikanlagen und WÈarmepumpen."
"61";"00:01:22:06";"00:01:22:06";"FABstD Das dauert 'ne Weile.!»h"
"62";"00:01:22:06";"00:01:23:24";"Das dauert 'ne Weile."
"63";"00:01:24:07";"00:01:24:07";"FABstdWir planen, dass wir so zwischen ( ( 2035Ø"
"64";"00:01:24:07";"00:01:24:07";"FABst@ und 2038 hier CO2-frei sind.)ä"
"65";"00:01:24:07";"00:01:29:02";"Wir planen, dass wir so zwischen

2035 und 2038 hier CO2-frei sind."
"66";"00:01:31:05";"00:01:31:05";"FABstd Wir machen das, indem wir( ( Wärmeù^"
"67";"00:01:31:05";"00:01:31:05";"FABst2 aus der Umwelt holen.ÿÿ/î"
"68";"00:01:31:05";"00:01:34:18";"Wir machen das, indem wir

WÈarme aus der Umwelt holen."
"69";"00:01:34:22";"00:01:34:22";"FABstd Regensburg reagiert damit auf ( ( das n""
"70";"00:01:34:22";"00:01:34:22";"FABst8eue Gebäudeenergiegesetz,ÿÿ)8B"
"71";"00:01:34:22";"00:01:39:06";"Regensburg reagiert damit auf

das neue GebÈaudeenergiegesetz,"
"72";"00:01:39:24";"00:01:39:24";"FABstF das ab 2024 gelten soll.ÿÿÚP"
"73";"00:01:39:24";"00:01:41:23";"das ab 2024 gelten soll."
"74";"00:02:00:08";"00:02:00:08";"FABstd Es sind Übergangsfristen( ( bis zu z¥h"
"75";"00:02:00:08";"00:02:00:08";"FABst2ehn Jahren vorgesehen.ÿÿ/z"
"76";"00:02:00:08";"00:02:04:07";"Es sind ÈUbergangsfristen

bis zu zehn Jahren vorgesehen."
"77";"00:02:07:03";"00:02:07:03";"FABstd Heute ging es auch( ( im Bundwj"
"78";"00:02:07:03";"00:02:07:03";"FABst$estag hoch her.ÿÿ=ÍJ"
"79";"00:02:07:03";"00:02:10:07";"Heute ging es auch

im Bundestag hoch her."
"80";"00:02:10:19";"00:02:10:19";"FABstd Der Wirtschaftsminister versucht,( ( <z"
"81";"00:02:10:19";"00:02:10:19";"FABst. zu besänftigen.ÿÿ38"
"82";"00:02:10:19";"00:02:14:06";"Der Wirtschaftsminister versucht,

zu besÈanftigen."
"83";"00:02:14:10";"00:02:14:10";"FABst d Dieses Gesetz( ( schafft Rez²"
"84";"00:02:14:10";"00:02:14:10";"FABst$chtssicherheit.E­l"
"85";"00:02:14:10";"00:02:16:19";"Dieses Gesetz

schafft Rechtssicherheit."
"86";"00:02:16:23";"00:02:16:23";"FABst!d Es schützt die Verbraucher ( ( vor dÀÖ"
"87";"00:02:16:23";"00:02:16:23";"FABst6en hohen Energiepreisen.3"
"88";"00:02:16:23";"00:02:20:06";"Es schÈutzt die Verbraucher

vor den hohen Energiepreisen."
"89";"00:02:20:10";"00:02:20:10";"FABst"VUnd die Kommunen werden mitgenommen.ÿÿÏ"
"90";"00:02:20:10";"00:02:23:05";"Und die Kommunen werden mitgenommen."
"91";"00:02:23:09";"00:02:23:09";"FABst#d Es sorgt für eine soziale( ( AusbalßÄ"
"92";"00:02:23:09";"00:02:23:09";"FABst4ancierung des Gesetzes.ÿÿ-êÐ"
"93";"00:02:23:09";"00:02:27:07";"Es sorgt fÈur eine soziale

Ausbalancierung des Gesetzes."
"94";"00:02:27:21";"00:02:27:21";"FABst$N Die Opposition sieht das anders.ÿÿú"
"95";"00:02:27:21";"00:02:30:09";"Die Opposition sieht das anders."
"96";"00:02:31:08";"00:02:31:08";"FABst%d Dieses Heizgesetz( ( ist der Gipxj"
"97";"00:02:31:08";"00:02:31:08";"FABst6fel der Respektlosigkeit3Â"
"98";"00:02:31:08";"00:02:35:07";"Dieses Heizgesetz

ist der Gipfel der Respektlosigkeit"
"99";"00:02:35:12";"00:02:35:12";"FABst&Rgegenüber Bürgerinnen und Bürgern.B"
"100";"00:02:35:12";"00:02:37:20";"gegenÈuber BÈurgerinnen und BÈurgern."
"101";"00:02:37:24";"00:02:37:24";"FABst'd Es geht nicht darum,( ( wie man :T"
"102";"00:02:37:24";"00:02:37:24";"FABst*es verändern kann,ÿÿ76j"
"103";"00:02:37:24";"00:02:40:20";"Es geht nicht darum,

wie man es verÈandern kann,"
"104";"00:02:40:24";"00:02:40:24";"FABst(d sondern dass es wieder( ( abgt"
"105";"00:02:40:24";"00:02:40:24";"FABst"eschafft wird.ÿÿ?þ"
"106";"00:02:40:24";"00:02:43:08";"sondern dass es wieder

abgeschafft wird."
"107";"00:02:43:10";"00:02:43:10";"FABst)VSie müssten den Mietern versprechen:_|"
"108";"00:02:43:10";"00:02:45:19";"Sie mÈussten den Mietern versprechen:"
"109";"00:02:45:21";"00:02:45:21";"FABst*d"Kein Euro mehr Miete fürs Gesetz."( ( Ô¾"
"110";"00:02:45:21";"00:02:45:21";"FABst>Aber das wollen Sie nicht.+µ´"
"111";"00:02:45:21";"00:02:49:23";""Kein Euro mehr Miete fÈurs Gesetz."

Aber das wollen Sie nicht."
"112";"00:02:50:02";"00:02:50:02";"FABst+d Wer warum finanzielle Hilfe( ( für Û"
"113";"00:02:50:02";"00:02:50:02";"FABst4die Sanierung bekomme, ÿÿ-¨x"
"114";"00:02:50:02";"00:02:53:21";"Wer warum finanzielle Hilfe

fÈur die Sanierung bekomme,"
"115";"00:02:54:00";"00:02:54:00";"FABst,d dazu blieben Fragen, ( ( kritkB"
"116";"00:02:54:00";"00:02:54:00";"FABst(isieren Verbände.ÿÿ95"
"117";"00:02:54:00";"00:02:56:21";"dazu blieben Fragen,

kritisieren VerbÈande."
"118";"00:02:57:08";"00:02:57:08";"FABst-d Bisher konzentriert sich( ( die FörÀ"
"119";"00:02:57:08";"00:02:57:08";"FABst2derung auf Eigenheime.7<u>R"
"120";"00:02:57:08";"00:03:01:07";"Bisher konzentriert sich

die FÈorderung auf Eigenheime."
"121";"00:03:01:11";"00:03:01:11";"FABst.d Wir sind in Deutschland( ( ein Vermi:Ä"
"122";"00:03:01:11";"00:03:01:11";"FABst0eter- und Mieterland.9®"
"123";"00:03:01:11";"00:03:05:10";"Wir sind in Deutschland

ein Vermieter- und Mieterland."
"124";"00:03:05:20";"00:03:05:20";"FABst/dDa braucht's noch ein Nachsteuern( ( ¼"
"125";"00:03:05:20";"00:03:05:20";"FABst0 in der Förderung.ÿÿ1{ª"
"126";"00:03:05:20";"00:03:09:14";"Da braucht's noch ein Nachsteuern

in der FÈorderung."
"127";"00:03:09:19";"00:03:09:19";"FABst0dIch rufe die Bundesregierung auf,( ( À"
"128";"00:03:09:19";"00:03:09:19";"FABst2hier nachzuarbeiten.ÿÿ/á"
"129";"00:03:09:19";"00:03:13:12";"Ich rufe die Bundesregierung auf,

hier nachzuarbeiten."
"130";"00:03:13:23";"00:03:13:23";"FABst1d Für die Mieter( ( im Genossenscha±2"
"131";"00:03:13:23";"00:03:13:23";"FABst.ftsbau in Regensburgÿÿ3Ê"
"132";"00:03:13:23";"00:03:17:14";"FÈur die Mieter

im Genossenschaftsbau in Regensburg"
"133";"00:03:17:18";"00:03:17:18";"FABst2d sollen die Wohnungen( ( nach der San"
"134";"00:03:17:18";"00:03:17:18";"FABst2ierung bezahlbar sein.ÿÿ/¤V"
"135";"00:03:17:18";"00:03:21:11";"sollen die Wohnungen

nach der Sanierung bezahlbar sein."
"136";"00:03:22:09";"00:03:22:09";"FABst3d Der Streit um das Gesetz( ( scheizP"
"137";"00:03:22:09";"00:03:22:09";"FABst,nt erst mal vorbei.=""
"138";"00:03:22:09";"00:03:26:02";"Der Streit um das Gesetz

scheint erst mal vorbei."
"139";"00:03:26:07";"00:03:26:07";"FABst4L Aber die Kritik reißt nicht abCÎ"
"140";"00:03:26:07";"00:03:28:08";"Aber die Kritik reiût nicht ab"
"141";"00:03:28:12";"00:03:28:12";"FABst5d und die Verunsicherung( ( in der a2"
"142";"00:03:28:12";"00:03:28:12";"FABst,Bevölkerung bleibt.ÿÿ5%"
"143";"00:03:28:12";"00:03:31:09";"und die Verunsicherung

in der BevÈolkerung bleibt."
"144";"00:03:31:12";"00:03:31:12";"FABst6dDiskutiert wird, ob die Förderung( ( fü"
"145";"00:03:31:12";"00:03:31:12";"FABst<r den Heizungstausch reichtÿÿ%á¤"
"146";"00:03:31:12";"00:03:35:22";"Diskutiert wird, ob die FÈorderung

fÈur den Heizungstausch reicht"
"147";"00:03:36:01";"00:03:36:01";"FABst7Pund ob es die Richtigen bekommen.ÿÿÂL"
"148";"00:03:36:01";"00:03:38:08";"und ob es die Richtigen bekommen."
"149";"00:03:39:17";"00:03:39:17";"FABst8J Energieberater können helfenÿÿ°"
"150";"00:03:39:17";"00:03:41:17";"Energieberater kÈonnen helfen"
"151";"00:03:41:21";"00:03:41:21";"FABst9d bei Fragen( ( zu Folgen des He"
"152";"00:03:41:21";"00:03:41:21";"FABst&eizungsgesetzes.ÿÿ;«P"
"153";"00:03:41:21";"00:03:44:10";"bei Fragen

zu Folgen des Heizungsgesetzes."
"154";"00:03:44:12";"00:03:44:12";"FABst:B Der Verband begrüßt,ÿÿÔ."
"155";"00:03:44:12";"00:03:46:00";"Der Verband begrÈuût,"
"156";"00:03:46:02";"00:03:46:02";"FABst;d dass es für Eigentümer( ( PlanunM"
"157";"00:03:46:02";"00:03:46:02";"FABst*gssicherheit gebe.ÿÿ7ùø"
"158";"00:03:46:02";"00:03:49:05";"dass es fÈur EigentÈumer

Planungssicherheit gebe."
"159";"00:03:49:09";"00:03:49:09";"FABst<d Kritisch sehen Energieberater,( ( lv"
"160";"00:03:49:09";"00:03:49:09";"FABst*dass Gasheizungenÿÿ7â4"
"161";"00:03:49:09";"00:03:52:11";"Kritisch sehen Energieberater,

dass Gasheizungen"
"162";"00:03:52:15";"00:03:52:15";"FABst=d länger eingebaut werden dürfen( ( alsÒ"
"163";"00:03:52:15";"00:03:52:15";"FABst2 ursprünglich geplant.ÿÿ/6"
"164";"00:03:52:15";"00:03:56:10";"lÈanger eingebaut werden dÈurfen

als ursprÈunglich geplant."
"165";"00:03:58:01";"00:03:58:01";"FABst>d Ein letzter Check( ( von Energiei:"
"166";"00:03:58:01";"00:03:58:01";"FABst.berater Olaf Ebling.ÿÿ3¦D"
"167";"00:03:58:01";"00:04:01:14";"Ein letzter Check

von Energieberater Olaf Ebling."
"168";"00:04:01:18";"00:04:01:18";"FABst?RAlles in allem ist das ordentlich.ÿÿ§"
"169";"00:04:01:18";"00:04:04:10";"Alles in allem ist das ordentlich."
"170";"00:04:04:24";"00:04:04:24";"FABst@d Ab dem Winter heizt Reiner Nier( ( vÎ"
"171";"00:04:04:24";"00:04:04:24";"FABst( in WeinheimA"
"172";"00:04:04:24";"00:04:08:02";"Ab dem Winter heizt Reiner Nier

in Weinheim"
"173";"00:04:08:06";"00:04:08:06";"FABstAd mit einer Hybridanlage ( ( aus î"
"174";"00:04:08:06";"00:04:08:06";"FABst,Wärmepumpe und Gas.=YÊ"
"175";"00:04:08:06";"00:04:10:24";"mit einer Hybridanlage

aus WÈarmepumpe und Gas."
"176";"00:04:11:03";"00:04:11:03";"FABstBF Seine Ölheizung war alt.ÿÿI"
"177";"00:04:11:03";"00:04:12:20";"Seine ÈOlheizung war alt."
"178";"00:04:13:05";"00:04:13:05";"FABstCdDie alte Heizung war von den Kosten,( ( n"
"179";"00:04:13:05";"00:04:13:05";"FABstJder Wartung, enorm teuer geworden."
"180";"00:04:13:05";"00:04:18:07";"Die alte Heizung war von den Kosten,

der Wartung, enorm teuer geworden."
"181";"00:04:19:19";"00:04:19:19";"FABstDd Und wir wollten weg vom Öl,( ( aufgrund¨"
"182";"00:04:19:19";"00:04:19:19";"FABst6 der jetzigen Situation.3Â"
"183";"00:04:19:19";"00:04:24:04";"Und wir wollten weg vom ÈOl,

aufgrund der jetzigen Situation."
"184";"00:04:25:11";"00:04:25:11";"FABstEd Olaf Ebling kann sich( ( vor AnH"
"185";"00:04:25:11";"00:04:25:11";"FABst,fragen kaum retten.ÿÿ5Í"
"186";"00:04:25:11";"00:04:28:15";"Olaf Ebling kann sich

vor Anfragen kaum retten."
"187";"00:04:28:20";"00:04:28:20";"FABstFd Er berät Menschen, ( ( die u§"
"188";"00:04:28:20";"00:04:28:20";"FABst&msteigen wollen,ÿÿ;åz"
"189";"00:04:28:20";"00:04:31:03";"Er berÈat Menschen,

die umsteigen wollen,"
"190";"00:04:31:05";"00:04:31:05";"FABstGH hilft bei Förderanträgen.ÿÿÐ"
"191";"00:04:31:05";"00:04:32:19";"hilft bei FÈorderantrÈagen."
"192";"00:04:32:21";"00:04:32:21";"FABstHdDiese Heizung kostete 55.000 Euro,( ( 40 j"
"193";"00:04:32:21";"00:04:32:21";"FABst<% hat der Staat übernommen.ÿÿ%!º"
"194";"00:04:32:21";"00:04:37:10";"Diese Heizung kostete 55.000 Euro,

40 % hat der Staat Èubernommen."
"195";"00:04:38:14";"00:04:38:14";"FABstId Nach dem neuen Gesetz steigt ( ( die FOz"
"196";"00:04:38:14";"00:04:38:14";"FABst:örderung auf bis zu 70 % ÿÿ'o<i>"
"197";"00:04:38:14";"00:04:42:07";"Nach dem neuen Gesetz steigt

die FÈorderung auf bis zu 70 % Ð"
"198";"00:04:42:12";"00:04:42:12";"FABstJH gedeckelt bei 21.000 Euro.ÿÿÔî"
"199";"00:04:42:12";"00:04:44:08";"gedeckelt bei 21.000 Euro."
"200";"00:04:45:00";"00:04:45:00";"FABstKd Was sich lohnt, unterscheide sich( ( bè"
"201";"00:04:45:00";"00:04:45:00";"FABst6nach Kunde und Gebäude.ÿÿ+Ø"
"202";"00:04:45:00";"00:04:48:19";"Was sich lohnt, unterscheide sich

nach Kunde und GebÈaude."
"203";"00:04:48:24";"00:04:48:24";"FABstLd Das Einzige, wovon ich abrate,( ( ist ey@"
"204";"00:04:48:24";"00:04:48:24";"FABstBine reine Öl- oder Gasheizung.' "
"205";"00:04:48:24";"00:04:53:08";"Das Einzige, wovon ich abrate,

ist eine reine ÈOl- oder Gasheizung."
"206";"00:04:53:13";"00:04:53:13";"FABstMJ Das funktioniert nicht mehr.Ý|"
"207";"00:04:53:13";"00:04:55:15";"Das funktioniert nicht mehr."
"208";"00:04:56:11";"00:04:56:11";"FABstNd Die Öl- und Gaspreise( ( stei"
"209";"00:04:56:11";"00:04:56:11";"FABst(gen wohl weiter. ÿÿ9"
"210";"00:04:56:11";"00:04:59:03";"Die ÈOl- und Gaspreise

steigen wohl weiter."
"211";"00:04:59:07";"00:04:59:07";"FABstOd Die CO2-Abgabe wird sich( ( bis 202p"
"212";"00:04:59:07";"00:04:59:07";"FABst26 mehr als verdoppeln.ÿÿ/©´"
"213";"00:04:59:07";"00:05:03:02";"Die CO2-Abgabe wird sich

bis 2026 mehr als verdoppeln."
"214";"00:05:03:06";"00:05:03:06";"FABstPd Für Mehrfamilienhäuser( ( gebe (\"
"215";"00:05:03:06";"00:05:03:06";"FABst(es Alternativen. ÿÿ9å"
"216";"00:05:03:06";"00:05:05:23";"FÈur MehrfamilienhÈauser

gebe es Alternativen."
"217";"00:05:06:02";"00:05:06:02";"FABstQd Einige Kunden( ( wollen das 5r"
"218";"00:05:06:02";"00:05:06:02";"FABst&nicht wahrhaben.ÿÿ;ê"
"219";"00:05:06:02";"00:05:08:13";"Einige Kunden

wollen das nicht wahrhaben."
"220";"00:05:08:17";"00:05:08:17";"FABstRd Ich hatte( ( eine EigentüméÆ"
"221";"00:05:08:17";"00:05:08:17";"FABst"erversammlung,ÿÿ?¨"
"222";"00:05:08:17";"00:05:10:23";"Ich hatte

eine EigentÈumerversammlung,"
"223";"00:05:11:02";"00:05:11:02";"FABstSTdie mich teeren und federn wollten:ÿÿ~"
"224";"00:05:11:02";"00:05:13:08";"die mich teeren und federn wollten:"
"225";"00:05:13:13";"00:05:13:13";"FABstTdIch schlug eine Pelletheizung vor,( ( !>"
"226";"00:05:13:13";"00:05:13:13";"FABst<die wollten eine Ölheizung.ÿÿ%*"
"227";"00:05:13:13";"00:05:18:00";"Ich schlug eine Pelletheizung vor,

die wollten eine ÈOlheizung."
"228";"00:05:19:00";"00:05:19:00";"FABstUd Die meisten Kunden seien offen( ( CÜ"
"229";"00:05:19:00";"00:05:19:00";"FABst,für Empfehlungen ÿÿ5¶"
"230";"00:05:19:00";"00:05:21:22";"Die meisten Kunden seien offen

fÈur Empfehlungen Ð"
"231";"00:05:22:00";"00:05:22:00";"FABstVJ die Verunsicherung sei groß.ÿÿVÀ"
"232";"00:05:22:00";"00:05:24:02";"die Verunsicherung sei groû."
"233";"00:05:24:06";"00:05:24:06";"FABstWN Für Ebling ein gutes Geschäft -ÿÿ£ð"
"234";"00:05:24:06";"00:05:26:03";"FÈur Ebling ein gutes GeschÈaft -"
"235";"00:05:26:07";"00:05:26:07";"FABstXd auch wenn er( ( nicht alle AnfraS`"
"236";"00:05:26:07";"00:05:26:07";"FABst*gen bedienen kann.ÿÿ7²"
"237";"00:05:26:07";"00:05:29:09";"auch wenn er

nicht alle Anfragen bedienen kann."
"238";"00:05:30:05";"00:05:30:05";"FABstYdDer Körber-Preis geht dieses Jahr an( ( die²*"
"239";"00:05:30:05";"00:05:30:05";"FABstH Informatikerin Cordelia Schmid. ÿÿ§"
"240";"00:05:30:05";"00:05:34:18";"Der KÈorber-Preis geht dieses Jahr an

die Informatikerin Cordelia Schmid."
"241";"00:05:34:22";"00:05:34:22";"FABstZdSchmid (55) wurde für ihre Forschung( ( in £¾"
"242";"00:05:34:22";"00:05:34:22";"FABstHder Bilderkennung ausgezeichnet. ÿÿà6"
"243";"00:05:34:22";"00:05:39:14";"Schmid (55) wurde fÈur ihre Forschung

in der Bilderkennung ausgezeichnet."
"244";"00:05:39:19";"00:05:39:19";"FABst[d Sie hat dazu beigetragen,( ( dassL"
"245";"00:05:39:19";"00:05:39:19";"FABst0 Computer verstehen, ÿÿ1§Ø"
"246";"00:05:39:19";"00:05:42:20";"Sie hat dazu beigetragen,

dass Computer verstehen,"
"247";"00:05:43:00";"00:05:43:00";"FABst\L was auf Bildern zu sehen ist.ÿÿ4"
"248";"00:05:43:00";"00:05:45:00";"was auf Bildern zu sehen ist."
"249";"00:05:45:04";"00:05:45:04";"FABst]d Die Körber-Stiftung verleiht( ( den P·"
"250";"00:05:45:04";"00:05:45:04";"FABst4reis seit 1985 jährlichÿÿ-M¶"
"251";"00:05:45:04";"00:05:49:10";"Die KÈorber-Stiftung verleiht

den Preis seit 1985 jÈahrlich"
"252";"00:05:51:10";"00:05:51:10";"FABst^d an Forschende( ( in den Natu)z"
"253";"00:05:51:10";"00:05:51:10";"FABst&rwissenschaften.ÿÿ;¹Z"
"254";"00:05:51:10";"00:05:54:08";"an Forschende

in den Naturwissenschaften."
"255";"00:05:55:13";"00:05:55:13";"FABst_d Im Vordergrund ein Mensch,( ( im H"j"
"256";"00:05:55:13";"00:05:55:13";"FABst.intergrund ein Haus.;<i>º"
"257";"00:05:55:13";"00:05:59:01";"Im Vordergrund ein Mensch,

im Hintergrund ein Haus."
"258";"00:05:59:06";"00:05:59:06";"FABst`d Computer können Bilder ( ( immeÞ@"
"259";"00:05:59:06";"00:05:59:06";"FABst,r besser verstehen.=Å"
"260";"00:05:59:06";"00:06:01:23";"Computer kÈonnen Bilder

immer besser verstehen."
"261";"00:06:02:02";"00:06:02:02";"FABstad Auch Dank ihr:( ( InformatikerixN"
"262";"00:06:02:02";"00:06:02:02";"FABst*n Cordelia Schmid.ÿÿ7³Ê"
"263";"00:06:02:02";"00:06:05:12";"Auch Dank ihr:

Informatikerin Cordelia Schmid."
"264";"00:06:06:19";"00:06:06:19";"FABstbd Ich fing mit der Erkennung eines( ( Würf¼ª"
"265";"00:06:06:19";"00:06:06:19";"FABstBels an, das war vor 30 Jahren.'ªx"
"266";"00:06:06:19";"00:06:11:10";"Ich fing mit der Erkennung eines

WÈurfels an, das war vor 30 Jahren."
"267";"00:06:11:14";"00:06:11:14";"FABstcdIch dachte, dass es unmöglich ist,( ( dasë"
"268";"00:06:11:14";"00:06:11:14";"FABstDs der Computer das nicht kann. %"
"269";"00:06:11:14";"00:06:15:14";"Ich dachte, dass es unmÈoglich ist,

dass der Computer das nicht kann."
"270";"00:06:15:18";"00:06:15:18";"FABstdH Daran wollte ich arbeiten.ÿÿÀ"
"271";"00:06:15:18";"00:06:17:09";"Daran wollte ich arbeiten."
"272";"00:06:17:13";"00:06:17:13";"FABsteB Es fasziniert mich,ÿÿì"
"273";"00:06:17:13";"00:06:18:23";"Es fasziniert mich,"
"274";"00:06:19:02";"00:06:19:02";"FABstfd dass das so schwer ist( ( für <i>V"
"275";"00:06:19:02";"00:06:19:02";"FABst&einen Computer. ÿÿ;<"
"276";"00:06:19:02";"00:06:22:05";"dass das so schwer ist

fÈur einen Computer."
"277";"00:06:23:02";"00:06:23:02";"FABstgdGeometrische Formen konnten Computer( ( &®"
"278";"00:06:23:02";"00:06:23:02";"FABst< Mitte der 90er erkennen.ÿÿ%äf"
"279";"00:06:23:02";"00:06:27:11";"Geometrische Formen konnten Computer

Mitte der 90er erkennen."
"280";"00:06:27:21";"00:06:27:21";"FABsthd Aber halb verdeckt( ( durften diebº"
"281";"00:06:27:21";"00:06:27:21";"FABst, Formen nicht sein.ÿÿ5®"
"282";"00:06:27:21";"00:06:31:18";"Aber halb verdeckt

durften die Formen nicht sein."
"283";"00:06:33:08";"00:06:33:08";"FABstid Jetzt werden auch( ( komplexerdü"
"284";"00:06:33:08";"00:06:33:08";"FABst*e Motive erfasst ÿÿ7Î¢"
"285";"00:06:33:08";"00:06:36:10";"Jetzt werden auch

komplexere Motive erfasst Ð"
"286";"00:06:36:14";"00:06:36:14";"FABstjd selbst aus( ( verschiedenenT "
"287";"00:06:36:14";"00:06:36:14";"FABst" Perspektiven.ÿÿ?Ô:"
"288";"00:06:36:14";"00:06:39:09";"selbst aus

verschiedenen Perspektiven."
"289";"00:06:39:15";"00:06:39:15";"FABstkL Die KI sucht sich Punkte aus,ÿÿ¨"
"290";"00:06:39:15";"00:06:41:21";"Die KI sucht sich Punkte aus,"
"291";"00:06:42:04";"00:06:42:04";"FABstld die die Informationen ( ( im Bi4"
"292";"00:06:42:04";"00:06:42:04";"FABst(ld zusammenfasst.ÿÿ9h"
"293";"00:06:42:04";"00:06:45:15";"die die Informationen

im Bild zusammenfasst."
"294";"00:06:46:22";"00:06:46:22";"FABstmd Zum Beispiel hier ( ( auf deP¾"
"295";"00:06:46:22";"00:06:46:22";"FABst"n Tragflächen.ÿÿ?^`"
"296";"00:06:46:22";"00:06:49:15";"Zum Beispiel hier

auf den TragflÈachen."
"297";"00:06:49:19";"00:06:49:19";"FABstnd Dann gibt's Algorithmen,( ( die die iþ"
"298";"00:06:49:19";"00:06:49:19";"FABst6n den Bildern entdecken.ÿÿ+Ø"
"299";"00:06:49:19";"00:06:53:14";"Dann gibt's Algorithmen,

die die in den Bildern entdecken."
"300";"00:06:53:18";"00:06:53:18";"FABstod Grundlage für die Entwicklung( ( intellÒä"
"301";"00:06:53:18";"00:06:53:18";"FABst<i>genter Roboter, wie TiaGO.ÿÿ%Ì"
"302";"00:06:53:18";"00:06:58:05";"Grundlage fÈur die Entwicklung

intelligenter Roboter, wie TiaGO."
"303";"00:06:59:00";"00:06:59:00";"FABstpd Der könnte in Krankenhäusern( ( ""
"304";"00:06:59:00";"00:06:59:00";"FABst(oder Pflegeheimenÿÿ9ÿ$"
"305";"00:06:59:00";"00:07:01:21";"Der kÈonnte in KrankenhÈausern

oder Pflegeheimen"
"306";"00:07:02:00";"00:07:02:00";"FABstqH das Personal unterstützen.ÿÿ/Ò"
"307";"00:07:02:00";"00:07:03:23";"das Personal unterstÈutzen."
"308";"00:07:04:14";"00:07:04:14";"FABstrd Ziel ist, dass der( ( autonom durk"
"309";"00:07:04:14";"00:07:04:14";"FABst6ch den Raum fahren kann,ÿÿ+"
"310";"00:07:04:14";"00:07:08:00";"Ziel ist, dass der

autonom durch den Raum fahren kann,"
"311";"00:07:08:04";"00:07:08:04";"FABstsNden er vorher nicht gesehen hat.ÿÿÄ*"
"312";"00:07:08:04";"00:07:10:02";"den er vorher nicht gesehen hat."
"313";"00:07:10:06";"00:07:10:06";"FABsttJ Er steht hier und Sie sagen:ÿÿÐn"
"314";"00:07:10:06";"00:07:12:07";"Er steht hier und Sie sagen:"
"315";"00:07:12:11";"00:07:12:11";"FABstud Fahr zu dem Schrank( ( und hol miB"
"316";"00:07:12:11";"00:07:12:11";"FABst*r die Kaffeetasse.ÿÿ7Â"
"317";"00:07:12:11";"00:07:15:17";"Fahr zu dem Schrank

und hol mir die Kaffeetasse."
"318";"00:07:15:23";"00:07:15:23";"FABstvd Für ihre Forschung erhält Schmid( ( heute 2Î"
"319";"00:07:15:23";"00:07:15:23";"FABst>in Hamburg den Körber-Preis,ÿÿ#l"
"320";"00:07:15:23";"00:07:20:11";"FÈur ihre Forschung erhÈalt Schmid

heute in Hamburg den KÈorber-Preis,"
"321";"00:07:20:15";"00:07:20:15";"FABstwN dotiert mit einer Million Euro.ÿÿìð"
"322";"00:07:20:15";"00:07:22:17";"dotiert mit einer Million Euro."
"323";"00:07:22:21";"00:07:22:21";"FABstxdGeld, mit dem die Wissenschaftlerin( ( ih^ê"
"324";"00:07:22:21";"00:07:22:21";"FABst>re Arbeit voranbringen will.ÿÿ#ÁÀ"
"325";"00:07:22:21";"00:07:27:20";"Geld, mit dem die Wissenschaftlerin

ihre Arbeit voranbringen will."
"326";"00:07:29:06";"00:07:29:06";"FABstydVor dem morgen beginnenden G20-Gipfel( ( aT"
"327";"00:07:29:06";"00:07:29:06";"FABstB in Indien wächst die Sorge,ÿÿ!Ì"
"328";"00:07:29:06";"00:07:33:20";"Vor dem morgen beginnenden G20-Gipfel

in Indien wÈachst die Sorge,"
"329";"00:07:33:24";"00:07:33:24";"FABstzd die Staaten könnten sich nicht( ( auf ei¨H"
"330";"00:07:33:24";"00:07:33:24";"FABstBne Abschlusserklärung einigen.ÿÿJÜ"
"331";"00:07:33:24";"00:07:38:18";"die Staaten kÈonnten sich nicht

auf eine AbschlusserklÈarung einigen."
"332";"00:07:38:23";"00:07:38:23";"FABst{d Ein Streitpunkt ist der russische( ( ¶"
"333";"00:07:38:23";"00:07:38:23";"FABst6Krieg gegen die Ukraine.ÿÿ+å"
"334";"00:07:38:23";"00:07:43:06";"Ein Streitpunkt ist der russische

Krieg gegen die Ukraine."
"335";"00:07:44:02";"00:07:44:02";"FABst|d Moskau wirft( ( den westlichov"
"336";"00:07:44:02";"00:07:44:02";"FABst$en Staaten vor,ÿÿ=à4"
"337";"00:07:44:02";"00:07:46:17";"Moskau wirft

den westlichen Staaten vor,"
"338";"00:07:46:19";"00:07:46:19";"FABst}d Druck auf( ( den Gastgeber I#"
"339";"00:07:46:19";"00:07:46:19";"FABst&ndien auszuüben.ÿÿ;kh"
"340";"00:07:46:19";"00:07:49:09";"Druck auf

den Gastgeber Indien auszuÈuben."
"341";"00:07:49:11";"00:07:49:11";"FABst~d Russlands Präsident Putin( ( blei©x"
"342";"00:07:49:11";"00:07:49:11";"FABst0bt dem Treffen fern, ÿÿ1í"
"343";"00:07:49:11";"00:07:52:18";"Russlands PrÈasident Putin

bleibt dem Treffen fern,"
"344";"00:07:52:20";"00:07:52:20";"FABstVebenso der chinesische Staatschef Xi.ÿÿñ^"
"345";"00:07:52:20";"00:07:55:13";"ebenso der chinesische Staatschef Xi."
"346";"00:07:57:05";"00:07:57:05";"FABst<i>d Monatelang wurde Neu-Delhi( ( für denF^"
"347";"00:07:57:05";"00:07:57:05";"FABst6 G20-Gipfel verschönert.3hò"
"348";"00:07:57:05";"00:08:00:18";"Monatelang wurde Neu-Delhi

fÈur den G20-Gipfel verschÈonert."
"349";"00:08:00:20";"00:08:00:20";"FABst</i>RZum Teil mit drastischen Maßnahmen.<i>"
"350";"00:08:00:20";"00:08:03:01";"Zum Teil mit drastischen Maûnahmen."
"351";"00:08:03:03";"00:08:03:03";"FABst<u>d Slumbewohner( ( mussten das Vi²¢"
"352";"00:08:03:03";"00:08:03:03";"FABst&ertel verlassen,Ch"
"353";"00:08:03:03";"00:08:05:21";"Slumbewohner

mussten das Viertel verlassen,"
"354";"00:08:05:23";"00:08:05:23";"FABst</u>P ihre Unterkünfte wurden zerstört.ÿÿP2"
"355";"00:08:05:23";"00:08:08:02";"ihre UnterkÈunfte wurden zerstÈort."
"356";"00:08:08:04";"00:08:08:04";"FABstP Die ersten Staatsgäste kommen an,ÿÿ¢4"
"357";"00:08:08:04";"00:08:10:07";"Die ersten StaatsgÈaste kommen an,"
"358";"00:08:10:09";"00:08:10:09";"FABstd Straßen werden gesperrt ( ( und GeR"
"359";"00:08:10:09";"00:08:10:09";"FABst.schäfte geschlossen.ÿÿ3g\"
"360";"00:08:10:09";"00:08:13:10";"Straûen werden gesperrt

und GeschÈafte geschlossen."
"361";"00:08:13:12";"00:08:13:12";"FABstd Sichtbar zelebriert Premier Modi( ( Ind±À"
"362";"00:08:13:12";"00:08:13:12";"FABst8iens G20-Präsidentschaft.ÿÿ)Gæ"
"363";"00:08:13:12";"00:08:18:13";"Sichtbar zelebriert Premier Modi

Indiens G20-PrÈasidentschaft."
"364";"00:08:20:19";"00:08:20:19";"FABstd Es geht um die Beschleunigung( ( naøü"
"365";"00:08:20:19";"00:08:20:19";"FABst4chhaltiger Entwicklung,5¯p"
"366";"00:08:20:19";"00:08:25:01";"Es geht um die Beschleunigung

nachhaltiger Entwicklung,"
"367";"00:08:25:17";"00:08:25:17";"FABstRKlimawandel und Klimafinanzierung.hÜ"
"368";"00:08:25:17";"00:08:28:08";"Klimawandel und Klimafinanzierung."
"369";"00:08:28:16";"00:08:28:16";"FABstJ Das braucht auch einen Umbauÿÿ#²"
"370";"00:08:28:16";"00:08:30:21";"Das braucht auch einen Umbau"
"371";"00:08:31:00";"00:08:31:00";"FABst
d multilateraler,( ( internationalö"
"372";"00:08:31:00";"00:08:31:00";"FABst(er Institutionen.ÿÿ9ºZ"
"373";"00:08:31:00";"00:08:34:07";"multilateraler,

internationaler Institutionen."
"374";"00:08:39:17";"00:08:39:17";"FABstdDaraus gemeinsame Papiere zu machen,( ( dar¹ô"
"375";"00:08:39:17";"00:08:39:17";"FABstHan wird noch intensiv verhandelt,ÿÿ"
"376";"00:08:39:17";"00:08:44:24";"Daraus gemeinsame Papiere zu machen,

daran wird noch intensiv verhandelt,"
"377";"00:08:46:02";"00:08:46:02";"FABstL so deutsche Regierungskreise.ÿÿ¢"
"378";"00:08:46:02";"00:08:48:01";"so deutsche Regierungskreise."
"379";"00:08:48:03";"00:08:48:03";"FABstdMit über 200 Veranstaltungen war G20( ( einUÔ"
"380";"00:08:48:03";"00:08:48:03";"FABstJ Jahr lang in ganz Indien präsent.ÿÿuÌ"
"381";"00:08:48:03";"00:08:53:02";"Mit Èuber 200 Veranstaltungen war G20

ein Jahr lang in ganz Indien prÈasent."
"382";"00:08:53:06";"00:08:53:06";"FABstN Indien macht der Welt deutlich,-"
"383";"00:08:53:06";"00:08:55:10";"Indien macht der Welt deutlich,"
"384";"00:08:55:14";"00:08:55:14";"FABstd dass wir( ( eine größere Rolé"
"385";"00:08:55:14";"00:08:55:14";"FABst*le spielen wollen.?±"
"386";"00:08:55:14";"00:08:58:09";"dass wir

eine grÈoûere Rolle spielen wollen."
"387";"00:08:58:13";"00:08:58:13";"FABstVWir wollen eine führende Macht sein.¤J"
"388";"00:08:58:13";"00:09:01:06";"Wir wollen eine fÈuhrende Macht sein."
"389";"00:09:01:10";"00:09:01:10";"FABstd Eine Macht, die globale( ( EntwicÚÚ"
"390";"00:09:01:10";"00:09:01:10";"FABst0klungen mitgestaltet.ÿÿ1F"
"391";"00:09:01:10";"00:09:05:01";"Eine Macht, die globale

Entwicklungen mitgestaltet."
"392";"00:09:05:10";"00:09:05:10";"FABstd Ein Anspruch,( ( der China n2"
"393";"00:09:05:10";"00:09:05:10";"FABst icht gefällt.ÿÿA`"
"394";"00:09:05:10";"00:09:08:04";"Ein Anspruch,

der China nicht gefÈallt."
"395";"00:09:08:08";"00:09:08:08";"FABstd Dass Präsident Xi das erste Mal ( ( nichtl´"
"396";"00:09:08:08";"00:09:08:08";"FABst< zu einem G20-Gipfel kommt,ÿÿ%P"
"397";"00:09:08:08";"00:09:12:09";"Dass PrÈasident Xi das erste Mal

nicht zu einem G20-Gipfel kommt,"
"398";"00:09:12:13";"00:09:12:13";"FABstd wird als Affront gegenüber( ( dem aufstM|"
"399";"00:09:12:13";"00:09:12:13";"FABst8rebenden Indien gewertet.ÿÿ)åR"
"400";"00:09:12:13";"00:09:16:10";"wird als Affront gegenÈuber

dem aufstrebenden Indien gewertet."
"401";"00:09:16:14";"00:09:16:14";"FABstL Die Beziehung ist angespannt.ÿÿ{º"
"402";"00:09:16:14";"00:09:18:11";"Die Beziehung ist angespannt."
"403";"00:09:18:21";"00:09:18:21";"FABstREs gibt Grenzkonflikte im Himalaja.ÿÿ2¶"
"404";"00:09:18:21";"00:09:21:16";"Es gibt Grenzkonflikte im Himalaja."
"405";"00:09:22:16";"00:09:22:16";"FABstd Angesichts der Absagen von China( ( und ÐÞ"
"406";"00:09:22:16";"00:09:22:16";"FABst:Russlands Präsident Putin ÿÿ'V"
"407";"00:09:22:16";"00:09:26:12";"Angesichts der Absagen von China

und Russlands PrÈasident Putin"
"408";"00:09:26:16";"00:09:26:16";"FABstd scheint eine gemeinsame( ( AbschlusseÖ"
"409";"00:09:26:16";"00:09:26:16";"FABst:rklärung unwahrscheinlich.ÿÿ'b|"
"410";"00:09:26:16";"00:09:30:12";"scheint eine gemeinsame

AbschlusserklÈarung unwahrscheinlich."
"411";"00:09:31:18";"00:09:31:18";"FABstdIn der Kaukasus-Region Berg-Karabach( ( Áî"
"412";"00:09:31:18";"00:09:31:18";"FABst< spitzt sich die Lage zu.ÿÿ%³\"
"413";"00:09:31:18";"00:09:35:10";"In der Kaukasus-Region Berg-Karabach

spitzt sich die Lage zu."
"414";"00:09:35:14";"00:09:35:14";"FABstd Laut armenischer Regierung( ( rüstelè"
"415";"00:09:35:14";"00:09:35:14";"FABst0t Aserbaidschan auf. ÿÿ1¸"
"416";"00:09:35:14";"00:09:38:21";"Laut armenischer Regierung

rÈustet Aserbaidschan auf."
"417";"00:09:39:05";"00:09:39:05";"FABstd Die Ex-Sowjetrepubliken ( ( ArmeniíÊ"
"418";"00:09:39:05";"00:09:39:05";"FABst.en und Aserbaidschan;Åp"
"419";"00:09:39:05";"00:09:42:07";"Die Ex-Sowjetrepubliken

Armenien und Aserbaidschan"
"420";"00:09:42:11";"00:09:42:11";"FABstd streiten seit Jahrzehnten( ( Ñ¦"
"421";"00:09:42:11";"00:09:42:11";"FABst(um Berg-Karabach.A©Ê"
"422";"00:09:42:11";"00:09:45:06";"streiten seit Jahrzehnten

um Berg-Karabach."
"423";"00:09:45:10";"00:09:45:10";"FABstd Völkerrechtlich( ( gehört es Ð²"
"424";"00:09:45:10";"00:09:45:10";"FABst(zu Aserbaidschan,ÿÿ9£°"
"425";"00:09:45:10";"00:09:48:05";"VÈolkerrechtlich

gehÈort es zu Aserbaidschan,"
"426";"00:09:48:09";"00:09:48:09";"FABstd wird aber mehrheitlich( ( von AÐ"
"427";"00:09:48:09";"00:09:48:09";"FABst(rmeniern bewohnt.ÿÿ9v"
"428";"00:09:48:09";"00:09:51:02";"wird aber mehrheitlich

von Armeniern bewohnt."
"429";"00:09:51:06";"00:09:51:06";"FABstdSeit Monaten blockiert Aserbaidschan( ( Î"
"430";"00:09:51:06";"00:09:51:06";"FABst: den Latschin-Korridor.ÿÿ'®"
"431";"00:09:51:06";"00:09:54:21";"Seit Monaten blockiert Aserbaidschan

den Latschin-Korridor."
"432";"00:09:55:00";"00:09:55:00";"FABst d Er ist der einzige Zugang( ( von Armenì"
"433";"00:09:55:00";"00:09:55:00";"FABst4ien nach Berg-Karabach.ÿÿ-Ú"
"434";"00:09:55:00";"00:09:58:11";"Er ist der einzige Zugang

von Armenien nach Berg-Karabach."
"435";"00:09:58:15";"00:09:58:15";"FABst¡d Über ihn kommen Hilfsgüter( ( ô"
"436";"00:09:58:15";"00:09:58:15";"FABst$in das Gebiet.ÿÿ="
"437";"00:09:58:15";"00:10:01:02";"ÈUber ihn kommen HilfsgÈuter

in das Gebiet."
"438";"00:10:01:06";"00:10:01:06";"FABst¢d Hilfsorganisationen nennen( ( die Vers|"
"439";"00:10:01:06";"00:10:01:06";"FABst8orgungslage katastrophal.ÿÿ)"
"440";"00:10:01:06";"00:10:05:12";"Hilfsorganisationen nennen

die Versorgungslage katastrophal."
"441";"00:10:06:24";"00:10:06:24";"FABst£L Seit Monaten geht hier nichts.ÿÿOÊ"
"442";"00:10:06:24";"00:10:09:03";"Seit Monaten geht hier nichts."
"443";"00:10:09:17";"00:10:09:17";"FABst¤d Hilfstransporte stecken fest( ( in StaÉd"
"444";"00:10:09:17";"00:10:09:17";"FABst6us am Latschin-Korridor.3æv"
"445";"00:10:09:17";"00:10:13:24";"Hilfstransporte stecken fest

in Staus am Latschin-Korridor."
"446";"00:10:14:13";"00:10:14:13";"FABst¥d Aserbaidschan, das den Zugang ( ( nach B½J"
"447";"00:10:14:13";"00:10:14:13";"FABst:erg-Karabach kontrolliert,ÿÿ'>"
"448";"00:10:14:13";"00:10:18:14";"Aserbaidschan, das den Zugang

nach Berg-Karabach kontrolliert,"
"449";"00:10:18:18";"00:10:18:18";"FABst¦F lässt kaum etwas durch.ÿÿî"
"450";"00:10:18:18";"00:10:20:09";"lÈasst kaum etwas durch."
"451";"00:10:20:13";"00:10:20:13";"FABst§d Keine hundert Kilometer östlich( ( sN"
"452";"00:10:20:13";"00:10:20:13";"FABst4ieht es deshalb so aus:ÿÿ-Æj"
"453";"00:10:20:13";"00:10:24:12";"Keine hundert Kilometer Èostlich

sieht es deshalb so aus:"
"454";"00:10:24:19";"00:10:24:19";"FABst¨dLeere Geschäfte und leere Straßen,( ( Å:"
"455";"00:10:24:19";"00:10:24:19";"FABst. Benzin ist knapp.ÿÿ3ÀÜ"
"456";"00:10:24:19";"00:10:28:20";"Leere GeschÈafte und leere Straûen,

Benzin ist knapp."
"457";"00:10:29:24";"00:10:29:24";"FABst©d Stepanakert, das Zentrum ( ( des Gê&"
"458";"00:10:29:24";"00:10:29:24";"FABst2ebietes Berg-Karabach,ÿÿ/»ª"
"459";"00:10:29:24";"00:10:33:09";"Stepanakert, das Zentrum

des Gebietes Berg-Karabach,"
"460";"00:10:33:13";"00:10:33:13";"FABstªJ abgeschnitten von der Welt.ÿÿCH"
"461";"00:10:33:13";"00:10:35:10";"abgeschnitten von der Welt."
"462";"00:10:35:14";"00:10:35:14";"FABst«d Nichts kommt an,( ( kaum jem´¢"
"463";"00:10:35:14";"00:10:35:14";"FABst$and kommt rein.ÿÿ=Ñ2"
"464";"00:10:35:14";"00:10:38:03";"Nichts kommt an,

kaum jemand kommt rein."
"465";"00:10:38:07";"00:10:38:07";"FABst¬d Diese Aufnahmen haben örtliche( ( Journ! "
"466";"00:10:38:07";"00:10:38:07";"FABst8alisten für uns gedreht. ÿÿ)W¤"
"467";"00:10:38:07";"00:10:42:01";"Diese Aufnahmen haben Èortliche

Journalisten fÈur uns gedreht."
"468";"00:10:42:05";"00:10:42:05";"FABst­d Auch das Interview( ( mit Nar·R"
"469";"00:10:42:05";"00:10:42:05";"FABst$ine Karapetian.ÿÿ=¦J"
"470";"00:10:42:05";"00:10:45:00";"Auch das Interview

mit Narine Karapetian."
"471";"00:10:45:05";"00:10:45:05";"FABst®d Sie hat drei Kinder,( ( ist in BeüÔ"
"472";"00:10:45:05";"00:10:45:05";"FABst.rg-Karabach geboren.ÿÿ3</i>L"
"473";"00:10:45:05";"00:10:48:18";"Sie hat drei Kinder,

ist in Berg-Karabach geboren."
"474";"00:10:49:04";"00:10:49:04";"FABst¯d Dass es in den Läden( ( keine L$Î"
"475";"00:10:49:04";"00:10:49:04";"FABst(ebensmittel gibt,A÷Ø"
"476";"00:10:49:04";"00:10:52:12";"Dass es in den LÈaden

keine Lebensmittel gibt,"
"477";"00:10:52:16";"00:10:52:16";"FABst°L darüber reden wir nicht mehr.¸ª"
"478";"00:10:52:16";"00:10:54:14";"darÈuber reden wir nicht mehr."
"479";"00:10:54:18";"00:10:54:18";"FABst±TWer etwas hat, tauscht mit anderen.ÿÿø"
"480";"00:10:54:18";"00:10:56:23";"Wer etwas hat, tauscht mit anderen."
"481";"00:10:57:02";"00:10:57:02";"FABst²d Man hat immer( ( eine StofÍB"
"482";"00:10:57:02";"00:10:57:02";"FABst"ftasche dabei,ÿÿ?ùD"
"483";"00:10:57:02";"00:10:59:10";"Man hat immer

eine Stofftasche dabei,"
"484";"00:10:59:12";"00:10:59:12";"FABst³d falls jemand( ( selbst gezogeneØD"
"485";"00:10:59:12";"00:10:59:12";"FABst*s Gemüse verkauft.ÿÿ7"
"486";"00:10:59:12";"00:11:02:20";"falls jemand

selbst gezogenes GemÈuse verkauft."
"487";"00:11:03:09";"00:11:03:09";"FABst´d Schlangen dort, wo es was gibt, ( ( RatioËæ"
"488";"00:11:03:09";"00:11:03:09";"FABst<nierungen für Lebensmittel.ÿÿ%k<u>"
"489";"00:11:03:09";"00:11:08:01";"Schlangen dort, wo es was gibt,

Rationierungen fÈur Lebensmittel."
"490";"00:11:09:03";"00:11:09:03";"FABstµdBesonders schlimm ist die Situation( ( Ê:"
"491";"00:11:09:03";"00:11:09:03";"FABst2 in den Apotheken.ÿÿ/Ñê"
"492";"00:11:09:03";"00:11:12:13";"Besonders schlimm ist die Situation

in den Apotheken."
"493";"00:11:12:17";"00:11:12:17";"FABst¶d Seit Juli kommen fast keine( ( Medikaü"
"494";"00:11:12:17";"00:11:12:17";"FABst8mente mehr in das Gebiet.ÿÿ)þÖ"
"495";"00:11:12:17";"00:11:16:10";"Seit Juli kommen fast keine

Medikamente mehr in das Gebiet."
"496";"00:11:16:14";"00:11:16:14";"FABst·dVölkerrechtlich gehört Berg-Karabach( ( âÚ"
"497";"00:11:16:14";"00:11:16:14";"FABst4 zu Aserbaidschan.ÿÿ-©Æ"
"498";"00:11:16:14";"00:11:20:09";"VÈolkerrechtlich gehÈort Berg-Karabach

zu Aserbaidschan."
"499";"00:11:20:13";"00:11:20:13";"FABst¸RDoch hier leben vor allem Armenier.ÿÿu"
"500";"00:11:20:13";"00:11:22:24";"Doch hier leben vor allem Armenier."
"501";"00:11:23:03";"00:11:23:03";"FABst¹P Zwei Kriege gab es um das Gebiet.ÿÿ=À"
"502";"00:11:23:03";"00:11:25:09";"Zwei Kriege gab es um das Gebiet."
"503";"00:11:25:13";"00:11:25:13";"FABstºd Aserbaidschan eroberte vor( ( drei Jahß"
"504";"00:11:25:13";"00:11:25:13";"FABst>ren Teile von Berg-Karabach.ÿÿ#"
"505";"00:11:25:13";"00:11:29:08";"Aserbaidschan eroberte vor

drei Jahren Teile von Berg-Karabach."
"506";"00:11:29:12";"00:11:29:12";"FABst»d Es sagte zu,( ( den Latschin-Ko½$"
"507";"00:11:29:12";"00:11:29:12";"FABst0rridor offenzuhalten.ÿÿ1</u>R"
"508";"00:11:29:12";"00:11:32:24";"Es sagte zu,

den Latschin-Korridor offenzuhalten."
"509";"00:11:33:04";"00:11:33:04";"FABst¼D Den blockiert es nun ÿÿxÌ"
"510";"00:11:33:04";"00:11:34:21";"Den blockiert es nun Ð"
"511";"00:11:35:00";"00:11:35:00";"FABst½d und bietet im Gegenzug( ( eigen¼<i>"
"512";"00:11:35:00";"00:11:35:00";"FABst(e Hilfsgüter an. ÿÿ98"
"513";"00:11:35:00";"00:11:38:05";"und bietet im Gegenzug

eigene HilfsgÈuter an."
"514";"00:11:38:11";"00:11:38:11";"FABst¾d Russland,( ( eigentlich SchutÆ¸"
"515";"00:11:38:11";"00:11:38:11";"FABst(zmacht Armeniens,ÿÿ9½"
"516";"00:11:38:11";"00:11:41:15";"Russland,

eigentlich Schutzmacht Armeniens,"
"517";"00:11:41:19";"00:11:41:19";"FABst¿d hält sich weitgehend raus,( ( zum \Â"
"518";"00:11:41:19";"00:11:41:19";"FABst.Ärger der Armenier. ÿÿ3`@"
"519";"00:11:41:19";"00:11:45:05";"hÈalt sich weitgehend raus,

zum ÈArger der Armenier."
"520";"00:11:45:09";"00:11:45:09";"FABstÀd Ab Montag will Armenien kleinere( ( Milit¡X"
"521";"00:11:45:09";"00:11:45:09";"FABstDärübungen mit den USA abhalten.ÿÿ¤"
"522";"00:11:45:09";"00:11:50:07";"Ab Montag will Armenien kleinere

MilitÈarÈubungen mit den USA abhalten."
"523";"00:11:51:17";"00:11:51:17";"FABstÁdDer Regen in den Hochwassergebieten( ( ú"
"524";"00:11:51:17";"00:11:51:17";"FABst<i>n Griechenland lässt nach.ÿÿ%;:"
"525";"00:11:51:17";"00:11:56:01";"Der Regen in den Hochwassergebieten

in Griechenland lÈasst nach."
"526";"00:11:56:05";"00:11:56:05";"FABstÂd Trotzdem( ( stiegen die Pegeæô"
"527";"00:11:56:05";"00:11:56:05";"FABst$lstände weiter.ÿÿ=,"
"528";"00:11:56:05";"00:11:58:19";"Trotzdem

stiegen die PegelstÈande weiter."
"529";"00:11:58:23";"00:11:58:23";"FABstÃd Die Zahl der Todesopfer( ( ×Æ"
"530";"00:11:58:23";"00:11:58:23";"FABst$stieg auf zehn.E°ö"
"531";"00:11:58:23";"00:12:01:19";"Die Zahl der Todesopfer

stieg auf zehn."
"532";"00:12:01:23";"00:12:01:23";"FABstÄL Vier Menschen werden vermisst.lÊ"
"533";"00:12:01:23";"00:12:03:23";"Vier Menschen werden vermisst."
"534";"00:12:04:02";"00:12:04:02";"FABstÅd Das Militär ist mit Hubschraubern( ( uV´"
"535";"00:12:04:02";"00:12:04:02";"FABst8nd Fahrzeugen im Einsatz,ÿÿ)ê"
"536";"00:12:04:02";"00:12:08:12";"Das MilitÈar ist mit Hubschraubern

und Fahrzeugen im Einsatz,"
"537";"00:12:08:16";"00:12:08:16";"FABstÆD um Menschen zu retten.ÿÿN|"
"538";"00:12:08:16";"00:12:10:05";"um Menschen zu retten."
"539";"00:12:10:09";"00:12:10:09";"FABstÇd Fachleute befürchten Schäden( ( bei InfÖv"
"540";"00:12:10:09";"00:12:10:09";"FABst@rastruktur und Landwirtschaftÿÿ!Ì¦"
"541";"00:12:10:09";"00:12:14:20";"Fachleute befÈurchten SchÈaden

bei Infrastruktur und Landwirtschaft"
"542";"00:12:14:24";"00:12:14:24";"FABstÈ@ in Milliardenhöhe.ÿÿÛB"
"543";"00:12:14:24";"00:12:16:05";"in MilliardenhÈohe."
"544";"00:12:18:07";"00:12:18:07";"FABstÉd Auch in Hongkong( ( kam es zu schãZ"
"545";"00:12:18:07";"00:12:18:07";"FABst4weren Überschwemmungen.5(T"
"546";"00:12:18:07";"00:12:21:12";"Auch in Hongkong

kam es zu schweren ÈUberschwemmungen."
"547";"00:12:21:14";"00:12:21:14";"FABstÊd Vergangene Nacht( ( regnete es inöÎ"
"548";"00:12:21:14";"00:12:21:14";"FABst.nerhalb einer Stunde;Û:"
"549";"00:12:21:14";"00:12:24:21";"Vergangene Nacht

regnete es innerhalb einer Stunde"
"550";"00:12:25:00";"00:12:25:00";"FABstËN über 158 Liter pro Quadratmeter:ÿÿÆ"
"551";"00:12:25:00";"00:12:27:17";"Èuber 158 Liter pro Quadratmeter:"
"552";"00:12:28:00";"00:12:28:00";"FABstÌdEin Rekord seit Aufzeichnungsbeginn( ( Ð"
"553";"00:12:28:00";"00:12:28:00";"FABst0 vor 140 Jahren.ÿÿ1¦@"
"554";"00:12:28:00";"00:12:31:10";"Ein Rekord seit Aufzeichnungsbeginn

vor 140 Jahren."
"555";"00:12:31:14";"00:12:31:14";"FABstÍd Die Wassermassen brachten( ( den VerkÔÒ"
"556";"00:12:31:14";"00:12:31:14";"FABst@ehr und das öffentliche Lebenÿÿ!X"
"557";"00:12:31:14";"00:12:35:10";"Die Wassermassen brachten

den Verkehr und das Èoffentliche Leben"
"558";"00:12:35:14";"00:12:35:14";"FABstÎL in der Metropole zum Erliegen.ÿÿ"¼"
"559";"00:12:35:14";"00:12:37:18";"in der Metropole zum Erliegen."
"560";"00:12:37:22";"00:12:37:22";"FABstÏd Zwei Menschen sind gestorben,( ( es gi¹ô"
"561";"00:12:37:22";"00:12:37:22";"FABst:bt mehr als 100 Verletzte.ÿÿ'Â<"
"562";"00:12:37:22";"00:12:41:22";"Zwei Menschen sind gestorben,

es gibt mehr als 100 Verletzte."
"563";"00:12:43:08";"00:12:43:08";"FABstÐd Vermutlich Brandanschläge( ( auvÈ"
"564";"00:12:43:08";"00:12:43:08";"FABst*f Technik der Bahnÿÿ7¶Þ"
"565";"00:12:43:08";"00:12:46:05";"Vermutlich BrandanschlÈage

auf Technik der Bahn"
"566";"00:12:46:09";"00:12:46:09";"FABstÑd haben die ICE-Strecke zwischen( ( Hamburg<i>"
"567";"00:12:46:09";"00:12:46:09";"FABst< und Berlin beeinträchtigt.ÿÿ%9("
"568";"00:12:46:09";"00:12:50:11";"haben die ICE-Strecke zwischen

Hamburg und Berlin beeintrÈachtigt."
"569";"00:12:50:15";"00:12:50:15";"FABstÒTEs gab Zugausfälle und Verspätungen.ÿÿ*"
"570";"00:12:50:15";"00:12:52:21";"Es gab ZugausfÈalle und VerspÈatungen."
"571";"00:12:53:01";"00:12:53:01";"FABstÓd Betroffen war auch( ( die VerbindòÐ"
"572";"00:12:53:01";"00:12:53:01";"FABst.ung Hamburg-Rostock.ÿÿ3´ì"
"573";"00:12:53:01";"00:12:56:01";"Betroffen war auch

die Verbindung Hamburg-Rostock."
"574";"00:12:56:05";"00:12:56:05";"FABstÔdLaut Polizei haben Unbekannte nachts( ( Ç"
"575";"00:12:56:05";"00:12:56:05";"FABst>an drei Stellen in Hamburgÿÿ#í"
"576";"00:12:56:05";"00:13:00:07";"Laut Polizei haben Unbekannte nachts

an drei Stellen in Hamburg"
"577";"00:13:00:20";"00:13:00:20";"FABstÕd Kabelschächte der Bahn( ( in t"
"578";"00:13:00:20";"00:13:00:20";"FABst"Brand gesetzt.G¦""
"579";"00:13:00:20";"00:13:03:12";"KabelschÈachte der Bahn

in Brand gesetzt."
"580";"00:13:03:16";"00:13:03:16";"FABstÖd Die Beamten vermuten( ( ein politisí"
"581";"00:13:03:16";"00:13:03:16";"FABst8ches Motiv und ermitteln.ÿÿ)­"
"582";"00:13:03:16";"00:13:07:12";"Die Beamten vermuten

ein politisches Motiv und ermitteln."
"583";"00:13:07:17";"00:13:07:17";"FABst×dReisende müssen bis morgen Vormittag( ( p"
"584";"00:13:07:17";"00:13:07:17";"FABst: mit Problemen rechnen.ÿÿ'"
"585";"00:13:07:17";"00:13:11:17";"Reisende mÈussen bis morgen Vormittag

mit Problemen rechnen."
"586";"00:13:13:12";"00:13:13:12";"FABstØd Sie traten als Außenseiter( ( gegen deEÈ"
"587";"00:13:13:12";"00:13:13:12";"FABst6n Olympiasieger USA an -ÿÿ+» "
"588";"00:13:13:12";"00:13:17:19";"Sie traten als Auûenseiter

gegen den Olympiasieger USA an -"
"589";"00:13:17:23";"00:13:17:23";"FABstÙB und haben gewonnen.ÿÿE""
"590";"00:13:17:23";"00:13:19:08";"und haben gewonnen."
"591";"00:13:19:12";"00:13:19:12";"FABstÚd Nach einem 113:111 stehen ( ( die d "
"592";"00:13:19:12";"00:13:19:12";"FABst0eutschen Basketballerÿÿ1åþ"
"593";"00:13:19:12";"00:13:23:01";"Nach einem 113:111 stehen

die deutschen Basketballer"
"594";"00:13:23:05";"00:13:23:05";"FABstÛdim Finale der WM in Manila und haben( ( dòô"
"595";"00:13:23:05";"00:13:23:05";"FABstDie Silbermedaille schon sicher.ÿÿëÜ"
"596";"00:13:23:05";"00:13:27:20";"im Finale der WM in Manila und haben

die Silbermedaille schon sicher."
"597";"00:13:29:14";"00:13:29:14";"FABstÜd Es ist ein WM-Halbfinale voller( ( EmotÕâ"
"598";"00:13:29:14";"00:13:29:14";"FABst<i>onen, Spannung und Klasse.-Êø"
"599";"00:13:29:14";"00:13:34:00";"Es ist ein WM-Halbfinale voller

Emotionen, Spannung und Klasse."
"600";"00:13:34:12";"00:13:34:12";"FABstÝH Das deutsche Nationalteam0"
"601";"00:13:34:12";"00:13:36:10";"Das deutsche Nationalteam"
"602";"00:13:36:14";"00:13:36:14";"FABstÞd agiert gegen die favorisierten( ( AmeÝ"
"603";"00:13:36:14";"00:13:36:14";"FABst2rikaner auf Augenhöhe.ÿÿ/"
"604";"00:13:36:14";"00:13:40:13";"agiert gegen die favorisierten

Amerikaner auf AugenhÈohe."
"605";"00:13:40:17";"00:13:40:17";"FABstßd Das deutsche Team( ( setzt sich n­("
"606";"00:13:40:17";"00:13:40:17";"FABst8ach dem Seitenwechsel ab.ÿÿ)´ì"
"607";"00:13:40:17";"00:13:44:18";"Das deutsche Team

setzt sich nach dem Seitenwechsel ab."
"608";"00:13:45:12";"00:13:45:12";"FABstàN Andreas Obst, 9 Punkte Führung.ÿÿö¬"
"609";"00:13:45:12";"00:13:47:21";"Andreas Obst, 9 Punkte FÈuhrung."
"610";"00:13:48:01";"00:13:48:01";"FABstádDeutschland geht mit einem Vorsprung( ( Ë¼"
"611";"00:13:48:01";"00:13:48:01";"FABst6 ins letzte Viertel.ÿÿ+É"
"612";"00:13:48:01";"00:13:51:09";"Deutschland geht mit einem Vorsprung

ins letzte Viertel."
"613";"00:13:51:14";"00:13:51:14";"FABstâP Doch entschieden ist noch nichts.ÿÿn"
"614";"00:13:51:14";"00:13:53:14";"Doch entschieden ist noch nichts."
"615";"00:13:53:18";"00:13:53:18";"FABstãd Edwards bringt die Favoriten ( ( wied,"
"616";"00:13:53:18";"00:13:53:18";"FABst8er auf drei Zähler heran.ÿÿ)pÚ"
"617";"00:13:53:18";"00:13:57:03";"Edwards bringt die Favoriten

wieder auf drei ZÈahler heran."
"618";"00:13:57:05";"00:13:57:05";"FABstäL Es entwickelt sich ein Krimi.ÿÿWÐ"
"619";"00:13:57:05";"00:13:59:00";"Es entwickelt sich ein Krimi."
"620";"00:13:59:04";"00:13:59:04";"FABståd Letzte Minute -( ( ganz wichtiger"
"621";"00:13:59:04";"00:13:59:04";"FABst2 Korb Dennis Schröder.ÿÿ/^°"
"622";"00:13:59:04";"00:14:02:06";"Letzte Minute -

ganz wichtiger Korb Dennis SchrÈoder."
"623";"00:14:02:10";"00:14:02:10";"FABstæd 6 Punkte Vorsprung,( ( 40 SekunþÚ"
"624";"00:14:02:10";"00:14:02:10";"FABst&den vor Schluss.ÿÿ;"
"625";"00:14:02:10";"00:14:05:09";"6 Punkte Vorsprung,

40 Sekunden vor Schluss."
"626";"00:14:05:13";"00:14:05:13";"FABstçL Danach wird's noch mal knapp.ÿÿ"H"
"627";"00:14:05:13";"00:14:07:10";"Danach wird's noch mal knapp."
"628";"00:14:07:14";"00:14:07:14";"FABstèd Deutschland gewinnt mit 113:111( (  ¸"
"629";"00:14:07:14";"00:14:07:14";"FABst4und steht im WM-Finale.ÿÿ-á"
"630";"00:14:07:14";"00:14:11:07";"Deutschland gewinnt mit 113:111

und steht im WM-Finale."
"631";"00:14:11:11";"00:14:11:11";"FABstéd Der größte Erfolg in( ( der deutsch¹"
"632";"00:14:11:11";"00:14:11:11";"FABst8en Basketball-Geschichte.ÿÿ)Ô"
"633";"00:14:11:11";"00:14:15:01";"Der grÈoûte Erfolg in

der deutschen Basketball-Geschichte."
"634";"00:14:16:05";"00:14:16:05";"FABstêd Wir genießen den Moment,( ( wonô"
"635";"00:14:16:05";"00:14:16:05";"FABst$llen aber Gold.E`"
"636";"00:14:16:05";"00:14:19:00";"Wir genieûen den Moment,

wollen aber Gold."
"637";"00:14:19:12";"00:14:19:12";"FABstëd Wir haben ein Spiel vor uns,( ( nochÔÈ"
"638";"00:14:19:12";"00:14:19:12";"FABst2 einen Job zu machen. 7ÞÂ"
"639";"00:14:19:12";"00:14:23:02";"Wir haben ein Spiel vor uns,

noch einen Job zu machen."
"640";"00:14:23:16";"00:14:23:16";"FABstìd Gegner am Sonntag im Endspiel( ( ­*"
"641";"00:14:23:16";"00:14:23:16";"FABst& ist Serbien.ÿÿ;Ô"
"642";"00:14:23:16";"00:14:26:12";"Gegner am Sonntag im Endspiel

ist Serbien."
"643";"00:14:26:16";"00:14:26:16";"FABstíd In dieser Form ist den Deutschen( ( dñ$"
"644";"00:14:26:16";"00:14:26:16";"FABst4er WM-Titel zuzutrauen.ÿÿ-£B"
"645";"00:14:26:16";"00:14:30:04";"In dieser Form ist den Deutschen

der WM-Titel zuzutrauen."
"646";"00:14:32:07";"00:14:32:07";"FABstîd Die Wettervorhersage für morgen,( ( SazP"
"647";"00:14:32:07";"00:14:32:07";"FABst6mstag, den 9. September.ÿÿ+ä"
"648";"00:14:32:07";"00:14:36:04";"Die Wettervorhersage fÈur morgen,

Samstag, den 9. September."
"649";"00:14:37:09";"00:14:37:09";"FABstïd Am Wochenende( ( wird die Luft­ê"
"650";"00:14:37:09";"00:14:37:09";"FABst$ etwas feuchterÿÿ=""
"651";"00:14:37:09";"00:14:39:24";"Am Wochenende

wird die Luft etwas feuchter"
"652";"00:14:40:03";"00:14:40:03";"FABstðd und es sind( ( Nebelfelder unù¦"
"653";"00:14:40:03";"00:14:40:03";"FABst(d Wolken möglich.ÿÿ9p"
"654";"00:14:40:03";"00:14:43:03";"und es sind

Nebelfelder und Wolken mÈoglich."
"655";"00:14:43:07";"00:14:43:07";"FABstñd Die gibt's heute Nacht ( ( im N±v"
"656";"00:14:43:07";"00:14:43:07";"FABst,orden stellenweise,ÿÿ5ì"
"657";"00:14:43:07";"00:14:46:03";"Die gibt's heute Nacht

im Norden stellenweise,"
"658";"00:14:46:08";"00:14:46:08";"FABstòd weiter südlich bildet sich Nebel( ( i2æ"
"659";"00:14:46:08";"00:14:46:08";"FABst4n den Flussniederungen.ÿÿ-âÔ"
"660";"00:14:46:08";"00:14:49:16";"weiter sÈudlich bildet sich Nebel

in den Flussniederungen."
"661";"00:14:49:20";"00:14:49:20";"FABstód Morgen erwartet uns wieder( ( vøÊ"
"662";"00:14:49:20";"00:14:49:20";"FABst(iel Sonnenschein.ÿÿ9¿"
"663";"00:14:49:20";"00:14:52:17";"Morgen erwartet uns wieder

viel Sonnenschein."
"664";"00:14:52:21";"00:14:52:21";"FABstôd Im Osten und Norden Schleier-, im( ( südwev"
"665";"00:14:52:21";"00:14:52:21";"FABstBstlichen Bergland Quellwolken.ÿÿüÆ"
"666";"00:14:52:21";"00:14:57:15";"Im Osten und Norden Schleier-, im

sÈudwestlichen Bergland Quellwolken."
"667";"00:15:12:05";"00:15:12:05";"FABstõd Am Sonntag hält sich der Nebel( ( länger ª"
"668";"00:15:12:05";"00:15:12:05";"FABst:, sonst ändert sich wenig.ÿÿ'i"
"669";"00:15:12:05";"00:15:16:01";"Am Sonntag hÈalt sich der Nebel

lÈanger, sonst Èandert sich wenig."
"670";"00:15:16:05";"00:15:16:05";"FABstöH Auch am Montag viel Sonne.ÿÿ""
"671";"00:15:16:05";"00:15:17:24";"Auch am Montag viel Sonne."
"672";"00:15:18:03";"00:15:18:03";"FABst÷d Später sind( ( Schauer oder Ge1Î"
"673";"00:15:18:03";"00:15:18:03";"FABst$witter möglich,ÿÿ=""
"674";"00:15:18:03";"00:15:21:00";"SpÈater sind

Schauer oder Gewitter mÈoglich,"
"675";"00:15:21:04";"00:15:21:04";"FABstød die sich am Dienstag ausbreiten( ( und æj"
"676";"00:15:21:04";"00:15:21:04";"FABst<unwetterartig sein können. ÿÿ%ö"
"677";"00:15:21:04";"00:15:25:13";"die sich am Dienstag ausbreiten

und unwetterartig sein kÈonnen."
"678";"00:15:27:24";"00:15:27:24";"FABstùN Um 21.45 Uhr in den tagesthemen:ÿÿ/X"
"679";"00:15:27:24";"00:15:30:07";"Um 21.45 Uhr in den tagesthemen:"
"680";"00:15:30:11";"00:15:30:11";"FABstúd Helge Fuhst( ( fragt Filmemache½R"
"681";"00:15:30:11";"00:15:30:11";"FABst&r Stephan Lamby,ÿÿ; R"
"682";"00:15:30:11";"00:15:33:16";"Helge Fuhst

fragt Filmemacher Stephan Lamby,"
"683";"00:15:33:20";"00:15:33:20";"FABstûd wie er die Bundesregierung( ( beim He"
"684";"00:15:33:20";"00:15:33:20";"FABst6izungsstreit erlebt hat.ÿÿ+ºj"
"685";"00:15:33:20";"00:15:37:21";"wie er die Bundesregierung

beim Heizungsstreit erlebt hat."
"686";"00:15:38:05";"00:15:38:05";"FABstüd Und wir berichten,( ( wie Künst"
"687";"00:15:38:05";"00:15:38:05";"FABst(liche Intelligenzÿÿ9þ"
"688";"00:15:38:05";"00:15:41:03";"Und wir berichten,

wie KÈunstliche Intelligenz"
"689";"00:15:41:07";"00:15:41:07";"FABstýd Robotern das Sehen( ( und Vers¹¤"
"690";"00:15:41:07";"00:15:41:07";"FABst&tehen beibringt.ÿÿ;æ"
"691";"00:15:41:07";"00:15:43:22";"Robotern das Sehen

und Verstehen beibringt."
"692";"00:15:44:01";"00:15:44:01";"FABstþN Ihnen noch einen schönen Abend.ÿÿô0"
"693";"00:15:44:01";"00:15:46:07";"Ihnen noch einen schÈonen Abend."
"694";"00:15:46:22";"00:15:46:22";"FABstÿLCopyright Untertitel: NDR 2023ÿÿb:"
"695";"00:15:46:22";"00:15:49:05";"Copyright Untertitel: NDR 2023"
