No.;Timecode In;Timecode Out;Subtitle
"1";"00:00:03:00";"00:00:03:00";"FABst6 * Gong *ÿÿZZZZZZZZZZ¥¥ã¥¥¥¥¥6"
"2";"00:00:03:00";"00:00:03:00";"FABst¥¥¥á¥¥à¥ã¥¥¥¥§ª¦ªîªªªGÌ"
"3";"00:00:03:00";"00:00:04:11";"* Gong *"
"4";"00:00:04:13";"00:00:04:13";"FABstdHier ist das Erste Deutsche Fernsehen( ( 9"
"5";"00:00:04:13";"00:00:04:13";"FABst: mit der tagesschau.ÿÿ'õþ"
"6";"00:00:04:13";"00:00:07:23";"Hier ist das Erste Deutsche Fernsehen

mit der tagesschau."
"7";"00:00:08:00";"00:00:08:00";"FABstd Diese Sendung wurde vom NDR( ( live Af"
"8";"00:00:08:00";"00:00:08:00";"FABst6untertitelt (18.05.2023)ÿÿ+²°"
"9";"00:00:08:00";"00:00:12:15";"Diese Sendung wurde vom NDR

live untertitelt (18.05.2023)"
"10";"00:00:15:08";"00:00:15:08";"FABstRHeute im Studio: Thorsten Schröder.ÿÿS¤"
"11";"00:00:15:08";"00:00:18:04";"Heute im Studio: Thorsten SchrÈoder."
"12";"00:00:18:06";"00:00:18:06";"FABstd Guten Abend,( ( ich begrüße Si3¦"
"13";"00:00:18:06";"00:00:18:06";"FABst(e zur tagesschau.A¯R"
"14";"00:00:18:06";"00:00:21:02";"Guten Abend,

ich begrÈuûe Sie zur tagesschau."
"15";"00:00:22:01";"00:00:22:01";"FABstd Nach der Entlassung von( ( Wirtschafts_"
"16";"00:00:22:01";"00:00:22:01";"FABst4staatssekretär Graichenÿÿ-aT"
"17";"00:00:22:01";"00:00:26:04";"Nach der Entlassung von

WirtschaftsstaatssekretÈar Graichen"
"18";"00:00:26:06";"00:00:26:06";"FABstd gibt es neuen Streit( ( über das Gþ*"
"19";"00:00:26:06";"00:00:26:06";"FABst.ebäudeenergiegesetz.ÿÿ3$d"
"20";"00:00:26:06";"00:00:29:14";"gibt es neuen Streit

Èuber das GebÈaudeenergiegesetz."
"21";"00:00:29:16";"00:00:29:16";"FABstd Die FDP stellt jetzt den Zeitplan( ( fü<u>x"
"22";"00:00:29:16";"00:00:29:16";"FABst:r das umstrittene Vorhabenÿÿ',"
"23";"00:00:29:16";"00:00:33:10";"Die FDP stellt jetzt den Zeitplan

fÈur das umstrittene Vorhaben"
"24";"00:00:33:12";"00:00:33:12";"FABstd zum Austausch von( ( Öl- und Gash</i>Ô"
"25";"00:00:33:12";"00:00:33:12";"FABst*eizungen in Frage.ÿÿ7¶"
"26";"00:00:33:12";"00:00:36:15";"zum Austausch von

ÈOl- und Gasheizungen in Frage."
"27";"00:00:36:17";"00:00:36:17";"FABst> Die Begründung:ÿÿ$¦"
"28";"00:00:36:17";"00:00:38:04";"Die BegrÈundung:"
"29";"00:00:38:06";"00:00:38:06";"FABstd Dem Bundestag fehle nun( ( der AnspreVj"
"30";"00:00:38:06";"00:00:38:06";"FABst8chpartner für das Gesetz.ÿÿ)3 "
"31";"00:00:38:06";"00:00:41:19";"Dem Bundestag fehle nun

der Ansprechpartner fÈur das Gesetz."
"32";"00:00:41:20";"00:00:41:20";"FABstd SPD und Grüne( ( sehen keinen¶"
"33";"00:00:41:20";"00:00:41:20";"FABst" Zusammenhang.ÿÿ?ÈX"
"34";"00:00:41:20";"00:00:44:15";"SPD und GrÈune

sehen keinen Zusammenhang."
"35";"00:00:45:14";"00:00:45:14";"FABstd Sichtlich angefasst verkündet( ( der Wæ|"
"36";"00:00:45:14";"00:00:45:14";"FABst:irtschaftsminister gestern/µø"
"37";"00:00:45:14";"00:00:49:05";"Sichtlich angefasst verkÈundet

der Wirtschaftsminister gestern"
"38";"00:00:49:07";"00:00:49:07";"FABstddie Versetzung seines Staatssekretärs( ( ¨z"
"39";"00:00:49:07";"00:00:49:07";"FABst8 in den Ruhestand.1ñ\"
"40";"00:00:49:07";"00:00:52:14";"die Versetzung seines StaatssekretÈars

in den Ruhestand."
"41";"00:00:52:16";"00:00:52:16";"FABstd Auch aus seiner Sicht( ( ist der SMr"
"42";"00:00:52:16";"00:00:52:16";"FABst2chritt unausweichlich.ÿÿ/ì¨"
"43";"00:00:52:16";"00:00:55:20";"Auch aus seiner Sicht

ist der Schritt unausweichlich."
"44";"00:00:55:22";"00:00:55:22";"FABstd Der gesamte Zeitplan für das( ( Heizungs "
"45";"00:00:55:22";"00:00:55:22";"FABst<gesetz gerät in Schieflage.ÿÿ%:0"
"46";"00:00:55:22";"00:01:00:17";"Der gesamte Zeitplan fÈur das

Heizungsgesetz gerÈat in Schieflage."
"47";"00:01:01:13";"00:01:01:13";"FABstF Auch im Regierungslager.ÿÿÌ("
"48";"00:01:01:13";"00:01:03:24";"Auch im Regierungslager."
"49";"00:01:05:03";"00:01:05:03";"FABstdEs gibt viele Dinge, die an diesem( ( GT"
"50";"00:01:05:03";"00:01:05:03";"FABst@esetz geändert werden müssen.)ø "
"51";"00:01:05:03";"00:01:08:22";"Es gibt viele Dinge, die an diesem

Gesetz geÈandert werden mÈussen."
"52";"00:01:09:00";"00:01:09:00";"FABstREs muss zurück in die Montagehalle~2"
"53";"00:01:09:00";"00:01:11:01";"Es muss zurÈuck in die Montagehalle"
"54";"00:01:11:04";"00:01:11:04";"FABstd und in einem neuen Entwurf( ( ~"
"55";"00:01:11:04";"00:01:11:04";"FABst$beraten werden.ÿÿ=("
"56";"00:01:11:04";"00:01:13:15";"und in einem neuen Entwurf

beraten werden."
"57";"00:01:13:18";"00:01:13:18";"FABstdViele Einzelheiten umstritten und der( ( zuw"
"58";"00:01:13:18";"00:01:13:18";"FABstLständige Staatssekretär muss gehen.ÿÿéf"
"59";"00:01:13:18";"00:01:18:05";"Viele Einzelheiten umstritten und der

zustÈandige StaatssekretÈar muss gehen."
"60";"00:01:18:08";"00:01:18:08";"FABstd Dass Habeck sein Heizungsgesetz ( ( vor d"
"61";"00:01:18:08";"00:01:18:08";"FABst<er Sommerpause durchbringt,ÿÿ%úx"
"62";"00:01:18:08";"00:01:22:03";"Dass Habeck sein Heizungsgesetz

vor der Sommerpause durchbringt,"
"63";"00:01:22:05";"00:01:22:05";"FABst@ scheint fraglich.ÿÿó"
"64";"00:01:22:05";"00:01:23:11";"scheint fraglich."
"65";"00:01:23:13";"00:01:23:13";"FABstdDie Union fordert die Regierung auf,( ( @"
"66";"00:01:23:13";"00:01:23:13";"FABst@das Vorhaben ganz aufzugeben.ÿÿ!Ûl"
"67";"00:01:23:13";"00:01:27:21";"Die Union fordert die Regierung auf,

das Vorhaben ganz aufzugeben."
"68";"00:01:28:09";"00:01:28:09";"FABstdIch erwarte von Minister Habeck,( ( dass Eò"
"69";"00:01:28:09";"00:01:28:09";"FABst<er die Stopp-Taste drückt. -^"
"70";"00:01:28:09";"00:01:32:14";"Ich erwarte von Minister Habeck,

dass er die Stopp-Taste drÈuckt."
"71";"00:01:32:16";"00:01:32:16";"FABstF Dass er nicht versucht,Î4"
"72";"00:01:32:16";"00:01:34:10";"Dass er nicht versucht,"
"73";"00:01:34:12";"00:01:34:12";"FABstd ein Gesetz durchzudrücken( ( gegen wÃ0"
"74";"00:01:34:12";"00:01:34:12";"FABst>issenschaftliche Berechnung.ÿÿ#Õ<"
"75";"00:01:34:12";"00:01:39:04";"ein Gesetz durchzudrÈucken

gegen wissenschaftliche Berechnung."
"76";"00:01:39:13";"00:01:39:13";"FABstd Das gegen die Wünsche( ( der BürgerL,"
"77";"00:01:39:13";"00:01:39:13";"FABst.innen und Bürger istÿÿ3ô"
"78";"00:01:39:13";"00:01:43:19";"Das gegen die WÈunsche

der BÈurgerinnen und BÈurger ist"
"79";"00:01:43:21";"00:01:43:21";"FABstTund das nicht technologieoffen ist.ÿÿ<i>"
"80";"00:01:43:21";"00:01:46:21";"und das nicht technologieoffen ist."
"81";"00:01:47:20";"00:01:47:20";"FABstd Die Grünen( ( ficht der Vor,"
"82";"00:01:47:20";"00:01:47:20";"FABst"wurf nicht an.ÿÿ?¿"
"83";"00:01:47:20";"00:01:50:17";"Die GrÈunen

ficht der Vorwurf nicht an."
"84";"00:01:50:19";"00:01:50:19";"FABstdDer nächste Schritt zur Energiewende( ( j"
"85";"00:01:50:19";"00:01:50:19";"FABst<werde nun zügig gegangen.ÿÿ%æ"
"86";"00:01:50:19";"00:01:54:22";"Der nÈachste Schritt zur Energiewende

werde nun zÈugig gegangen."
"87";"00:01:54:24";"00:01:54:24";"FABst d So sei es im Koalitionsausschuss( ( mit SPPê"
"88";"00:01:54:24";"00:01:54:24";"FABst>D und FDP vereinbart worden.ÿÿ#´x"
"89";"00:01:54:24";"00:01:59:16";"So sei es im Koalitionsausschuss

mit SPD und FDP vereinbart worden."
"90";"00:02:00:08";"00:02:00:08";"FABst!d Im Kabinett( ( haben wieder PÚ"
"91";"00:02:00:08";"00:02:00:08";"FABst&alle zugestimmt.C<i>z"
"92";"00:02:00:08";"00:02:03:06";"Im Kabinett

haben wieder alle zugestimmt."
"93";"00:02:03:08";"00:02:03:08";"FABst"d Deswegen sind wir jetzt( ( gen|¶"
"94";"00:02:03:08";"00:02:03:08";"FABst*au auf diesem Weg.?Ã~"
"95";"00:02:03:08";"00:02:06:09";"Deswegen sind wir jetzt

genau auf diesem Weg."
"96";"00:02:06:11";"00:02:06:11";"FABst#d Vor dem Sommer wird es einen( ( Beschlu)B"
"97";"00:02:06:11";"00:02:06:11";"FABst8ss über das Gesetz geben.ÿÿ)|¶"
"98";"00:02:06:11";"00:02:10:14";"Vor dem Sommer wird es einen

Beschluss Èuber das Gesetz geben."
"99";"00:02:10:21";"00:02:10:21";"FABst$d Auch die SPD( ( möchte den Z·J"
"100";"00:02:10:21";"00:02:10:21";"FABst$eitplan halten.ÿÿ=8"
"101";"00:02:10:21";"00:02:13:17";"Auch die SPD

mÈochte den Zeitplan halten."
"102";"00:02:13:19";"00:02:13:19";"FABst%d Die jüngste Personalentscheidung( ( imv"
"103";"00:02:13:19";"00:02:13:19";"FABst4 Wirtschaftsministeriumÿÿ-ö"
"104";"00:02:13:19";"00:02:17:08";"Die jÈungste Personalentscheidung

im Wirtschaftsministerium"
"105";"00:02:17:11";"00:02:17:11";"FABst&d dürfe die Energiewende( ( nicþ¸"
"106";"00:02:17:11";"00:02:17:11";"FABst"ht ausbremsen.ÿÿ?å"
"107";"00:02:17:11";"00:02:19:20";"dÈurfe die Energiewende

nicht ausbremsen."
"108";"00:02:19:22";"00:02:19:22";"FABst'L Das können wir nur erreichen,ö"
"109";"00:02:19:22";"00:02:21:24";"Das kÈonnen wir nur erreichen,"
"110";"00:02:22:02";"00:02:22:02";"FABst(d wenn wir zügig ins Verfahren( ( eintre¬Ô"
"111";"00:02:22:02";"00:02:22:02";"FABst@ten und es zügig abschließen.)"
"112";"00:02:22:02";"00:02:25:22";"wenn wir zÈugig ins Verfahren

eintreten und es zÈugig abschlieûen."
"113";"00:02:25:24";"00:02:25:24";"FABst)d Robert Habeck hat( ( ein personelZ"
"114";"00:02:25:24";"00:02:25:24";"FABst0les Problem erledigt.ÿÿ1óh"
"115";"00:02:25:24";"00:02:28:23";"Robert Habeck hat

ein personelles Problem erledigt."
"116";"00:02:29:00";"00:02:29:00";"FABst*d Inhaltlich kommt er( ( der EnergJX"
"117";"00:02:29:00";"00:02:29:00";"FABst.iewende nicht näher.ÿÿ3"ø"
"118";"00:02:29:00";"00:02:31:23";"Inhaltlich kommt er

der Energiewende nicht nÈaher."
"119";"00:02:32:00";"00:02:32:00";"FABst+d Das Heizungsgesetz( ( behält für d^"
"120";"00:02:32:00";"00:02:32:00";"FABst8ie Regierung Sprengkraft.ÿÿ)Û`"
"121";"00:02:32:00";"00:02:35:06";"Das Heizungsgesetz

behÈalt fÈur die Regierung Sprengkraft."
"122";"00:02:35:13";"00:02:35:13";"FABst,d Unterdessen ist mit Udo Philipp( ( eiqä"
"123";"00:02:35:13";"00:02:35:13";"FABst8n weiterer Staatssekretärÿÿ)5"
"124";"00:02:35:13";"00:02:39:02";"Unterdessen ist mit Udo Philipp

ein weiterer StaatssekretÈar"
"125";"00:02:39:05";"00:02:39:05";"FABst-daus dem Bundeswirtschaftsministerium( ( 8@"
"126";"00:02:39:05";"00:02:39:05";"FABst: in die Kritik geraten.ÿÿ'Ùª"
"127";"00:02:39:05";"00:02:42:14";"aus dem Bundeswirtschaftsministerium

in die Kritik geraten."
"128";"00:02:42:15";"00:02:42:15";"FABst.d Es geht um einen( ( möglichen InÆ"
"129";"00:02:42:15";"00:02:42:15";"FABst*teressenskonflikt.ÿÿ7¶²"
"130";"00:02:42:15";"00:02:45:09";"Es geht um einen

mÈoglichen Interessenskonflikt."
"131";"00:02:45:11";"00:02:45:11";"FABst/d Philipp besitzt Beteiligungen( ( aª"
"132";"00:02:45:11";"00:02:45:11";"FABst2n mehreren Unternehmenÿÿ/Íò"
"133";"00:02:45:11";"00:02:48:16";"Philipp besitzt Beteiligungen

an mehreren Unternehmen"
"134";"00:02:48:18";"00:02:48:18";"FABst0d und ist für die Startup-Strategie( ( der B¡D"
"135";"00:02:48:18";"00:02:48:18";"FABstBundesregierung verantwortlich.ÿÿ¯\"
"136";"00:02:48:18";"00:02:52:17";"und ist fÈur die Startup-Strategie

der Bundesregierung verantwortlich."
"137";"00:02:52:19";"00:02:52:19";"FABst1d Das Wirtschaftsministerium( ( veröffenÎ¶"
"138";"00:02:52:19";"00:02:52:19";"FABst6tlichte heute eine Listeÿÿ+ì"
"139";"00:02:52:19";"00:02:56:07";"Das Wirtschaftsministerium

verÈoffentlichte heute eine Liste"
"140";"00:02:56:09";"00:02:56:09";"FABst2d seiner direkten Beteiligungen( ( gV"
"141";"00:02:56:09";"00:02:56:09";"FABst( und erklärte:ÿÿ9Ô"
"142";"00:02:56:09";"00:02:58:21";"seiner direkten Beteiligungen

und erklÈarte:"
"143";"00:02:58:23";"00:02:58:23";"FABst3d Philipp sei bei seiner Arbeit ( ( nicht"
"144";"00:02:58:23";"00:02:58:23";"FABst:mit diesen Firmen befasst.ÿÿ'ÑZ"
"145";"00:02:58:23";"00:03:02:14";"Philipp sei bei seiner Arbeit

nicht mit diesen Firmen befasst."
"146";"00:03:03:12";"00:03:03:12";"FABst4N Russland feuerte wieder Raketenÿÿª"
"147";"00:03:03:12";"00:03:05:17";"Russland feuerte wieder Raketen"
"148";"00:03:05:19";"00:03:05:19";"FABst5d auf Kiew( ( und andere ukrain,*"
"149";"00:03:05:19";"00:03:05:19";"FABst&ische Städte ab.ÿÿ;T"
"150";"00:03:05:19";"00:03:08:18";"auf Kiew

und andere ukrainische StÈadte ab."
"151";"00:03:08:20";"00:03:08:20";"FABst6PLaut Militärverwaltung der UkraineÿÿnÞ"
"152";"00:03:08:20";"00:03:11:08";"Laut MilitÈarverwaltung der Ukraine"
"153";"00:03:11:10";"00:03:11:10";"FABst7d wurde in der Hafenstadt Odessa( ( ."
"154";"00:03:11:10";"00:03:11:10";"FABst,ein Mensch getötet.ÿÿ5c"
"155";"00:03:11:10";"00:03:14:16";"wurde in der Hafenstadt Odessa

ein Mensch getÈotet."
"156";"00:03:14:18";"00:03:14:18";"FABst8d Die Flugabwehr habe 29 von 30( ( Marschfe"
"157";"00:03:14:18";"00:03:14:18";"FABst>lugkörpern zerstören können.ÿÿ#5"
"158";"00:03:14:18";"00:03:18:20";"Die Flugabwehr habe 29 von 30

MarschflugkÈorpern zerstÈoren kÈonnen."
"159";"00:03:18:22";"00:03:18:22";"FABst9d Heftige Kämpfe( ( gab es auch ¢"
"160";"00:03:18:22";"00:03:18:22";"FABst&rund um Bachmut.ÿÿ;<"
"161";"00:03:18:22";"00:03:21:24";"Heftige KÈampfe

gab es auch rund um Bachmut."
"162";"00:03:23:05";"00:03:23:05";"FABst:d Angriffe der vergangenen Nacht -( ( fas,"
"163";"00:03:23:05";"00:03:23:05";"FABst8t überall in der Ukraine.1xd"
"164";"00:03:23:05";"00:03:27:08";"Angriffe der vergangenen Nacht -

fast Èuberall in der Ukraine."
"165";"00:03:27:10";"00:03:27:10";"FABst;< Auch in Kiew:)ÌØ"
"166";"00:03:27:10";"00:03:28:22";"Auch in Kiew:"
"167";"00:03:28:24";"00:03:28:24";"FABst<d Hier habe die Flugabwehr,( ( alle Rak8Ê"
"168";"00:03:28:24";"00:03:28:24";"FABst2eten zerstören können.ÿÿ/·ø"
"169";"00:03:28:24";"00:03:33:06";"Hier habe die Flugabwehr,

alle Raketen zerstÈoren kÈonnen."
"170";"00:03:33:23";"00:03:33:23";"FABst=d Dennoch stürzten( ( gefährlichwÞ"
"171";"00:03:33:23";"00:03:33:23";"FABst&e Trümmer herab,ÿÿ;J"
"172";"00:03:33:23";"00:03:36:23";"Dennoch stÈurzten

gefÈahrliche TrÈummer herab,"
"173";"00:03:37:00";"00:03:37:00";"FABst>d etwa auf diesem Spielplatz( ( neben=H"
"174";"00:03:37:00";"00:03:37:00";"FABst0 einem Kindergarten. ÿÿ1¼ø"
"175";"00:03:37:00";"00:03:40:14";"etwa auf diesem Spielplatz

neben einem Kindergarten."
"176";"00:03:40:16";"00:03:40:16";"FABst?@ Gegen 5 Uhr früh ÿÿ#¸"
"177";"00:03:40:16";"00:03:42:08";"Gegen 5 Uhr frÈuh Ð"
"178";"00:03:42:10";"00:03:42:10";"FABst@d eine Explosion,( ( vielleicht eE"
"179";"00:03:42:10";"00:03:42:10";"FABst,ine Drohne oder so.=¿$"
"180";"00:03:42:10";"00:03:45:16";"eine Explosion,

vielleicht eine Drohne oder so."
"181";"00:03:45:18";"00:03:45:18";"FABstANSehen Sie dieses Loch da drüben?]L"
"182";"00:03:45:18";"00:03:48:08";"Sehen Sie dieses Loch da drÈuben?"
"183";"00:03:48:17";"00:03:48:17";"FABstBd Gestern empfing( ( der ukrainisch¬"
"184";"00:03:48:17";"00:03:48:17";"FABst2e Außenminister Kulebaÿÿ/R."
"185";"00:03:48:17";"00:03:52:04";"Gestern empfing

der ukrainische Auûenminister Kuleba"
"186";"00:03:52:06";"00:03:52:06";"FABstCd den chinesischen( ( Sondergeú"
"187";"00:03:52:06";"00:03:52:06";"FABst$sandten Li Hui.ÿÿ=Ìx"
"188";"00:03:52:06";"00:03:55:01";"den chinesischen

Sondergesandten Li Hui."
"189";"00:03:55:03";"00:03:55:03";"FABstDd Es ist der erste Besuch eines( ( hochran""
"190";"00:03:55:03";"00:03:55:03";"FABst>gigen Diplomaten aus Peking,ÿÿ#êÌ"
"191";"00:03:55:03";"00:03:59:04";"Es ist der erste Besuch eines

hochrangigen Diplomaten aus Peking,"
"192";"00:03:59:06";"00:03:59:06";"FABstEB persönlich in Kiew.ÿÿb"
"193";"00:03:59:06";"00:04:00:22";"persÈonlich in Kiew."
"194";"00:04:01:23";"00:04:01:23";"FABstFd Ich setze( ( keine großen HofÍ\"
"195";"00:04:01:23";"00:04:01:23";"FABst*fnungen in Li Hui.?ê`"
"196";"00:04:01:23";"00:04:05:21";"Ich setze

keine groûen Hoffnungen in Li Hui."
"197";"00:04:06:13";"00:04:06:13";"FABstGd Ich denke, er ist nur jemand,( ( derx"
"198";"00:04:06:13";"00:04:06:13";"FABst6 Informationen sammelt, 3Ù~"
"199";"00:04:06:13";"00:04:11:05";"Ich denke, er ist nur jemand,

der Informationen sammelt,"
"200";"00:04:11:07";"00:04:11:07";"FABstHd also momentan wenig sagt,( ( dafmN"
"201";"00:04:11:07";"00:04:11:07";"FABst.ür aber mehr zuhört.ÿÿ3áº"
"202";"00:04:11:07";"00:04:15:03";"also momentan wenig sagt,

dafÈur aber mehr zuhÈort."
"203";"00:04:17:23";"00:04:17:23";"FABstId Indes gehen in Bachmut( ( diea&"
"204";"00:04:17:23";"00:04:17:23";"FABst$ Kämpfe weiter.ÿÿ=s2"
"205";"00:04:17:23";"00:04:21:08";"Indes gehen in Bachmut

die KÈampfe weiter."
"206";"00:04:22:21";"00:04:22:21";"FABstJd Von hier sollen sich( ( die Rus&Ì"
"207";"00:04:22:21";"00:04:22:21";"FABst(sen zurückziehen,ÿÿ9b"
"208";"00:04:22:21";"00:04:26:05";"Von hier sollen sich

die Russen zurÈuckziehen,"
"209";"00:04:26:07";"00:04:26:07";"FABstKd sowie alle anderen( ( besetzten ("
"210";"00:04:26:07";"00:04:26:07";"FABst*Gebiete verlassen.ÿÿ7Ä:"
"211";"00:04:26:07";"00:04:29:15";"sowie alle anderen

besetzten Gebiete verlassen."
"212";"00:04:29:17";"00:04:29:17";"FABstLdDies sei die zentrale Voraussetzung( ( ^"
"213";"00:04:29:17";"00:04:29:17";"FABst<für Gespräche mit Russland,ÿÿ%>"
"214";"00:04:29:17";"00:04:33:22";"Dies sei die zentrale Voraussetzung

fÈur GesprÈache mit Russland,"
"215";"00:04:33:24";"00:04:33:24";"FABstMVso Außenminister Kuleba gegenüber Li.ÿÿÎ¾"
"216";"00:04:33:24";"00:04:36:23";"so Auûenminister Kuleba gegenÈuber Li."
"217";"00:04:37:08";"00:04:37:08";"FABstNd Nach Kiew will Li( ( auch nachMJ"
"218";"00:04:37:08";"00:04:37:08";"FABst$ Moskau reisen,ÿÿ=ð("
"219";"00:04:37:08";"00:04:40:11";"Nach Kiew will Li

auch nach Moskau reisen,"
"220";"00:04:40:13";"00:04:40:13";"FABstON um zu schlichten, wie es heißt.ÿÿun"
"221";"00:04:40:13";"00:04:42:21";"um zu schlichten, wie es heiût."
"222";"00:04:44:10";"00:04:44:10";"FABstPd Der Krieg in der Ukraine( ( ist au"
"223";"00:04:44:10";"00:04:44:10";"FABst.ch Thema beim Gipfelÿÿ3¼F"
"224";"00:04:44:10";"00:04:47:19";"Der Krieg in der Ukraine

ist auch Thema beim Gipfel"
"225";"00:04:47:21";"00:04:47:21";"FABstQd der sieben größten westlichen ( ( Indus5R"
"226";"00:04:47:21";"00:04:47:21";"FABst8triestaaten in Hiroshima.ÿÿ)å4"
"227";"00:04:47:21";"00:04:52:04";"der sieben grÈoûten westlichen

Industriestaaten in Hiroshima."
"228";"00:04:52:06";"00:04:52:06";"FABstRd Auch Kanzler Scholz( ( ist mit sei_À"
"229";"00:04:52:06";"00:04:52:06";"FABst,ner Frau angereist.ÿÿ5÷ø"
"230";"00:04:52:06";"00:04:55:19";"Auch Kanzler Scholz

ist mit seiner Frau angereist."
"231";"00:04:55:21";"00:04:55:21";"FABstSF Er erwarte vom G7-Gipfelÿÿª"
"232";"00:04:55:21";"00:04:57:24";"Er erwarte vom G7-Gipfel"
"233";"00:04:58:01";"00:04:58:01";"FABstTd ein klares Signal( ( gegen den Ei0l"
"234";"00:04:58:01";"00:04:58:01";"FABst0nsatz von Atomwaffen.ÿÿ1íH"
"235";"00:04:58:01";"00:05:01:19";"ein klares Signal

gegen den Einsatz von Atomwaffen."
"236";"00:05:01:21";"00:05:01:21";"FABstUd Hiroshima( ( sei ein symbolP"
"237";"00:05:01:21";"00:05:01:21";"FABst$trächtiger Ort.ÿÿ=7"
"238";"00:05:01:21";"00:05:04:22";"Hiroshima

sei ein symboltrÈachtiger Ort."
"239";"00:05:04:24";"00:05:04:24";"FABstVH In den Gesprächen geht esÿÿ9"
"240";"00:05:04:24";"00:05:06:24";"In den GesprÈachen geht es"
"241";"00:05:07:01";"00:05:07:01";"FABstWd auch um die Beziehungen ( ( der Gu`"
"242";"00:05:07:01";"00:05:07:01";"FABst,7-Staaten zu China.ÿÿ5Ú¤"
"243";"00:05:07:01";"00:05:10:16";"auch um die Beziehungen

der G7-Staaten zu China."
"244";"00:05:12:05";"00:05:12:05";"FABstXd Mehrere Länder im Nahen Osten( ( kämpfen nB"
"245";"00:05:12:05";"00:05:12:05";"FABst:mit einer Ernährungskrise,ÿÿ'&"
"246";"00:05:12:05";"00:05:16:16";"Mehrere LÈander im Nahen Osten

kÈampfen mit einer ErnÈahrungskrise,"
"247";"00:05:16:18";"00:05:16:18";"FABstYd wegen der extrem( ( gestiegenen >ì"
"248";"00:05:16:18";"00:05:16:18";"FABst,Lebensmittelpreise.ÿÿ5üX"
"249";"00:05:16:18";"00:05:19:20";"wegen der extrem

gestiegenen Lebensmittelpreise."
"250";"00:05:19:22";"00:05:19:22";"FABstZd Laut Welternährungsprogramm haben( ( sich«6"
"251";"00:05:19:22";"00:05:19:22";"FABst@ Nahrungsmittel in der Regionÿÿ!÷\"
"252";"00:05:19:22";"00:05:23:21";"Laut WelternÈahrungsprogramm haben

sich Nahrungsmittel in der Region"
"253";"00:05:23:24";"00:05:23:24";"FABst[N zuletzt um über 60 % verteuert.ÿÿY"
"254";"00:05:23:24";"00:05:26:00";"zuletzt um Èuber 60 % verteuert."
"255";"00:05:26:02";"00:05:26:02";"FABst\d Zum Teil liege die Inflationsrate( ( @"
"256";"00:05:26:02";"00:05:26:02";"FABst8im dreistelligen Bereich.ÿÿ)ùL"
"257";"00:05:26:02";"00:05:29:13";"Zum Teil liege die Inflationsrate

im dreistelligen Bereich."
"258";"00:05:29:15";"00:05:29:15";"FABst]d Besonders schwer( ( haben es die H"
"259";"00:05:29:15";"00:05:29:15";"FABst.Menschen im Libanon.ÿÿ3¦2"
"260";"00:05:29:15";"00:05:32:20";"Besonders schwer

haben es die Menschen im Libanon."
"261";"00:05:33:16";"00:05:33:16";"FABst^d Sich keine oder nur bestimmte ( ( Lebens*z"
"262";"00:05:33:16";"00:05:33:16";"FABst:mittel leisten zu können /&"
"263";"00:05:33:16";"00:05:37:10";"Sich keine oder nur bestimmte

Lebensmittel leisten zu kÈonnen Ð"
"264";"00:05:37:12";"00:05:37:12";"FABst_dfür die Familie von Fawzeia Abdalla( ( Üº"
"265";"00:05:37:12";"00:05:37:12";"FABst0 ist das Alltag.9ô"
"266";"00:05:37:12";"00:05:41:00";"fÈur die Familie von Fawzeia Abdalla

ist das Alltag."
"267";"00:05:41:02";"00:05:41:02";"FABst`d Am Rande von Beirut( ( leben die e"
"268";"00:05:41:02";"00:05:41:02";"FABst0syrischen Flüchtlingeÿÿ1nÌ"
"269";"00:05:41:02";"00:05:44:16";"Am Rande von Beirut

leben die syrischen FlÈuchtlinge"
"270";"00:05:44:18";"00:05:44:18";"FABstaF in einer Art Holzhütte.ÿÿ.T"
"271";"00:05:44:18";"00:05:46:11";"in einer Art HolzhÈutte."
"272";"00:05:46:13";"00:05:46:13";"FABstb< Arm, hungrig.ÿÿ!®ü"
"273";"00:05:46:13";"00:05:48:01";"Arm, hungrig."
"274";"00:05:48:19";"00:05:48:19";"FABstcd Wir essen Oliven, ( ( Thymiam"
"275";"00:05:48:19";"00:05:48:19";"FABst"n, etwas Käse,G>"
"276";"00:05:48:19";"00:05:52:00";"Wir essen Oliven,

Thymian, etwas KÈase,"
"277";"00:05:52:02";"00:05:52:02";"FABstdd manchmal kaufe ich Bulgur,( ( sü"
"278";"00:05:52:02";"00:05:52:02";"FABst&Linsen und Reis.CÒ¼"
"279";"00:05:52:02";"00:05:55:07";"manchmal kaufe ich Bulgur,

Linsen und Reis."
"280";"00:05:55:09";"00:05:55:09";"FABsteF Fleisch oder Fisch nie.ÿÿÞ"
"281";"00:05:55:09";"00:05:57:07";"Fleisch oder Fisch nie."
"282";"00:05:57:09";"00:05:57:09";"FABstfd Es sei denn, jemand hat Mitleid( ( >Z"
"283";"00:05:57:09";"00:05:57:09";"FABst0und schenkt uns was.ÿÿ1÷Æ"
"284";"00:05:57:09";"00:06:01:02";"Es sei denn, jemand hat Mitleid

und schenkt uns was."
"285";"00:06:01:22";"00:06:01:22";"FABstgd Das Geld, das sie als Putzfrau( ( in {¤"
"286";"00:06:01:22";"00:06:01:22";"FABst2einer Schule verdient,ÿÿ/j"
"287";"00:06:01:22";"00:06:05:08";"Das Geld, das sie als Putzfrau

in einer Schule verdient,"
"288";"00:06:05:10";"00:06:05:10";"FABsth@ reicht nicht mehr.ÿÿ"
"289";"00:06:05:10";"00:06:06:19";"reicht nicht mehr."
"290";"00:06:06:21";"00:06:06:21";"FABstid Die Inflation bei Lebensmitteln( ( x"
"291";"00:06:06:21";"00:06:06:21";"FABst, liegt im Libanonÿÿ5êä"
"292";"00:06:06:21";"00:06:09:21";"Die Inflation bei Lebensmitteln

liegt im Libanon"
"293";"00:06:09:23";"00:06:09:23";"FABstjd laut UN-Welternährungsprogramm( ( ü "
"294";"00:06:09:23";"00:06:09:23";"FABst*bei 138 Prozent.ÿÿ7ÂÐ"
"295";"00:06:09:23";"00:06:13:04";"laut UN-WelternÈahrungsprogramm

bei 138 Prozent."
"296";"00:06:13:06";"00:06:13:06";"FABstkd Auch in Syrien, Ägypten,( ( in derÿ"
"297";"00:06:13:06";"00:06:13:06";"FABst. Türkei oder im Iranÿÿ3a*"
"298";"00:06:13:06";"00:06:16:11";"Auch in Syrien, ÈAgypten,

in der TÈurkei oder im Iran"
"299";"00:06:16:13";"00:06:16:13";"FABstlF ist die Lage dramatisch.ÿÿÁ"
"300";"00:06:16:13";"00:06:18:06";"ist die Lage dramatisch."
"301";"00:06:18:08";"00:06:18:08";"FABstmN Wirtschafts- und WährungskrisenÿÿuB"
"302";"00:06:18:08";"00:06:20:07";"Wirtschafts- und WÈahrungskrisen"
"303";"00:06:20:09";"00:06:20:09";"FABstnd haben die Preise für Essen( ( exÒP"
"304";"00:06:20:09";"00:06:20:09";"FABst(plodieren lassen.ÿÿ9"
"305";"00:06:20:09";"00:06:23:04";"haben die Preise fÈur Essen

explodieren lassen."
"306";"00:06:23:06";"00:06:23:06";"FABstod Viele Länder im Nahen Osten( ( hängen"
"307";"00:06:23:06";"00:06:23:06";"FABst8 an einem seidenen Faden.1é°"
"308";"00:06:23:06";"00:06:27:04";"Viele LÈander im Nahen Osten

hÈangen an einem seidenen Faden."
"309";"00:06:27:07";"00:06:27:07";"FABstpH An der Türschwelle Europas0"
"310";"00:06:27:07";"00:06:29:05";"An der TÈurschwelle Europas"
"311";"00:06:29:07";"00:06:29:07";"FABstqd vergrößert sich( ( eine humanit,"
"312";"00:06:29:07";"00:06:29:07";"FABst4äre Nothilfe-Großkrise.ÿÿ-üÚ"
"313";"00:06:29:07";"00:06:33:07";"vergrÈoûert sich

eine humanitÈare Nothilfe-Groûkrise."
"314";"00:06:34:04";"00:06:34:04";"FABstrN Das Grundproblem in der Region:ÿÿ×F"
"315";"00:06:34:04";"00:06:36:10";"Das Grundproblem in der Region:"
"316";"00:06:36:12";"00:06:36:12";"FABstsd Viele Lebensmittel( ( müssen teue<i>"
"317";"00:06:36:12";"00:06:36:12";"FABst.r importiert werden,ÿÿ3¶¨"
"318";"00:06:36:12";"00:06:39:14";"Viele Lebensmittel

mÈussen teuer importiert werden,"
"319";"00:06:39:16";"00:06:39:16";"FABsttd weil vor Ort( ( nicht genug p"
"320";"00:06:39:16";"00:06:39:16";"FABst$roduziert wird.ÿÿ="
"321";"00:06:39:16";"00:06:42:02";"weil vor Ort

nicht genug produziert wird."
"322";"00:06:42:04";"00:06:42:04";"FABstuTDer Klimawandel verschärft die Lage.ÿÿ="
"323";"00:06:42:04";"00:06:44:11";"Der Klimawandel verschÈarft die Lage."
"324";"00:06:44:14";"00:06:44:14";"FABstvd Um der Katastrophe Herr zu werden,( ( müssâ"
"325";"00:06:44:14";"00:06:44:14";"FABstHe die internationale Gemeinschaftÿÿ¨L"
"326";"00:06:44:14";"00:06:48:19";"Um der Katastrophe Herr zu werden,

mÈusse die internationale Gemeinschaft"
"327";"00:06:48:21";"00:06:48:21";"FABstwd mehr leisten,( ( sagen Hilfso{"
"328";"00:06:48:21";"00:06:48:21";"FABst"rganisationen.ÿÿ?¨"
"329";"00:06:48:21";"00:06:51:05";"mehr leisten,

sagen Hilfsorganisationen."
"330";"00:06:51:07";"00:06:51:07";"FABstxdAuch Fawzeia Abdalla und ihre Familie( ( ZL"
"331";"00:06:51:07";"00:06:51:07";"FABst@ hoffen auf Unterstützung.ÿÿ!r"
"332";"00:06:51:07";"00:06:55:01";"Auch Fawzeia Abdalla und ihre Familie

hoffen auf UnterstÈutzung."
"333";"00:06:55:03";"00:06:55:03";"FABstyd Im Moment aber bekomme man nichts( ( und t"
"334";"00:06:55:03";"00:06:55:03";"FABst@bleibe deswegen oft hungrig. ÿÿ!¾À"
"335";"00:06:55:03";"00:06:59:01";"Im Moment aber bekomme man nichts

und bleibe deswegen oft hungrig."
"336";"00:06:59:07";"00:06:59:07";"FABstzd Am 18. Mai 1848 trat die erste( ( deutâ"
"337";"00:06:59:07";"00:06:59:07";"FABst6sche Nationalversammlungÿÿ+N"
"338";"00:06:59:07";"00:07:03:10";"Am 18. Mai 1848 trat die erste

deutsche Nationalversammlung"
"339";"00:07:03:12";"00:07:03:12";"FABst{d in der Paulskirche( ( in FrankfLT"
"340";"00:07:03:12";"00:07:03:12";"FABst*urt/Main zusammen.ÿÿ7h"
"341";"00:07:03:12";"00:07:06:10";"in der Paulskirche

in Frankfurt/Main zusammen."
"342";"00:07:06:12";"00:07:06:12";"FABst|d 175 Jahre später( ( feiertenª"
"343";"00:07:06:12";"00:07:06:12";"FABst" am selben Ortÿÿ?ú"
"344";"00:07:06:12";"00:07:09:12";"175 Jahre spÈater

feierten am selben Ort"
"345";"00:07:09:14";"00:07:09:14";"FABst}dGäste aus Politik und Gesellschaft( ( àX"
"346";"00:07:09:14";"00:07:09:14";"FABst, den Jahrestag.ÿÿ5à~"
"347";"00:07:09:14";"00:07:13:03";"GÈaste aus Politik und Gesellschaft

den Jahrestag."
"348";"00:07:13:05";"00:07:13:05";"FABst~d Bundespräsident Steinmeier( ( betonteÕÐ"
"349";"00:07:13:05";"00:07:13:05";"FABst6 die besondere Bedeutungÿÿ+<i>"
"350";"00:07:13:05";"00:07:17:01";"BundesprÈasident Steinmeier

betonte die besondere Bedeutung"
"351";"00:07:17:03";"00:07:17:03";"FABstd der Nationalversammlung( ( füüØ"
"352";"00:07:17:03";"00:07:17:03";"FABst(r die Demokratie.ÿÿ9ë´"
"353";"00:07:17:03";"00:07:19:22";"der Nationalversammlung

fÈur die Demokratie."
"354";"00:07:19:24";"00:07:19:24";"FABst<i>N Hier ein historischer Rückblick.ÿÿ
T"
"355";"00:07:19:24";"00:07:22:05";"Hier ein historischer RÈuckblick."
"356";"00:07:23:02";"00:07:23:02";"FABst</i>d Es war ein Erfolg( ( der MärzrevoOv"
"357";"00:07:23:02";"00:07:23:02";"FABst0lution des Bürgertumsÿÿ18("
"358";"00:07:23:02";"00:07:26:06";"Es war ein Erfolg

der MÈarzrevolution des BÈurgertums"
"359";"00:07:26:08";"00:07:26:08";"FABst<u>d gegen die Herrschaft( ( der Æ²"
"360";"00:07:26:08";"00:07:26:08";"FABst"Fürstenhäuser:ÿÿ?"
"361";"00:07:26:08";"00:07:30:12";"gegen die Herrschaft

der FÈurstenhÈauser:"
"362";"00:07:30:14";"00:07:30:14";"FABst</u>> Am 18. Mai 1848`Zò"
"363";"00:07:30:14";"00:07:31:19";"Am 18. Mai 1848"
"364";"00:07:31:21";"00:07:31:21";"FABstd trat das erste frei gewählte( ( deutslÒ"
"365";"00:07:31:21";"00:07:31:21";"FABst4che Parlament zusammen.5ól"
"366";"00:07:31:21";"00:07:35:04";"trat das erste frei gewÈahlte

deutsche Parlament zusammen."
"367";"00:07:35:07";"00:07:35:07";"FABstd Die Paulskirche als Tagungsort( ( hatte¨"
"368";"00:07:35:07";"00:07:35:07";"FABst8 einen schlichten Grund: ÿÿ)ìÌ"
"369";"00:07:35:07";"00:07:38:22";"Die Paulskirche als Tagungsort

hatte einen schlichten Grund:"
"370";"00:07:38:24";"00:07:38:24";"FABstd Nirgends sonst in Frankfurt( ( ¨®"
"371";"00:07:38:24";"00:07:38:24";"FABst*war so viel Platz.ÿÿ7Ã"
"372";"00:07:38:24";"00:07:42:07";"Nirgends sonst in Frankfurt

war so viel Platz."
"373";"00:07:42:09";"00:07:42:09";"FABst> Nach einem Jahrÿÿ<È"
"374";"00:07:42:09";"00:07:43:18";"Nach einem Jahr"
"375";"00:07:43:20";"00:07:43:20";"FABstd verabschiedete die Versammlung( ( e×2"
"376";"00:07:43:20";"00:07:43:20";"FABst0ine Reichsverfassung.ÿÿ1¼F"
"377";"00:07:43:20";"00:07:47:01";"verabschiedete die Versammlung

eine Reichsverfassung."
"378";"00:07:47:03";"00:07:47:03";"FABstd Bevor die Revolution ( ( niedeòÐ"
"379";"00:07:47:03";"00:07:47:03";"FABst*rgeschlagen wurde.ÿÿ7æö"
"380";"00:07:47:03";"00:07:50:00";"Bevor die Revolution

niedergeschlagen wurde."
"381";"00:07:50:02";"00:07:50:02";"FABst
P Die Verfassung trat nie in Kraft.ÿÿR`"
"382";"00:07:50:02";"00:07:52:05";"Die Verfassung trat nie in Kraft."
"383";"00:07:52:07";"00:07:52:07";"FABstF Aber manches von damalsÿÿ5"
"384";"00:07:52:07";"00:07:53:23";"Aber manches von damals"
"385";"00:07:54:00";"00:07:54:00";"FABstd steht heute( ( fast wortgleicöt"
"386";"00:07:54:00";"00:07:54:00";"FABst(h im Grundgesetz.ÿÿ9î"
"387";"00:07:54:00";"00:07:56:16";"steht heute

fast wortgleich im Grundgesetz."
"388";"00:07:57:09";"00:07:57:09";"FABstd Ein besonderer Schmuck( ( heute neãÆ"
"389";"00:07:57:09";"00:07:57:09";"FABst.ben der Paulskirche:;Ê"
"390";"00:07:57:09";"00:08:00:13";"Ein besonderer Schmuck

heute neben der Paulskirche:"
"391";"00:08:00:15";"00:08:00:15";"FABst> Freiheitsbäume.'éª"
"392";"00:08:00:15";"00:08:01:22";"FreiheitsbÈaume."
"393";"00:08:01:24";"00:08:01:24";"FABstd Symbol der Revolution( ( uný"
"394";"00:08:01:24";"00:08:01:24";"FABst$d der Freiheit.ÿÿ=åX"
"395";"00:08:01:24";"00:08:04:11";"Symbol der Revolution

und der Freiheit."
"396";"00:08:04:13";"00:08:04:13";"FABstd Zur Erinnerung( ( an 175 Jahre Né\"
"397";"00:08:04:13";"00:08:04:13";"FABst*ationalversammlungÿÿ7ãX"
"398";"00:08:04:13";"00:08:07:09";"Zur Erinnerung

an 175 Jahre Nationalversammlung"
"399";"00:08:07:11";"00:08:07:11";"FABstD in Frankfurt am Main.ÿÿb4"
"400";"00:08:07:11";"00:08:08:24";"in Frankfurt am Main."
"401";"00:08:09:01";"00:08:09:01";"FABstd Deren Bedeutung( ( ist den Zaun"
"402";"00:08:09:01";"00:08:09:01";"FABst,gästen gut bekannt.ÿÿ5J"
"403";"00:08:09:01";"00:08:11:23";"Deren Bedeutung

ist den ZaungÈasten gut bekannt."
"404";"00:08:12:00";"00:08:12:00";"FABstdDas war der Anfang der Demokratie,( ("
"405";"00:08:12:00";"00:08:12:00";"FABst6 das war sehr wichtig.3¢¦"
"406";"00:08:12:00";"00:08:15:21";"Das war der Anfang der Demokratie,

das war sehr wichtig."
"407";"00:08:15:23";"00:08:15:23";"FABstL Die steht fast auf der Kippe.LH"
"408";"00:08:15:23";"00:08:18:06";"Die steht fast auf der Kippe."
"409";"00:08:19:05";"00:08:19:05";"FABstd Es ist wichtig,( ( uns dar¨"
"410";"00:08:19:05";"00:08:19:05";"FABst"an zu erinnernG"
"411";"00:08:19:05";"00:08:21:10";"Es ist wichtig,

uns daran zu erinnern"
"412";"00:08:21:12";"00:08:21:12";"FABstd und zu versuchen,( ( die Demokl"
"413";"00:08:21:12";"00:08:21:12";"FABst*ratie zu schützen.?&è"
"414";"00:08:21:12";"00:08:25:05";"und zu versuchen,

die Demokratie zu schÈutzen."
"415";"00:08:26:15";"00:08:26:15";"FABstd Das Grundgesetz( ( hat ja viï"
"416";"00:08:26:15";"00:08:26:15";"FABst el übernommenI;ú"
"417";"00:08:26:15";"00:08:29:12";"Das Grundgesetz

hat ja viel Èubernommen"
"418";"00:08:29:14";"00:08:29:14";"FABstd von den Grundrechten( ( der Paulåt"
"419";"00:08:29:14";"00:08:29:14";"FABst,skirchenverfassung.=Þò"
"420";"00:08:29:14";"00:08:33:05";"von den Grundrechten

der Paulskirchenverfassung."
"421";"00:08:33:15";"00:08:33:15";"FABst> Das ist positiv.ÿÿ&r"
"422";"00:08:33:15";"00:08:35:10";"Das ist positiv."
"423";"00:08:36:09";"00:08:36:09";"FABstd Zum Festakt( ( kommt der BunÏx"
"424";"00:08:36:09";"00:08:36:09";"FABst despräsident.ÿÿA7P"
"425";"00:08:36:09";"00:08:39:03";"Zum Festakt

kommt der BundesprÈasident."
"426";"00:08:39:05";"00:08:39:05";"FABst@ Er erinnert daran,ÿÿ]®"
"427";"00:08:39:05";"00:08:40:16";"Er erinnert daran,"
"428";"00:08:40:18";"00:08:40:18";"FABstd dass die Demokratie schwer erkämpft( ( warØ"
"429";"00:08:40:18";"00:08:40:18";"FABstJ und nicht selbstverständlich ist.ÿÿnÔ"
"430";"00:08:40:18";"00:08:45:24";"dass die Demokratie schwer erkÈampft

war und nicht selbstverstÈandlich ist."
"431";"00:08:46:01";"00:08:46:01";"FABstPDie Geschichte unserer Demokratie!"
"432";"00:08:46:01";"00:08:48:13";"Die Geschichte unserer Demokratie"
"433";"00:08:48:15";"00:08:48:15";"FABstd ist keine( ( gradlinige ErfÊº"
"434";"00:08:48:15";"00:08:48:15";"FABst$olgsgeschichte.E©~"
"435";"00:08:48:15";"00:08:51:19";"ist keine

gradlinige Erfolgsgeschichte."
"436";"00:08:52:13";"00:08:52:13";"FABstd Ihre Schattenseiten verdrängen( ( wir q"
"437";"00:08:52:13";"00:08:52:13";"FABstFnicht und dürfen das auch nicht.ÿÿ/$"
"438";"00:08:52:13";"00:08:57:10";"Ihre Schattenseiten verdrÈangen

wir nicht und dÈurfen das auch nicht."
"439";"00:08:57:12";"00:08:57:12";"FABst d Aber wir erinnern uns auch( ( an gutö"
"440";"00:08:57:12";"00:08:57:12";"FABstBe Zeiten und mutige Vorbilder.ÿÿõJ"
"441";"00:08:57:12";"00:09:02:08";"Aber wir erinnern uns auch

an gute Zeiten und mutige Vorbilder."
"442";"00:09:03:10";"00:09:03:10";"FABst¡THeute an die Revolutionäre von 1848ÿÿ¾J"
"443";"00:09:03:10";"00:09:06:10";"Heute an die RevolutionÈare von 1848"
"444";"00:09:06:12";"00:09:06:12";"FABst¢d und die Abgeordneten der ersten( ( deutæ¤"
"445";"00:09:06:12";"00:09:06:12";"FABst<schen Nationalversammlung. ÿÿ%ô"
"446";"00:09:06:12";"00:09:11:03";"und die Abgeordneten der ersten

deutschen Nationalversammlung."
"447";"00:09:12:01";"00:09:12:01";"FABst£F Die kommenden drei Tageÿÿ2¦"
"448";"00:09:12:01";"00:09:13:19";"Die kommenden drei Tage"
"449";"00:09:13:21";"00:09:13:21";"FABst¤d wird in Frankfurt am Main( ( die Ø"
"450";"00:09:13:21";"00:09:13:21";"FABst0Demokratie gefeiert: ÿÿ1þf"
"451";"00:09:13:21";"00:09:16:24";"wird in Frankfurt am Main

die Demokratie gefeiert:"
"452";"00:09:17:01";"00:09:17:01";"FABst¥D Beim Paulskirchenfest.ÿÿ"
"453";"00:09:17:01";"00:09:18:14";"Beim Paulskirchenfest."
"454";"00:09:18:16";"00:09:18:16";"FABst¦dSo wie heute Mittag beim Live-Konzert( ( ýP"
"455";"00:09:18:16";"00:09:18:16";"FABstFauf dem Frankfurter Römerberg ÿÿ"
"456";"00:09:18:16";"00:09:22:18";"So wie heute Mittag beim Live-Konzert

auf dem Frankfurter RÈomerberg Ð"
"457";"00:09:22:20";"00:09:22:20";"FABst§d einen Steinwurf entfernt( ( vom Ort dÇâ"
"458";"00:09:22:20";"00:09:22:20";"FABst>er Nationalversammlung 1848.ÿÿ#n"
"459";"00:09:22:20";"00:09:26:21";"einen Steinwurf entfernt

vom Ort der Nationalversammlung 1848."
"460";"00:09:27:15";"00:09:27:15";"FABst¨dEr gilt als ältester Globus der Welt:( ( *°"
"461";"00:09:27:15";"00:09:27:15";"FABstB der Behaim-Globus von 1492.ÿÿ³"
"462";"00:09:27:15";"00:09:32:12";"Er gilt als Èaltester Globus der Welt:

der Behaim-Globus von 1492."
"463";"00:09:33:03";"00:09:33:03";"FABst©d Jetzt wurde er aufgenommen in( ( das WeltV"
"464";"00:09:33:03";"00:09:33:03";"FABst:dokumentenerbe der UNESCO.ÿÿ'°Æ"
"465";"00:09:33:03";"00:09:37:20";"Jetzt wurde er aufgenommen in

das Weltdokumentenerbe der UNESCO."
"466";"00:09:37:22";"00:09:37:22";"FABstªN Neben ihm auch 63 weitere Werke.ÿÿ'&"
"467";"00:09:37:22";"00:09:40:12";"Neben ihm auch 63 weitere Werke."
"468";"00:09:40:14";"00:09:40:14";"FABst«d Darunter die mitteldeutsche ( ( Liede
$"
"469";"00:09:40:14";"00:09:40:14";"FABst4rsammlung Codex Manesseÿÿ-"
"470";"00:09:40:14";"00:09:44:07";"Darunter die mitteldeutsche

Liedersammlung Codex Manesse"
"471";"00:09:44:10";"00:09:44:10";"FABst¬d und der Dokumentarfilm "Shoah"( ( Ð@"
"472";"00:09:44:10";"00:09:44:10";"FABst.von Claude Lanzmann.ÿÿ3¦"
"473";"00:09:44:10";"00:09:47:11";"und der Dokumentarfilm "Shoah"

von Claude Lanzmann."
"474";"00:09:47:13";"00:09:47:13";"FABst­d Zeugnisse der Zeitgeschichte( ( werden <u>x"
"475";"00:09:47:13";"00:09:47:13";"FABst:in dem Register gesammelt.ÿÿ'ÑT"
"476";"00:09:47:13";"00:09:51:07";"Zeugnisse der Zeitgeschichte

werden in dem Register gesammelt."
"477";"00:09:51:09";"00:09:51:09";"FABst®d Mit jedem Eintrag,( ( so UNESCO-Ôt"
"478";"00:09:51:09";"00:09:51:09";"FABst*Botschafter Reuss,ÿÿ7û"
"479";"00:09:51:09";"00:09:54:06";"Mit jedem Eintrag,

so UNESCO-Botschafter Reuss,"
"480";"00:09:54:08";"00:09:54:08";"FABst¯Vwachse das Gedächtnis der Menschheit.ÿÿ¼ô"
"481";"00:09:54:08";"00:09:56:24";"wachse das GedÈachtnis der Menschheit."
"482";"00:09:57:21";"00:09:57:21";"FABst°J Er ist eine Hauptattraktion2Æ"
"483";"00:09:57:21";"00:09:59:19";"Er ist eine Hauptattraktion"
"484";"00:09:59:21";"00:09:59:21";"FABst±d des Germanischen Nationalmuseums( ( NürgÎ"
"485";"00:09:59:21";"00:09:59:21";"FABst8nberg: der Behaim-Globus.1Í°"
"486";"00:09:59:21";"00:10:03:10";"des Germanischen Nationalmuseums

NÈurnberg: der Behaim-Globus."
"487";"00:10:03:13";"00:10:03:13";"FABst²J Benannt nach Martin Behaim.ÿÿ_"
"488";"00:10:03:13";"00:10:05:12";"Benannt nach Martin Behaim."
"489";"00:10:05:14";"00:10:05:14";"FABst³d Eine Weltkarte in 3D - neu für( ( die MeKÊ"
"490";"00:10:05:14";"00:10:05:14";"FABst:nschen im 15. Jahrhundert.ÿÿ'F"
"491";"00:10:05:14";"00:10:09:22";"Eine Weltkarte in 3D - neu fÈur

die Menschen im 15. Jahrhundert."
"492";"00:10:09:24";"00:10:09:24";"FABst´TBis dahin kannte man die Welt flach.ÿÿKÊ"
"493";"00:10:09:24";"00:10:12:19";"Bis dahin kannte man die Welt flach."
"494";"00:10:13:06";"00:10:13:06";"FABstµd Wir sehen hier 12.700 Inseln,( ( dieÀ@"
"495";"00:10:13:06";"00:10:13:06";"FABst6 Marco Polo überliefert.3q"
"496";"00:10:13:06";"00:10:17:04";"Wir sehen hier 12.700 Inseln,

die Marco Polo Èuberliefert."
"497";"00:10:17:06";"00:10:17:06";"FABst¶d Die sind erst real,( ( wenn sie iû°"
"498";"00:10:17:06";"00:10:17:06";"FABst*m Bild erscheinen.?v"
"499";"00:10:17:06";"00:10:20:17";"Die sind erst real,

wenn sie im Bild erscheinen."
"500";"00:10:20:19";"00:10:20:19";"FABst·d Das heißt,( ( das ist auch ei"
"501";"00:10:20:19";"00:10:20:19";"FABst&n Stück weit ...ÿÿ;Lª"
"502";"00:10:20:19";"00:10:24:02";"Das heiût,

das ist auch ein StÈuck weit ..."
"503";"00:10:25:05";"00:10:25:05";"FABst¸d Der Wunsch, die Welt( ( als KugelgÏ"
"504";"00:10:25:05";"00:10:25:05";"FABst8estalt erleben zu können.ÿÿ)¨"
"505";"00:10:25:05";"00:10:30:00";"Der Wunsch, die Welt

als Kugelgestalt erleben zu kÈonnen."
"506";"00:10:31:11";"00:10:31:11";"FABst¹PDoch Behaims Weltkugel hat Lücken:ÿÿÖÌ"
"507";"00:10:31:11";"00:10:33:21";"Doch Behaims Weltkugel hat LÈucken:"
"508";"00:10:33:23";"00:10:33:23";"FABstºd Australien fehlt,( ( ebenso der ga¹î"
"509";"00:10:33:23";"00:10:33:23";"FABst2nze Kontinent Amerika.ÿÿ/±l"
"510";"00:10:33:23";"00:10:37:07";"Australien fehlt,

ebenso der ganze Kontinent Amerika."
"511";"00:10:37:09";"00:10:37:09";"FABst»d Den entdeckt Kolumbus erst( ( zeitgleiÀf"
"512";"00:10:37:09";"00:10:37:09";"FABst>ch zur Fertigung des Globus.ÿÿ#­&"
"513";"00:10:37:09";"00:10:41:13";"Den entdeckt Kolumbus erst

zeitgleich zur Fertigung des Globus."
"514";"00:10:41:15";"00:10:41:15";"FABst¼d Dafür birgt die Weltkugel( ( vHÆ"
"515";"00:10:41:15";"00:10:41:15";"FABst(iele Geheimnisse.ÿÿ9¾"
"516";"00:10:41:15";"00:10:44:23";"DafÈur birgt die Weltkugel

viele Geheimnisse."
"517";"00:10:45:00";"00:10:45:00";"FABst½F Es gibt Wundermenschen.`v°"
"518";"00:10:45:00";"00:10:47:09";"Es gibt Wundermenschen."
"519";"00:10:47:11";"00:10:47:11";"FABst¾d Zum Beispiel die Skiapoden,( ( â"
"520";"00:10:47:11";"00:10:47:11";"FABst,die Schattenfüßler,=</i>Ü"
"521";"00:10:47:11";"00:10:51:05";"Zum Beispiel die Skiapoden,

die SchattenfÈuûler,"
"522";"00:10:51:07";"00:10:51:07";"FABst¿d die sich mit ihren Füßen ( ( Scha®ø"
"523";"00:10:51:07";"00:10:51:07";"FABst0tten gespendet haben.ÿÿ1Ör"
"524";"00:10:51:07";"00:10:55:11";"die sich mit ihren FÈuûen

Schatten gespendet haben."
"525";"00:10:57:05";"00:10:57:05";"FABstÀd Das hat für uns( ( absolut Übeõ"
"526";"00:10:57:05";"00:10:57:05";"FABst$rraschungswert.ÿÿ=Ør"
"527";"00:10:57:05";"00:11:00:15";"Das hat fÈur uns

absolut ÈUberraschungswert."
"528";"00:11:01:10";"00:11:01:10";"FABstÁd Für Direktor Hess( ( symboliD"
"529";"00:11:01:10";"00:11:01:10";"FABst&siert der Globusÿÿ;Ú°"
"530";"00:11:01:10";"00:11:04:07";"FÈur Direktor Hess

symbolisiert der Globus"
"531";"00:11:04:09";"00:11:04:09";"FABstÂN eine zwiespältige Vergangenheit.ÿÿ¯"
"532";"00:11:04:09";"00:11:06:22";"eine zwiespÈaltige Vergangenheit."
"533";"00:11:07:06";"00:11:07:06";"FABstÃdEinerseits die Herausforderungen( ( ins¢."
"534";"00:11:07:06";"00:11:07:06";"FABst6 Unbekannte vorzustoßen,ÿÿ+# "
"535";"00:11:07:06";"00:11:11:05";"Einerseits die Herausforderungen

ins Unbekannte vorzustoûen,"
"536";"00:11:11:07";"00:11:11:07";"FABstÄd als Teile unserer( ( Wissenschùf"
"537";"00:11:11:07";"00:11:11:07";"FABst$aftsgeschichte.ÿÿ=Ó´"
"538";"00:11:11:07";"00:11:14:06";"als Teile unserer

Wissenschaftsgeschichte."
"539";"00:11:14:08";"00:11:14:08";"FABstÅdAndererseits die Schattenseiten,( ( dóÌ"
"540";"00:11:14:08";"00:11:14:08";"FABst4ie Ausbeutung der Welt.ÿÿ-<u>"
"541";"00:11:14:08";"00:11:18:16";"Andererseits die Schattenseiten,

die Ausbeutung der Welt."
"542";"00:11:19:20";"00:11:19:20";"FABstÆd So ist der Behaim-Globus( ( 530 JahreµN"
"543";"00:11:19:20";"00:11:19:20";"FABst6 nach seiner Erschaffungÿÿ+<i>"
"544";"00:11:19:20";"00:11:23:23";"So ist der Behaim-Globus

530 Jahre nach seiner Erschaffung"
"545";"00:11:24:00";"00:11:24:00";"FABstÇd nicht nur ein wissenschaftliches( ( Instr×8"
"546";"00:11:24:00";"00:11:24:00";"FABstFument, sondern auch ein Mahnmal.ÿÿT"
"547";"00:11:24:00";"00:11:28:13";"nicht nur ein wissenschaftliches

Instrument, sondern auch ein Mahnmal."
"548";"00:11:29:14";"00:11:29:14";"FABstÈH Der Untergang der Titanic:ÿÿQ®"
"549";"00:11:29:14";"00:11:31:14";"Der Untergang der Titanic:"
"550";"00:11:31:16";"00:11:31:16";"FABstÉd 110 Jahre danach( ( hat der briÌ"
"551";"00:11:31:16";"00:11:31:16";"FABst(tische Sender BBCÿÿ9:"
"552";"00:11:31:16";"00:11:34:08";"110 Jahre danach

hat der britische Sender BBC"
"553";"00:11:34:10";"00:11:34:10";"FABstÊd hochauflösende Bilder des( ( versunkenO"
"554";"00:11:34:10";"00:11:34:10";"FABst<en Schiffes veröffentlicht.ÿÿ%d¨"
"555";"00:11:34:10";"00:11:38:02";"hochauflÈosende Bilder des

versunkenen Schiffes verÈoffentlicht."
"556";"00:11:38:04";"00:11:38:04";"FABstËd Wissenschaftler wollen damit die( ( Unglü{8"
"557";"00:11:38:04";"00:11:38:04";"FABstDcksursache genauer untersuchen.ÿÿ"
"558";"00:11:38:04";"00:11:42:07";"Wissenschaftler wollen damit die

UnglÈucksursache genauer untersuchen."
"559";"00:11:42:09";"00:11:42:09";"FABstÌdDie Aufnahmen entstanden durch die ( ( ZusaÅÂ"
"560";"00:11:42:09";"00:11:42:09";"FABstDmmensetzung von 700.000 BildernÿÿÿÖ"
"561";"00:11:42:09";"00:11:46:20";"Die Aufnahmen entstanden durch die

Zusammensetzung von 700.000 Bildern"
"562";"00:11:46:22";"00:11:46:22";"FABstÍD zu einer 3D-Animation.ÿÿ-"
"563";"00:11:46:22";"00:11:49:02";"zu einer 3D-Animation."
"564";"00:11:49:04";"00:11:49:04";"FABstÎd Die Titanic im Atlantik( ( rammte ei×r"
"565";"00:11:49:04";"00:11:49:04";"FABst0nen Eisberg und sank.ÿÿ1¢"
"566";"00:11:49:04";"00:11:53:18";"Die Titanic im Atlantik

rammte einen Eisberg und sank."
"567";"00:11:53:20";"00:11:53:20";"FABstÏd Bis heute liegt das Wrack( ( au´à"
"568";"00:11:53:20";"00:11:53:20";"FABst*f dem Meeresboden.ÿÿ7Â"
"569";"00:11:53:20";"00:11:56:23";"Bis heute liegt das Wrack

auf dem Meeresboden."
"570";"00:11:58:00";"00:11:58:00";"FABstÐTDie Fußballerinnen des VfL Wolfsburgÿÿ÷æ"
"571";"00:11:58:00";"00:12:00:14";"Die Fuûballerinnen des VfL Wolfsburg"
"572";"00:12:00:16";"00:12:00:16";"FABstÑd haben zum zehnten Mal( ( den Déò"
"573";"00:12:00:16";"00:12:00:16";"FABst*FB-Pokal gewonnen.ÿÿ7Ú"
"574";"00:12:00:16";"00:12:03:17";"haben zum zehnten Mal

den DFB-Pokal gewonnen."
"575";"00:12:03:19";"00:12:03:19";"FABstÒd Die Titelverteidigerinnen ( ( mit KaX"
"576";"00:12:03:19";"00:12:03:19";"FABst2pitänin Alexandra Poppÿÿ/g"
"577";"00:12:03:19";"00:12:07:02";"Die Titelverteidigerinnen

mit KapitÈanin Alexandra Popp"
"578";"00:12:07:04";"00:12:07:04";"FABstÓd setzten sich in Köln( ( mit 4:1 geg<u>"
"579";"00:12:07:04";"00:12:07:04";"FABst8en den SC Freiburg durch.ÿÿ)ô"
"580";"00:12:07:04";"00:12:10:21";"setzten sich in KÈoln

mit 4:1 gegen den SC Freiburg durch."
"581";"00:12:12:00";"00:12:12:00";"FABstÔd Vor 45.000 Fans( ( ging der ùÄ"
"582";"00:12:12:00";"00:12:12:00";"FABst VfL WolfsburgÿÿAÈ"
"583";"00:12:12:00";"00:12:14:16";"Vor 45.000 Fans

ging der VfL Wolfsburg"
"584";"00:12:14:18";"00:12:14:18";"FABstÕd bereits in der vierten Minute( ( ø"
"585";"00:12:14:18";"00:12:14:18";"FABst& in Führung.ChÖ"
"586";"00:12:14:18";"00:12:17:14";"bereits in der vierten Minute

in FÈuhrung."
"587";"00:12:17:16";"00:12:17:16";"FABstÖd Nach dem Pass von Wilms( ( Unsicherhö<"
"588";"00:12:17:16";"00:12:17:16";"FABst6eit in Freiburgs Abwehr,`+Ò"
"589";"00:12:17:16";"00:12:21:05";"Nach dem Pass von Wilms

Unsicherheit in Freiburgs Abwehr,"
"590";"00:12:21:07";"00:12:21:07";"FABst×H Karl traf ins eigene Tor.ÿÿlú"
"591";"00:12:21:07";"00:12:23:06";"Karl traf ins eigene Tor."
"592";"00:12:24:03";"00:12:24:03";"FABstØd Der VfL von Tommy Stroot( ( s"
"593";"00:12:24:03";"00:12:24:03";"FABst$pielbestimmend.ÿÿ=Ì®"
"594";"00:12:24:03";"00:12:26:24";"Der VfL von Tommy Stroot

spielbestimmend."
"595";"00:12:27:03";"00:12:27:03";"FABstÙP Nach starkem Zuspiel von Oberdorfÿÿ¾"
"596";"00:12:27:03";"00:12:29:07";"Nach starkem Zuspiel von Oberdorf"
"597";"00:12:29:09";"00:12:29:09";"FABstÚd scheiterte Rauch( ( an Torhüt¾"
"598";"00:12:29:09";"00:12:29:09";"FABst"terin Lambert.ÿÿ?ÛJ"
"599";"00:12:29:09";"00:12:32:01";"scheiterte Rauch

an TorhÈuterin Lambert."
"600";"00:12:33:16";"00:12:33:16";"FABstÛd Kurz vor der Pause: Ecke Freiburg( ( uí"
"601";"00:12:33:16";"00:12:33:16";"FABst8nd Ausgleich durch Minge.ÿÿ)"
"602";"00:12:33:16";"00:12:37:14";"Kurz vor der Pause: Ecke Freiburg

und Ausgleich durch Minge."
"603";"00:12:37:16";"00:12:37:16";"FABstÜd Der Außenseiter, Platz sechs ( ( in d6®"
"604";"00:12:37:16";"00:12:37:16";"FABst8er Liga, zurück im Spiel.ÿÿ)v"
"605";"00:12:37:16";"00:12:41:14";"Der Auûenseiter, Platz sechs

in der Liga, zurÈuck im Spiel."
"606";"00:12:41:17";"00:12:41:17";"FABstÝd In der zweiten Hälfte traf erst( ( Wol"
"607";"00:12:41:17";"00:12:41:17";"FABst:fsburgs Pajor den Pfosten ÿÿ'èN"
"608";"00:12:41:17";"00:12:45:07";"In der zweiten HÈalfte traf erst

Wolfsburgs Pajor den Pfosten"
"609";"00:12:45:10";"00:12:45:10";"FABstÞd und dann, im zweiten Versuch,( ( ®Z"
"610";"00:12:45:10";"00:12:45:10";"FABst,Blomquist das Tor.ÿÿ5¨¤"
"611";"00:12:45:10";"00:12:48:08";"und dann, im zweiten Versuch,

Blomquist das Tor."
"612";"00:12:48:10";"00:12:48:10";"FABstßR2:1 - die Favoritinnen wieder vorn.ÿÿ/4"
"613";"00:12:48:10";"00:12:51:00";"2:1 - die Favoritinnen wieder vorn."
"614";"00:12:51:02";"00:12:51:02";"FABstàd Aber auch Freiburg gefährlich:( ( HÊ"
"615";"00:12:51:02";"00:12:51:02";"FABst*Kayici Frohms.ÿÿ7ðd"
"616";"00:12:51:02";"00:12:53:24";"Aber auch Freiburg gefÈahrlich:

Kayici Ð Frohms."
"617";"00:12:54:01";"00:12:54:01";"FABstád SC-Trainerin Merk( ( hoffte vergebä"
"618";"00:12:54:01";"00:12:54:01";"FABst2ens auf den Ausgleich.ÿÿ/Ð "
"619";"00:12:54:01";"00:12:57:10";"SC-Trainerin Merk

hoffte vergebens auf den Ausgleich."
"620";"00:12:57:12";"00:12:57:12";"FABstâd Stattdessen das 3:1( ( durch Wolfsbî"
"621";"00:12:57:12";"00:12:57:12";"FABst.urgs Kapitänin Popp.ÿÿ38è"
"622";"00:12:57:12";"00:13:01:06";"Stattdessen das 3:1

durch Wolfsburgs KapitÈanin Popp."
"623";"00:13:01:08";"00:13:01:08";"FABstãd Kurz vor Schluss erzielte( ( Janssen pe¯2"
"624";"00:13:01:08";"00:13:01:08";"FABst6r Hand-Elfmeter das 4:1.ÿÿ+ïæ"
"625";"00:13:01:08";"00:13:05:16";"Kurz vor Schluss erzielte

Janssen per Hand-Elfmeter das 4:1."
"626";"00:13:07:03";"00:13:07:03";"FABstäd Für den VfL Wolfsburg( ( der"
"627";"00:13:07:03";"00:13:07:03";"FABst(zehnte Pokalsieg,ÿÿ9¹"
"628";"00:13:07:03";"00:13:10:09";"FÈur den VfL Wolfsburg

der zehnte Pokalsieg,"
"629";"00:13:10:11";"00:13:10:11";"FABståd für Popp gar der zwölfte ( ( b³ð"
"630";"00:13:10:11";"00:13:10:11";"FABst(eides ist Rekord.ÿÿ9ç "
"631";"00:13:10:11";"00:13:13:21";"fÈur Popp gar der zwÈolfte Ð

beides ist Rekord."
"632";"00:13:16:01";"00:13:16:01";"FABstæd Nach den schweren Unwettern( ( Ù"
"633";"00:13:16:01";"00:13:16:01";"FABst&in Norditalienÿÿ;<i>"
"634";"00:13:16:01";"00:13:18:16";"Nach den schweren Unwettern

in Norditalien"
"635";"00:13:18:18";"00:13:18:18";"FABstçd ist die Zahl der Todesopfer ( ( auf m<u>¾"
"636";"00:13:18:18";"00:13:18:18";"FABst4indestens 13 gestiegen.ÿÿ-ÄL"
"637";"00:13:18:18";"00:13:22:01";"ist die Zahl der Todesopfer

auf mindestens 13 gestiegen."
"638";"00:13:22:03";"00:13:22:03";"FABstèd Nach wie vor( ( werden MensÑp"
"639";"00:13:22:03";"00:13:22:03";"FABst"chen vermisst.ÿÿ?ï"
"640";"00:13:22:03";"00:13:24:19";"Nach wie vor

werden Menschen vermisst."
"641";"00:13:24:21";"00:13:24:21";"FABstéd In der Region Emilia-Romagna( ( musø"
"642";"00:13:24:21";"00:13:24:21";"FABst0sten 10.000 Einwohner9©d"
"643";"00:13:24:21";"00:13:28:06";"In der Region Emilia-Romagna

mussten 10.000 Einwohner"
"644";"00:13:28:08";"00:13:28:08";"FABstêD ihre Häuser verlassen.!þ"
"645";"00:13:28:08";"00:13:30:03";"ihre HÈauser verlassen."
"646";"00:13:30:05";"00:13:30:05";"FABstëd Einige kamen( ( in Notunterf"
"647";"00:13:30:05";"00:13:30:05";"FABst"künften unter.ÿÿ?fø"
"648";"00:13:30:05";"00:13:32:23";"Einige kamen

in NotunterkÈunften unter."
"649";"00:13:33:00";"00:13:33:00";"FABstìL Unterdessen werden die Schädenö"
"650";"00:13:33:00";"00:13:35:02";"Unterdessen werden die SchÈaden"
"651";"00:13:35:04";"00:13:35:04";"FABstíd durch Überschwemmungen( ( und ErN¢"
"652";"00:13:35:04";"00:13:35:04";"FABst*drutsche sichtbar.?ý~"
"653";"00:13:35:04";"00:13:38:01";"durch ÈUberschwemmungen

und Erdrutsche sichtbar."
"654";"00:13:38:03";"00:13:38:03";"FABstîd In einigen Orten( ( begannen diÜd"
"655";"00:13:38:03";"00:13:38:03";"FABst*e Aufräumarbeiten.ÿÿ7E>"
"656";"00:13:38:03";"00:13:40:24";"In einigen Orten

begannen die AufrÈaumarbeiten."
"657";"00:13:41:17";"00:13:41:17";"FABstïD Er galt als Stil-Ikoneÿÿi"
"658";"00:13:41:17";"00:13:43:08";"Er galt als Stil-Ikone"
"659";"00:13:43:10";"00:13:43:10";"FABstðd und schrieb in den 60er-( ( und 70erÇ\"
"660";"00:13:43:10";"00:13:43:10";"FABst4-Jahren Filmgeschichte:ÿÿ-Þ"
"661";"00:13:43:10";"00:13:46:20";"und schrieb in den 60er-

und 70er-Jahren Filmgeschichte:"
"662";"00:13:46:22";"00:13:46:22";"FABstñd Der österreichische Schauspieler( ( J"
"663";"00:13:46:22";"00:13:46:22";"FABst2Helmut Berger ist tot.ÿÿ/÷Z"
"664";"00:13:46:22";"00:13:50:05";"Der Èosterreichische Schauspieler

Helmut Berger ist tot."
"665";"00:13:50:07";"00:13:50:07";"FABstòd Er starb im Alter( ( von 78 Jahõ:"
"666";"00:13:50:07";"00:13:50:07";"FABst&ren in Salzburg.ÿÿ;>"
"667";"00:13:50:07";"00:13:53:09";"Er starb im Alter

von 78 Jahren in Salzburg."
"668";"00:13:53:11";"00:13:53:11";"FABstód Seine Karriere( ( begann er <u>"
"669";"00:13:53:11";"00:13:53:11";"FABst$als Fotomodell,ÿÿ=·""
"670";"00:13:53:11";"00:13:56:01";"Seine Karriere

begann er als Fotomodell,"
"671";"00:13:56:03";"00:13:56:03";"FABstôdbevor er vom italienischen Regisseur( ( LÄ"
"672";"00:13:56:03";"00:13:56:03";"FABstDuchino Visconti entdeckt wurde.ÿÿì"
"673";"00:13:56:03";"00:14:00:16";"bevor er vom italienischen Regisseur

Luchino Visconti entdeckt wurde."
"674";"00:14:00:18";"00:14:00:18";"FABstõd Mit dem( ( lebte er auch in «Ü"
"675";"00:14:00:18";"00:14:00:18";"FABst&einer Beziehung.ÿÿ;ÎÈ"
"676";"00:14:00:18";"00:14:03:16";"Mit dem

lebte er auch in einer Beziehung."
"677";"00:14:03:18";"00:14:03:18";"FABstöd In dessen Filmen "Die Verdammten"( ( ±¾"
"678";"00:14:03:18";"00:14:03:18";"FABst6und "Ludwig der Zweite"ÿÿ+Ã°"
"679";"00:14:03:18";"00:14:07:10";"In dessen Filmen "Die Verdammten"

und "Ludwig der Zweite""
"680";"00:14:07:12";"00:14:07:12";"FABst÷d an der Seite von Romy Schneider( ( Îª"
"681";"00:14:07:12";"00:14:07:12";"FABst2wurde Berger berühmt.ÿÿ/y^"
"682";"00:14:07:12";"00:14:10:20";"an der Seite von Romy Schneider

wurde Berger berÈuhmt."
"683";"00:14:10:22";"00:14:10:22";"FABstødSpäter machte er mehr von sich reden( ( fJ"
"684";"00:14:10:22";"00:14:10:22";"FABst@mit exzentrischen Auftritten.ÿÿ!""
"685";"00:14:10:22";"00:14:15:09";"SpÈater machte er mehr von sich reden

mit exzentrischen Auftritten."
"686";"00:14:16:12";"00:14:16:12";"FABstùd Und nun die Wettervorhersage( ( für mor,"
"687";"00:14:16:12";"00:14:16:12";"FABst:gen, Freitag, den 19. Mai.ÿÿ'ôè"
"688";"00:14:16:12";"00:14:20:19";"Und nun die Wettervorhersage

fÈur morgen, Freitag, den 19. Mai."
"689";"00:14:21:09";"00:14:21:09";"FABstúd Vor allem der Norden und Westen( ( prãø"
"690";"00:14:21:09";"00:14:21:09";"FABst8ofitieren von einem Hoch,ÿÿ) Ò"
"691";"00:14:21:09";"00:14:25:10";"Vor allem der Norden und Westen

profitieren von einem Hoch,"
"692";"00:14:25:12";"00:14:25:12";"FABstûd während von Südosten( ( WolkÊ"
"693";"00:14:25:12";"00:14:25:12";"FABst"en aufziehen. ÿÿ?²ª"
"694";"00:14:25:12";"00:14:28:05";"wÈahrend von SÈudosten

Wolken aufziehen."
"695";"00:14:28:07";"00:14:28:07";"FABstüd Heute Nacht häufig klar( ( mit einige("
"696";"00:14:28:07";"00:14:28:07";"FABst8n lockeren Wolkenfeldern.ÿÿ)í:"
"697";"00:14:28:07";"00:14:32:16";"Heute Nacht hÈaufig klar

mit einigen lockeren Wolkenfeldern."
"698";"00:14:32:18";"00:14:32:18";"FABstýH Örtlich bildet sich Nebel.ÿÿÖp"
"699";"00:14:32:18";"00:14:34:16";"ÈOrtlich bildet sich Nebel."
"700";"00:14:34:19";"00:14:34:19";"FABstþd Morgen im Süden und Osten( ( -8"
"701";"00:14:34:19";"00:14:34:19";"FABst(zunehmend wolkig.ÿÿ9<i>"
"702";"00:14:34:19";"00:14:37:20";"Morgen im SÈuden und Osten

zunehmend wolkig."
"703";"00:14:37:21";"00:14:37:21";"FABstÿd Im Westen und Norden( ( längeuÀ"
"704";"00:14:37:21";"00:14:37:21";"FABst$re Zeit sonnig,ÿÿ=ÿ"
"705";"00:14:37:21";"00:14:40:19";"Im Westen und Norden

lÈangere Zeit sonnig,"
"706";"00:14:40:21";"00:14:40:21";"FABstPbevor auch hier Wolken auftauchen.ÿÿÔ¨"
"707";"00:14:40:21";"00:14:43:07";"bevor auch hier Wolken auftauchen."
"708";"00:14:43:09";"00:14:43:09";"FABstd Meist bleibt es trocken,( ( an den Alp(¼"
"709";"00:14:43:09";"00:14:43:09";"FABst6en sind Schauer möglich.ÿÿ+Lø"
"710";"00:14:43:09";"00:14:47:10";"Meist bleibt es trocken,

an den Alpen sind Schauer mÈoglich."
"711";"00:14:54:13";"00:14:54:13";"FABstdAm Samstag teils Sonne, teils Wolken,( ( vo2r"
"712";"00:14:54:13";"00:14:54:13";"FABstJr allem im Osten einzelne Schauer.ÿÿ£Â"
"713";"00:14:54:13";"00:14:59:11";"Am Samstag teils Sonne, teils Wolken,

vor allem im Osten einzelne Schauer."
"714";"00:14:59:13";"00:14:59:13";"FABstd Sonntag und Montag sehr warm,( ( ar$"
"715";"00:14:59:13";"00:14:59:13";"FABst2ber neben Sonnenscheinÿÿ/Ê"
"716";"00:14:59:13";"00:15:02:22";"Sonntag und Montag sehr warm,

aber neben Sonnenschein"
"717";"00:15:02:24";"00:15:02:24";"FABstd dichte Quellwolken und( ( teils kräfÓ"
"718";"00:15:02:24";"00:15:02:24";"FABst:tige Schauer und Gewitter.ÿÿ'îB"
"719";"00:15:02:24";"00:15:07:01";"dichte Quellwolken und

teils krÈaftige Schauer und Gewitter."
"720";"00:15:07:22";"00:15:07:22";"FABstd Um 23.15 Uhr geht es( ( in den tagesk"
"721";"00:15:07:22";"00:15:07:22";"FABst4themen mit Caren Miosgaÿÿ-Þ"
"722";"00:15:07:22";"00:15:11:15";"Um 23.15 Uhr geht es

in den tagesthemen mit Caren Miosga"
"723";"00:15:11:17";"00:15:11:17";"FABst< um die Frage:ÿÿ!Â^"
"724";"00:15:11:17";"00:15:13:05";"um die Frage:"
"725";"00:15:13:07";"00:15:13:07";"FABstd Steht der Zeitplan für Habecks( ( Heizuû "
"726";"00:15:13:07";"00:15:13:07";"FABst8ngsgesetz auf der Kippe? ÿÿ)å¸"
"727";"00:15:13:07";"00:15:17:01";"Steht der Zeitplan fÈur Habecks

Heizungsgesetz auf der Kippe?"
"728";"00:15:17:03";"00:15:17:03";"FABstd Und wir nehmen Abschied( ( vo"<i>"
"729";"00:15:17:03";"00:15:17:03";"FABst&n Helmut Berger.ÿÿ;¸>"
"730";"00:15:17:03";"00:15:19:23";"Und wir nehmen Abschied

von Helmut Berger."
"731";"00:15:20:00";"00:15:20:00";"FABstd Ich wünsche Ihnen ( ( einen ¨"
"732";"00:15:20:00";"00:15:20:00";"FABst"schönen Abend.ÿÿ?Yf"
"733";"00:15:20:00";"00:15:22:14";"Ich wÈunsche Ihnen

einen schÈonen Abend."
"734";"00:15:25:11";"00:15:25:11";"FABstLCopyright Untertitel: NDR 2023ÿÿú"
"735";"00:15:25:11";"00:15:28:00";"Copyright Untertitel: NDR 2023"
