No.;Timecode In;Timecode Out;Subtitle
"1";"00:00:03:00";"00:00:03:00";"FABst6 * Gong *ÿÿZZZZZZZZZZ¥¥ã¥¥¥¥¥6"
"2";"00:00:03:00";"00:00:03:00";"FABst¥¥¥á¥¥à¥ã¥¥¥¥§ª¦ªîªªªGÌ"
"3";"00:00:03:00";"00:00:04:05";"* Gong *"
"4";"00:00:04:10";"00:00:04:10";"FABstdHier ist das Erste Deutsche Fernsehen( ( 9"
"5";"00:00:04:10";"00:00:04:10";"FABst: mit der tagesschau.ÿÿ'õþ"
"6";"00:00:04:10";"00:00:08:06";"Hier ist das Erste Deutsche Fernsehen

mit der tagesschau."
"7";"00:00:08:10";"00:00:08:10";"FABstd Diese Sendung wurde vom NDR( ( live Af"
"8";"00:00:08:10";"00:00:08:10";"FABst6untertitelt (11.06.2023)ÿÿ+¸°"
"9";"00:00:08:10";"00:00:12:15";"Diese Sendung wurde vom NDR

live untertitelt (11.06.2023)"
"10";"00:00:14:22";"00:00:14:22";"FABstd Heute im Studio:( ( Constanü"
"11";"00:00:14:22";"00:00:14:22";"FABst"tin Schreiber.ÿÿ?ÞN"
"12";"00:00:14:22";"00:00:17:15";"Heute im Studio:

Constantin Schreiber."
"13";"00:00:18:11";"00:00:18:11";"FABstd Guten Abend,( ( ich begrüße Si3¦"
"14";"00:00:18:11";"00:00:18:11";"FABst(e zur tagesschau.A¯R"
"15";"00:00:18:11";"00:00:21:14";"Guten Abend,

ich begrÈuûe Sie zur tagesschau."
"16";"00:00:22:08";"00:00:22:08";"FABstd Die EU will mit Tunesien( ( effekt#<i>"
"17";"00:00:22:08";"00:00:22:08";"FABst.iver gegen Schlepperÿÿ3Ð"
"18";"00:00:22:08";"00:00:25:13";"Die EU will mit Tunesien

effektiver gegen Schlepper"
"19";"00:00:25:19";"00:00:25:19";"FABstd und illegale Überfahrten( ( übers ]¨"
"20";"00:00:25:19";"00:00:25:19";"FABst.Mittelmeer vorgehen.ÿÿ3Æ"
"21";"00:00:25:19";"00:00:29:09";"und illegale ÈUberfahrten

Èubers Mittelmeer vorgehen."
"22";"00:00:29:14";"00:00:29:14";"FABstdDafür stellte Kommissionspräsidentin( ( 7x"
"23";"00:00:29:14";"00:00:29:14";"FABst: von der Leyen dem Landÿÿ'äÊ"
"24";"00:00:29:14";"00:00:33:13";"DafÈur stellte KommissionsprÈasidentin

von der Leyen dem Land"
"25";"00:00:33:17";"00:00:33:17";"FABstL neue Hilfsgelder in Aussicht.ÿÿäÞ"
"26";"00:00:33:17";"00:00:35:19";"neue Hilfsgelder in Aussicht."
"27";"00:00:35:23";"00:00:35:23";"FABstd Zudem weitere Millionen( ( für die StÃ<"
"28";"00:00:35:23";"00:00:35:23";"FABst2ärkung der Wirtschaft.ÿÿ/Z"
"29";"00:00:35:23";"00:00:39:10";"Zudem weitere Millionen

fÈur die StÈarkung der Wirtschaft."
"30";"00:00:39:15";"00:00:39:15";"FABstd Es geht um ein Paket( ( von mehr als>"
"31";"00:00:39:15";"00:00:39:15";"FABst2 einer Milliarde Euro.ÿÿ/ù"
"32";"00:00:39:15";"00:00:43:09";"Es geht um ein Paket

von mehr als einer Milliarde Euro."
"33";"00:00:43:13";"00:00:43:13";"FABstd Zuletzt machten sich laut( ( EU-Greo¸"
"34";"00:00:43:13";"00:00:43:13";"FABst4nzschutzagentur Frontexÿÿ-á"
"35";"00:00:43:13";"00:00:47:10";"Zuletzt machten sich laut

EU-Grenzschutzagentur Frontex"
"36";"00:00:47:14";"00:00:47:14";"FABstd wieder mehr Menschen aus Tunesien( ( i"
"37";"00:00:47:14";"00:00:47:14";"FABst6auf den Weg nach Europa.ÿÿ+®"
"38";"00:00:47:14";"00:00:51:10";"wieder mehr Menschen aus Tunesien

auf den Weg nach Europa."
"39";"00:00:52:12";"00:00:52:12";"FABstd An dieser Küste starten sie( ( jede NÈ"
"40";"00:00:52:12";"00:00:52:12";"FABst8acht über das Mittelmeer.1,n"
"41";"00:00:52:12";"00:00:56:00";"An dieser KÈuste starten sie

jede Nacht Èuber das Mittelmeer."
"42";"00:00:56:02";"00:00:56:02";"FABstF Die Überfahrt: riskant.BF"
"43";"00:00:56:02";"00:00:57:12";"Die ÈUberfahrt: riskant."
"44";"00:00:57:14";"00:00:57:14";"FABstd Trotzdem kamen 2023( ( in Ity."
"45";"00:00:57:14";"00:00:57:14";"FABst&alien laut UNHCRÿÿ;ÑH"
"46";"00:00:57:14";"00:01:00:01";"Trotzdem kamen 2023

in Italien laut UNHCR"
"47";"00:01:00:03";"00:01:00:03";"FABstd 26.500 Menschen aus Tunesien an,( ( mehr aÎ"
"48";"00:01:00:03";"00:01:00:03";"FABst<als im gesamten Jahr 2022. ÿÿ%±®"
"49";"00:01:00:03";"00:01:04:14";"26.500 Menschen aus Tunesien an,

mehr als im gesamten Jahr 2022."
"50";"00:01:04:19";"00:01:04:19";"FABstd Deshalb hoher EU-Besuch( ( beim tu=x"
"51";"00:01:04:19";"00:01:04:19";"FABst2nesischen Präsidenten:ÿÿ/Dî"
"52";"00:01:04:19";"00:01:08:12";"Deshalb hoher EU-Besuch

beim tunesischen PrÈasidenten:"
"53";"00:01:08:16";"00:01:08:16";"FABstH Die Kommissionspräsidentinÿÿu´"
"54";"00:01:08:16";"00:01:10:10";"Die KommissionsprÈasidentin"
"55";"00:01:10:15";"00:01:10:15";"FABstd und die Regierungschefs( ( von Itali`"
"56";"00:01:10:15";"00:01:10:15";"FABst6en und den Niederlanden.ÿÿ+Ø"
"57";"00:01:10:15";"00:01:14:00";"und die Regierungschefs

von Italien und den Niederlanden."
"58";"00:01:14:02";"00:01:14:02";"FABstd Tunesien ein Schlüsselland( ( iç"
"59";"00:01:14:02";"00:01:14:02";"FABst,n Sachen Migration,ÿÿ5ÈT"
"60";"00:01:14:02";"00:01:16:21";"Tunesien Ð ein SchlÈusselland

in Sachen Migration,"
"61";"00:01:16:23";"00:01:16:23";"FABstPaber auch ein schwieriger Partner.ÿÿÏ¤"
"62";"00:01:16:23";"00:01:18:23";"aber auch ein schwieriger Partner."
"63";"00:01:19:00";"00:01:19:00";"FABstd Präsident Saied( ( regiert zuneã6"
"64";"00:01:19:00";"00:01:19:00";"FABst,hmend autokratisch.ÿÿ5<u>"
"65";"00:01:19:00";"00:01:22:05";"PrÈasident Saied

regiert zunehmend autokratisch."
"66";"00:01:24:08";"00:01:24:08";"FABstd In diesem Jahr( ( stellt di10"
"67";"00:01:24:08";"00:01:24:08";"FABst e EU TunesienIß|"
"68";"00:01:24:08";"00:01:27:08";"In diesem Jahr

stellt die EU Tunesien"
"69";"00:01:27:14";"00:01:27:14";"FABstd 100 Mio. Euro( ( für den Gre<i>P"
"70";"00:01:27:14";"00:01:27:14";"FABst&nzschutz bereit.Cd"
"71";"00:01:27:14";"00:01:30:14";"100 Mio. Euro

fÈur den Grenzschutz bereit."
"72";"00:01:30:19";"00:01:30:19";"FABstPAuch für die Schlepper-Bekämpfung÷|"
"73";"00:01:30:19";"00:01:32:24";"Auch fÈur die Schlepper-BekÈampfung"
"74";"00:01:33:03";"00:01:33:03";"FABstd und für die Suche, Rettung( ( und RückÔ"
"75";"00:01:33:03";"00:01:33:03";"FABst8führung von Flüchtlingen.ÿÿ)÷þ"
"76";"00:01:33:03";"00:01:37:07";"und fÈur die Suche, Rettung

und RÈuckfÈuhrung von FlÈuchtlingen."
"77";"00:01:39:15";"00:01:39:15";"FABstP Tunesien könnte Hilfe gebrauchen.ÿÿu"
"78";"00:01:39:15";"00:01:41:17";"Tunesien kÈonnte Hilfe gebrauchen."
"79";"00:01:41:21";"00:01:41:21";"FABstd Die Wirtschaftslage ist desolat,( ( die P "
"80";"00:01:41:21";"00:01:41:21";"FABst<reise auf den Märkten hoch,ÿÿ%nF"
"81";"00:01:41:21";"00:01:45:15";"Die Wirtschaftslage ist desolat,

die Preise auf den MÈarkten hoch,"
"82";"00:01:45:19";"00:01:45:19";"FABst@ zu hoch für viele.ÿÿ0à"
"83";"00:01:45:19";"00:01:47:02";"zu hoch fÈur viele."
"84";"00:01:47:06";"00:01:47:06";"FABstd Vor allem junge Menschen ( ( TP"
"85";"00:01:47:06";"00:01:47:06";"FABst"hoffnungslos.ÿÿ?ÃD"
"86";"00:01:47:06";"00:01:50:00";"Vor allem junge Menschen Ð

hoffnungslos."
"87";"00:01:50:07";"00:01:50:07";"FABst d Ich habe ein Diplom,( ( abert"
"88";"00:01:50:07";"00:01:50:07";"FABst" keine Arbeit.Gö<"
"89";"00:01:50:07";"00:01:52:17";"Ich habe ein Diplom,

aber keine Arbeit."
"90";"00:01:52:21";"00:01:52:21";"FABst!d Ich will arbeiten, im Ausland -( ( hieI"
"91";"00:01:52:21";"00:01:52:21";"FABst:r habe ich keine Chancen. /ÝÎ"
"92";"00:01:52:21";"00:01:56:23";"Ich will arbeiten, im Ausland -

hier habe ich keine Chancen."
"93";"00:01:57:04";"00:01:57:04";"FABst"d Auch viele Menschen( ( aus den Lände£ä"
"94";"00:01:57:04";"00:01:57:04";"FABst0rn südlich der Saharaÿÿ1n<u>"
"95";"00:01:57:04";"00:02:00:07";"Auch viele Menschen

aus den LÈandern sÈudlich der Sahara"
"96";"00:02:00:09";"00:02:00:09";"FABst#F wollen weg aus Tunesien.ÿÿ</u>T"
"97";"00:02:00:09";"00:02:01:21";"wollen weg aus Tunesien."
"98";"00:02:01:23";"00:02:01:23";"FABst$d Präsident Saied sprach im Februar( ( von³|"
"99";"00:02:01:23";"00:02:01:23";"FABst> Horden illegaler Migranten.ÿÿ#ôÈ"
"100";"00:02:01:23";"00:02:05:21";"PrÈasident Saied sprach im Februar

von Horden illegaler Migranten."
"101";"00:02:05:23";"00:02:05:23";"FABst%d Ob das Land Europas Grenzen( ( sichern`"
"102";"00:02:05:23";"00:02:05:23";"FABst: kann und will - fraglich.ÿÿ'¤>"
"103";"00:02:05:23";"00:02:10:05";"Ob das Land Europas Grenzen

sichern kann und will - fraglich."
"104";"00:02:11:01";"00:02:11:01";"FABst&d Sie wollen,( ( dass wir WächtÔ<u>"
"105";"00:02:11:01";"00:02:11:01";"FABst0er ihrer Länder sind.9)¦"
"106";"00:02:11:01";"00:02:14:20";"Sie wollen,

dass wir WÈachter ihrer LÈander sind."
"107";"00:02:15:07";"00:02:15:07";"FABst'd Es muss aber eine menschliche( ( und '¾"
"108";"00:02:15:07";"00:02:15:07";"FABst8gemeinsame Lösung geben. 16n"
"109";"00:02:15:07";"00:02:19:07";"Es muss aber eine menschliche

und gemeinsame LÈosung geben."
"110";"00:02:22:02";"00:02:22:02";"FABst(P Europa will einen Deal mit Tunis.ÿÿü"
"111";"00:02:22:02";"00:02:24:02";"Europa will einen Deal mit Tunis."
"112";"00:02:24:04";"00:02:24:04";"FABst)d Ob der zustande kommt,( ( is ¤"
"113";"00:02:24:04";"00:02:24:04";"FABst"t noch unklar.ÿÿ?¯"
"114";"00:02:24:04";"00:02:26:13";"Ob der zustande kommt,

ist noch unklar."
"115";"00:02:26:17";"00:02:26:17";"FABst*d Die Europäer stellen( ( zusätzlich <i>"
"116";"00:02:26:17";"00:02:26:17";"FABst0Millionen in Aussichtÿÿ1"
"117";"00:02:26:17";"00:02:29:21";"Die EuropÈaer stellen

zusÈatzlich Millionen in Aussicht"
"118";"00:02:29:24";"00:02:29:24";"FABst+d für die desolate Wirtschaft( ( ®^"
"119";"00:02:29:24";"00:02:29:24";"FABst" Tunesiens.ÿÿ?"
"120";"00:02:29:24";"00:02:32:04";"fÈur die desolate Wirtschaft

Tunesiens."
"121";"00:02:33:04";"00:02:33:04";"FABst,J In Bad Saarow in Brandenburgÿÿ¼"
"122";"00:02:33:04";"00:02:34:22";"In Bad Saarow in Brandenburg"
"123";"00:02:35:01";"00:02:35:01";"FABst-dhat das Ostdeutsche Wirtschaftsforum( ( G"
"124";"00:02:35:01";"00:02:35:01";"FABst, begonnen.ÿÿ5Þ"
"125";"00:02:35:01";"00:02:37:19";"hat das Ostdeutsche Wirtschaftsforum

begonnen."
"126";"00:02:37:22";"00:02:37:22";"FABst.d Vertreter aus Wirtschaft,( ( Poli:ä"
"127";"00:02:37:22";"00:02:37:22";"FABst0tik und Wissenschaft ÿÿ1ûR"
"128";"00:02:37:22";"00:02:40:23";"Vertreter aus Wirtschaft,

Politik und Wissenschaft"
"129";"00:02:41:00";"00:02:41:00";"FABst/d diskutieren über Chancen und( ( Herausfj"
"130";"00:02:41:00";"00:02:41:00";"FABst8orderungen in der Region.ÿÿ)§Â"
"131";"00:02:41:00";"00:02:44:13";"diskutieren Èuber Chancen und

Herausforderungen in der Region."
"132";"00:02:44:16";"00:02:44:16";"FABst0dDort siedeln sich Unternehmen an aus( ( Wac'à"
"133";"00:02:44:16";"00:02:44:16";"FABstHhstums- und Zukunftstechnologien.ÿÿçÀ"
"134";"00:02:44:16";"00:02:48:24";"Dort siedeln sich Unternehmen an aus

Wachstums- und Zukunftstechnologien."
"135";"00:02:49:03";"00:02:49:03";"FABst1P Für sie gibt es Standortvorteile.ÿÿú"
"136";"00:02:49:03";"00:02:51:19";"FÈur sie gibt es Standortvorteile."
"137";"00:02:51:23";"00:02:51:23";"FABst2d Aber es fällt ihnen auch hier nicht( ( lei¤n"
"138";"00:02:51:23";"00:02:51:23";"FABstJcht, passendes Personal zu finden.ÿÿ"
"139";"00:02:51:23";"00:02:56:21";"Aber es fÈallt ihnen auch hier nicht

leicht, passendes Personal zu finden."
"140";"00:02:59:09";"00:02:59:09";"FABst3d Fliegen mit Wasserstoffantrieb -( ( nochX"
"141";"00:02:59:09";"00:02:59:09";"FABst: eine Computersimulation. /ÐØ"
"142";"00:02:59:09";"00:03:03:18";"Fliegen mit Wasserstoffantrieb -

noch eine Computersimulation."
"143";"00:03:03:23";"00:03:03:23";"FABst4d 2024 plant die Firma Apus( ( aus Bran6<i>"
"144";"00:03:03:23";"00:03:03:23";"FABst8denburg den Jungfernflug.1ìè"
"145";"00:03:03:23";"00:03:08:00";"2024 plant die Firma Apus

aus Brandenburg den Jungfernflug."
"146";"00:03:08:10";"00:03:08:10";"FABst5dDas Ziel, emissionsfrei zu fliegen,( ( b¾"
"147";"00:03:08:10";"00:03:08:10";"FABst:soll Wirklichkeit werden.ÿÿ'ü&"
"148";"00:03:08:10";"00:03:12:05";"Das Ziel, emissionsfrei zu fliegen,

soll Wirklichkeit werden."
"149";"00:03:12:10";"00:03:12:10";"FABst6d Seit neun Jahren( ( arbeitet Phil%<"
"150";"00:03:12:10";"00:03:12:10";"FABst,lip Scheffel daran.ÿÿ5ã6"
"151";"00:03:12:10";"00:03:15:13";"Seit neun Jahren

arbeitet Phillip Scheffel daran."
"152";"00:03:15:17";"00:03:15:17";"FABst7J Rund 50 Angestellte hat er.ÿÿ¹$"
"153";"00:03:15:17";"00:03:17:21";"Rund 50 Angestellte hat er."
"154";"00:03:18:00";"00:03:18:00";"FABst8d Genug Fachkräfte zu finden, ( ( um daÇº"
"155";"00:03:18:00";"00:03:18:00";"FABst4s Flugzeug zu fertigen,ÿÿ-±."
"156";"00:03:18:00";"00:03:22:02";"Genug FachkrÈafte zu finden,

um das Flugzeug zu fertigen,"
"157";"00:03:22:07";"00:03:22:07";"FABst9F sei ein großes Problem.ÿÿfV"
"158";"00:03:22:07";"00:03:24:02";"sei ein groûes Problem."
"159";"00:03:25:09";"00:03:25:09";"FABst:d Wir brauchen( ( hochqualifizi5¸"
"160";"00:03:25:09";"00:03:25:09";"FABst$ertes Personal,EØ"
"161";"00:03:25:09";"00:03:28:20";"Wir brauchen

hochqualifiziertes Personal,"
"162";"00:03:29:07";"00:03:29:07";"FABst;J Informatiker, Konstrukteure.Ø2"
"163";"00:03:29:07";"00:03:31:17";"Informatiker, Konstrukteure."
"164";"00:03:33:19";"00:03:33:19";"FABst<d Handwerker,( ( die mit ComposiD"
"165";"00:03:33:19";"00:03:33:19";"FABst,t-Material umgehen.ÿÿ5ñú"
"166";"00:03:33:19";"00:03:36:13";"Handwerker,

die mit Composit-Material umgehen."
"167";"00:03:36:20";"00:03:36:20";"FABst=d Das sind gefragte Leute, ( ( auch"
"168";"00:03:36:20";"00:03:36:20";"FABst2in anderen Industrien.ÿÿ/v"
"169";"00:03:36:20";"00:03:40:15";"Das sind gefragte Leute,

auch in anderen Industrien."
"170";"00:03:42:04";"00:03:42:04";"FABst>d Das Problem hat über die Hälfte( ( d{¶"
"171";"00:03:42:04";"00:03:42:04";"FABst4er Unternehmen im Ostenÿÿ-Ùò"
"172";"00:03:42:04";"00:03:45:13";"Das Problem hat Èuber die HÈalfte

der Unternehmen im Osten"
"173";"00:03:45:15";"00:03:45:15";"FABst?d und ist großes Thema( ( auf demÁÀ"
"174";"00:03:45:15";"00:03:45:15";"FABst* Wirtschaftsforum.ÿÿ7Ýî"
"175";"00:03:45:15";"00:03:48:06";"und ist groûes Thema

auf dem Wirtschaftsforum."
"176";"00:03:48:08";"00:03:48:08";"FABst@d Zur Eröffnung nannte Scholz gute( ( Löhne <à"
"177";"00:03:48:08";"00:03:48:08";"FABst>als wichtigen Standortfaktorÿÿ#Ê"
"178";"00:03:48:08";"00:03:52:04";"Zur ErÈoffnung nannte Scholz gute

LÈohne als wichtigen Standortfaktor"
"179";"00:03:52:06";"00:03:52:06";"FABstAd im Werben um Fachkräfte und mehr( ( OffenÌ\"
"180";"00:03:52:06";"00:03:52:06";"FABst<heit gegenüber Zuwanderung.ÿÿ%u<i>"
"181";"00:03:52:06";"00:03:56:09";"im Werben um FachkrÈafte und mehr

Offenheit gegenÈuber Zuwanderung."
"182";"00:03:56:14";"00:03:56:14";"FABstBd Zudem braucht es einen( ( Bewusstseu@"
"183";"00:03:56:14";"00:03:56:14";"FABst8inswandel im ganzen Land:1°f"
"184";"00:03:56:14";"00:04:00:22";"Zudem braucht es einen

Bewusstseinswandel im ganzen Land:"
"185";"00:04:01:11";"00:04:01:11";"FABstCd Die Einsicht, dass ausländische ( ( Kräf"
"186";"00:04:01:11";"00:04:01:11";"FABstBte nicht nur gebraucht werden,'Çò"
"187";"00:04:01:11";"00:04:06:00";"Die Einsicht, dass auslÈandische

KrÈafte nicht nur gebraucht werden,"
"188";"00:04:06:13";"00:04:06:13";"FABstDPsondern wirklich willkommen sind.ÿÿx"
"189";"00:04:06:13";"00:04:09:06";"sondern wirklich willkommen sind."
"190";"00:04:09:16";"00:04:09:16";"FABstEd Als Arbeitgeber( ( können Sie d"
"191";"00:04:09:16";"00:04:09:16";"FABst$dazu beitragen.ÿÿ=2"
"192";"00:04:09:16";"00:04:12:23";"Als Arbeitgeber

kÈonnen Sie dazu beitragen."
"193";"00:04:14:20";"00:04:14:20";"FABstFd Ein Bewusstseinswandel,( ( auf den $¨"
"194";"00:04:14:20";"00:04:14:20";"FABst.auch Scheffel setzt.ÿÿ3"
"195";"00:04:14:20";"00:04:17:24";"Ein Bewusstseinswandel,

auf den auch Scheffel setzt."
"196";"00:04:18:03";"00:04:18:03";"FABstGd Bei seiner Suche( ( etwa nach Co_¦"
"197";"00:04:18:03";"00:04:18:03";"FABst*mputerspezialistenÿÿ7æ6"
"198";"00:04:18:03";"00:04:20:19";"Bei seiner Suche

etwa nach Computerspezialisten"
"199";"00:04:20:23";"00:04:20:23";"FABstHVwird er am ehesten im Ausland fündig.ÿÿâ"
"200";"00:04:20:23";"00:04:23:02";"wird er am ehesten im Ausland fÈundig."
"201";"00:04:24:00";"00:04:24:00";"FABstId Die Koalition sucht weiter( ( nacgÂ"
"202";"00:04:24:00";"00:04:24:00";"FABst*h einem Kompromissÿÿ7Ò"
"203";"00:04:24:00";"00:04:26:21";"Die Koalition sucht weiter

nach einem Kompromiss"
"204";"00:04:26:23";"00:04:26:23";"FABstJPim Streit über das Heizungsgesetz.ÿÿ!p"
"205";"00:04:26:23";"00:04:29:02";"im Streit Èuber das Heizungsgesetz."
"206";"00:04:29:04";"00:04:29:04";"FABstKd Bundeskanzler Scholz( ( verteidigteqt"
"207";"00:04:29:04";"00:04:29:04";"FABst0 das Vorhaben erneut.ÿÿ1¢þ"
"208";"00:04:29:04";"00:04:32:10";"Bundeskanzler Scholz

verteidigte das Vorhaben erneut."
"209";"00:04:32:15";"00:04:32:15";"FABstLd Es dürfe jedoch niemand( ( finanziel2"
"210";"00:04:32:15";"00:04:32:15";"FABst0l überfordert werden,ÿÿ1VP"
"211";"00:04:32:15";"00:04:36:07";"Es dÈurfe jedoch niemand

finanziell Èuberfordert werden,"
"212";"00:04:36:11";"00:04:36:11";"FABstMF sagte er Antenne Bayern.ÿÿÜ$"
"213";"00:04:36:11";"00:04:38:02";"sagte er Antenne Bayern."
"214";"00:04:38:06";"00:04:38:06";"FABstNd Kritiker bemängeln bei den Plänen( ( zu sh"
"215";"00:04:38:06";"00:04:38:06";"FABst@tarken Fokus auf Wärmepumpen.ÿÿ!iJ"
"216";"00:04:38:06";"00:04:42:07";"Kritiker bemÈangeln bei den PlÈanen

zu starken Fokus auf WÈarmepumpen."
"217";"00:04:42:11";"00:04:42:11";"FABstOd Auch deshalb fordert die FDP( ( wei/"
"218";"00:04:42:11";"00:04:42:11";"FABst.ter Nachbesserungen.ÿÿ3Þ~"
"219";"00:04:42:11";"00:04:45:15";"Auch deshalb fordert die FDP

weiter Nachbesserungen."
"220";"00:04:45:20";"00:04:45:20";"FABstPN Beim Heizen mit Holz und Pelletsÿÿ"
"221";"00:04:45:20";"00:04:48:07";"Beim Heizen mit Holz und Pellets"
"222";"00:04:48:11";"00:04:48:11";"FABstQd zeigten sich die Grünen( ( zulet"
"223";"00:04:48:11";"00:04:48:11";"FABst.zt kompromissbereit.ÿÿ3ý"
"224";"00:04:48:11";"00:04:51:23";"zeigten sich die GrÈunen

zuletzt kompromissbereit."
"225";"00:04:53:01";"00:04:53:01";"FABstRd Ein Hotel im Bayerischen Wald( ( mi4ø"
"226";"00:04:53:01";"00:04:53:01";"FABst2t hohem Energiebedarf.7</i>\"
"227";"00:04:53:01";"00:04:56:19";"Ein Hotel im Bayerischen Wald

mit hohem Energiebedarf."
"228";"00:04:56:24";"00:04:56:24";"FABstSdEigentümer Alfons Oswald suchte früh( ( nacd"
"229";"00:04:56:24";"00:04:56:24";"FABstJh einer Alternative zu Öl und Gas.N"
"230";"00:04:56:24";"00:05:01:24";"EigentÈumer Alfons Oswald suchte frÈuh

nach einer Alternative zu ÈOl und Gas."
"231";"00:05:03:17";"00:05:03:17";"FABstTd Seit 18 Jahren heizt er mit Holz,( ( Res/"
"232";"00:05:03:17";"00:05:03:17";"FABst>tholz aus dem Wald nebenan. ÿÿ#Ã`"
"233";"00:05:03:17";"00:05:08:04";"Seit 18 Jahren heizt er mit Holz,

Restholz aus dem Wald nebenan."
"234";"00:05:08:22";"00:05:08:22";"FABstUd Das ist in vielen( ( ländlichen Çd"
"235";"00:05:08:22";"00:05:08:22";"FABst(Gebieten möglich.ÿÿ93¨"
"236";"00:05:08:22";"00:05:12:08";"Das ist in vielen

lÈandlichen Gebieten mÈoglich."
"237";"00:05:13:16";"00:05:13:16";"FABstVd Das Holz wächst bei uns,( ( derà"
"238";"00:05:13:16";"00:05:13:16";"FABst( Rohstoff ist da.AÉ¦"
"239";"00:05:13:16";"00:05:16:09";"Das Holz wÈachst bei uns,

der Rohstoff ist da."
"240";"00:05:16:13";"00:05:16:13";"FABstWVSeit 18 Jahren hab ich kein Problem,<u>2"
"241";"00:05:16:13";"00:05:18:17";"Seit 18 Jahren hab ich kein Problem,"
"242";"00:05:18:19";"00:05:18:19";"FABstXd hab immer Energie,( ( auch weÀ"
"243";"00:05:18:19";"00:05:18:19";"FABst$nn Krisen sind.ÿÿ=â4"
"244";"00:05:18:19";"00:05:21:18";"hab immer Energie,

auch wenn Krisen sind."
"245";"00:05:21:23";"00:05:21:23";"FABstY> Er ist besorgt,ÿÿ"
"246";"00:05:21:23";"00:05:23:11";"Er ist besorgt,"
"247";"00:05:23:15";"00:05:23:15";"FABstZd dass das Gebäude-Energie-Gesetz( ( Heizeø2"
"248";"00:05:23:15";"00:05:23:15";"FABst>n mit Holz verbieten könnte.ÿÿ#"
"249";"00:05:23:15";"00:05:28:02";"dass das GebÈaude-Energie-Gesetz

Heizen mit Holz verbieten kÈonnte."
"250";"00:05:28:20";"00:05:28:20";"FABst[dIm Bericht aus Berlin gibt sich die ( ( Grüú2"
"251";"00:05:28:20";"00:05:28:20";"FABstHnen-Vorsitzende kompromissbereit.ÿÿ¢Ì"
"252";"00:05:28:20";"00:05:33:15";"Im Bericht aus Berlin gibt sich die

GrÈunen-Vorsitzende kompromissbereit."
"253";"00:05:33:24";"00:05:33:24";"FABst\d Es gibt Fälle,( ( in denen HolzÜJ"
"254";"00:05:33:24";"00:05:33:24";"FABst0 'ne gute Lösung ist.9+þ"
"255";"00:05:33:24";"00:05:37:04";"Es gibt FÈalle,

in denen Holz 'ne gute LÈosung ist."
"256";"00:05:37:08";"00:05:37:08";"FABst]d Etwa wenn 'n Dorf( ( auf RestKÆ"
"257";"00:05:37:08";"00:05:37:08";"FABst(holzabfälle setztA(Ô"
"258";"00:05:37:08";"00:05:40:09";"Etwa wenn 'n Dorf

auf RestholzabfÈalle setzt"
"259";"00:05:40:13";"00:05:40:13";"FABst^Rund das über die Nahwärme benutzt.ÂR"
"260";"00:05:40:13";"00:05:42:19";"und das Èuber die NahwÈarme benutzt."
"261";"00:05:42:23";"00:05:42:23";"FABst_REs gibt aber berechtigte Bedenken.ÿÿ¬î"
"262";"00:05:42:23";"00:05:45:05";"Es gibt aber berechtigte Bedenken."
"263";"00:05:45:09";"00:05:45:09";"FABst`d Auch bei Pellets( ( schwankt N6"
"264";"00:05:45:09";"00:05:45:09";"FABst&der Preis stark.ÿÿ;8"
"265";"00:05:45:09";"00:05:47:21";"Auch bei Pellets

schwankt der Preis stark."
"266";"00:05:48:00";"00:05:48:00";"FABstad Und Holz ist 'ne wertvolle,( ( oQÒ"
"267";"00:05:48:00";"00:05:48:00";"FABst.ft knappe Ressource,ÿÿ3ú"
"268";"00:05:48:00";"00:05:51:04";"Und Holz ist 'ne wertvolle,

oft knappe Ressource,"
"269";"00:05:51:08";"00:05:51:08";"FABstbH die wir schützen sollten.ÿÿ1"
"270";"00:05:51:08";"00:05:53:08";"die wir schÈutzen sollten."
"271";"00:05:53:17";"00:05:53:17";"FABstcdNoch sind sich die Koalitionsparteien( ( nF|"
"272";"00:05:53:17";"00:05:53:17";"FABstJicht einig über Details im Gesetz.ÿÿ1¾"
"273";"00:05:53:17";"00:05:58:08";"Noch sind sich die Koalitionsparteien

nicht einig Èuber Details im Gesetz."
"274";"00:05:58:12";"00:05:58:12";"FABstddWir brauchen ein Heizungsgesetz,( ( ^"
"275";"00:05:58:12";"00:05:58:12";"FABst,was funktioniert.=<u>F"
"276";"00:05:58:12";"00:06:01:24";"Wir brauchen ein Heizungsgesetz,

was funktioniert."
"277";"00:06:02:03";"00:06:02:03";"FABstedDie Heizung muss zum Haus passen,( ( ;p"
"278";"00:06:02:03";"00:06:02:03";"FABst. nicht umgekehrt.;áP"
"279";"00:06:02:03";"00:06:04:24";"Die Heizung muss zum Haus passen,

nicht umgekehrt."
"280";"00:06:05:03";"00:06:05:03";"FABstfd Die Opposition lehnt das Gesetz( ( ia"
"281";"00:06:05:03";"00:06:05:03";"FABst4n der jetzigen Form ab.ÿÿ-öf"
"282";"00:06:05:03";"00:06:08:20";"Die Opposition lehnt das Gesetz

in der jetzigen Form ab."
"283";"00:06:08:24";"00:06:08:24";"FABstgd Wir sind der Auffassung,( ( dass das ä"
"284";"00:06:08:24";"00:06:08:24";"FABst6Gesetz so verkorkst ist,3ÂR"
"285";"00:06:08:24";"00:06:13:13";"Wir sind der Auffassung,

dass das Gesetz so verkorkst ist,"
"286";"00:06:13:18";"00:06:13:18";"FABsthddass der Bundeswirtschaftsminister( ( es gF"
"287";"00:06:13:18";"00:06:13:18";"FABstDkomplett neu aufsetzen sollte. %µ~"
"288";"00:06:13:18";"00:06:18:07";"dass der Bundeswirtschaftsminister

es komplett neu aufsetzen sollte."
"289";"00:06:18:22";"00:06:18:22";"FABstiRNoch soll der überarbeitete Entwurfÿÿ-Ü"
"290";"00:06:18:22";"00:06:21:15";"Noch soll der Èuberarbeitete Entwurf"
"291";"00:06:21:20";"00:06:21:20";"FABstjd vor der Sommerpause( ( ins Parlame"
"292";"00:06:21:20";"00:06:21:20";"FABst2nt eingebracht werden.ÿÿ/¥V"
"293";"00:06:21:20";"00:06:25:17";"vor der Sommerpause

ins Parlament eingebracht werden."
"294";"00:06:27:16";"00:06:27:16";"FABstkd Ein sehr politischer( ( 38. Evangª"
"295";"00:06:27:16";"00:06:27:16";"FABst,elischer Kirchentagÿÿ5ù"
"296";"00:06:27:16";"00:06:30:18";"Ein sehr politischer

38. Evangelischer Kirchentag"
"297";"00:06:30:22";"00:06:30:22";"FABstlL ist heute in Nürnberg geendet.ÿÿ:n"
"298";"00:06:30:22";"00:06:33:03";"ist heute in NÈurnberg geendet."
"299";"00:06:33:07";"00:06:33:07";"FABstmd Die Kirche präsentierte sich( ( als Foruèþ"
"300";"00:06:33:07";"00:06:33:07";"FABst:m für die Fragen der Zeit.ÿÿ'{Þ"
"301";"00:06:33:07";"00:06:37:05";"Die Kirche prÈasentierte sich

als Forum fÈur die Fragen der Zeit."
"302";"00:06:37:09";"00:06:37:09";"FABstndSie hatte zahlreiche Spitzenpolitiker( ( Q"
"303";"00:06:37:09";"00:06:37:09";"FABst2 eingeladen,ÿÿ/þà"
"304";"00:06:37:09";"00:06:40:13";"Sie hatte zahlreiche Spitzenpolitiker

eingeladen,"
"305";"00:06:40:17";"00:06:40:17";"FABstoL mit Gläubigen zu diskutieren.ÿÿ:b"
"306";"00:06:40:17";"00:06:42:15";"mit GlÈaubigen zu diskutieren."
"307";"00:06:42:19";"00:06:42:19";"FABstpd Krieg und Frieden,( ( Asylpoli,Ì"
"308";"00:06:42:19";"00:06:42:19";"FABst&tik, Klimakrise.Cí"
"309";"00:06:42:19";"00:06:46:06";"Krieg und Frieden,

Asylpolitik, Klimakrise."
"310";"00:06:46:10";"00:06:46:10";"FABstqB Die zentralen Themen#Æ^"
"311";"00:06:46:10";"00:06:47:20";"Die zentralen Themen"
"312";"00:06:47:24";"00:06:47:24";"FABstrdwurden in der Predigt des Abschluss-( ( Got6¾"
"313";"00:06:47:24";"00:06:47:24";"FABstHtesdienstes zur Sprache gebracht.!ÅØ"
"314";"00:06:47:24";"00:06:53:00";"wurden in der Predigt des Abschluss-

Gottesdienstes zur Sprache gebracht."
"315";"00:06:53:04";"00:06:53:04";"FABstsV25.000 Gläubige kamen dafür zusammen.ÿÿÔ®"
"316";"00:06:53:04";"00:06:56:04";"25.000 GlÈaubige kamen dafÈur zusammen."
"317";"00:06:58:21";"00:06:58:21";"FABsttd Jeder dritte junge Mann im Land( ( find|"
"318";"00:06:58:21";"00:06:58:21";"FABst<et es offenbar akzeptabel, ÿÿ%ÑN"
"319";"00:06:58:21";"00:07:03:01";"Jeder dritte junge Mann im Land

findet es offenbar akzeptabel,"
"320";"00:07:03:05";"00:07:03:05";"FABstud wenn im Streit mit der Partnerin( ( geleg_¾"
"321";"00:07:03:05";"00:07:03:05";"FABstDentlich Gewalt angewendet wird.ÿÿë¾"
"322";"00:07:03:05";"00:07:07:16";"wenn im Streit mit der Partnerin

gelegentlich Gewalt angewendet wird."
"323";"00:07:07:21";"00:07:07:21";"FABstvd Das besagt eine repräsentative ( ( Umfr<i>"
"324";"00:07:07:21";"00:07:07:21";"FABst<age von Plan International.ÿÿ%j"
"325";"00:07:07:21";"00:07:12:08";"Das besagt eine reprÈasentative

Umfrage von Plan International."
"326";"00:07:13:09";"00:07:13:09";"FABstwd Männer zwischen 18 und 35 Jahren( ( </u>T"
"327";"00:07:13:09";"00:07:13:09";"FABst* wurden befragt.ÿÿ7 @"
"328";"00:07:13:09";"00:07:17:04";"MÈanner zwischen 18 und 35 Jahren

wurden befragt."
"329";"00:07:17:10";"00:07:17:10";"FABstxd Viele von ihnen offenbarten ein( ( tradit9"
"330";"00:07:17:10";"00:07:17:10";"FABst@ionelleres Rollenverständnis.ÿÿ!Dº"
"331";"00:07:17:10";"00:07:22:06";"Viele von ihnen offenbarten ein

traditionelleres RollenverstÈandnis."
"332";"00:07:22:11";"00:07:22:11";"FABstyd52 Prozent sehen ihre Rolle darin,( ( Fl"
"333";"00:07:22:11";"00:07:22:11";"FABst6genug Geld zu verdienen,ÿÿ+Ëð"
"334";"00:07:22:11";"00:07:26:18";"52 Prozent sehen ihre Rolle darin,

genug Geld zu verdienen,"
"335";"00:07:26:23";"00:07:26:23";"FABstzd damit die Frau sich hauptsächlich( ( um³N"
"336";"00:07:26:23";"00:07:26:23";"FABst< den Haushalt kümmern kann.ÿÿ%o&"
"337";"00:07:26:23";"00:07:31:01";"damit die Frau sich hauptsÈachlich

um den Haushalt kÈummern kann."
"338";"00:07:31:24";"00:07:31:24";"FABst{d Unter dem Titel( ( Spannungsfev"
"339";"00:07:31:24";"00:07:31:24";"FABst$ld MännlichkeitEÒ"
"340";"00:07:31:24";"00:07:34:17";"Unter dem Titel

Spannungsfeld MÈannlichkeit"
"341";"00:07:34:19";"00:07:34:19";"FABst|d untersucht die repräsentative( ( Umfragºh"
"342";"00:07:34:19";"00:07:34:19";"FABst<e, wie junge Männer ticken.-&d"
"343";"00:07:34:19";"00:07:38:14";"untersucht die reprÈasentative

Umfrage, wie junge MÈanner ticken."
"344";"00:07:38:18";"00:07:38:18";"FABst}d Die Mehrheit sehe sich immer noch( ( i$"
"345";"00:07:38:18";"00:07:38:18";"FABst:n der Rolle des Versorgersÿÿ'ëD"
"346";"00:07:38:18";"00:07:42:05";"Die Mehrheit sehe sich immer noch

in der Rolle des Versorgers"
"347";"00:07:42:08";"00:07:42:08";"FABst~Vund die Frau eher bei der Hausarbeit.ÿÿò"
"348";"00:07:42:08";"00:07:44:13";"und die Frau eher bei der Hausarbeit."
"349";"00:07:44:15";"00:07:44:15";"FABstd Knapp die Hälfte der Befragten( ( ê¸"
"350";"00:07:44:15";"00:07:44:15";"FABst" störe es,ÿÿ?,â"
"351";"00:07:44:15";"00:07:46:24";"Knapp die HÈalfte der Befragten

stÈore es,"
"352";"00:07:47:01";"00:07:47:01";"FABst<i>d wenn Männer ihre Homosexualität( ( ³\"
"353";"00:07:47:01";"00:07:47:01";"FABst* offen zeigen.ÿÿ7 à"
"354";"00:07:47:01";"00:07:49:18";"wenn MÈanner ihre HomosexualitÈat

offen zeigen."
"355";"00:07:49:20";"00:07:49:20";"FABst</i>d 53 % falle es schwer, ( ( über |$"
"356";"00:07:49:20";"00:07:49:20";"FABst(Gefühle zu reden.ÿÿ9|"
"357";"00:07:49:20";"00:07:52:23";"53 % falle es schwer,

Èuber GefÈuhle zu reden."
"358";"00:07:53:23";"00:07:53:23";"FABst<u>d Die Ergebnisse der Umfrage( ( sindÄb"
"359";"00:07:53:23";"00:07:53:23";"FABst. besorgniserregend. ;±<i>"
"360";"00:07:53:23";"00:07:57:00";"Die Ergebnisse der Umfrage

sind besorgniserregend."
"361";"00:07:57:04";"00:07:57:04";"FABst</u>dUnabhängig von Herkunft und Bildung( ( isW^"
"362";"00:07:57:04";"00:07:57:04";"FABstJt die Neigung zu Gewalt sehr hoch.ån"
"363";"00:07:57:04";"00:08:02:12";"UnabhÈangig von Herkunft und Bildung

ist die Neigung zu Gewalt sehr hoch."
"364";"00:08:03:12";"00:08:03:12";"FABstdDer Bericht von Plan International( ( ½"
"365";"00:08:03:12";"00:08:03:12";"FABst( offenbart:ÿÿ9"
"366";"00:08:03:12";"00:08:06:08";"Der Bericht von Plan International

offenbart:"
"367";"00:08:06:12";"00:08:06:12";"FABstd Ein Drittel( ( der 18- bis 35-¢Ø"
"368";"00:08:06:12";"00:08:06:12";"FABst$jährigen Männerÿÿ=û°"
"369";"00:08:06:12";"00:08:09:03";"Ein Drittel

der 18- bis 35-jÈahrigen MÈanner"
"370";"00:08:09:07";"00:08:09:07";"FABstD finde es, so wörtlich:ÿÿëÈ"
"371";"00:08:09:07";"00:08:11:01";"finde es, so wÈortlich:"
"372";"00:08:11:08";"00:08:11:08";"FABstd "Okay", wenn ihnen ( ( im B°"
"373";"00:08:11:08";"00:08:11:08";"FABst$eziehungsstreitÿÿ=<i>"
"374";"00:08:11:08";"00:08:13:15";""Okay", wenn ihnen

im Beziehungsstreit"
"375";"00:08:13:19";"00:08:13:19";"FABstR"gelegentlich die Hand ausrutscht".ÿÿt"
"376";"00:08:13:19";"00:08:15:24";""gelegentlich die Hand ausrutscht"."
"377";"00:08:16:03";"00:08:16:03";"FABstd Für die Bundesfamilienministerin:( ( 6Æ"
"378";"00:08:16:03";"00:08:16:03";"FABst2 nicht überraschend.ÿÿ/+"
"379";"00:08:16:03";"00:08:19:08";"FÈur die Bundesfamilienministerin:

nicht Èuberraschend."
"380";"00:08:19:12";"00:08:19:12";"FABst
d Diese Einstellungen( ( sind¤®"
"381";"00:08:19:12";"00:08:19:12";"FABst$ erschreckend, Eª"
"382";"00:08:19:12";"00:08:21:20";"Diese Einstellungen

sind erschreckend,"
"383";"00:08:21:22";"00:08:21:22";"FABstd weil wir wissen, dass aus( ( EinstelluÉ"
"384";"00:08:21:22";"00:08:21:22";"FABst4ngen auch Taten werden.5¯"
"385";"00:08:21:22";"00:08:25:15";"weil wir wissen, dass aus

Einstellungen auch Taten werden."
"386";"00:08:25:19";"00:08:25:19";"FABstdIn Deutschland sind, so steht es( ( in¬À"
"387";"00:08:25:19";"00:08:25:19";"FABst4 der Kriminalstatistik,ÿÿ-âÊ"
"388";"00:08:25:19";"00:08:29:13";"In Deutschland sind, so steht es

in der Kriminalstatistik,"
"389";"00:08:29:17";"00:08:29:17";"FABstd jede Stunde( ( 13 Frauen OpÖ"
"390";"00:08:29:17";"00:08:29:17";"FABst$fer von Gewalt.ÿÿ=ð("
"391";"00:08:29:17";"00:08:32:09";"jede Stunde

13 Frauen Opfer von Gewalt."
"392";"00:08:32:13";"00:08:32:13";"FABstJ Es geht noch darüber hinaus:ÿÿßf"
"393";"00:08:32:13";"00:08:34:09";"Es geht noch darÈuber hinaus:"
"394";"00:08:34:13";"00:08:34:13";"FABstd An fast jedem Tag versucht ( ( ein üx"
"395";"00:08:34:13";"00:08:34:13";"FABst4Partner oder Expartner,ÿÿ-Ùæ"
"396";"00:08:34:13";"00:08:37:19";"An fast jedem Tag versucht

ein Partner oder Expartner,"
"397";"00:08:37:23";"00:08:37:23";"FABstF seine Frau umzubringen.ÿÿ"
"398";"00:08:37:23";"00:08:39:11";"seine Frau umzubringen."
"399";"00:08:39:15";"00:08:39:15";"FABstd An jedem dritten Tag( ( ist eçº"
"400";"00:08:39:15";"00:08:39:15";"FABst$r erfolgreich. ÿÿ=ÈH"
"401";"00:08:39:15";"00:08:42:12";"An jedem dritten Tag

ist er erfolgreich."
"402";"00:08:42:19";"00:08:42:19";"FABstd Je 1000 Männer und Frauen( ( wurden ^¶"
"403";"00:08:42:19";"00:08:42:19";"FABst6für den Bericht befragt.ÿÿ+[ø"
"404";"00:08:42:19";"00:08:46:05";"Je 1000 MÈanner und Frauen

wurden fÈur den Bericht befragt."
"405";"00:08:46:09";"00:08:46:09";"FABstd Er zeigt auch, wie weit( ( Lebens- ¯ª"
"406";"00:08:46:09";"00:08:46:09";"FABst4und Rollenvorstellungenÿÿ-ã"
"407";"00:08:46:09";"00:08:50:04";"Er zeigt auch, wie weit

Lebens- und Rollenvorstellungen"
"408";"00:08:50:08";"00:08:50:08";"FABstL noch immer auseinanderklaffen.ÿÿb"
"409";"00:08:50:08";"00:08:52:16";"noch immer auseinanderklaffen."
"410";"00:08:54:11";"00:08:54:11";"FABstF Für viele Inszenierungenÿÿè"
"411";"00:08:54:11";"00:08:56:02";"FÈur viele Inszenierungen"
"412";"00:08:56:06";"00:08:56:06";"FABstd wurde Ballettchef John Neumeier( ( ´"
"413";"00:08:56:06";"00:08:56:06";"FABst.weltweit gefeiert.ÿÿ3ðü"
"414";"00:08:56:06";"00:08:59:23";"wurde Ballettchef John Neumeier

weltweit gefeiert."
"415";"00:09:00:02";"00:09:00:02";"FABstd Zum 50-jährigen Jubiläum( ( des­""
"416";"00:09:00:02";"00:09:00:02";"FABst( Hamburg Ballettsÿÿ9æ"
"417";"00:09:00:02";"00:09:03:09";"Zum 50-jÈahrigen JubilÈaum

des Hamburg Balletts"
"418";"00:09:03:13";"00:09:03:13";"FABstH feiert ihn nun die Stadt:ÿÿd"
"419";"00:09:03:13";"00:09:05:03";"feiert ihn nun die Stadt:"
"420";"00:09:05:07";"00:09:05:07";"FABstdDer Hamburger Senat ehrte Neumeier( ( mit÷"
"421";"00:09:05:07";"00:09:05:07";"FABst: einem Empfang im Rathaus.ÿÿ'®î"
"422";"00:09:05:07";"00:09:10:00";"Der Hamburger Senat ehrte Neumeier

mit einem Empfang im Rathaus."
"423";"00:09:10:15";"00:09:10:15";"FABstd Dazu kamen auch( ( 200 Ex-Mitglie</i>t"
"424";"00:09:10:15";"00:09:10:15";"FABst0der seiner Compagnie.ÿÿ1â"
"425";"00:09:10:15";"00:09:14:09";"Dazu kamen auch

200 Ex-Mitglieder seiner Compagnie."
"426";"00:09:14:17";"00:09:14:17";"FABstRNatürlich wurde dabei auch getanzt.ÿÿ p"
"427";"00:09:14:17";"00:09:17:12";"NatÈurlich wurde dabei auch getanzt."
"428";"00:09:19:17";"00:09:19:17";"FABstd Eine Bühne für den Tanz( ( im Ó"
"429";"00:09:19:17";"00:09:19:17";"FABst*Hamburger Rathaus.?ú¾"
"430";"00:09:19:17";"00:09:23:03";"Eine BÈuhne fÈur den Tanz

im Hamburger Rathaus."
"431";"00:09:24:00";"00:09:24:00";"FABstdDas gestatten Bürgermeister und Senat( ( gÎ"
"432";"00:09:24:00";"00:09:24:00";"FABstFnur zu Ehren von John Neumeier.#Ö"
"433";"00:09:24:00";"00:09:28:17";"Das gestatten BÈurgermeister und Senat

nur zu Ehren von John Neumeier."
"434";"00:09:29:09";"00:09:29:09";"FABstd Seit 50 Jahren( ( ist der Ball</u>"
"435";"00:09:29:09";"00:09:29:09";"FABst(ettchef zuständigÿÿ9Yþ"
"436";"00:09:29:09";"00:09:32:05";"Seit 50 Jahren

ist der Ballettchef zustÈandig"
"437";"00:09:32:09";"00:09:32:09";"FABstJ für Spitzentanz an der Elbe.ÿÿÙF"
"438";"00:09:32:09";"00:09:34:17";"fÈur Spitzentanz an der Elbe."
"439";"00:09:34:22";"00:09:34:22";"FABst d Das Geheimnis ist,( ( dass man ¢"
"440";"00:09:34:22";"00:09:34:22";"FABst*nicht in 50 denkt,?ë"
"441";"00:09:34:22";"00:09:37:23";"Das Geheimnis ist,

dass man nicht in 50 denkt,"
"442";"00:09:38:02";"00:09:38:02";"FABst¡Nsondern in ganz vielen Anfängen.íÌ"
"443";"00:09:38:02";"00:09:40:21";"sondern in ganz vielen AnfÈangen."
"444";"00:09:42:09";"00:09:42:09";"FABst¢F Dann ist man immer neu.ÿÿ2ü"
"445";"00:09:42:09";"00:09:44:04";"Dann ist man immer neu."
"446";"00:09:44:24";"00:09:44:24";"FABst£d Bahnbrechend seine Choreografien( ( zu ª"
"447";"00:09:44:24";"00:09:44:24";"FABst8Gustav Mahlers Sinfonien,ÿÿ)ï\"
"448";"00:09:44:24";"00:09:48:19";"Bahnbrechend seine Choreografien

zu Gustav Mahlers Sinfonien,"
"449";"00:09:48:23";"00:09:48:23";"FABst¤d seine Handlungsballette ( ( wie deþ<u>"
"450";"00:09:48:23";"00:09:48:23";"FABst.r Sommernachtstraum.ÿÿ3ÛX"
"451";"00:09:48:23";"00:09:52:14";"seine Handlungsballette

wie der Sommernachtstraum."
"452";"00:09:52:19";"00:09:52:19";"FABst¥d Oder die Matthäuspassion,( ( die erJ°"
"453";"00:09:52:19";"00:09:52:19";"FABst4 im Michel tanzen ließ.ÿÿ-M"
"454";"00:09:52:19";"00:09:56:15";"Oder die MatthÈauspassion,

die er im Michel tanzen lieû."
"455";"00:09:56:19";"00:09:56:19";"FABst¦d Neumeier arbeitet passioniert( ( mit sein³"
"456";"00:09:56:19";"00:09:56:19";"FABst:em Ensemble an Kreationen,ÿÿ'êr"
"457";"00:09:56:19";"00:10:01:04";"Neumeier arbeitet passioniert

mit seinem Ensemble an Kreationen,"
"458";"00:10:01:08";"00:10:01:08";"FABst§d die teilweise längst zum( ( internatio\"
"459";"00:10:01:08";"00:10:01:08";"FABst6nalen Repertoire zählen.ÿÿ+Ô"
"460";"00:10:01:08";"00:10:05:06";"die teilweise lÈangst zum

internationalen Repertoire zÈahlen."
"461";"00:10:05:10";"00:10:05:10";"FABst¨N 172 Choreografien hat er kreiertÿÿH"
"462";"00:10:05:10";"00:10:07:21";"172 Choreografien hat er kreiert"
"463";"00:10:08:00";"00:10:08:00";"FABst©d und eine Schule( ( in seinem BallßP"
"464";"00:10:08:00";"00:10:08:00";"FABst0ettzentrum gegründet.ÿÿ1"
"465";"00:10:08:00";"00:10:11:16";"und eine Schule

in seinem Ballettzentrum gegrÈundet."
"466";"00:10:11:21";"00:10:11:21";"FABstªPNachwuchsarbeit ist seine Mission.ÿÿp"
"467";"00:10:11:21";"00:10:14:13";"Nachwuchsarbeit ist seine Mission."
"468";"00:10:14:21";"00:10:14:21";"FABst«d Die Hansestadt( ( dankt und fn"
"469";"00:10:14:21";"00:10:14:21";"FABst&eiert ihn dafür,ÿÿ;1"
"470";"00:10:14:21";"00:10:17:11";"Die Hansestadt

dankt und feiert ihn dafÈur,"
"471";"00:10:17:15";"00:10:17:15";"FABst¬d dass er Hamburg( ( zur Balletthoc0"
"472";"00:10:17:15";"00:10:17:15";"FABst*hburg gemacht hat.ÿÿ7¸<i>"
"473";"00:10:17:15";"00:10:20:15";"dass er Hamburg

zur Balletthochburg gemacht hat."
"474";"00:10:20:22";"00:10:20:22";"FABst­TDiese 50 Jahre waren Kreativarbeit,ÿÿ^"
"475";"00:10:20:22";"00:10:23:16";"Diese 50 Jahre waren Kreativarbeit,"
"476";"00:10:24:16";"00:10:24:16";"FABst®d Arbeit, von der wir dachten,( ( dasÿ&"
"477";"00:10:24:16";"00:10:24:16";"FABst0s sie nie fertig ist.ÿÿ1Éö"
"478";"00:10:24:16";"00:10:29:01";"Arbeit, von der wir dachten,

dass sie nie fertig ist."
"479";"00:10:29:07";"00:10:29:07";"FABst¯> Und das war gut.ÿÿM"
"480";"00:10:29:07";"00:10:31:08";"Und das war gut."
"481";"00:10:31:23";"00:10:31:23";"FABst°F Mit ganz jungen Tänzernÿÿ¦T"
"482";"00:10:31:23";"00:10:34:21";"Mit ganz jungen TÈanzern"
"483";"00:10:35:00";"00:10:35:00";"FABst±d eröffnet er das Festprogramm( ( der 7N"
"484";"00:10:35:00";"00:10:35:00";"FABst2Jubiläums-Balletttage:ÿÿ/aì"
"485";"00:10:35:00";"00:10:38:14";"erÈoffnet er das Festprogramm

der JubilÈaums-Balletttage:"
"486";"00:10:38:18";"00:10:38:18";"FABst²d "Romeo und Julia", die Neuauflage( ( sein­"
"487";"00:10:38:18";"00:10:38:18";"FABst@es ersten Erfolges von 1973, ÿÿ!Õ¶"
"488";"00:10:38:18";"00:10:42:23";""Romeo und Julia", die Neuauflage

seines ersten Erfolges von 1973,"
"489";"00:10:43:02";"00:10:43:02";"FABst³F steht auf dem Programm.ÿÿP`"
"490";"00:10:43:02";"00:10:44:16";"steht auf dem Programm."
"491";"00:10:44:20";"00:10:44:20";"FABst´d Neumeier und die Stadt -( ( eine glücT"
"492";"00:10:44:20";"00:10:44:20";"FABst6kliche Liebesgeschichte.ÿÿ+Ã"
"493";"00:10:44:20";"00:10:48:23";"Neumeier und die Stadt -

eine glÈuckliche Liebesgeschichte."
"494";"00:10:51:16";"00:10:51:16";"FABstµd Nach dem Sieg( ( in der FußbalÊ"
"495";"00:10:51:16";"00:10:51:16";"FABst*l-Champions-Leagueÿÿ7ï*"
"496";"00:10:51:16";"00:10:54:10";"Nach dem Sieg

in der Fuûball-Champions-League"
"497";"00:10:54:12";"00:10:54:12";"FABst¶d ist das Team von Manchester City( ( nac¤"
"498";"00:10:54:12";"00:10:54:12";"FABst6h England zurückgekehrt.ÿÿ+Î"
"499";"00:10:54:12";"00:10:58:00";"ist das Team von Manchester City

nach England zurÈuckgekehrt."
"500";"00:10:58:02";"00:10:58:02";"FABst·d Dort findet morgen Abend( ( eine gro®"
"501";"00:10:58:02";"00:10:58:02";"FABst2ße Siegesparade statt.ÿÿ//n"
"502";"00:10:58:02";"00:11:01:08";"Dort findet morgen Abend

eine groûe Siegesparade statt."
"503";"00:11:01:10";"00:11:01:10";"FABst¸dDas Team von Pep Guardiola hatte das( ( gesÓ0"
"504";"00:11:01:10";"00:11:01:10";"FABstHtrige Finale gegen Inter Mailand ÿÿ°"
"505";"00:11:01:10";"00:11:05:20";"Das Team von Pep Guardiola hatte das

gestrige Finale gegen Inter Mailand"
"506";"00:11:05:22";"00:11:05:22";"FABst¹H in Istanbul 1:0 gewonnen.ÿÿ8z"
"507";"00:11:05:22";"00:11:07:12";"in Istanbul 1:0 gewonnen."
"508";"00:11:08:08";"00:11:08:08";"FABstºd Mit dem Henkelpott im Gepäck( ( atF"
"509";"00:11:08:08";"00:11:08:08";"FABst*b Richtung Heimat.?¥j"
"510";"00:11:08:08";"00:11:11:07";"Mit dem Henkelpott im GepÈack

ab Richtung Heimat."
"511";"00:11:11:09";"00:11:11:09";"FABst»d Eine lange Nacht liegt( ( hinter Gua¶´"
"512";"00:11:11:09";"00:11:11:09";"FABst2rdiola und seinem Team7."
"513";"00:11:11:09";"00:11:14:12";"Eine lange Nacht liegt

hinter Guardiola und seinem Team"
"514";"00:11:14:14";"00:11:14:14";"FABst¼B nach diesem Triumph.ÿÿVú"
"515";"00:11:14:14";"00:11:16:00";"nach diesem Triumph."
"516";"00:11:16:09";"00:11:16:09";"FABst½d Um zu den wirklich guten Teams( ( Ø"
"517";"00:11:16:09";"00:11:16:09";"FABst$ zu gehören,E¢"
"518";"00:11:16:09";"00:11:18:23";"Um zu den wirklich guten Teams

zu gehÈoren,"
"519";"00:11:19:00";"00:11:19:00";"FABst¾d muss man Europa gewinnen, ( ( und da®"
"520";"00:11:19:00";"00:11:19:00";"FABst2s haben wir geschafft.7ã"
"521";"00:11:19:00";"00:11:22:09";"muss man Europa gewinnen,

und das haben wir geschafft."
"522";"00:11:22:22";"00:11:22:22";"FABst¿d Der erste Titel für die Citizens( ( P"
"523";"00:11:22:22";"00:11:22:22";"FABst.in der Königsklasseÿÿ3""
"524";"00:11:22:22";"00:11:26:01";"Der erste Titel fÈur die Citizens

in der KÈonigsklasse"
"525";"00:11:26:05";"00:11:26:05";"FABstÀN wurde bis in die Nacht gefeiert.ÿÿw<"
"526";"00:11:26:05";"00:11:28:05";"wurde bis in die Nacht gefeiert."
"527";"00:11:28:09";"00:11:28:09";"FABstÁd Zuvor war es für Guardiolas Team( ( eM6"
"528";"00:11:28:09";"00:11:28:09";"FABst4in hartes Stück Arbeit.ÿÿ-x"
"529";"00:11:28:09";"00:11:31:16";"Zuvor war es fÈur Guardiolas Team

ein hartes StÈuck Arbeit."
"530";"00:11:31:20";"00:11:31:20";"FABstÂD Top-Torjäger Haaland -ÿÿÉð"
"531";"00:11:31:20";"00:11:33:05";"Top-TorjÈager Haaland -"
"532";"00:11:33:09";"00:11:33:09";"FABstÃd bis auf diese Szene von Inter( ( aµ@"
"533";"00:11:33:09";"00:11:33:09";"FABst2us dem Spiel genommen.ÿÿ/ßn"
"534";"00:11:33:09";"00:11:36:12";"bis auf diese Szene von Inter

aus dem Spiel genommen."
"535";"00:11:36:16";"00:11:36:16";"FABstÄdIn der 68. Minute das Tor des Abends:( ( RoÜF"
"536";"00:11:36:16";"00:11:36:16";"FABstLdri mit dem entscheidenden Treffer.ÿÿ¦0"
"537";"00:11:36:16";"00:11:41:11";"In der 68. Minute das Tor des Abends:

Rodri mit dem entscheidenden Treffer."
"538";"00:11:41:21";"00:11:41:21";"FABstÅd Doch Manchester( ( muss bis zu¡Ô"
"539";"00:11:41:21";"00:11:41:21";"FABst$m Ende zittern.ÿÿ=÷"
"540";"00:11:41:21";"00:11:44:12";"Doch Manchester

muss bis zum Ende zittern."
"541";"00:11:44:14";"00:11:44:14";"FABstÆd Mehrfach steht Inter in der( ( SchlusR"
"542";"00:11:44:14";"00:11:44:14";"FABst8sphase vor dem Ausgleich.ÿÿ)¢Ð"
"543";"00:11:44:14";"00:11:48:02";"Mehrfach steht Inter in der

Schlussphase vor dem Ausgleich."
"544";"00:11:48:04";"00:11:48:04";"FABstÇd Doch der große Favorit( ( rettet deÚ"
"545";"00:11:48:04";"00:11:48:04";"FABst0n Sieg über die Zeit.ÿÿ1W0"
"546";"00:11:48:04";"00:11:51:10";"Doch der groûe Favorit

rettet den Sieg Èuber die Zeit."
"547";"00:11:51:12";"00:11:51:12";"FABstÈd Das Triple für ManCity( ( um Kapitä"
"548";"00:11:51:12";"00:11:51:12";"FABst0n Gündogan - perfekt.ÿÿ1lî"
"549";"00:11:51:12";"00:11:54:17";"Das Triple fÈur ManCity

um KapitÈan GÈundogan - perfekt."
"550";"00:11:54:23";"00:11:54:23";"FABstÉPDieses Jahr mussten wir gewinnen.ÿÿ\²"
"551";"00:11:54:23";"00:11:57:04";"Dieses Jahr mussten wir gewinnen."
"552";"00:11:57:08";"00:11:57:08";"FABstÊdWir haben Bayern München geschlagen,( ( à"
"553";"00:11:57:08";"00:11:57:08";"FABstFReal Madrid und Inter Mailand.ÿÿêö"
"554";"00:11:57:08";"00:12:01:09";"Wir haben Bayern MÈunchen geschlagen,

Real Madrid und Inter Mailand."
"555";"00:12:01:11";"00:12:01:11";"FABstËH Wir haben es uns verdient.ÿÿ?Ô"
"556";"00:12:01:11";"00:12:03:05";"Wir haben es uns verdient."
"557";"00:12:03:10";"00:12:03:10";"FABstÌd Am frühen Abend ist das Team( ( wiederh"
"558";"00:12:03:10";"00:12:03:10";"FABst6 in Manchester gelandet.ÿÿ+Ñ"
"559";"00:12:03:10";"00:12:07:15";"Am frÈuhen Abend ist das Team

wieder in Manchester gelandet."
"560";"00:12:07:18";"00:12:07:18";"FABstÍd Die Fan-Party steigt erst morgen,( ( mit Ð"
"561";"00:12:07:18";"00:12:07:18";"FABst@einer Parade durch die Stadt.ÿÿ!¢&"
"562";"00:12:07:18";"00:12:11:16";"Die Fan-Party steigt erst morgen,

mit einer Parade durch die Stadt."
"563";"00:12:12:08";"00:12:12:08";"FABstÎd Der THW Kiel( ( ist Deutscher ëT"
"564";"00:12:12:08";"00:12:12:08";"FABst(Handball-Meister.ÿÿ9Þ"
"565";"00:12:12:08";"00:12:15:01";"Der THW Kiel

ist Deutscher Handball-Meister."
"566";"00:12:15:06";"00:12:15:06";"FABstÏB Am letzten SpieltagÿÿB"
"567";"00:12:15:06";"00:12:16:16";"Am letzten Spieltag"
"568";"00:12:16:18";"00:12:16:18";"FABstÐd siegte die Mannschaft( ( bei Frisch êX"
"569";"00:12:16:18";"00:12:16:18";"FABst8Auf! Göppingen mit 34:27.ÿÿ)F"
"570";"00:12:16:18";"00:12:20:01";"siegte die Mannschaft

bei Frisch Auf! GÈoppingen mit 34:27."
"571";"00:12:21:15";"00:12:21:15";"FABstÑd Der THW Kiel( ( ist zum 23. Mal ¶$"
"572";"00:12:21:15";"00:12:21:15";"FABst*Deutscher Meister.?ý°"
"573";"00:12:21:15";"00:12:24:20";"Der THW Kiel

ist zum 23. Mal Deutscher Meister."
"574";"00:12:25:02";"00:12:25:02";"FABstÒL Keiner holte die Schale öfter.¶x"
"575";"00:12:25:02";"00:12:27:06";"Keiner holte die Schale Èofter."
"576";"00:12:27:20";"00:12:27:20";"FABstÓd Frisch Auf! Göppingen ( ( und Tr1ü"
"577";"00:12:27:20";"00:12:27:20";"FABst*ainer Markus Baur:ÿÿ7¬¢"
"578";"00:12:27:20";"00:12:30:21";"Frisch Auf! GÈoppingen

und Trainer Markus Baur:"
"579";"00:12:31:01";"00:12:31:01";"FABstÔPHeute nur in einer Statistenrolle.ÿÿ?N"
"580";"00:12:31:01";"00:12:33:08";"Heute nur in einer Statistenrolle."
"581";"00:12:33:10";"00:12:33:10";"FABstÕd Denn die Kieler dominieren ( ( dieseý>"
"582";"00:12:33:10";"00:12:33:10";"FABst6 Partie erwartungsgemäß.ÿÿ+¹®"
"583";"00:12:33:10";"00:12:36:16";"Denn die Kieler dominieren

diese Partie erwartungsgemÈaû."
"584";"00:12:36:18";"00:12:36:18";"FABstÖd Sander Sagosen in den ersten ( ( zehn æ"
"585";"00:12:36:18";"00:12:36:18";"FABst:Minuten mit vier Treffern.ÿÿ'ü"
"586";"00:12:36:18";"00:12:40:22";"Sander Sagosen in den ersten

zehn Minuten mit vier Treffern."
"587";"00:12:41:12";"00:12:41:12";"FABst×d Der Norweger( ( verlässt die KiUj"
"588";"00:12:41:12";"00:12:41:12";"FABst2eler nach drei Jahren.ÿÿ/Ä¼"
"589";"00:12:41:12";"00:12:45:06";"Der Norweger

verlÈasst die Kieler nach drei Jahren."
"590";"00:12:45:21";"00:12:45:21";"FABstØL Kiel führt zur Pause mit 18:13ÿÿñ\"
"591";"00:12:45:21";"00:12:48:08";"Kiel fÈuhrt zur Pause mit 18:13"
"592";"00:12:48:13";"00:12:48:13";"FABstÙd und bleibt auch in Hälfte zwei( ( ""
"593";"00:12:48:13";"00:12:48:13";"FABst( in Spiellaune.ÿÿ9åd"
"594";"00:12:48:13";"00:12:51:10";"und bleibt auch in HÈalfte zwei

in Spiellaune."
"595";"00:12:51:14";"00:12:51:14";"FABstÚd Der Hattrick,( ( vollendet von¸¤"
"596";"00:12:51:14";"00:12:51:14";"FABst$ Magnus Landin.ÿÿ=Ùr"
"597";"00:12:51:14";"00:12:54:15";"Der Hattrick,

vollendet von Magnus Landin."
"598";"00:12:54:20";"00:12:54:20";"FABstÛN Sein Bruder Niklas feiert späterÿÿçÀ"
"599";"00:12:54:20";"00:12:56:21";"Sein Bruder Niklas feiert spÈater"
"600";"00:12:57:00";"00:12:57:00";"FABstÜd seinen dritten und letzten( ( MeiÃ"
"601";"00:12:57:00";"00:12:57:00";"FABst,stertitel mit Kiel.ÿÿ5ñä"
"602";"00:12:57:00";"00:13:00:18";"seinen dritten und letzten

Meistertitel mit Kiel."
"603";"00:13:01:03";"00:13:01:03";"FABstÝL Der zweimalige Welthandballerÿÿ!Z"
"604";"00:13:01:03";"00:13:03:02";"Der zweimalige Welthandballer"
"605";"00:13:03:04";"00:13:03:04";"FABstÞd verlässt den THW( ( in RichtungoN"
"606";"00:13:03:04";"00:13:03:04";"FABst( dänische Heimat.ÿÿ9tº"
"607";"00:13:03:04";"00:13:06:07";"verlÈasst den THW

in Richtung dÈanische Heimat."
"608";"00:13:07:13";"00:13:07:13";"FABstßd Novak Djokovic( ( gewinnt die Frb"
"609";"00:13:07:13";"00:13:07:13";"FABst*ench Open in Paris?§n"
"610";"00:13:07:13";"00:13:10:09";"Novak Djokovic

gewinnt die French Open in Paris"
"611";"00:13:10:11";"00:13:10:11";"FABstàd gegen den Norweger Ruud in( ( drei Sät/"
"612";"00:13:10:11";"00:13:10:11";"FABst8zen mit 7:5, 6:3 und 7:5.1ô"
"613";"00:13:10:11";"00:13:14:06";"gegen den Norweger Ruud in

drei SÈatzen mit 7:5, 6:3 und 7:5."
"614";"00:13:14:11";"00:13:14:11";"FABstád Das Finale ist umkämpft, ( ( RuudeF"
"615";"00:13:14:11";"00:13:14:11";"FABst0 der bessere Spieler.ÿÿ1°ø"
"616";"00:13:14:11";"00:13:17:22";"Das Finale ist umkÈampft,

Ruud der bessere Spieler."
"617";"00:13:18:02";"00:13:18:02";"FABstâd Aber Djokovic holt sich( ( den ersÝÆ"
"618";"00:13:18:02";"00:13:18:02";"FABst2ten Durchgang mit 7:6.ÿÿ/f"
"619";"00:13:18:02";"00:13:21:17";"Aber Djokovic holt sich

den ersten Durchgang mit 7:6."
"620";"00:13:21:24";"00:13:21:24";"FABstãd Danach erlahmt die Gegenwehr( ( `"
"621";"00:13:21:24";"00:13:21:24";"FABst&des Norwegers.ÿÿ;În"
"622";"00:13:21:24";"00:13:24:15";"Danach erlahmt die Gegenwehr

des Norwegers."
"623";"00:13:24:17";"00:13:24:17";"FABstäd Djokovic spielt seine Routine aus( ( uÅl"
"624";"00:13:24:17";"00:13:24:17";"FABst:nd gewinnt mit 3:0 Sätzen.ÿÿ'G""
"625";"00:13:24:17";"00:13:28:24";"Djokovic spielt seine Routine aus

und gewinnt mit 3:0 SÈatzen."
"626";"00:13:30:04";"00:13:30:04";"FABståd Für Ruud ist es die zweite glatte( ( Nied%f"
"627";"00:13:30:04";"00:13:30:04";"FABst@erlage im French-Open-Finale.ÿÿ!B"
"628";"00:13:30:04";"00:13:34:17";"FÈur Ruud ist es die zweite glatte

Niederlage im French-Open-Finale."
"629";"00:13:35:02";"00:13:35:02";"FABstæd Der 36-jährige Serbe sichert sich( ( als"
"630";"00:13:35:02";"00:13:35:02";"FABst@ältester Sieger des Turniers ÿÿ!hX"
"631";"00:13:35:02";"00:13:39:06";"Der 36-jÈahrige Serbe sichert sich

als Èaltester Sieger des Turniers"
"632";"00:13:39:10";"00:13:39:10";"FABstçJ seinen 23. Grand-Slam-Titel.ÿÿMà"
"633";"00:13:39:10";"00:13:41:09";"seinen 23. Grand-Slam-Titel."
"634";"00:13:41:14";"00:13:41:14";"FABstèd Damit schreibt er( ( ein StückÌ"
"635";"00:13:41:14";"00:13:41:14";"FABst* Tennisgeschichte.ÿÿ7Ü""
"636";"00:13:41:14";"00:13:44:19";"Damit schreibt er

ein StÈuck Tennisgeschichte."
"637";"00:13:47:15";"00:13:47:15";"FABstéL Im brandenburgischen Jüterbogÿÿ<u>\"
"638";"00:13:47:15";"00:13:49:15";"Im brandenburgischen JÈuterbog"
"639";"00:13:49:17";"00:13:49:17";"FABstêd hat die Feuerwehr den Waldbrand( ( uÞ8"
"640";"00:13:49:17";"00:13:49:17";"FABst6nter Kontrolle gebracht.ÿÿ+Î"
"641";"00:13:49:17";"00:13:55:18";"hat die Feuerwehr den Waldbrand

unter Kontrolle gebracht."
"642";"00:13:55:20";"00:13:55:20";"FABstëd Die Großschadenslage( ( wurd/à"
"643";"00:13:55:20";"00:13:55:20";"FABst"e aufgehoben. ÿÿ?¥Ð"
"644";"00:13:55:20";"00:13:58:04";"Die Groûschadenslage

wurde aufgehoben."
"645";"00:13:58:06";"00:13:58:06";"FABstìd Regen am Samstagabend( ( und LöschabX"
"646";"00:13:58:06";"00:13:58:06";"FABst4rbeit mit Hubschraubernÿÿ-¶È"
"647";"00:13:58:06";"00:14:01:11";"Regen am Samstagabend

und LÈoscharbeit mit Hubschraubern"
"648";"00:14:01:13";"00:14:01:13";"FABstíd hätten die Lage entspannt,( ( s,"
"649";"00:14:01:13";"00:14:01:13";"FABst&o der Landkreis.ÿÿ;</u>`"
"650";"00:14:01:13";"00:14:04:04";"hÈatten die Lage entspannt,

so der Landkreis."
"651";"00:14:04:08";"00:14:04:08";"FABstîd Das Feuer( ( auf dem alten Mï"
"652";"00:14:04:08";"00:14:04:08";"FABst ilitärgeländeÿÿAçü"
"653";"00:14:04:08";"00:14:06:12";"Das Feuer

auf dem alten MilitÈargelÈande"
"654";"00:14:06:14";"00:14:06:14";"FABstïd war vor elf Tagen ausgebrochen( ( und ha­N"
"655";"00:14:06:14";"00:14:06:14";"FABst:t rund 730 Hektar erfasst.ÿÿ'Ö""
"656";"00:14:06:14";"00:14:10:06";"war vor elf Tagen ausgebrochen

und hat rund 730 Hektar erfasst."
"657";"00:14:10:10";"00:14:10:10";"FABstðd Auch Bundeswehr und Bundespolizei( ( ã^"
"658";"00:14:10:10";"00:14:10:10";"FABst, löschten mit.ÿÿ5Æ"
"659";"00:14:10:10";"00:14:13:10";"Auch Bundeswehr und Bundespolizei

lÈoschten mit."
"660";"00:14:15:09";"00:14:15:09";"FABstñdNun die Wettervorhersage für morgen,( ("
"661";"00:14:15:09";"00:14:15:09";"FABst8 Montag, den 12. Juni:ÿÿ)8"
"662";"00:14:15:09";"00:14:19:00";"Nun die Wettervorhersage fÈur morgen,

Montag, den 12. Juni:"
"663";"00:14:21:07";"00:14:21:07";"FABstòdAuch die neue Woche beginnt sonnig( ( *"
"664";"00:14:21:07";"00:14:21:07";"FABst4und sehr warm bis heiß.ÿÿ-cV"
"665";"00:14:21:07";"00:14:24:22";"Auch die neue Woche beginnt sonnig

und sehr warm bis heiû."
"666";"00:14:25:01";"00:14:25:01";"FABstód Der benötigte Regen ( ( lässt Äâ"
"667";"00:14:25:01";"00:14:25:01";"FABst&auf sich warten.ÿÿ;¦"
"668";"00:14:25:01";"00:14:27:20";"Der benÈotigte Regen

lÈasst auf sich warten."
"669";"00:14:27:24";"00:14:27:24";"FABstôd Die letzten Wolken des Abends( ( ªH"
"670";"00:14:27:24";"00:14:27:24";"FABst.lösen sich bald auf,ÿÿ3vð"
"671";"00:14:27:24";"00:14:31:06";"Die letzten Wolken des Abends

lÈosen sich bald auf,"
"672";"00:14:31:10";"00:14:31:10";"FABstõd dann ist es nachts ( ( wied</u>Ì"
"673";"00:14:31:10";"00:14:31:10";"FABst$er sternenklar.ÿÿ="
"674";"00:14:31:10";"00:14:34:02";"dann ist es nachts

wieder sternenklar."
"675";"00:14:34:08";"00:14:34:08";"FABstöd Der Tag beschert uns( ( 16, 17 St¾"
"676";"00:14:34:08";"00:14:34:08";"FABst,unden Sonnenschein.ÿÿ5£ü"
"677";"00:14:34:08";"00:14:37:14";"Der Tag beschert uns

16, 17 Stunden Sonnenschein."
"678";"00:14:37:18";"00:14:37:18";"FABst÷d Überm Bergland( ( tauchen ein è"
"679";"00:14:37:18";"00:14:37:18";"FABst&paar Wolken auf,ÿÿ;D"
"680";"00:14:37:18";"00:14:40:05";"ÈUberm Bergland

tauchen ein paar Wolken auf,"
"681";"00:14:40:09";"00:14:40:09";"FABstød viel Schatten oder gar Regen( ( ØH"
"682";"00:14:40:09";"00:14:40:09";"FABst*spenden sie nicht.ÿÿ7¾d"
"683";"00:14:40:09";"00:14:43:23";"viel Schatten oder gar Regen

spenden sie nicht."
"684";"00:14:53:18";"00:14:53:18";"FABstùRAuch am Dienstag viel Sonnenschein,ÿÿF@"
"685";"00:14:53:18";"00:14:55:20";"Auch am Dienstag viel Sonnenschein,"
"686";"00:14:55:22";"00:14:55:22";"FABstúd im Osten auch einige Wolken( ( und evÄ"
"687";"00:14:55:22";"00:14:55:22";"FABst8entuell einzelne Schauer.ÿÿ)ü"
"688";"00:14:55:22";"00:14:59:10";"im Osten auch einige Wolken

und eventuell einzelne Schauer."
"689";"00:14:59:12";"00:14:59:12";"FABstûdIn den folgenden Tagen werden Wolken( (  n"
"690";"00:14:59:12";"00:14:59:12";"FABst>Richtung Osten zahlreicherÿÿ#öÖ"
"691";"00:14:59:12";"00:15:03:03";"In den folgenden Tagen werden Wolken

Richtung Osten zahlreicher"
"692";"00:15:03:05";"00:15:03:05";"FABstüd und bringen ein paar Schauer( ( ôæ"
"693";"00:15:03:05";"00:15:03:05";"FABst&oder Gewitter.ÿÿ;Év"
"694";"00:15:03:05";"00:15:05:21";"und bringen ein paar Schauer

oder Gewitter."
"695";"00:15:08:15";"00:15:08:15";"FABstýdUm 22.45 Uhr spricht Ingo Zamperoni ( ( mitÓ²"
"696";"00:15:08:15";"00:15:08:15";"FABstH dem US-Schriftsteller T.C. Boyleÿÿº"
"697";"00:15:08:15";"00:15:14:02";"Um 22.45 Uhr spricht Ingo Zamperoni

mit dem US-Schriftsteller T.C. Boyle"
"698";"00:15:14:17";"00:15:14:17";"FABstþd über Hoffnungslosigkeit ( ( angesi|¸"
"699";"00:15:14:17";"00:15:14:17";"FABst.chts der Klimakrise.ÿÿ3$"
"700";"00:15:14:17";"00:15:18:12";"Èuber Hoffnungslosigkeit

angesichts der Klimakrise."
"701";"00:15:19:06";"00:15:19:06";"FABstÿdUnd wir berichten über die Wolfsjagd,( ( <&"
"702";"00:15:19:06";"00:15:19:06";"FABstDdie in Österreich erlaubt ist.ÿÿZ`"
"703";"00:15:19:06";"00:15:23:23";"Und wir berichten Èuber die Wolfsjagd,

die in ÈOsterreich erlaubt ist."
"704";"00:15:25:00";"00:15:25:00";"FABstN Ihnen noch einen schönen Abend.ÿÿ"
"705";"00:15:25:00";"00:15:27:04";"Ihnen noch einen schÈonen Abend."
"706";"00:15:29:21";"00:15:29:21";"FABstLCopyright Untertitel: NDR 2023ÿÿü"
"707";"00:15:29:21";"00:15:31:24";"Copyright Untertitel: NDR 2023"
