No.;Timecode In;Timecode Out;Subtitle
"1";"00:00:03:00";"00:00:03:00";"FABst6 * Gong *ÿÿZZZZZZZZZZ¥¥ã¥¥¥¥¥6"
"2";"00:00:03:00";"00:00:03:00";"FABst¥¥¥ä¥¥¥¥ç¥¥ç¥§ª¦ªîªªªG</i>´"
"3";"00:00:03:00";"00:00:04:08";"* Gong *"
"4";"00:00:04:12";"00:00:04:12";"FABstdHier ist das Erste Deutsche Fernsehen( ( 9"
"5";"00:00:04:12";"00:00:04:12";"FABst: mit der tagesschau.ÿÿ'õþ"
"6";"00:00:04:12";"00:00:08:03";"Hier ist das Erste Deutsche Fernsehen

mit der tagesschau."
"7";"00:00:08:07";"00:00:08:07";"FABstd Diese Sendung wurde vom NDR( ( live Af"
"8";"00:00:08:07";"00:00:08:07";"FABst6untertitelt (07.07.2023)ÿÿ+¾¤"
"9";"00:00:08:07";"00:00:12:18";"Diese Sendung wurde vom NDR

live untertitelt (07.07.2023)"
"10";"00:00:14:16";"00:00:14:16";"FABstP Heute im Studio: Susanne Daubner.ÿÿïD"
"11";"00:00:14:16";"00:00:17:02";"Heute im Studio: Susanne Daubner."
"12";"00:00:17:21";"00:00:17:21";"FABstd Guten Abend,( ( ich begrüße Si3¦"
"13";"00:00:17:21";"00:00:17:21";"FABst(e zur tagesschau.A¯R"
"14";"00:00:17:21";"00:00:21:04";"Guten Abend,

ich begrÈuûe Sie zur tagesschau."
"15";"00:00:22:10";"00:00:22:10";"FABstd Die USA wollen offenbar( ( internatinf"
"16";"00:00:22:10";"00:00:22:10";"FABst>onal geächtete Streumunitionÿÿ#W"
"17";"00:00:22:10";"00:00:26:07";"Die USA wollen offenbar

international geÈachtete Streumunition"
"18";"00:00:26:11";"00:00:26:11";"FABstF an die Ukraine liefern.ÿÿê"
"19";"00:00:26:11";"00:00:28:10";"an die Ukraine liefern."
"20";"00:00:28:15";"00:00:28:15";"FABstB US-Medien berichten,ÿÿõP"
"21";"00:00:28:15";"00:00:30:09";"US-Medien berichten,"
"22";"00:00:30:13";"00:00:30:13";"FABstd das Pentagon könnte die Pläne( ( ber"Ä"
"23";"00:00:30:13";"00:00:30:13";"FABst6eits am Abend verkünden.ÿÿ+B"
"24";"00:00:30:13";"00:00:33:21";"das Pentagon kÈonnte die PlÈane

bereits am Abend verkÈunden."
"25";"00:00:34:00";"00:00:34:00";"FABstL Kiew will mit dieser Munitionÿÿã¼"
"26";"00:00:34:00";"00:00:36:00";"Kiew will mit dieser Munition"
"27";"00:00:36:04";"00:00:36:04";"FABstd die russischen Frontlinien( ( *"
"28";"00:00:36:04";"00:00:36:04";"FABst"durchbrechen.ÿÿ?Èn"
"29";"00:00:36:04";"00:00:38:15";"die russischen Frontlinien

durchbrechen."
"30";"00:00:38:19";"00:00:38:19";"FABstd Sollten die USA liefern,( ( könnte¨`"
"31";"00:00:38:19";"00:00:38:19";"FABst. das den NATO-Gipfelÿÿ3ÁÊ"
"32";"00:00:38:19";"00:00:42:07";"Sollten die USA liefern,

kÈonnte das den NATO-Gipfel"
"33";"00:00:42:11";"00:00:42:11";"FABstd kommende Woche in Litauen( ( +F"
"34";"00:00:42:11";"00:00:42:11";"FABst$überschatten.ÿÿ=Af"
"35";"00:00:42:11";"00:00:45:00";"kommende Woche in Litauen

Èuberschatten."
"36";"00:00:45:04";"00:00:45:04";"FABstd Deutschland( ( und andere Bü¾h"
"37";"00:00:45:04";"00:00:45:04";"FABst ndnis-PartnerÿÿA"
"38";"00:00:45:04";"00:00:47:11";"Deutschland

und andere BÈundnis-Partner"
"39";"00:00:47:15";"00:00:47:15";"FABstd haben sich zu einem( ( Streubomben-M¦"
"40";"00:00:47:15";"00:00:47:15";"FABst.Verbot verpflichtet.ÿÿ3Úf"
"41";"00:00:47:15";"00:00:50:15";"haben sich zu einem

Streubomben-Verbot verpflichtet."
"42";"00:00:52:00";"00:00:52:00";"FABstd Sie kann mit Bomben( ( abge*("
"43";"00:00:52:00";"00:00:52:00";"FABst$worfen werden, E½â"
"44";"00:00:52:00";"00:00:54:14";"Sie kann mit Bomben

abgeworfen werden,"
"45";"00:00:54:18";"00:00:54:18";"FABstd per Granate verschossen ( ( oder p"
"46";"00:00:54:18";"00:00:54:18";"FABst.er Marschflugkörper:;V"
"47";"00:00:54:18";"00:00:58:05";"per Granate verschossen

oder per MarschflugkÈorper:"
"48";"00:00:58:09";"00:00:58:09";"FABstd Die Wirkung von Streumunition( ("
"49";"00:00:58:09";"00:00:58:09";"FABst,ist immer gleich.ÿÿ5ÆÒ"
"50";"00:00:58:09";"00:01:01:03";"Die Wirkung von Streumunition

ist immer gleich."
"51";"00:01:01:07";"00:01:01:07";"FABstd Flächendeckend Tod und Zerstörung( ( durcþ"
"52";"00:01:01:07";"00:01:01:07";"FABst@h Tausende Kleinstgeschosse. ÿÿ!áp"
"53";"00:01:01:07";"00:01:05:06";"FlÈachendeckend Tod und ZerstÈorung

durch Tausende Kleinstgeschosse."
"54";"00:01:05:10";"00:01:05:10";"FABstd Waffen dieser Art( ( für ArtÚ"
"55";"00:01:05:10";"00:01:05:10";"FABst&illeriegeschützeÿÿ;oê"
"56";"00:01:05:10";"00:01:07:19";"Waffen dieser Art

fÈur ArtilleriegeschÈutze"
"57";"00:01:07:23";"00:01:07:23";"FABstd könnte die Ukraine( ( nun aus 6"
"58";"00:01:07:23";"00:01:07:23";"FABst(den USA bekommen.ÿÿ9òè"
"59";"00:01:07:23";"00:01:10:15";"kÈonnte die Ukraine

nun aus den USA bekommen."
"60";"00:01:10:19";"00:01:10:19";"FABstd Für den Kampf( ( gegen russi÷T"
"61";"00:01:10:19";"00:01:10:19";"FABst&sche Stellungen.ÿÿ;Ö°"
"62";"00:01:10:19";"00:01:13:11";"FÈur den Kampf

gegen russische Stellungen."
"63";"00:01:13:17";"00:01:13:17";"FABstRDiese Munition kann je nach LadungÌ¼"
"64";"00:01:13:17";"00:01:15:19";"Diese Munition kann je nach Ladung"
"65";"00:01:15:23";"00:01:15:23";"FABstd gegen Panzerungen oder Personen( ( &¢"
"66";"00:01:15:23";"00:01:15:23";"FABst.eingesetzt werden.;à¬"
"67";"00:01:15:23";"00:01:18:22";"gegen Panzerungen oder Personen

eingesetzt werden."
"68";"00:01:19:01";"00:01:19:01";"FABstd Sie ist nützlich( ( bei jed$"
"69";"00:01:19:01";"00:01:19:01";"FABst er Offensive.ÿÿAØ"
"70";"00:01:19:01";"00:01:21:08";"Sie ist nÈutzlich

bei jeder Offensive."
"71";"00:01:21:12";"00:01:21:12";"FABstd Wir wissen, Russland( ( hat diese {2"
"72";"00:01:21:12";"00:01:21:12";"FABst8Munition bereits genutzt.ÿÿ)ìú"
"73";"00:01:21:12";"00:01:25:16";"Wir wissen, Russland

hat diese Munition bereits genutzt."
"74";"00:01:25:24";"00:01:25:24";"FABstD Nach Angaben der NATOÿÿ ä"
"75";"00:01:25:24";"00:01:27:10";"Nach Angaben der NATO"
"76";"00:01:27:14";"00:01:27:14";"FABstd hat auch die Ukraine( ( schon Stre'<"
"77";"00:01:27:14";"00:01:27:14";"FABst0umunition eingesetzt.ÿÿ1"
"78";"00:01:27:14";"00:01:30:15";"hat auch die Ukraine

schon Streumunition eingesetzt."
"79";"00:01:30:19";"00:01:30:19";"FABst: Das Problem:ÿÿ#ÆV"
"80";"00:01:30:19";"00:01:31:22";"Das Problem:"
"81";"00:01:32:01";"00:01:32:01";"FABstd Viele Blindgänger( ( machen ¦"
"82";"00:01:32:01";"00:01:32:01";"FABst&das Schlachtfeldÿÿ;ô"
"83";"00:01:32:01";"00:01:34:10";"Viele BlindgÈanger

machen das Schlachtfeld"
"84";"00:01:34:15";"00:01:34:15";"FABstd auch Jahre nach den Kämpfen( ( ÷"
"85";"00:01:34:15";"00:01:34:15";"FABst,zu einer Todeszone.ÿÿ5÷Ð"
"86";"00:01:34:15";"00:01:37:07";"auch Jahre nach den KÈampfen

zu einer Todeszone."
"87";"00:01:37:11";"00:01:37:11";"FABst d Deshalb wurde Streumunition( ( 20Wþ"
"88";"00:01:37:11";"00:01:37:11";"FABst.08 in Oslo geächtet.ÿÿ3F"
"89";"00:01:37:11";"00:01:40:08";"Deshalb wurde Streumunition

2008 in Oslo geÈachtet."
"90";"00:01:40:12";"00:01:40:12";"FABst!dDie Unterzeichner verbieten Einsatz,( ( ProMr"
"91";"00:01:40:12";"00:01:40:12";"FABstJduktion und Weitergabe der Waffen.ÿÿð@"
"92";"00:01:40:12";"00:01:44:18";"Die Unterzeichner verbieten Einsatz,

Produktion und Weitergabe der Waffen."
"93";"00:01:44:23";"00:01:44:23";"FABst"VSie zerstören ihre Munitionsbestände.ÿÿï"
"94";"00:01:44:23";"00:01:47:03";"Sie zerstÈoren ihre MunitionsbestÈande."
"95";"00:01:47:07";"00:01:47:07";"FABst#d Rund 110 Länder sind dabei,( ( àÌ"
"96";"00:01:47:07";"00:01:47:07";"FABst*auch Deutschland.ÿÿ7µ¶"
"97";"00:01:47:07";"00:01:50:12";"Rund 110 LÈander sind dabei,

auch Deutschland."
"98";"00:01:50:16";"00:01:50:16";"FABst$L Für uns ist das keine Option.{Ê"
"99";"00:01:50:16";"00:01:52:16";"FÈur uns ist das keine Option."
"100";"00:01:52:20";"00:01:52:20";"FABst%d Dieser Konvention( ( haben sich D"
"101";"00:01:52:20";"00:01:52:20";"FABst8u.a. nicht angeschlossen:1ÚD"
"102";"00:01:52:20";"00:01:56:01";"Dieser Konvention

haben sich u.a. nicht angeschlossen:"
"103";"00:01:56:05";"00:01:56:05";"FABst&d China, Russland, die Ukraine( ( und d`ø"
"104";"00:01:56:05";"00:01:56:05";"FABst4ie Vereinigten Staaten.ÿÿ-Ü"
"105";"00:01:56:05";"00:02:00:08";"China, Russland, die Ukraine

und die Vereinigten Staaten."
"106";"00:02:00:12";"00:02:00:12";"FABst'TDas habe ich nicht zu kommentieren.ÿÿÑª"
"107";"00:02:00:12";"00:02:02:13";"Das habe ich nicht zu kommentieren."
"108";"00:02:02:17";"00:02:02:17";"FABst(d Auch Jens Stoltenberg( ( w,ò"
"109";"00:02:02:17";"00:02:02:17";"FABst"ill das nicht:ÿÿ?­¦"
"110";"00:02:02:17";"00:02:05:00";"Auch Jens Stoltenberg

will das nicht:"
"111";"00:02:05:05";"00:02:05:05";"FABst)dBloß kein Streit unter Verbündeten,( ( î"
"112";"00:02:05:05";"00:02:05:05";"FABst<wenige Tage vor dem Gipfel.ÿÿ%Ì"
"113";"00:02:05:05";"00:02:09:00";"Bloû kein Streit unter VerbÈundeten,

wenige Tage vor dem Gipfel."
"114";"00:02:09:04";"00:02:09:04";"FABst*d Bei dem soll die Ukraine weitere( ( Hilfe 7"
"115";"00:02:09:04";"00:02:09:04";"FABst>bekommen auf Jahre hinaus.ÿÿ#ËX"
"116";"00:02:09:04";"00:02:13:11";"Bei dem soll die Ukraine weitere

Hilfe bekommen Ð auf Jahre hinaus."
"117";"00:02:13:15";"00:02:13:15";"FABst+d Das wird helfen, die Ukraine ( ( näheÂ"
"118";"00:02:13:15";"00:02:13:15";"FABst8r an die NATO zu bringen.1
|"
"119";"00:02:13:15";"00:02:17:04";"Das wird helfen, die Ukraine

nÈaher an die NATO zu bringen."
"120";"00:02:17:08";"00:02:17:08";"FABst,RAuch durch einen NATO-Ukraine-Rat,°X"
"121";"00:02:17:08";"00:02:19:11";"Auch durch einen NATO-Ukraine-Rat,"
"122";"00:02:19:16";"00:02:19:16";"FABst-d eine neue Plattform,( ( wo wir ge7"
"123";"00:02:19:16";"00:02:19:16";"FABst.meinsam entscheiden.ÿÿ3êd"
"124";"00:02:19:16";"00:02:23:05";"eine neue Plattform,

wo wir gemeinsam entscheiden."
"125";"00:02:23:09";"00:02:23:09";"FABst.d Der ukrainische Präsident aber( ( Ç "
"126";"00:02:23:09";"00:02:23:09";"FABst$ will mehr.ÿÿ=Ö|"
"127";"00:02:23:09";"00:02:25:18";"Der ukrainische PrÈasident aber

will mehr."
"128";"00:02:25:23";"00:02:25:23";"FABst/F Selenskyj heute in Prag.ÿÿ¥Z"
"129";"00:02:25:23";"00:02:27:10";"Selenskyj heute in Prag."
"130";"00:02:27:14";"00:02:27:14";"FABst0d Er nutzt die Tage vor dem Gipfel( ( für eiüV"
"131";"00:02:27:14";"00:02:27:14";"FABst>ne diplomatische Offensive ÿÿ#×¸"
"132";"00:02:27:14";"00:02:31:15";"Er nutzt die Tage vor dem Gipfel

fÈur eine diplomatische Offensive Ð"
"133";"00:02:31:19";"00:02:31:19";"FABst1d damit sein Land vielleicht doch( ( l"
"134";"00:02:31:19";"00:02:31:19";"FABst4eine Einladung bekommt:ÿÿ-éà"
"135";"00:02:31:19";"00:02:35:00";"damit sein Land vielleicht doch

eine Einladung bekommt:"
"136";"00:02:35:04";"00:02:35:04";"FABst2F Zur NATO-Mitgliedschaft.ÿÿô4"
"137";"00:02:35:04";"00:02:36:18";"Zur NATO-Mitgliedschaft."
"138";"00:02:36:22";"00:02:36:22";"FABst3d Auch vier Tage( ( vor dem Gi-6"
"139";"00:02:36:22";"00:02:36:22";"FABst$pfel in VilniusEÓ¦"
"140";"00:02:36:22";"00:02:39:06";"Auch vier Tage

vor dem Gipfel in Vilnius"
"141";"00:02:39:10";"00:02:39:10";"FABst4d wird heftig gerungen,( ( wie sich d"
"142";"00:02:39:10";"00:02:39:10";"FABst6as Bündnis positioniert.3X"
"143";"00:02:39:10";"00:02:42:17";"wird heftig gerungen,

wie sich das BÈundnis positioniert."
"144";"00:02:42:21";"00:02:42:21";"FABst58 Klar ist,ÿÿ%@"
"145";"00:02:42:21";"00:02:43:23";"Klar ist,"
"146";"00:02:44:02";"00:02:44:02";"FABst6d dass Kiew von einzelnen Staaten( ( Siu"
"147";"00:02:44:02";"00:02:44:02";"FABst8cherheitszusagen bekommt.ÿÿ)""
"148";"00:02:44:02";"00:02:47:17";"dass Kiew von einzelnen Staaten

Sicherheitszusagen bekommt."
"149";"00:02:47:21";"00:02:47:21";"FABst78 Die Logik:ÿÿ%ýÂ"
"150";"00:02:47:21";"00:02:49:00";"Die Logik:"
"151";"00:02:49:04";"00:02:49:04";"FABst8d Wenn schon nicht( ( der formelley"
"152";"00:02:49:04";"00:02:49:04";"FABst, Beistand der NATO,ÿÿ5½"
"153";"00:02:49:04";"00:02:52:08";"Wenn schon nicht

der formelle Beistand der NATO,"
"154";"00:02:52:12";"00:02:52:12";"FABst9d dann wenigstens( ( bewaffnet HÐ"
"155";"00:02:52:12";"00:02:52:12";"FABst(bis an die Zähne.ÿÿ90@"
"156";"00:02:52:12";"00:02:55:20";"dann wenigstens

bewaffnet bis an die ZÈahne."
"157";"00:02:57:16";"00:02:57:16";"FABst:d Im Bundestag gab es heute( ( schwere ¦"
"158";"00:02:57:16";"00:02:57:16";"FABst@Vorwürfe gegen die Regierung.ÿÿ!gb"
"159";"00:02:57:16";"00:03:01:08";"Im Bundestag gab es heute

schwere VorwÈurfe gegen die Regierung."
"160";"00:03:01:12";"00:03:01:12";"FABst;d In einer hitzigen Debatte zum( ( Heizungs`Î"
"161";"00:03:01:12";"00:03:01:12";"FABst:gesetz warf die Oppositionÿÿ'6"
"162";"00:03:01:12";"00:03:05:04";"In einer hitzigen Debatte zum

Heizungsgesetz warf die Opposition"
"163";"00:03:05:08";"00:03:05:08";"FABst<d der Ampel-Koalition( ( Missachtun}~"
"164";"00:03:05:08";"00:03:05:08";"FABst0g des Parlaments vor.ÿÿ1³Ü"
"165";"00:03:05:08";"00:03:09:04";"der Ampel-Koalition

Missachtung des Parlaments vor."
"166";"00:03:09:08";"00:03:09:08";"FABst=d Das Vorgehen der Koalition( ( sei eind"
"167";"00:03:09:08";"00:03:09:08";"FABst4er Demokratie unwürdig.ÿÿ-f¾"
"168";"00:03:09:08";"00:03:13:10";"Das Vorgehen der Koalition

sei einer Demokratie unwÈurdig."
"169";"00:03:13:14";"00:03:13:14";"FABst>F Eigentlich sollte heuteÿÿÔÔ"
"170";"00:03:13:14";"00:03:15:01";"Eigentlich sollte heute"
"171";"00:03:15:05";"00:03:15:05";"FABst?d das umstrittene Heizungsgesetz( ( vi~"
"172";"00:03:15:05";"00:03:15:05";"FABst.erabschiedet werden.ÿÿ3äv"
"173";"00:03:15:05";"00:03:18:06";"das umstrittene Heizungsgesetz

verabschiedet werden."
"174";"00:03:18:10";"00:03:18:10";"FABst@d Das Bundesverfassungsgericht( ( hatte d-ú"
"175";"00:03:18:10";"00:03:18:10";"FABst8as Gesetzgebungsverfahrenÿÿ)ì¨"
"176";"00:03:18:10";"00:03:22:01";"Das Bundesverfassungsgericht

hatte das Gesetzgebungsverfahren"
"177";"00:03:22:05";"00:03:22:05";"FABstAd wegen zu kurzer Beratungsfristen( ( für Ð¤"
"178";"00:03:22:05";"00:03:22:05";"FABst:die Abgeordneten gestoppt.ÿÿ'\"
"179";"00:03:22:05";"00:03:26:15";"wegen zu kurzer Beratungsfristen

fÈur die Abgeordneten gestoppt."
"180";"00:03:28:00";"00:03:28:00";"FABstBdSchon am Morgen turbulente Szenen:( ( æ"
"181";"00:03:28:00";"00:03:28:00";"FABst0Ein "Hammelsprung".9"
"182";"00:03:28:00";"00:03:31:09";"Schon am Morgen turbulente Szenen:

Ein "Hammelsprung"."
"183";"00:03:31:14";"00:03:31:14";"FABstCdDie Union möchte über den Beschluss ( ( des""
"184";"00:03:31:14";"00:03:31:14";"FABstH Verfassungsgerichts debattieren,!Ä"
"185";"00:03:31:14";"00:03:35:18";"Die Union mÈochte Èuber den Beschluss

des Verfassungsgerichts debattieren,"
"186";"00:03:35:23";"00:03:35:23";"FABstDd der das Heizungsgesetz( ( vorer2"
"187";"00:03:35:23";"00:03:35:23";"FABst(st gestoppt hat. ÿÿ9ø"
"188";"00:03:35:23";"00:03:38:12";"der das Heizungsgesetz

vorerst gestoppt hat."
"189";"00:03:38:16";"00:03:38:16";"FABstEd Der zuständige Minister Habeck( ( is</u>n"
"190";"00:03:38:16";"00:03:38:16";"FABst0t aber nicht mehr da.ÿÿ1Í"
"191";"00:03:38:16";"00:03:42:02";"Der zustÈandige Minister Habeck

ist aber nicht mehr da."
"192";"00:03:42:06";"00:03:42:06";"FABstFdDeshalb zitieren wir nach Paragraf( ( 43iÎ"
"193";"00:03:42:06";"00:03:42:06";"FABstB Absatz 1 der GeschäftsordnungÿÿyZ"
"194";"00:03:42:06";"00:03:46:21";"Deshalb zitieren wir nach Paragraf

43 Absatz 1 der GeschÈaftsordnung"
"195";"00:03:47:00";"00:03:47:00";"FABstGH den Bundesminister Habeck.ÿÿ</u>Ò"
"196";"00:03:47:00";"00:03:49:07";"den Bundesminister Habeck."
"197";"00:03:49:13";"00:03:49:13";"FABstHPDafür gibt es aber keine Mehrheit.ÿÿgÖ"
"198";"00:03:49:13";"00:03:51:19";"DafÈur gibt es aber keine Mehrheit."
"199";"00:03:51:23";"00:03:51:23";"FABstId Der vermisste Minister spricht ( ( wie vN"
"200";"00:03:51:23";"00:03:51:23";"FABst<geplant in der Länderkammerÿÿ%mÂ"
"201";"00:03:51:23";"00:03:55:15";"Der vermisste Minister spricht

wie geplant in der LÈanderkammer"
"202";"00:03:55:19";"00:03:55:19";"FABstJd zu einem anderen Gesetz und wehrt( ( sicb"
"203";"00:03:55:19";"00:03:55:19";"FABst>h später gegen die Vorwürfe.ÿÿ#4"
"204";"00:03:55:19";"00:03:59:21";"zu einem anderen Gesetz und wehrt

sich spÈater gegen die VorwÈurfe."
"205";"00:04:00:01";"00:04:00:01";"FABstKd Es ist eine Frage( ( des Respekts°"
"206";"00:04:00:01";"00:04:00:01";"FABst2 vor der Landeskammer,7Å<"
"207";"00:04:00:01";"00:04:04:03";"Es ist eine Frage

des Respekts vor der Landeskammer,"
"208";"00:04:04:08";"00:04:04:08";"FABstLdsich bei der Beratung der Gesetze( ( h/r"
"209";"00:04:04:08";"00:04:04:08";"FABst8ier auch zu verantworten.1""
"210";"00:04:04:08";"00:04:08:14";"sich bei der Beratung der Gesetze

hier auch zu verantworten."
"211";"00:04:09:00";"00:04:09:00";"FABstMdIm Bundestag geht es dann tatsächlich( ( ùè"
"212";"00:04:09:00";"00:04:09:00";"FABstBum das Gebäudeenergiegesetz.ÿÿM°"
"213";"00:04:09:00";"00:04:12:22";"Im Bundestag geht es dann tatsÈachlich

um das GebÈaudeenergiegesetz."
"214";"00:04:13:01";"00:04:13:01";"FABstNdUnions-Fraktionschef Merz kritisiert,( ( ¦"
"215";"00:04:13:01";"00:04:13:01";"FABst4 dass die Ampelÿÿ-ì|"
"216";"00:04:13:01";"00:04:16:04";"Unions-Fraktionschef Merz kritisiert,

dass die Ampel"
"217";"00:04:16:07";"00:04:16:07";"FABstOd nicht mehr grundsätzlich( ( neu darü:¬"
"218";"00:04:16:07";"00:04:16:07";"FABst2ber diskutieren wolle.ÿÿ/·$"
"219";"00:04:16:07";"00:04:19:19";"nicht mehr grundsÈatzlich

neu darÈuber diskutieren wolle."
"220";"00:04:19:23";"00:04:19:23";"FABstPd Wenn sie jetzt schon( ( für die nÈ`"
"221";"00:04:19:23";"00:04:19:23";"FABst.ächste Sitzungswoche;"
"222";"00:04:19:23";"00:04:23:00";"Wenn sie jetzt schon

fÈur die nÈachste Sitzungswoche"
"223";"00:04:23:04";"00:04:23:04";"FABstQd dieses Gesetz( ( in unverändert</i>h"
"224";"00:04:23:04";"00:04:23:04";"FABst,er Form einbringen:=ë¨"
"225";"00:04:23:04";"00:04:26:20";"dieses Gesetz

in unverÈanderter Form einbringen:"
"226";"00:04:28:21";"00:04:28:21";"FABstRL Das ist ein weiterer Ausdruckÿÿø"
"227";"00:04:28:21";"00:04:32:00";"Das ist ein weiterer Ausdruck"
"228";"00:04:32:10";"00:04:32:10";"FABstSdvon Respektlosigkeit und Ignoranz ( ( dem+ò"
"229";"00:04:32:10";"00:04:32:10";"FABstD Deutschen Bundestag gegenüber.ÿÿWú"
"230";"00:04:32:10";"00:04:37:07";"von Respektlosigkeit und Ignoranz

dem Deutschen Bundestag gegenÈuber."
"231";"00:04:38:09";"00:04:38:09";"FABstTd Die SPD sieht das nicht so,( ( ¢"
"232";"00:04:38:09";"00:04:38:09";"FABst(die Zeit dränge.ÿÿ9n"
"233";"00:04:38:09";"00:04:41:14";"Die SPD sieht das nicht so,

die Zeit drÈange."
"234";"00:04:41:19";"00:04:41:19";"FABstUd Wir wollen( ( mehr Tempo imh"
"235";"00:04:41:19";"00:04:41:19";"FABst Klimaschutz.IÞ*"
"236";"00:04:41:19";"00:04:44:01";"Wir wollen

mehr Tempo im Klimaschutz."
"237";"00:04:44:05";"00:04:44:05";"FABstVd Deswegen werden wir( ( in der nächÛè"
"238";"00:04:44:05";"00:04:44:05";"FABst2sten regulären Sitzung7Mp"
"239";"00:04:44:05";"00:04:47:22";"Deswegen werden wir

in der nÈachsten regulÈaren Sitzung"
"240";"00:04:48:01";"00:04:48:01";"FABstWd des Parlaments das( ( Gebäudeener§"
"241";"00:04:48:01";"00:04:48:01";"FABst6giegesetz verabschieden.ÿÿ+ö*"
"242";"00:04:48:01";"00:04:52:10";"des Parlaments das

GebÈaudeenergiegesetz verabschieden."
"243";"00:04:53:22";"00:04:53:22";"FABstXd Am Nachmittag( ( der nächst°<u>"
"244";"00:04:53:22";"00:04:53:22";"FABst$e Hammelsprung.ÿÿ=²""
"245";"00:04:53:22";"00:04:56:08";"Am Nachmittag

der nÈachste Hammelsprung."
"246";"00:04:56:12";"00:04:56:12";"FABstYd Die AfD zweifelt aber an der( ( Beschlus"ø"
"247";"00:04:56:12";"00:04:56:12";"FABst<sfähigkeit des Bundestages.ÿÿ%c¾"
"248";"00:04:56:12";"00:05:00:05";"Die AfD zweifelt aber an der

BeschlussfÈahigkeit des Bundestages."
"249";"00:05:00:09";"00:05:00:09";"FABstZd Tatsächlich sind nicht mehr( ( genuÝ"
"250";"00:05:00:09";"00:05:00:09";"FABst4g Abgeordnete anwesend.ÿÿ-þâ"
"251";"00:05:00:09";"00:05:03:24";"TatsÈachlich sind nicht mehr

genug Abgeordnete anwesend."
"252";"00:05:04:03";"00:05:04:03";"FABst[d Die Sommerpause( ( beginnt dadurfð"
"253";"00:05:04:03";"00:05:04:03";"FABst.ch ungeplant früher.;!|"
"254";"00:05:04:03";"00:05:07:02";"Die Sommerpause

beginnt dadurch ungeplant frÈuher."
"255";"00:05:07:07";"00:05:07:07";"FABst\d Für die Koalition ein Tiefpunkt( ( inZ"
"256";"00:05:07:07";"00:05:07:07";"FABst8 einer schwierigen Woche.1¨v"
"257";"00:05:07:07";"00:05:10:23";"FÈur die Koalition ein Tiefpunkt

in einer schwierigen Woche."
"258";"00:05:11:03";"00:05:11:03";"FABst]dDer Ampel drohen neue Diskussionen( ( umV@"
"259";"00:05:11:03";"00:05:11:03";"FABstB Haushalt und Heizungsgesetz. ÿÿô:"
"260";"00:05:11:03";"00:05:15:12";"Der Ampel drohen neue Diskussionen

um Haushalt und Heizungsgesetz."
"261";"00:05:19:01";"00:05:19:01";"FABst^d Bundestag und Bundesrat machen ( ( den W¼"
"262";"00:05:19:01";"00:05:19:01";"FABst>eg frei für eine Genehmigungÿÿ#[Ð"
"263";"00:05:19:01";"00:05:22:23";"Bundestag und Bundesrat machen

den Weg frei fÈur eine Genehmigung"
"264";"00:05:23:02";"00:05:23:02";"FABst_d des Hafens Mukran( ( als Standort fÆ"
"265";"00:05:23:02";"00:05:23:02";"FABst.ür ein LNG-Terminal.ÿÿ3~0"
"266";"00:05:23:02";"00:05:27:03";"des Hafens Mukran

als Standort fÈur ein LNG-Terminal."
"267";"00:05:27:14";"00:05:27:14";"FABst`dZwei Spezialschiffe zur Umwandlung( ( 3("
"268";"00:05:27:14";"00:05:27:14";"FABst. von Flüssigerdgasÿÿ3Y4"
"269";"00:05:27:14";"00:05:31:12";"Zwei Spezialschiffe zur Umwandlung

von FlÈussigerdgas"
"270";"00:05:31:17";"00:05:31:17";"FABstad sollen vor Rügen vor Anker gehen,( ( aucÊl"
"271";"00:05:31:17";"00:05:31:17";"FABst>h eine Pipeline ist geplant.ÿÿ#@"
"272";"00:05:31:17";"00:05:36:14";"sollen vor RÈugen vor Anker gehen,

auch eine Pipeline ist geplant."
"273";"00:05:37:10";"00:05:37:10";"FABstbd Umweltschützer fürchten Schäden,( ( auch Æ"
"274";"00:05:37:10";"00:05:37:10";"FABstFdie Landesregierung ist dagegen.ÿÿî"
"275";"00:05:37:10";"00:05:42:09";"UmweltschÈutzer fÈurchten SchÈaden,

auch die Landesregierung ist dagegen."
"276";"00:05:42:22";"00:05:42:22";"FABstcdWirtschaftsminister Habeck (Grüne)( ( â~"
"277";"00:05:42:22";"00:05:42:22";"FABst4verteidigt das Projekt.ÿÿ-ö¸"
"278";"00:05:42:22";"00:05:46:24";"Wirtschaftsminister Habeck (GrÈune)

verteidigt das Projekt."
"279";"00:05:47:03";"00:05:47:03";"FABstdd Es gehe darum,( ( die EnergieverWh"
"280";"00:05:47:03";"00:05:47:03";"FABst,sorgung zu sichern.ÿÿ5ÈÜ"
"281";"00:05:47:03";"00:05:50:02";"Es gehe darum,

die Energieversorgung zu sichern."
"282";"00:05:51:18";"00:05:51:18";"FABstedDie Rohre für die neue Gaspipeline( ( ´("
"283";"00:05:51:18";"00:05:51:18";"FABst4lagern im Hafen Mukran.5
Z"
"284";"00:05:51:18";"00:05:55:12";"Die Rohre fÈur die neue Gaspipeline

lagern im Hafen Mukran."
"285";"00:05:55:16";"00:05:55:16";"FABstfd Sie waren gedacht als Ersatzrohre( ( ò"
"286";"00:05:55:16";"00:05:55:16";"FABst0 für Nord Stream 2.9þ"
"287";"00:05:55:16";"00:05:58:23";"Sie waren gedacht als Ersatzrohre

fÈur Nord Stream 2."
"288";"00:05:59:03";"00:05:59:03";"FABstgd Jetzt werden sie gebraucht( ( für das²Æ"
"289";"00:05:59:03";"00:05:59:03";"FABst4 geplante LNG-Terminal.ÿÿ-Ì"
"290";"00:05:59:03";"00:06:03:08";"Jetzt werden sie gebraucht

fÈur das geplante LNG-Terminal."
"291";"00:06:03:13";"00:06:03:13";"FABsthPDas LNG-Gesetz sichert genau das.Z"
"292";"00:06:03:13";"00:06:06:15";"Das LNG-Gesetz sichert genau das."
"293";"00:06:08:07";"00:06:08:07";"FABstid Es nimmt die Standorte ( ( Rostofh"
"294";"00:06:08:07";"00:06:08:07";"FABst.ck und Hamburg raus,;ÅÐ"
"295";"00:06:08:07";"00:06:12:06";"Es nimmt die Standorte

Rostock und Hamburg raus,"
"296";"00:06:12:13";"00:06:12:13";"FABstjd die sich als erledigt erklären,( ( ð"
"297";"00:06:12:13";"00:06:12:13";"FABst2es nimmt Mukran rein.ÿÿ/®ì"
"298";"00:06:12:13";"00:06:16:15";"die sich als erledigt erklÈaren,

es nimmt Mukran rein."
"299";"00:06:18:03";"00:06:18:03";"FABstkd Es ist ein gutes( ( und ric1ä"
"300";"00:06:18:03";"00:06:18:03";"FABst"htiges Gesetz.ÿÿ?ÀX"
"301";"00:06:18:03";"00:06:21:10";"Es ist ein gutes

und richtiges Gesetz."
"302";"00:06:22:10";"00:06:22:10";"FABstld Die Ministerpräsidenten ( ( von Me³"
"303";"00:06:22:10";"00:06:22:10";"FABst.cklenburg-Vorpommernÿÿ3T"
"304";"00:06:22:10";"00:06:25:17";"Die MinisterprÈasidenten

von Mecklenburg-Vorpommern"
"305";"00:06:25:21";"00:06:25:21";"FABstmd ist vom Kurs der Bundesregierung( ( UÀ"
"306";"00:06:25:21";"00:06:25:21";"FABst, nicht überzeugt.ÿÿ5R¢"
"307";"00:06:25:21";"00:06:29:04";"ist vom Kurs der Bundesregierung

nicht Èuberzeugt."
"308";"00:06:29:13";"00:06:29:13";"FABstnd Wenn alle dagegen sind,( ( mussà"
"309";"00:06:29:13";"00:06:29:13";"FABst*s man sich fragen,?ø."
"310";"00:06:29:13";"00:06:32:09";"Wenn alle dagegen sind,

muss man sich fragen,"
"311";"00:06:32:14";"00:06:32:14";"FABstod was hat man verpasst,( ( die Büü®"
"312";"00:06:32:14";"00:06:32:14";"FABst,rger zu überzeugen?=Td"
"313";"00:06:32:14";"00:06:36:09";"was hat man verpasst,

die BÈurger zu Èuberzeugen?"
"314";"00:06:38:21";"00:06:38:21";"FABstpd Zwischen Rügen und Lubmin( ( soll das¶Þ"
"315";"00:06:38:21";"00:06:38:21";"FABst@ neue LNG-Terminal entstehen.ÿÿ!«"
"316";"00:06:38:21";"00:06:42:22";"Zwischen RÈugen und Lubmin

soll das neue LNG-Terminal entstehen."
"317";"00:06:43:20";"00:06:43:20";"FABstqd Mukran, der neue Anlandehafen( ( @"
"318";"00:06:43:20";"00:06:43:20";"FABst* für Flüssiggas.ÿÿ7B"
"319";"00:06:43:20";"00:06:47:00";"Mukran, der neue Anlandehafen

fÈur FlÈussiggas."
"320";"00:06:47:06";"00:06:47:06";"FABstrd Auf Rügen gibt es( ( auch Befürwora®"
"321";"00:06:47:06";"00:06:47:06";"FABst,ter des LNG-Hafens.ÿÿ5"
"322";"00:06:47:06";"00:06:50:17";"Auf RÈugen gibt es

auch BefÈurworter des LNG-Hafens."
"323";"00:06:50:21";"00:06:50:21";"FABstsd Zu Wort melden sich vor allem( ( die Ge'"
"324";"00:06:50:21";"00:06:50:21";"FABstDgner des Bundestagsbeschlusses.ÿÿ¬¤"
"325";"00:06:50:21";"00:06:55:08";"Zu Wort melden sich vor allem

die Gegner des Bundestagsbeschlusses."
"326";"00:06:56:17";"00:06:56:17";"FABsttd Es wird an unserer Strategie( ( T6"
"327";"00:06:56:17";"00:06:56:17";"FABst&nichts ändern.CH"
"328";"00:06:56:17";"00:06:59:09";"Es wird an unserer Strategie

nichts Èandern."
"329";"00:06:59:13";"00:06:59:13";"FABstud Wir sind( ( auf das ErgebniJÂ"
"330";"00:06:59:13";"00:06:59:13";"FABst"s vorbereitet.G"
"331";"00:06:59:13";"00:07:02:16";"Wir sind

auf das Ergebnis vorbereitet."
"332";"00:07:03:09";"00:07:03:09";"FABstvd Jetzt bereiten wir die Klage vor( ( undF°"
"333";"00:07:03:09";"00:07:03:09";"FABstH bestreiten den juristischen Weg.ÿÿ°"
"334";"00:07:03:09";"00:07:07:24";"Jetzt bereiten wir die Klage vor

und bestreiten den juristischen Weg."
"335";"00:07:08:05";"00:07:08:05";"FABstwJ Die Angst auf der Insel ist,ÿÿÒ"
"336";"00:07:08:05";"00:07:10:00";"Die Angst auf der Insel ist,"
"337";"00:07:10:05";"00:07:10:05";"FABstxd dass weniger Touristen( ( hier kü÷0"
"338";"00:07:10:05";"00:07:10:05";"FABst.nftig Urlaub machen.ÿÿ3"
"339";"00:07:10:05";"00:07:13:04";"dass weniger Touristen

hier kÈunftig Urlaub machen."
"340";"00:07:13:08";"00:07:13:08";"FABstyH Einige zeigen Verständnis.ÿÿ`"
"341";"00:07:13:08";"00:07:14:21";"Einige zeigen VerstÈandnis."
"342";"00:07:15:00";"00:07:15:00";"FABstz@ Wir brauchen LNG.ÿÿâ"
"343";"00:07:15:00";"00:07:16:11";"Wir brauchen LNG."
"344";"00:07:16:16";"00:07:16:16";"FABst{NWir müssen Kompromisse eingehen.ÿÿC"
"345";"00:07:16:16";"00:07:19:15";"Wir mÈussen Kompromisse eingehen."
"346";"00:07:21:11";"00:07:21:11";"FABst|H Ich finde es fürchterlich.ÿÿSr"
"347";"00:07:21:11";"00:07:23:07";"Ich finde es fÈurchterlich."
"348";"00:07:23:11";"00:07:23:11";"FABst}d Man sollte es so belassen,( ( "&"
"349";"00:07:23:11";"00:07:23:11";"FABst wie es ist.ÿÿA¡¬"
"350";"00:07:23:11";"00:07:26:02";"Man sollte es so belassen,

wie es ist."
"351";"00:07:26:07";"00:07:26:07";"FABst~L Jetzt muss der neue LNG-Hafenÿÿïì"
"352";"00:07:26:07";"00:07:28:01";"Jetzt muss der neue LNG-Hafen"
"353";"00:07:28:05";"00:07:28:05";"FABstd die Genehmigungsverfahren( ( des(<i>"
"354";"00:07:28:05";"00:07:28:05";"FABst. Landes durchlaufen.ÿÿ3("
"355";"00:07:28:05";"00:07:31:03";"die Genehmigungsverfahren

des Landes durchlaufen."
"356";"00:07:31:07";"00:07:31:07";"FABst<i>d Hier könnte( ( das Projekt &ü"
"357";"00:07:31:07";"00:07:31:07";"FABst$noch scheitern.ÿÿ=6"
"358";"00:07:31:07";"00:07:33:16";"Hier kÈonnte

das Projekt noch scheitern."
"359";"00:07:34:16";"00:07:34:16";"FABst</i>d Die Staats- und Regierungschefs ( ( von Se·"
"360";"00:07:34:16";"00:07:34:16";"FABst>rbien, Österreich und Ungarnÿÿ#c°"
"361";"00:07:34:16";"00:07:38:16";"Die Staats- und Regierungschefs

von Serbien, ÈOsterreich und Ungarn"
"362";"00:07:38:20";"00:07:38:20";"FABst<u>d fordern eine bessere( ( VerteidigunÉ,"
"363";"00:07:38:20";"00:07:38:20";"FABst2g der EU-Außengrenzen.ÿÿ/x"
"364";"00:07:38:20";"00:07:42:12";"fordern eine bessere

Verteidigung der EU-Auûengrenzen."
"365";"00:07:42:17";"00:07:42:17";"FABst</u>dBei ihrem dritten Migrationsgipfel( ( û\"
"366";"00:07:42:17";"00:07:42:17";"FABst. kritisierten sieÿÿ3°"
"367";"00:07:42:17";"00:07:45:19";"Bei ihrem dritten Migrationsgipfel

kritisierten sie"
"368";"00:07:45:23";"00:07:45:23";"FABstddas bisherige System zur Verhinderung( ( ð"
"369";"00:07:45:23";"00:07:45:23";"FABst@ irregulärer Einwanderung.ÿÿ!D("
"370";"00:07:45:23";"00:07:50:00";"das bisherige System zur Verhinderung

irregulÈarer Einwanderung."
"371";"00:07:50:04";"00:07:50:04";"FABstd Es funktioniere nicht, so( ( Österreic&æ"
"372";"00:07:50:04";"00:07:50:04";"FABst:hs Bundeskanzler Nehammer.ÿÿ'¾8"
"373";"00:07:50:04";"00:07:53:20";"Es funktioniere nicht, so

ÈOsterreichs Bundeskanzler Nehammer."
"374";"00:07:53:24";"00:07:53:24";"FABstd Die drei Länder( ( müssten sicáì"
"375";"00:07:53:24";"00:07:53:24";"FABst$h selber helfenÿÿ=D"
"376";"00:07:53:24";"00:07:56:10";"Die drei LÈander

mÈussten sich selber helfen"
"377";"00:07:56:14";"00:07:56:14";"FABstdund würden die "Asylbremse" anziehen,( ( Ê"
"378";"00:07:56:14";"00:07:56:14";"FABst< so Nehammer wörtlich.ÿÿ%zb"
"379";"00:07:56:14";"00:08:00:09";"und wÈurden die "Asylbremse" anziehen,

so Nehammer wÈortlich."
"380";"00:08:00:13";"00:08:00:13";"FABstd Besonders der Umgang( ( Serbiens un<u>ð"
"381";"00:08:00:13";"00:08:00:13";"FABst:d Ungarns mit Geflüchtetenÿÿ''L"
"382";"00:08:00:13";"00:08:04:01";"Besonders der Umgang

Serbiens und Ungarns mit GeflÈuchteten"
"383";"00:08:04:04";"00:08:04:04";"FABst@ sorgt für Kritik.ÿÿ""
"384";"00:08:04:04";"00:08:05:18";"sorgt fÈur Kritik."
"385";"00:08:07:13";"00:08:07:13";"FABst
TProteste vor dem Kanzleramt in Wien.D"
"386";"00:08:07:13";"00:08:09:18";"Proteste vor dem Kanzleramt in Wien."
"387";"00:08:09:22";"00:08:09:22";"FABstd Die Demonstranten ( ( rufen öb"
"388";"00:08:09:22";"00:08:09:22";"FABst""schämt euch":G¤"
"389";"00:08:09:22";"00:08:12:08";"Die Demonstranten

rufen "schÈamt euch":"
"390";"00:08:12:12";"00:08:12:12";"FABstd Kritik daran,( ( dass Österreic7²"
"391";"00:08:12:12";"00:08:12:12";"FABst,hs Kanzler Nehammerÿÿ54"
"392";"00:08:12:12";"00:08:15:08";"Kritik daran,

dass ÈOsterreichs Kanzler Nehammer"
"393";"00:08:15:12";"00:08:15:12";"FABstdUngarns Ministerpräsident Orban und( ( Serb5Z"
"394";"00:08:15:12";"00:08:15:12";"FABstDiens Präsident Vucic empfängt. ÿÿ</i><i>"
"395";"00:08:15:12";"00:08:19:17";"Ungarns MinisterprÈasident Orban und

Serbiens PrÈasident Vucic empfÈangt."
"396";"00:08:19:21";"00:08:19:21";"FABstTBeide Politiker stehen in der KritikÿÿQP"
"397";"00:08:19:21";"00:08:22:00";"Beide Politiker stehen in der Kritik"
"398";"00:08:22:04";"00:08:22:04";"FABstd wegen Aushöhlung( ( von Rechtsstam|"
"399";"00:08:22:04";"00:08:22:04";"FABst4at und Menschenrechten.ÿÿ-æà"
"400";"00:08:22:04";"00:08:25:07";"wegen AushÈohlung

von Rechtsstaat und Menschenrechten."
"401";"00:08:25:11";"00:08:25:11";"FABstd Offiziell geht es um Maßnahmen( ( gegPZ"
"402";"00:08:25:11";"00:08:25:11";"FABst2en illegale Migration.ÿÿ/"
"403";"00:08:25:11";"00:08:28:16";"Offiziell geht es um Maûnahmen

gegen illegale Migration."
"404";"00:08:28:20";"00:08:28:20";"FABstd Die Botschaft der drei( ( ist gegþV"
"405";"00:08:28:20";"00:08:28:20";"FABst.en die EU gerichtet.ÿÿ3ú*"
"406";"00:08:28:20";"00:08:32:07";"Die Botschaft der drei

ist gegen die EU gerichtet."
"407";"00:08:32:16";"00:08:32:16";"FABstdDas Asylsystem der EU ist kaputt,( ( ÿ"
"408";"00:08:32:16";"00:08:32:16";"FABst2 funktioniert nicht.7«"
"409";"00:08:32:16";"00:08:37:00";"Das Asylsystem der EU ist kaputt,

funktioniert nicht."
"410";"00:08:39:03";"00:08:39:03";"FABstdDaher ist es wichtig, auch bilateral( ( ¹"
"411";"00:08:39:03";"00:08:39:03";"FABstFmiteinander zusammenzuarbeiten.#í "
"412";"00:08:39:03";"00:08:44:03";"Daher ist es wichtig, auch bilateral

miteinander zusammenzuarbeiten."
"413";"00:08:45:05";"00:08:45:05";"FABstd Orban gibt den Kurs vor,( ( nachøº"
"414";"00:08:45:05";"00:08:45:05";"FABst* Ungarn darf nur, ÿÿ7F"
"415";"00:08:45:05";"00:08:48:05";"Orban gibt den Kurs vor,

nach Ungarn darf nur,"
"416";"00:08:48:09";"00:08:48:09";"FABstd wer im Ausland einen Asylantrag( ( stà"
"417";"00:08:48:09";"00:08:48:09";"FABst6ellt und anerkannt wird.ÿÿ+þ"
"418";"00:08:48:09";"00:08:52:10";"wer im Ausland einen Asylantrag

stellt und anerkannt wird."
"419";"00:08:53:14";"00:08:53:14";"FABstH Wir haben Null Migranten.hÖ"
"420";"00:08:53:14";"00:08:55:04";"Wir haben Null Migranten."
"421";"00:08:55:08";"00:08:55:08";"FABstd Wir sind der einzige( ( migrantenR"
"422";"00:08:55:08";"00:08:55:08";"FABst.freie Ort in Europa.;ìº"
"423";"00:08:55:08";"00:08:58:09";"Wir sind der einzige

migrantenfreie Ort in Europa."
"424";"00:08:58:13";"00:08:58:13";"FABstd Das liegt an( ( unserer Vertø<i>"
"425";"00:08:58:13";"00:08:58:13";"FABst$eidigungslinie.ÿÿ=Ô¨"
"426";"00:08:58:13";"00:09:01:03";"Das liegt an

unserer Verteidigungslinie."
"427";"00:09:01:09";"00:09:01:09";"FABstd Das Treffen in Wien( ( soll EntschlõÒ"
"428";"00:09:01:09";"00:09:01:09";"FABst6ossenheit demonstrieren.ÿÿ+ç"
"429";"00:09:01:09";"00:09:04:19";"Das Treffen in Wien

soll Entschlossenheit demonstrieren."
"430";"00:09:04:23";"00:09:04:23";"FABstRSo wie diese gemeinsamen KontrollenÿÿN"
"431";"00:09:04:23";"00:09:07:02";"So wie diese gemeinsamen Kontrollen"
"432";"00:09:07:06";"00:09:07:06";"FABstd serbischer und( ( ungarischerºv"
"433";"00:09:07:06";"00:09:07:06";"FABst$ Grenzschützer.ÿÿ=#"
"434";"00:09:07:06";"00:09:09:21";"serbischer und

ungarischer GrenzschÈutzer."
"435";"00:09:10:00";"00:09:10:00";"FABstd Serbien ging zuletzt( ( rigoros gò"
"436";"00:09:10:00";"00:09:10:00";"FABst,egen Migranten vor.ÿÿ5ùð"
"437";"00:09:10:00";"00:09:13:08";"Serbien ging zuletzt

rigoros gegen Migranten vor."
"438";"00:09:13:12";"00:09:13:12";"FABstRHier löst die Polizei ein Camp auf.ÿÿ¯2"
"439";"00:09:13:12";"00:09:16:06";"Hier lÈost die Polizei ein Camp auf."
"440";"00:09:16:11";"00:09:16:11";"FABstd Experten sehen in dem Austausch( ( vor al«N"
"441";"00:09:16:11";"00:09:16:11";"FABstBlem eine politische Strategie.ÿÿj"
"442";"00:09:16:11";"00:09:21:00";"Experten sehen in dem Austausch

vor allem eine politische Strategie."
"443";"00:09:21:05";"00:09:21:05";"FABstdEs ist eine Suche nach Feinbildern -( ( Èv"
"444";"00:09:21:05";"00:09:21:05";"FABst< unter anderem die EU.-ü"
"445";"00:09:21:05";"00:09:25:12";"Es ist eine Suche nach Feinbildern -

unter anderem die EU."
"446";"00:09:25:21";"00:09:25:21";"FABst d Man will kämpfen( ( gegen irrevê"
"447";"00:09:25:21";"00:09:25:21";"FABst(guläre Migration.A^"
"448";"00:09:25:21";"00:09:29:18";"Man will kÈampfen

gegen irregulÈare Migration."
"449";"00:09:31:24";"00:09:31:24";"FABst¡d Das ist absurd, denn niemand( ( ist fü ¨"
"450";"00:09:31:24";"00:09:31:24";"FABst6r illegale Einwanderung.ÿÿ+è"
"451";"00:09:31:24";"00:09:36:06";"Das ist absurd, denn niemand

ist fÈur illegale Einwanderung."
"452";"00:09:36:11";"00:09:36:11";"FABst¢d Man vermischt schamlos das( ( Zuwandß4"
"453";"00:09:36:11";"00:09:36:11";"FABstBerungsthema mit dem Asylthema.ÿÿF"
"454";"00:09:36:11";"00:09:40:21";"Man vermischt schamlos das

Zuwanderungsthema mit dem Asylthema."
"455";"00:09:41:04";"00:09:41:04";"FABst£d Dass das Thema Migration so( ( in den VÜV"
"456";"00:09:41:04";"00:09:41:04";"FABst6ordergrund gerückt wird,ÿÿ+"
"457";"00:09:41:04";"00:09:44:16";"Dass das Thema Migration so

in den Vordergrund gerÈuckt wird,"
"458";"00:09:44:20";"00:09:44:20";"FABst¤N kann wahltaktische Gründe haben:ÿÿ"
"459";"00:09:44:20";"00:09:46:19";"kann wahltaktische GrÈunde haben:"
"460";"00:09:46:22";"00:09:46:22";"FABst¥d 2024 stehen Europa- und( ( österreichj"
"461";"00:09:46:22";"00:09:46:22";"FABst:ische Parlamentswahlen an.ÿÿ'R"
"462";"00:09:46:22";"00:09:50:11";"2024 stehen Europa- und

Èosterreichische Parlamentswahlen an."
"463";"00:09:52:04";"00:09:52:04";"FABst¦d Fünf Monate nach dem tödlichen( ( Messeraê"
"464";"00:09:52:04";"00:09:52:04";"FABst<ngriff in einem Regionalzugÿÿ%ö¤"
"465";"00:09:52:04";"00:09:56:17";"FÈunf Monate nach dem tÈodlichen

Messerangriff in einem Regionalzug"
"466";"00:09:56:21";"00:09:56:21";"FABst§d begann der Prozess gegen( ( den mü"
"467";"00:09:56:21";"00:09:56:21";"FABst,utmaßlichen Täter. ÿÿ5Þ"
"468";"00:09:56:21";"00:10:00:14";"begann der Prozess gegen

den mutmaûlichen TÈater."
"469";"00:10:00:20";"00:10:00:20";"FABst¨d Die Staatanwaltschaft beschuldigt( ( Ö"
"470";"00:10:00:20";"00:10:00:20";"FABst8einen Palästinenser (34),ÿÿ)i."
"471";"00:10:00:20";"00:10:04:21";"Die Staatanwaltschaft beschuldigt

einen PalÈastinenser (34),"
"472";"00:10:05:00";"00:10:05:00";"FABst©d zwei Menschen getötet und weitere( ( vie7"
"473";"00:10:05:00";"00:10:05:00";"FABst>r schwer verletzt zu haben. ÿÿ#éÞ"
"474";"00:10:05:00";"00:10:08:19";"zwei Menschen getÈotet und weitere

vier schwer verletzt zu haben."
"475";"00:10:08:23";"00:10:08:23";"FABstªD Er bestreitet die Tat.ÿÿ"
"476";"00:10:08:23";"00:10:10:10";"Er bestreitet die Tat."
"477";"00:10:10:14";"00:10:10:14";"FABst«d Hauptfrage in dem Verfahren( ( am LandgãÀ"
"478";"00:10:10:14";"00:10:10:14";"FABst<ericht Itzehoe dürfte sein,ÿÿ%5"
"479";"00:10:10:14";"00:10:14:08";"Hauptfrage in dem Verfahren

am Landgericht Itzehoe dÈurfte sein,"
"480";"00:10:14:14";"00:10:14:14";"FABst¬d ob der psychisch auffällige und ( ( vorbes^¨"
"481";"00:10:14:14";"00:10:14:14";"FABst>trafte Mann schuldfähig ist.ÿÿ#MÀ"
"482";"00:10:14:14";"00:10:19:02";"ob der psychisch auffÈallige und

vorbestrafte Mann schuldfÈahig ist."
"483";"00:10:20:23";"00:10:20:23";"FABst­d Der Angeklagte Ibrahim A.( ( wird in À$"
"484";"00:10:20:23";"00:10:20:23";"FABst8den Gerichtssaal geführt.1læ"
"485";"00:10:20:23";"00:10:25:10";"Der Angeklagte Ibrahim A.

wird in den Gerichtssaal gefÈuhrt."
"486";"00:10:25:16";"00:10:25:16";"FABst®d Die Staatsanwaltschaft ( ( wirft6"
"487";"00:10:25:16";"00:10:25:16";"FABst. ihm zweifachen Mordÿÿ3."
"488";"00:10:25:16";"00:10:28:12";"Die Staatsanwaltschaft

wirft ihm zweifachen Mord"
"489";"00:10:28:16";"00:10:28:16";"FABst¯Rund vierfachen versuchten Mord vor.ÿÿT"
"490";"00:10:28:16";"00:10:30:24";"und vierfachen versuchten Mord vor."
"491";"00:10:31:04";"00:10:31:04";"FABst°d Am 25.01.2023 steigt Ibrahim A. ( ( in einèØ"
"492";"00:10:31:04";"00:10:31:04";"FABst>en Regionalzug nach Hamburg.ÿÿ#êÎ"
"493";"00:10:31:04";"00:10:36:01";"Am 25.01.2023 steigt Ibrahim A.

in einen Regionalzug nach Hamburg."
"494";"00:10:36:05";"00:10:36:05";"FABst±dBei Brokstedt in Schleswig-Holstein( ( Ñv"
"495";"00:10:36:05";"00:10:36:05";"FABst8soll er eine 17-Jährigeÿÿ)$"
"496";"00:10:36:05";"00:10:39:23";"Bei Brokstedt in Schleswig-Holstein

soll er eine 17-JÈahrige"
"497";"00:10:40:03";"00:10:40:03";"FABst²dund ihren Freund (19) mit Dutzenden( ( Mã^"
"498";"00:10:40:03";"00:10:40:03";"FABst<esserstichen getötet haben.ÿÿ%C "
"499";"00:10:40:03";"00:10:44:18";"und ihren Freund (19) mit Dutzenden

Messerstichen getÈotet haben."
"500";"00:10:44:22";"00:10:44:22";"FABst³d Vier Menschen( ( soll er schwer
¶"
"501";"00:10:44:22";"00:10:44:22";"FABst& verletzt haben.ÿÿ;¬"
"502";"00:10:44:22";"00:10:47:14";"Vier Menschen

soll er schwer verletzt haben."
"503";"00:10:47:18";"00:10:47:18";"FABst´d Zuvor war er in Kiel( ( bei derP"
"504";"00:10:47:18";"00:10:47:18";"FABst* Ausländerbehörde.ÿÿ7Æ>"
"505";"00:10:47:18";"00:10:50:12";"Zuvor war er in Kiel

bei der AuslÈanderbehÈorde."
"506";"00:10:50:17";"00:10:50:17";"FABstµd Laut eigener Aussage( ( wurde er È>"
"507";"00:10:50:17";"00:10:50:17";"FABst.dort nicht angehört.ÿÿ3>¶"
"508";"00:10:50:17";"00:10:53:16";"Laut eigener Aussage

wurde er dort nicht angehÈort."
"509";"00:10:53:21";"00:10:53:21";"FABst¶d Die Staatsanwaltschaft( ( geht bei d×,"
"510";"00:10:53:21";"00:10:53:21";"FABst2en Taten von Heimtückeÿÿ/*z"
"511";"00:10:53:21";"00:10:57:02";"Die Staatsanwaltschaft

geht bei den Taten von HeimtÈucke"
"512";"00:10:57:06";"00:10:57:06";"FABst·N und niedrigen Beweggründen aus.ÿÿÎ"
"513";"00:10:57:06";"00:10:59:05";"und niedrigen BeweggrÈunden aus."
"514";"00:10:59:12";"00:10:59:12";"FABst¸d Es ist davon auszugehen,( ( dasö "
"515";"00:10:59:12";"00:10:59:12";"FABst&s der AngeklagteC ¾"
"516";"00:10:59:12";"00:11:02:14";"Es ist davon auszugehen,

dass der Angeklagte"
"517";"00:11:02:18";"00:11:02:18";"FABst¹d aus Frust über seine ungeklärte( ( persÿ$"
"518";"00:11:02:18";"00:11:02:18";"FABst<önliche Situation handelte.-iD"
"519";"00:11:02:18";"00:11:07:09";"aus Frust Èuber seine ungeklÈarte

persÈonliche Situation handelte."
"520";"00:11:07:14";"00:11:07:14";"FABstºdDie Tatopfer wurden bloße Objekte( ( seiÜ"
"521";"00:11:07:14";"00:11:07:14";"FABst>ner Frustrationsbewältigung.ÿÿ#Cú"
"522";"00:11:07:14";"00:11:12:05";"Die Tatopfer wurden bloûe Objekte

seiner FrustrationsbewÈaltigung."
"523";"00:11:13:00";"00:11:13:00";"FABst»d Laut dem Verteidiger( ( hat sein M©4"
"524";"00:11:13:00";"00:11:13:00";"FABst0andant eine Psychose.ÿÿ1ý^"
"525";"00:11:13:00";"00:11:16:14";"Laut dem Verteidiger

hat sein Mandant eine Psychose."
"526";"00:11:17:06";"00:11:17:06";"FABst¼L Die Frage der Schuldfähigkeitê"
"527";"00:11:17:06";"00:11:19:23";"Die Frage der SchuldfÈahigkeit"
"528";"00:11:20:04";"00:11:20:04";"FABst½d wird eine bedeutende Rolle( ( in deö´"
"529";"00:11:20:04";"00:11:20:04";"FABst0m Verfahren spielen. 9­"
"530";"00:11:20:04";"00:11:24:04";"wird eine bedeutende Rolle

in dem Verfahren spielen."
"531";"00:11:24:10";"00:11:24:10";"FABst¾d Im Ermittlungsverfahren wurde ( ( darübeWæ"
"532";"00:11:24:10";"00:11:24:10";"FABst:r schon einmal verhandelt,ÿÿ'ê"
"533";"00:11:24:10";"00:11:29:01";"Im Ermittlungsverfahren wurde

darÈuber schon einmal verhandelt,"
"534";"00:11:29:22";"00:11:29:22";"FABst¿dob er möglicherweise statt in U-Haft( ( Þ"
"535";"00:11:29:22";"00:11:29:22";"FABstB in die Psychiatrie gehört.ÿÿ¢"
"536";"00:11:29:22";"00:11:34:09";"ob er mÈoglicherweise statt in U-Haft

in die Psychiatrie gehÈort."
"537";"00:11:35:04";"00:11:35:04";"FABstÀd Ibrahim A. sagte heute,( ( erú<i>"
"538";"00:11:35:04";"00:11:35:04";"FABst& sei unschuldig.ÿÿ;±"
"539";"00:11:35:04";"00:11:37:21";"Ibrahim A. sagte heute,

er sei unschuldig."
"540";"00:11:38:01";"00:11:38:01";"FABstÁd Der Prozess soll( ( am 17. Juli Õ^"
"541";"00:11:38:01";"00:11:38:01";"FABst,fortgesetzt werden.ÿÿ5Ê"
"542";"00:11:38:01";"00:11:41:05";"Der Prozess soll

am 17. Juli fortgesetzt werden."
"543";"00:11:41:09";"00:11:41:09";"FABstÂd Dann sollen( ( erste Zeugen ve§Ô"
"544";"00:11:41:09";"00:11:41:09";"FABst$rnommen werden.ÿÿ="
"545";"00:11:41:09";"00:11:43:21";"Dann sollen

erste Zeugen vernommen werden."
"546";"00:11:45:03";"00:11:45:03";"FABstÃd Gesundheitsminister Lauterbach( ( plantþN"
"547";"00:11:45:03";"00:11:45:03";"FABst8 ein Rauchverbot im Auto,ÿÿ)Ìþ"
"548";"00:11:45:03";"00:11:49:05";"Gesundheitsminister Lauterbach

plant ein Rauchverbot im Auto,"
"549";"00:11:49:10";"00:11:49:10";"FABstÄVwenn Schwangere und Kinder mitfahren.ÿÿ_"
"550";"00:11:49:10";"00:11:52:06";"wenn Schwangere und Kinder mitfahren."
"551";"00:11:52:12";"00:11:52:12";"FABstÅdEin Sprecher des Ministeriums sagte,( ( x"
"552";"00:11:52:12";"00:11:52:12";"FABst8 das Rauchverbot könneÿÿ)'"
"553";"00:11:52:12";"00:11:55:23";"Ein Sprecher des Ministeriums sagte,

das Rauchverbot kÈonne"
"554";"00:11:56:02";"00:11:56:02";"FABstÆd ähnlich kontrolliert werden ( ( wie daeZ"
"555";"00:11:56:02";"00:11:56:02";"FABst6s Handyverbot am Steuer.ÿÿ+ãØ"
"556";"00:11:56:02";"00:11:59:15";"Èahnlich kontrolliert werden

wie das Handyverbot am Steuer."
"557";"00:11:59:19";"00:11:59:19";"FABstÇF Lauterbach greift damitÿÿ>"
"558";"00:11:59:19";"00:12:01:10";"Lauterbach greift damit"
"559";"00:12:01:14";"00:12:01:14";"FABstÈd eine frühere Initiative ( ( aus deP¾"
"560";"00:12:01:14";"00:12:01:14";"FABst.n Bundesländern auf.ÿÿ3"
"561";"00:12:01:14";"00:12:04:13";"eine frÈuhere Initiative

aus den BundeslÈandern auf."
"562";"00:12:04:18";"00:12:04:18";"FABstÉd Die Vorlage muss noch mit den( ( anderen¨"
"563";"00:12:04:18";"00:12:04:18";"FABst> Ressorts abgestimmt werden.ÿÿ#Ç"
"564";"00:12:04:18";"00:12:08:12";"Die Vorlage muss noch mit den

anderen Ressorts abgestimmt werden."
"565";"00:12:08:16";"00:12:08:16";"FABstÊJ Die FDP meldete Bedenken an.ÿÿ1"
"566";"00:12:08:16";"00:12:10:22";"Die FDP meldete Bedenken an."
"567";"00:12:13:08";"00:12:13:08";"FABstËdIn den USA wurde ein neues Medikament( ( Ô"
"568";"00:12:13:08";"00:12:13:08";"FABstB gegen Alzheimer zugelassen.ÿÿ"
"569";"00:12:13:08";"00:12:17:22";"In den USA wurde ein neues Medikament

gegen Alzheimer zugelassen."
"570";"00:12:18:03";"00:12:18:03";"FABstÌB Das weltweit erste,ÿÿzò"
"571";"00:12:18:03";"00:12:19:17";"Das weltweit erste,"
"572";"00:12:19:22";"00:12:19:22";"FABstÍd dass den Krankheitsverlauf( ( zumindÐx"
"573";"00:12:19:22";"00:12:19:22";"FABst2est verlangsamen kann.ÿÿ/§@"
"574";"00:12:19:22";"00:12:24:02";"dass den Krankheitsverlauf

zumindest verlangsamen kann."
"575";"00:12:24:06";"00:12:24:06";"FABstÎdStudien der Arzneimittelbehörde FDA( ( QT"
"576";"00:12:24:06";"00:12:24:06";"FABst( ergaben:ÿÿ9"
"577";"00:12:24:06";"00:12:27:13";"Studien der ArzneimittelbehÈorde FDA

ergaben:"
"578";"00:12:27:18";"00:12:27:18";"FABstÏdDer Wirkstoff verzögert den Verlust( ( V"
"579";"00:12:27:18";"00:12:27:18";"FABst<von Merk- und Denkfähigkeitÿÿ%h"
"580";"00:12:27:18";"00:12:31:21";"Der Wirkstoff verzÈogert den Verlust

von Merk- und DenkfÈahigkeit"
"581";"00:12:32:00";"00:12:32:00";"FABstÐB um etwa fünf Monate.ÿÿóö"
"582";"00:12:32:00";"00:12:33:20";"um etwa fÈunf Monate."
"583";"00:12:34:02";"00:12:34:02";"FABstÑd Das Medikament kann aber auch ( ( schwer´¬"
"584";"00:12:34:02";"00:12:34:02";"FABst:e Nebenwirkungen auslösen.ÿÿ'2"
"585";"00:12:34:02";"00:12:38:04";"Das Medikament kann aber auch

schwere Nebenwirkungen auslÈosen."
"586";"00:12:38:08";"00:12:38:08";"FABstÒd In Europa läuft( ( ein Antra"
"587";"00:12:38:08";"00:12:38:08";"FABst&g auf Zulassung.ÿÿ;&"
"588";"00:12:38:08";"00:12:41:14";"In Europa lÈauft

ein Antrag auf Zulassung."
"589";"00:12:42:23";"00:12:42:23";"FABstÓP Karten spielen funktioniert noch,"
"590";"00:12:42:23";"00:12:45:01";"Karten spielen funktioniert noch,"
"591";"00:12:45:05";"00:12:45:05";"FABstÔd obwohl das Gedächtnis und die( ( Orientie=î"
"592";"00:12:45:05";"00:12:45:05";"FABst:rungsfähigkeit nachlassen./k4"
"593";"00:12:45:05";"00:12:48:24";"obwohl das GedÈachtnis und die

OrientierungsfÈahigkeit nachlassen."
"594";"00:12:49:03";"00:12:49:03";"FABstÕd Vor sechs Jahren( ( bekam Joe Mon±"
"595";"00:12:49:03";"00:12:49:03";"FABst,tminy die Diagnose:ÿÿ5ýî"
"596";"00:12:49:03";"00:12:52:01";"Vor sechs Jahren

bekam Joe Montminy die Diagnose:"
"597";"00:12:52:05";"00:12:52:05";"FABstÖ8 Alzheimer.ÿÿ%IP"
"598";"00:12:52:05";"00:12:53:10";"Alzheimer."
"599";"00:12:53:14";"00:12:53:14";"FABst×d Seitdem kämpft der 59-jährige( ( Familien§p"
"600";"00:12:53:14";"00:12:53:14";"FABst:vater gegen das Vergessen.ÿÿ'ÚJ"
"601";"00:12:53:14";"00:12:57:18";"Seitdem kÈampft der 59-jÈahrige

Familienvater gegen das Vergessen."
"602";"00:12:58:03";"00:12:58:03";"FABstØH Die Neurologin sagte mir:²"
"603";"00:12:58:03";"00:12:59:19";"Die Neurologin sagte mir:"
"604";"00:12:59:23";"00:12:59:23";"FABstÙd "Sie sind in einem( ( frühen Sta#"
"605";"00:12:59:23";"00:12:59:23";"FABst,dium von Alzheimer.=ì"
"606";"00:12:59:23";"00:13:02:21";""Sie sind in einem

frÈuhen Stadium von Alzheimer."
"607";"00:13:03:00";"00:13:03:00";"FABstÚd Aber erste Einbußen( ( werden sQ¬"
"608";"00:13:03:00";"00:13:03:00";"FABst&ich bald zeigen.ÿÿ;­4"
"609";"00:13:03:00";"00:13:05:20";"Aber erste Einbuûen

werden sich bald zeigen."
"610";"00:13:05:24";"00:13:05:24";"FABstÛd Dass sie Ihre Familie( ( nichÏz"
"611";"00:13:05:24";"00:13:05:24";"FABst(t mehr erkennen, ÿÿ90"
"612";"00:13:05:24";"00:13:08:12";"Dass sie Ihre Familie

nicht mehr erkennen,"
"613";"00:13:08:16";"00:13:08:16";"FABstÜd könnte schon in fünf bis sieben( ( Î "
"614";"00:13:08:16";"00:13:08:16";"FABst0Jahren soweit sein."ÿÿ1Ó"
"615";"00:13:08:16";"00:13:12:15";"kÈonnte schon in fÈunf bis sieben

Jahren soweit sein.""
"616";"00:13:13:18";"00:13:13:18";"FABstÝd Die US-Arzneimittelbehörde( ( halæ"
"617";"00:13:13:18";"00:13:13:18";"FABst*t ein neues Mittelÿÿ7</u>²"
"618";"00:13:13:18";"00:13:16:14";"Die US-ArzneimittelbehÈorde

hat ein neues Mittel"
"619";"00:13:16:18";"00:13:16:18";"FABstÞd für Patienten wie Joe Montminy( ( I¶"
"620";"00:13:16:18";"00:13:16:18";"FABst.zugelassen: Leqembi.ÿÿ3ô"
"621";"00:13:16:18";"00:13:20:03";"fÈur Patienten wie Joe Montminy

zugelassen: Leqembi."
"622";"00:13:20:07";"00:13:20:07";"FABstßd Entwickelt von einem( ( US-Bio®à"
"623";"00:13:20:07";"00:13:20:07";"FABst&tech-Unternehmenÿÿ;¤"
"624";"00:13:20:07";"00:13:23:00";"Entwickelt von einem

US-Biotech-Unternehmen"
"625";"00:13:23:04";"00:13:23:04";"FABstàTund einem japanischen Pharmakonzern.ÿÿcX"
"626";"00:13:23:04";"00:13:25:11";"und einem japanischen Pharmakonzern."
"627";"00:13:25:16";"00:13:25:16";"FABstád Es muss alle zwei Wochen( ( per Infuså"
"628";"00:13:25:16";"00:13:25:16";"FABst4ion verabreicht werden.ÿÿ-ÞÄ"
"629";"00:13:25:16";"00:13:29:01";"Es muss alle zwei Wochen

per Infusion verabreicht werden."
"630";"00:13:29:05";"00:13:29:05";"FABstâd Klinischen Studien zeigen,( ( dass es"
"631";"00:13:29:05";"00:13:29:05";"FABst8dann Protein-Ablagerungenÿÿ)"
"632";"00:13:29:05";"00:13:32:19";"Klinischen Studien zeigen,

dass es dann Protein-Ablagerungen"
"633";"00:13:32:23";"00:13:32:23";"FABstãd im Gehirn lösen und dessen Verfall( ( um bDü"
"634";"00:13:32:23";"00:13:32:23";"FABstHis zu fünf Monate verzögern kann.ÿÿðb"
"635";"00:13:32:23";"00:13:37:02";"im Gehirn lÈosen und dessen Verfall

um bis zu fÈunf Monate verzÈogern kann."
"636";"00:13:37:06";"00:13:37:06";"FABstäd Aufhalten kann das Mittel( ( diÇx"
"637";"00:13:37:06";"00:13:37:06";"FABst*e Krankheit nicht.ÿÿ7¼"
"638";"00:13:37:06";"00:13:40:01";"Aufhalten kann das Mittel

die Krankheit nicht."
"639";"00:13:40:05";"00:13:40:05";"FABståd Zu den Nebenwirkungen gehören( ( Hirns+l"
"640";"00:13:40:05";"00:13:40:05";"FABst:chwellungen und Blutungen.ÿÿ'("
"641";"00:13:40:05";"00:13:43:19";"Zu den Nebenwirkungen gehÈoren

Hirnschwellungen und Blutungen."
"642";"00:13:43:23";"00:13:43:23";"FABstæNEs behandelt nicht die Symptome,ú"
"643";"00:13:43:23";"00:13:45:22";"Es behandelt nicht die Symptome,"
"644";"00:13:46:01";"00:13:46:01";"FABstçd verzögert aber( ( den Krank?T"
"645";"00:13:46:01";"00:13:46:01";"FABst heitsverlauf.I£"
"646";"00:13:46:01";"00:13:48:06";"verzÈogert aber

den Krankheitsverlauf."
"647";"00:13:48:10";"00:13:48:10";"FABstèd Die Patienten spüren( ( weiterhin e[<"
"648";"00:13:48:10";"00:13:48:10";"FABst0ine Verschlechterung,ÿÿ1¦d"
"649";"00:13:48:10";"00:13:51:13";"Die Patienten spÈuren

weiterhin eine Verschlechterung,"
"650";"00:13:51:17";"00:13:51:17";"FABstéd aber wir hoffen,( ( diese verlaâ"
"651";"00:13:51:17";"00:13:51:17";"FABst*ngsamen zu können.ÿÿ7:D"
"652";"00:13:51:17";"00:13:54:09";"aber wir hoffen,

diese verlangsamen zu kÈonnen."
"653";"00:13:54:12";"00:13:54:12";"FABstêd Durch die Zulassung( ( könnten d,"
"654";"00:13:54:12";"00:13:54:12";"FABst.ie Behandlungskostenÿÿ3"
"655";"00:13:54:12";"00:13:57:11";"Durch die Zulassung

kÈonnten die Behandlungskosten"
"656";"00:13:57:15";"00:13:57:15";"FABstëd von über einer Million( ( Pati¸"
"657";"00:13:57:15";"00:13:57:15";"FABst&enten in den USAÿÿ;"
"658";"00:13:57:15";"00:14:00:09";"von Èuber einer Million

Patienten in den USA"
"659";"00:14:00:13";"00:14:00:13";"FABstìd durch Krankenkassen( ( überm¤"
"660";"00:14:00:13";"00:14:00:13";"FABst$nommen werden. ÿÿ=ß"
"661";"00:14:00:13";"00:14:03:15";"durch Krankenkassen

Èubernommen werden."
"662";"00:14:04:03";"00:14:04:03";"FABstíd In Europa könnte das Medikament( ( Anfan@V"
"663";"00:14:04:03";"00:14:04:03";"FABst>g 2024 auf den Markt kommen.ÿÿ#Î<"
"664";"00:14:04:03";"00:14:08:18";"In Europa kÈonnte das Medikament

Anfang 2024 auf den Markt kommen."
"665";"00:14:08:23";"00:14:08:23";"FABstîF Ein Antrag ist gestellt.ÿÿcä"
"666";"00:14:08:23";"00:14:10:23";"Ein Antrag ist gestellt."
"667";"00:14:13:13";"00:14:13:13";"FABstïd Die Wettervorhersage für morgen,( ( Iô"
"668";"00:14:13:13";"00:14:13:13";"FABst2Samstag, den 08. Juli:ÿÿ/ëj"
"669";"00:14:13:13";"00:14:17:10";"Die Wettervorhersage fÈur morgen,

Samstag, den 08. Juli:"
"670";"00:14:19:08";"00:14:19:08";"FABstðd Ein Hoch sorgt( ( in weiten LandðH"
"671";"00:14:19:08";"00:14:19:08";"FABst,esteilen für Sonne.ÿÿ5bò"
"672";"00:14:19:08";"00:14:22:11";"Ein Hoch sorgt

in weiten Landesteilen fÈur Sonne."
"673";"00:14:22:15";"00:14:22:15";"FABstñd Im Südwesten und Westen( ( wird e;ô"
"674";"00:14:22:15";"00:14:22:15";"FABst0s zunehmend schwüler.ÿÿ1W4"
"675";"00:14:22:15";"00:14:25:18";"Im SÈudwesten und Westen

wird es zunehmend schwÈuler."
"676";"00:14:25:22";"00:14:25:22";"FABstòJ Heute Nacht ist es oft klar.ÿÿh@"
"677";"00:14:25:22";"00:14:27:16";"Heute Nacht ist es oft klar."
"678";"00:14:27:20";"00:14:27:20";"FABstód In den Südwesten ziehen Wolken,( ( aber n.X"
"679";"00:14:27:20";"00:14:27:20";"FABst@ur örtlich fällt etwas Regen.ÿÿ!<u>à"
"680";"00:14:27:20";"00:14:32:02";"In den SÈudwesten ziehen Wolken,

aber nur Èortlich fÈallt etwas Regen."
"681";"00:14:32:06";"00:14:32:06";"FABstôH Morgen verbreitet sonnig.ÿÿt"
"682";"00:14:32:06";"00:14:34:05";"Morgen verbreitet sonnig."
"683";"00:14:34:09";"00:14:34:09";"FABstõdAm Nachmittag im Westen und Südwesten( ( XÖ"
"684";"00:14:34:09";"00:14:34:09";"FABst6 etwas wolkiger,ÿÿ+®"
"685";"00:14:34:09";"00:14:37:20";"Am Nachmittag im Westen und SÈudwesten

etwas wolkiger,"
"686";"00:14:37:24";"00:14:37:24";"FABstöVdort im Verlauf lokale Hitzegewitter.ÿÿ{"
"687";"00:14:37:24";"00:14:40:19";"dort im Verlauf lokale Hitzegewitter."
"688";"00:14:50:18";"00:14:50:18";"FABst÷dAm Sonntag sehr heiß und oft sonnig,( ( )´"
"689";"00:14:50:18";"00:14:50:18";"FABst4 im Westen schwülÿÿ-q"
"690";"00:14:50:18";"00:14:54:11";"Am Sonntag sehr heiû und oft sonnig,

im Westen schwÈul"
"691";"00:14:54:15";"00:14:54:15";"FABstødund gebietsweise Schauer und Gewitter( ("
"692";"00:14:54:15";"00:14:54:15";"FABst: mit Unwettergefahr.ÿÿ'"
"693";"00:14:54:15";"00:14:57:22";"und gebietsweise Schauer und Gewitter

mit Unwettergefahr."
"694";"00:14:58:02";"00:14:58:02";"FABstùd Montag im Osten( ( einzelne Scha´,"
"695";"00:14:58:02";"00:14:58:02";"FABst(uer und Gewitter.ÿÿ9ä"
"696";"00:14:58:02";"00:15:01:10";"Montag im Osten

einzelne Schauer und Gewitter."
"697";"00:15:01:14";"00:15:01:14";"FABstúd Dienstag erst oft sonnig,( ( von WestÛ¼"
"698";"00:15:01:14";"00:15:01:14";"FABst2en her Unwettergefahr.ÿÿ/v"
"699";"00:15:01:14";"00:15:05:16";"Dienstag erst oft sonnig,

von Westen her Unwettergefahr."
"700";"00:15:09:05";"00:15:09:05";"FABstûdMit einer Kurzausgabe der tagesthemen( ( °"
"701";"00:15:09:05";"00:15:09:05";"FABst@ meldet sich Ingo Zamperoniÿÿ!ú*"
"702";"00:15:09:05";"00:15:13:00";"Mit einer Kurzausgabe der tagesthemen

meldet sich Ingo Zamperoni"
"703";"00:15:13:04";"00:15:13:04";"FABstü> gegen 21.20 Uhr:ÿÿ,."
"704";"00:15:13:04";"00:15:14:13";"gegen 21.20 Uhr:"
"705";"00:15:14:17";"00:15:14:17";"FABstýB In der Halbzeitpauseÿÿb"
"706";"00:15:14:17";"00:15:16:06";"In der Halbzeitpause"
"707";"00:15:16:10";"00:15:16:10";"FABstþd im Spiel der deutschen( ( Frauen-FußD<"
"708";"00:15:16:10";"00:15:16:10";"FABst4ballnationalmannschaft.ÿÿ-Àh"
"709";"00:15:16:10";"00:15:20:03";"im Spiel der deutschen

Frauen-Fuûballnationalmannschaft."
"710";"00:15:20:07";"00:15:20:07";"FABstÿd Darin unter anderem:( ( Vor dem NAd"
"711";"00:15:20:07";"00:15:20:07";"FABst0TO-Gipfel in Vilnius.ÿÿ1H"
"712";"00:15:20:07";"00:15:23:12";"Darin unter anderem:

Vor dem NATO-Gipfel in Vilnius."
"713";"00:15:23:16";"00:15:23:16";"FABstd Ukraines Präsident Selenskyj( ( zÍÈ"
"714";"00:15:23:16";"00:15:23:16";"FABst,u Gast in Istanbul.ÿÿ5´"
"715";"00:15:23:16";"00:15:26:17";"Ukraines PrÈasident Selenskyj

zu Gast in Istanbul."
"716";"00:15:26:22";"00:15:26:22";"FABstd Ich wünsche Ihnen ( ( einen  "
"717";"00:15:26:22";"00:15:26:22";"FABst"schönen Abend.ÿÿ?Yf"
"718";"00:15:26:22";"00:15:29:17";"Ich wÈunsche Ihnen

einen schÈonen Abend."
"719";"00:15:29:21";"00:15:29:21";"FABstLCopyright Untertitel: NDR 2023ÿÿú"
"720";"00:15:29:21";"00:15:32:01";"Copyright Untertitel: NDR 2023"
