No.;Timecode In;Timecode Out;Subtitle
"1";"00:00:18:00";"00:00:18:00";"FABst6 * Gong *ÿÿZZZZZZZZZZ¥¥ã¥¥¥¥¥6"
"2";"00:00:18:00";"00:00:18:00";"FABst¥¥¥á¥¥à¥ã¥¥¥¥§ª¦ªîªªªGÌ"
"3";"00:00:18:00";"00:00:19:04";"* Gong *"
"4";"00:00:19:08";"00:00:19:08";"FABstdHier ist das Erste Deutsche Fernsehen( ( 9"
"5";"00:00:19:08";"00:00:19:08";"FABst: mit den tagesthemen.ÿÿ'ºð"
"6";"00:00:19:08";"00:00:23:09";"Hier ist das Erste Deutsche Fernsehen

mit den tagesthemen."
"7";"00:00:23:13";"00:00:23:13";"FABstd Diese Sendung wurde vom NDR( ( live Af"
"8";"00:00:23:13";"00:00:23:13";"FABst6untertitelt (04.06.2023)ÿÿ+¼ª"
"9";"00:00:23:13";"00:00:26:20";"Diese Sendung wurde vom NDR

live untertitelt (04.06.2023)"
"10";"00:00:26:24";"00:00:26:24";"FABstd Heute im Studio: Aline Abboud( ( uqt"
"11";"00:00:26:24";"00:00:26:24";"FABst2nd Julia-Niharika Sen.ÿÿ/ÅØ"
"12";"00:00:26:24";"00:00:30:01";"Heute im Studio: Aline Abboud

und Julia-Niharika Sen."
"13";"00:00:30:09";"00:00:30:09";"FABstL Willkommen zu den tagesthemen.¢\"
"14";"00:00:30:09";"00:00:32:10";"Willkommen zu den tagesthemen."
"15";"00:00:33:03";"00:00:33:03";"FABst: Guten Abend.+È*"
"16";"00:00:33:03";"00:00:34:08";"Guten Abend."
"17";"00:00:35:01";"00:00:35:01";"FABstRWir werfen einen Blick nach Polen,ÿÿ"
"18";"00:00:35:01";"00:00:37:17";"Wir werfen einen Blick nach Polen,"
"19";"00:00:37:24";"00:00:37:24";"FABstd wo sich viele an die bewegte( ( Verga"
"20";"00:00:37:24";"00:00:37:24";"FABstDngenheit ihres Landes erinnern.ÿÿû¬"
"21";"00:00:37:24";"00:00:42:15";"wo sich viele an die bewegte

Vergangenheit ihres Landes erinnern."
"22";"00:00:42:24";"00:00:42:24";"FABstd Über 100.000 Menschen( ( protes¢N"
"23";"00:00:42:24";"00:00:42:24";"FABst,tierten in Warschauÿÿ5®ô"
"24";"00:00:42:24";"00:00:46:09";"ÈUber 100.000 Menschen

protestierten in Warschau"
"25";"00:00:46:13";"00:00:46:13";"FABstd gegen( ( die national-kons1ú"
"26";"00:00:46:13";"00:00:46:13";"FABst,ervative Regierung.ÿÿ5¦ð"
"27";"00:00:46:13";"00:00:49:15";"gegen

die national-konservative Regierung."
"28";"00:00:50:20";"00:00:50:20";"FABstd Die Organisatoren sprachen ( ( von d;Ì"
"29";"00:00:50:20";"00:00:50:20";"FABst6er größten Demonstrationÿÿ+á4"
"30";"00:00:50:20";"00:00:54:06";"Die Organisatoren sprachen

von der grÈoûten Demonstration"
"31";"00:00:54:08";"00:00:54:08";"FABstTseit dem Ende des Kommunismus 1989.ÿÿÄ"
"32";"00:00:54:08";"00:00:56:20";"seit dem Ende des Kommunismus 1989."
"33";"00:00:57:17";"00:00:57:17";"FABstd Sie hatten die Kundgebung( ( bewusst v:"
"34";"00:00:57:17";"00:00:57:17";"FABst2auf diesen Tag gelegt.ÿÿ/Ö "
"35";"00:00:57:17";"00:01:01:13";"Sie hatten die Kundgebung

bewusst auf diesen Tag gelegt."
"36";"00:01:01:21";"00:01:01:21";"FABstdAm 4. Juni 1989 fanden in Polen die( ( eJú"
"37";"00:01:01:21";"00:01:01:21";"FABstFrsten teils freien Wahlen statt.ÿÿËª"
"38";"00:01:01:21";"00:01:06:14";"Am 4. Juni 1989 fanden in Polen die

ersten teils freien Wahlen statt."
"39";"00:01:07:12";"00:01:07:12";"FABstd Kritiker sehen wegen( ( der Reg!"
"40";"00:01:07:12";"00:01:07:12";"FABst(ierungspartei PiSÿÿ9Ü,"
"41";"00:01:07:12";"00:01:10:14";"Kritiker sehen wegen

der Regierungspartei PiS"
"42";"00:01:11:23";"00:01:11:23";"FABstL diese freie Wahlen in Gefahr.ÿÿ<u>Ì"
"43";"00:01:11:23";"00:01:14:06";"diese freie Wahlen in Gefahr."
"44";"00:01:14:19";"00:01:14:19";"FABstL Kristin Joachim aus Warschau.ÿÿõê"
"45";"00:01:14:19";"00:01:16:11";"Kristin Joachim aus Warschau."
"46";"00:01:24:18";"00:01:24:18";"FABstd Sie singen die Nationalhymne: ( ( "Noch QB"
"47";"00:01:24:18";"00:01:24:18";"FABst:ist Polen nicht verloren."ÿÿ'º"
"48";"00:01:24:18";"00:01:28:15";"Sie singen die Nationalhymne:

"Noch ist Polen nicht verloren.""
"49";"00:01:29:16";"00:01:29:16";"FABstP Genau das empfinden die Menschen,¯þ"
"50";"00:01:29:16";"00:01:31:19";"Genau das empfinden die Menschen,"
"51";"00:01:31:21";"00:01:31:21";"FABstd die zu Hunderttausenden( ( nach War'"
"52";"00:01:31:21";"00:01:31:21";"FABst.schau gekommen sind.`3Ù<"
"53";"00:01:31:21";"00:01:34:23";"die zu Hunderttausenden

nach Warschau gekommen sind."
"54";"00:01:35:21";"00:01:35:21";"FABstdSie protestieren gegen die Regierung( ( 'v"
"55";"00:01:35:21";"00:01:35:21";"FABstBder nationalkonservativen PiS.ÿÿàÂ"
"56";"00:01:35:21";"00:01:40:10";"Sie protestieren gegen die Regierung

der nationalkonservativen PiS."
"57";"00:01:42:06";"00:01:42:06";"FABstd Die Demo ist Ausdruck( ( der Unzuf)"
"58";"00:01:42:06";"00:01:42:06";"FABst<riedenheit, des Widerstands-äT"
"59";"00:01:42:06";"00:01:45:23";"Die Demo ist Ausdruck

der Unzufriedenheit, des Widerstands"
"60";"00:01:46:02";"00:01:46:02";"FABstd gegen den Mangel an Demokratie( ( !"
"61";"00:01:46:02";"00:01:46:02";"FABst" im Land.G°"
"62";"00:01:46:02";"00:01:48:09";"gegen den Mangel an Demokratie

im Land."
"63";"00:01:48:13";"00:01:48:13";"FABstdDas polnische Volk hat sich immer( ( gegy¶"
"64";"00:01:48:13";"00:01:48:13";"FABst>en solche Zustände erhoben, ÿÿ#<"
"65";"00:01:48:13";"00:01:52:04";"Das polnische Volk hat sich immer

gegen solche ZustÈande erhoben,"
"66";"00:01:52:06";"00:01:52:06";"FABstD deshalb sind wir hier.ÿÿ"
"67";"00:01:52:06";"00:01:53:16";"deshalb sind wir hier."
"68";"00:01:54:04";"00:01:54:04";"FABstVEin Krebsgeschwür frisst unser Land.BÒ"
"69";"00:01:54:04";"00:01:56:11";"Ein KrebsgeschwÈur frisst unser Land."
"70";"00:01:56:15";"00:01:56:15";"FABstdUnsere Regierung zwingt unser Land( ( in¶"
"71";"00:01:56:15";"00:01:56:15";"FABstB die Arme des Totalitarismus. '®"
"72";"00:01:56:15";"00:02:00:11";"Unsere Regierung zwingt unser Land

in die Arme des Totalitarismus."
"73";"00:02:00:13";"00:02:00:13";"FABstJ Wir machen es Russland nach.ÿÿþf"
"74";"00:02:00:13";"00:02:02:11";"Wir machen es Russland nach."
"75";"00:02:03:08";"00:02:03:08";"FABstd Aufgerufen zu dem Marsch( ( ha|Ê"
"76";"00:02:03:08";"00:02:03:08";"FABst&tte Donald Tusk,ÿÿ;¬:"
"77";"00:02:03:08";"00:02:06:03";"Aufgerufen zu dem Marsch

hatte Donald Tusk,"
"78";"00:02:06:07";"00:02:06:07";"FABstPParteichef der oppositionellen PO.ÿÿ¢"
"79";"00:02:06:07";"00:02:08:12";"Parteichef der oppositionellen PO."
"80";"00:02:08:16";"00:02:08:16";"FABstdAn seiner Seite heute Lech Walesa,( ( æ"
"81";"00:02:08:16";"00:02:08:16";"FABst2eine Legende im Kampfÿÿ/Íú"
"82";"00:02:08:16";"00:02:12:02";"An seiner Seite heute Lech Walesa,

eine Legende im Kampf"
"83";"00:02:12:06";"00:02:12:06";"FABst d gegen den Kommunismus( ( und'$"
"84";"00:02:12:06";"00:02:12:06";"FABst& für Demokratie.ÿÿ;<"
"85";"00:02:12:06";"00:02:14:19";"gegen den Kommunismus

und fÈur Demokratie."
"86";"00:02:14:23";"00:02:14:23";"FABst!d Heute, 34 Jahre nach den ersten( ( halbW®"
"87";"00:02:14:23";"00:02:14:23";"FABst<wegs freien Wahlen in Polenÿÿ%x"
"88";"00:02:14:23";"00:02:18:24";"Heute, 34 Jahre nach den ersten

halbwegs freien Wahlen in Polen"
"89";"00:02:19:03";"00:02:19:03";"FABst"d steht die Demokratie ( ( wied?."
"90";"00:02:19:03";"00:02:19:03";"FABst(er auf dem Spiel.ÿÿ9¸*"
"91";"00:02:19:03";"00:02:21:13";"steht die Demokratie

wieder auf dem Spiel."
"92";"00:02:21:15";"00:02:21:15";"FABst#d Das hat die Menschen( ( dem Aufruf=`"
"93";"00:02:21:15";"00:02:21:15";"FABst0 Tusks folgen lassen:ÿÿ1³Æ"
"94";"00:02:21:15";"00:02:25:05";"Das hat die Menschen

dem Aufruf Tusks folgen lassen:"
"95";"00:02:27:04";"00:02:27:04";"FABst$VDie Demokratie stirbt in der Stille.¾F"
"96";"00:02:27:04";"00:02:29:19";"Die Demokratie stirbt in der Stille."
"97";"00:02:30:04";"00:02:30:04";"FABst%d Ab heute werden wir( ( nicþ"
"98";"00:02:30:04";"00:02:30:04";"FABst"ht still sein.GÐ"
"99";"00:02:30:04";"00:02:32:16";"Ab heute werden wir

nicht still sein."
"100";"00:02:32:19";"00:02:32:19";"FABst&d Ihr habt eure Stimme erhoben( ( im Name+d"
"101";"00:02:32:19";"00:02:32:19";"FABst8n von 38 Millionen Polen.`)©"
"102";"00:02:32:19";"00:02:36:14";"Ihr habt eure Stimme erhoben

im Namen von 38 Millionen Polen."
"103";"00:02:36:18";"00:02:36:18";"FABst'd Für die Demokratie,( ( damit Êº"
"104";"00:02:36:18";"00:02:36:18";"FABst(sie nicht stirbt.ÿÿ9ßz"
"105";"00:02:36:18";"00:02:39:04";"FÈur die Demokratie,

damit sie nicht stirbt."
"106";"00:02:39:06";"00:02:39:06";"FABst(d Gegen die täglichen Angriffe ( ( von Ká"
"107";"00:02:39:06";"00:02:39:06";"FABst:aczinsky und der Regierungÿÿ'>"
"108";"00:02:39:06";"00:02:42:17";"Gegen die tÈaglichen Angriffe

von Kaczinsky und der Regierung"
"109";"00:02:42:19";"00:02:42:19";"FABst)B auf ihre Fundamente.ÿÿó"
"110";"00:02:42:19";"00:02:44:05";"auf ihre Fundamente."
"111";"00:02:45:11";"00:02:45:11";"FABst*d Viele Menschen auf dem Marsch( ( nalÜ"
"112";"00:02:45:11";"00:02:45:11";"FABst2hmen kurzfristig teil.ÿÿ/¦"
"113";"00:02:45:11";"00:02:49:03";"Viele Menschen auf dem Marsch

nahmen kurzfristig teil."
"114";"00:02:49:07";"00:02:49:07";"FABst+d Nachdem die PiS vor einer Woche ( ( ein umDÜ"
"115";"00:02:49:07";"00:02:49:07";"FABst>strittenes Gesetz beschloss,ÿÿ#l"
"116";"00:02:49:07";"00:02:53:05";"Nachdem die PiS vor einer Woche

ein umstrittenes Gesetz beschloss,"
"117";"00:02:53:07";"00:02:53:07";"FABst,> das "Lex Tusk".ÿÿØ"
"118";"00:02:53:07";"00:02:54:14";"das "Lex Tusk"."
"119";"00:02:55:03";"00:02:55:03";"FABst-d Eine Kommission soll ( ( den rD"
"120";"00:02:55:03";"00:02:55:03";"FABst*ussischen Einflussÿÿ7<u>"
"121";"00:02:55:03";"00:02:57:20";"Eine Kommission soll

den russischen Einfluss"
"122";"00:02:57:24";"00:02:57:24";"FABst.d auf die polnische Politik in den( ( vergangÂ"
"123";"00:02:57:24";"00:02:57:24";"FABst>genen 16 Jahren untersuchen.ÿÿ#Ú"
"124";"00:02:57:24";"00:03:01:20";"auf die polnische Politik in den

vergangenen 16 Jahren untersuchen."
"125";"00:03:01:22";"00:03:01:22";"FABst/d Beschuldigte könnten( ( von Mandaten"
"126";"00:03:01:22";"00:03:01:22";"FABst4 ausgeschlossen werden.ÿÿ-ÀÐ"
"127";"00:03:01:22";"00:03:05:14";"Beschuldigte kÈonnten

von Mandaten ausgeschlossen werden."
"128";"00:03:06:22";"00:03:06:22";"FABst0d De facto soll es Donald Tusk( ( vor der ~ö"
"129";"00:03:06:22";"00:03:06:22";"FABst<Wahl im Herbst kaltstellen.ÿÿ%Z"
"130";"00:03:06:22";"00:03:11:06";"De facto soll es Donald Tusk

vor der Wahl im Herbst kaltstellen."
"131";"00:03:12:21";"00:03:12:21";"FABst1d Der Verfassungsrechtler Matczak( ( dâ"
"132";"00:03:12:21";"00:03:12:21";"FABst0und andere Expertenÿÿ1¯("
"133";"00:03:12:21";"00:03:16:02";"Der Verfassungsrechtler Matczak

und andere Experten"
"134";"00:03:16:06";"00:03:16:06";"FABst2d kritisieren das Gesetz( ( in Stellun\Ø"
"135";"00:03:16:06";"00:03:16:06";"FABst2gnahmen für den Senat:ÿÿ/F"
"136";"00:03:16:06";"00:03:19:22";"kritisieren das Gesetz

in Stellungnahmen fÈur den Senat:"
"137";"00:03:20:19";"00:03:20:19";"FABst3d Es kann nicht sein,( ( dass in Eurâ"
"138";"00:03:20:19";"00:03:20:19";"FABst,opa, in einem Land,=ý@"
"139";"00:03:20:19";"00:03:23:24";"Es kann nicht sein,

dass in Europa, in einem Land,"
"140";"00:03:24:03";"00:03:24:03";"FABst4d das zur EU gehört,( ( ein Superge¯È"
"141";"00:03:24:03";"00:03:24:03";"FABst6richt eingerichtet wird.3ªL"
"142";"00:03:24:03";"00:03:27:06";"das zur EU gehÈort,

ein Supergericht eingerichtet wird."
"143";"00:03:27:08";"00:03:27:08";"FABst5d Das ist diese Kommission,( ( die SvZ"
"144";"00:03:27:08";"00:03:27:08";"FABst2trafen verhängen kann,ÿÿ/3D"
"145";"00:03:27:08";"00:03:30:12";"Das ist diese Kommission,

die Strafen verhÈangen kann,"
"146";"00:03:30:14";"00:03:30:14";"FABst6d die normalerweise( ( ein Ge`"
"147";"00:03:30:14";"00:03:30:14";"FABst$richt verhängt.ÿÿ=""
"148";"00:03:30:14";"00:03:33:01";"die normalerweise

ein Gericht verhÈangt."
"149";"00:03:33:05";"00:03:33:05";"FABst7d Das Staatsanwaltschaft ist( ( und inJ:"
"150";"00:03:33:05";"00:03:33:05";"FABst2 dem Politiker sitzen,ÿÿ/Ôf"
"151";"00:03:33:05";"00:03:36:20";"Das Staatsanwaltschaft ist

und in dem Politiker sitzen,"
"152";"00:03:36:22";"00:03:36:22";"FABst8d und zwar die Politiker( ( eiqJ"
"153";"00:03:36:22";"00:03:36:22";"FABst ner Fraktion.ÿÿAÙ"
"154";"00:03:36:22";"00:03:39:06";"und zwar die Politiker

einer Fraktion."
"155";"00:03:39:10";"00:03:39:10";"FABst9d Polens Präsident Duda hatte( ( das Ges8"
"156";"00:03:39:10";"00:03:39:10";"FABst:etz schnell unterzeichnet,ÿÿ'¾Ö"
"157";"00:03:39:10";"00:03:43:00";"Polens PrÈasident Duda hatte

das Gesetz schnell unterzeichnet,"
"158";"00:03:43:04";"00:03:43:04";"FABst:d ruderte nach heftiger Kritik,( ( auch aus8"
"159";"00:03:43:04";"00:03:43:04";"FABst: dem Ausland, aber zurück.ÿÿ'Cä"
"160";"00:03:43:04";"00:03:46:20";"ruderte nach heftiger Kritik,

auch aus dem Ausland, aber zurÈuck."
"161";"00:03:46:22";"00:03:46:22";"FABst;F Und will es entschärfen.ÿÿR"
"162";"00:03:46:22";"00:03:48:13";"Und will es entschÈarfen."
"163";"00:03:48:14";"00:03:48:14";"FABst<d Im Herbst sind in Polen( ( P"
"164";"00:03:48:14";"00:03:48:14";"FABst&arlamentswahlen.ÿÿ;¸l"
"165";"00:03:48:14";"00:03:51:01";"Im Herbst sind in Polen

Parlamentswahlen."
"166";"00:03:51:03";"00:03:51:03";"FABst=d In Umfragen liegt( ( die Regierun"D"
"167";"00:03:51:03";"00:03:51:03";"FABst*gspartei PiS vorn.ÿÿ7¾x"
"168";"00:03:51:03";"00:03:54:00";"In Umfragen liegt

die Regierungspartei PiS vorn."
"169";"00:03:54:02";"00:03:54:02";"FABst>d Die Lex Tusk könnte der PiS( ( aýÜ"
"170";"00:03:54:02";"00:03:54:02";"FABst,uf die Füße fallen.ÿÿ5Ò"
"171";"00:03:54:02";"00:03:56:24";"Die Lex Tusk kÈonnte der PiS

auf die FÈuûe fallen."
"172";"00:03:57:01";"00:03:57:01";"FABst?d Sie mobilisiert wie kaum etwas( ( diew´"
"173";"00:03:57:01";"00:03:57:01";"FABst4 Wähler der Opposition.ÿÿ-x"
"174";"00:03:57:01";"00:04:01:00";"Sie mobilisiert wie kaum etwas

die WÈahler der Opposition."
"175";"00:04:03:02";"00:04:03:02";"FABst@J Kristin Joachim in Warschau.ÿÿÀD"
"176";"00:04:03:02";"00:04:05:09";"Kristin Joachim in Warschau."
"177";"00:04:05:20";"00:04:05:20";"FABstAd Duda kündigte an,( ( dass er Ändez"
"178";"00:04:05:20";"00:04:05:20";"FABst2rungen vornehmen will.ÿÿ/«"
"179";"00:04:05:20";"00:04:09:11";"Duda kÈundigte an,

dass er ÈAnderungen vornehmen will."
"180";"00:04:10:01";"00:04:10:01";"FABstBd Warum seine Kehrtwende - ( ( entsap"
"181";"00:04:10:01";"00:04:10:01";"FABst0chärft es das Gesetz?ÿÿ1&ì"
"182";"00:04:10:01";"00:04:13:10";"Warum seine Kehrtwende -

entschÈarft es das Gesetz?"
"183";"00:04:17:17";"00:04:17:17";"FABstCd Die Kehrtwende kommt durch( ( die hefti'ª"
"184";"00:04:17:17";"00:04:17:17";"FABst:ge Kritik aus dem Ausland.`'ÇV"
"185";"00:04:17:17";"00:04:21:15";"Die Kehrtwende kommt durch

die heftige Kritik aus dem Ausland."
"186";"00:04:22:03";"00:04:22:03";"FABstDd Vom engsten Verbündeten Polens,( ( nÁ8"
"187";"00:04:22:03";"00:04:22:03";"FABst4ämlich aus den den USA.`-¨"
"188";"00:04:22:03";"00:04:25:23";"Vom engsten VerbÈundeten Polens,

nÈamlich aus den den USA."
"189";"00:04:28:05";"00:04:28:05";"FABstEVDa kritisierte man das Gesetz scharf.ÿÿ4"
"190";"00:04:28:05";"00:04:30:19";"Da kritisierte man das Gesetz scharf."
"191";"00:04:32:02";"00:04:32:02";"FABstFN Auch die EU äußerte sich scharf.ÿÿß¢"
"192";"00:04:32:02";"00:04:34:09";"Auch die EU Èauûerte sich scharf."
"193";"00:04:37:01";"00:04:37:01";"FABstGd Polen ist auf Gelder( ( von deØ"
"194";"00:04:37:01";"00:04:37:01";"FABst&r EU angewiesen.ÿÿ;²F"
"195";"00:04:37:01";"00:04:40:14";"Polen ist auf Gelder

von der EU angewiesen."
"196";"00:04:41:14";"00:04:41:14";"FABstHd Etwa auf die Gelder aus dem( ( CoroE&"
"197";"00:04:41:14";"00:04:41:14";"FABst4na-Wiederaufbau-Fonds. ÿÿ-"
"198";"00:04:41:14";"00:04:45:09";"Etwa auf die Gelder aus dem

Corona-Wiederaufbau-Fonds."
"199";"00:04:49:17";"00:04:49:17";"FABstIPDas Gesetz soll entschärft werden.ÿÿ#"
"200";"00:04:49:17";"00:04:53:07";"Das Gesetz soll entschÈarft werden."
"201";"00:04:54:03";"00:04:54:03";"FABstJd Man soll dann keine Strafe mehr( ( o "
"202";"00:04:54:03";"00:04:54:03";"FABst. verhängen können,ÿÿ3¥"
"203";"00:04:54:03";"00:04:58:03";"Man soll dann keine Strafe mehr

verhÈangen kÈonnen,"
"204";"00:04:59:02";"00:04:59:02";"FABstKd wo man kein öffentliches Mandat( ("
"205";"00:04:59:02";"00:04:59:02";"FABst* ausüben darf.ÿÿ7=¼"
"206";"00:04:59:02";"00:05:02:18";"wo man kein Èoffentliches Mandat

ausÈuben darf."
"207";"00:05:03:16";"00:05:03:16";"FABstLJ Man darf in Berufung gehen.ÿÿÑ¬"
"208";"00:05:03:16";"00:05:05:14";"Man darf in Berufung gehen."
"209";"00:05:06:09";"00:05:06:09";"FABstMd Die meisten Richter hier( ( sind von }"
"210";"00:05:06:09";"00:05:06:09";"FABst4der PiS benannt worden.ÿÿ-"
"211";"00:05:06:09";"00:05:10:23";"Die meisten Richter hier

sind von der PiS benannt worden."
"212";"00:05:11:16";"00:05:11:16";"FABstNd Die Justiz ist damit( ( nicht yÀ"
"213";"00:05:11:16";"00:05:11:16";"FABst&mehr unabhängig.ÿÿ;"
"214";"00:05:11:16";"00:05:15:05";"Die Justiz ist damit

nicht mehr unabhÈangig."
"215";"00:05:15:14";"00:05:15:14";"FABstOd Auch wenn man( ( keine Strafen me*X"
"216";"00:05:15:14";"00:05:15:14";"FABst*hr verhängen kann,ÿÿ7#<u>"
"217";"00:05:15:14";"00:05:18:23";"Auch wenn man

keine Strafen mehr verhÈangen kann,"
"218";"00:05:20:00";"00:05:20:00";"FABstPd so soll die Kommission( ( die Fähigkí$"
"219";"00:05:20:00";"00:05:20:00";"FABst2eit absprechen können,ÿÿ/%N"
"220";"00:05:20:00";"00:05:23:18";"so soll die Kommission

die FÈahigkeit absprechen kÈonnen,"
"221";"00:05:24:23";"00:05:24:23";"FABstQN öffentliche Ämter zu übernehmen.ÿÿpp"
"222";"00:05:24:23";"00:05:27:09";"Èoffentliche ÈAmter zu Èubernehmen."
"223";"00:05:27:21";"00:05:27:21";"FABstRJ Das ist ein scharfes Mittel.ÿÿ~"
"224";"00:05:27:21";"00:05:29:21";"Das ist ein scharfes Mittel."
"225";"00:05:31:23";"00:05:31:23";"FABstSd Ist das Rennen( ( um die ParlamF"
"226";"00:05:31:23";"00:05:31:23";"FABst*entswahlen so eng,ÿÿ7¹Z"
"227";"00:05:31:23";"00:05:34:16";"Ist das Rennen

um die Parlamentswahlen so eng,"
"228";"00:05:34:18";"00:05:34:18";"FABstTd dass die Regierung( ( zu solchen MnÜ"
"229";"00:05:34:18";"00:05:34:18";"FABst.itteln greifen muss?ÿÿ3­¬"
"230";"00:05:34:18";"00:05:37:22";"dass die Regierung

zu solchen Mitteln greifen muss?"
"231";"00:05:39:17";"00:05:39:17";"FABstUN Die PiS liegt um die 30 Prozent.ÿÿt"
"232";"00:05:39:17";"00:05:42:12";"Die PiS liegt um die 30 Prozent."
"233";"00:05:44:03";"00:05:44:03";"FABstVd Donald Tusk liegt bei 27 Prozent( ("
"234";"00:05:44:03";"00:05:44:03";"FABst.mit seiner Partei.`3åú"
"235";"00:05:44:03";"00:05:48:04";"Donald Tusk liegt bei 27 Prozent

mit seiner Partei."
"236";"00:05:50:05";"00:05:50:05";"FABstWPDie PiS scheint es nötig zu sehen,ÿÿT"
"237";"00:05:50:05";"00:05:53:04";"Die PiS scheint es nÈotig zu sehen,"
"238";"00:05:53:08";"00:05:53:08";"FABstXL zu solchen Mitteln zu greifen.ÿÿ"
"239";"00:05:53:08";"00:05:55:24";"zu solchen Mitteln zu greifen."
"240";"00:05:56:15";"00:05:56:15";"FABstYd Sie hat große Wahlversprechen( ( Ë®"
"241";"00:05:56:15";"00:05:56:15";"FABst" gemacht.ÿÿ?¯"
"242";"00:05:56:15";"00:05:59:20";"Sie hat groûe Wahlversprechen

gemacht."
"243";"00:06:00:02";"00:06:00:02";"FABstZPDas Kindergeld soll erhöht werden.ÿÿ)"
"244";"00:06:00:02";"00:06:02:13";"Das Kindergeld soll erhÈoht werden."
"245";"00:06:02:21";"00:06:02:21";"FABst[d Die Medikamente für Kinder( ( solleÒd"
"246";"00:06:02:21";"00:06:02:21";"FABst0n kostenfrei werden. ÿÿ1à"
"247";"00:06:02:21";"00:06:06:12";"Die Medikamente fÈur Kinder

sollen kostenfrei werden."
"248";"00:06:06:20";"00:06:06:20";"FABst\dMan sieht doch, dass die PiS alles( ( daranNJ"
"249";"00:06:06:20";"00:06:06:20";"FABst@ setzt, die Wahl zu gewinnen.ÿÿ!<i>b"
"250";"00:06:06:20";"00:06:11:13";"Man sieht doch, dass die PiS alles

daran setzt, die Wahl zu gewinnen."
"251";"00:06:13:02";"00:06:13:02";"FABst]PSie greift dafür zu allen Mitteln.ÿÿtt"
"252";"00:06:13:02";"00:06:15:13";"Sie greift dafÈur zu allen Mitteln."
"253";"00:06:19:14";"00:06:19:14";"FABst^d Der Juni zeigte sich heute( ( von s~®"
"254";"00:06:19:14";"00:06:19:14";"FABst0einer sonnigen Seite,ÿÿ1âr"
"255";"00:06:19:14";"00:06:23:00";"Der Juni zeigte sich heute

von seiner sonnigen Seite,"
"256";"00:06:23:04";"00:06:23:04";"FABst_d fast überall -( ( auch im Regi"
"257";"00:06:23:04";"00:06:23:04";"FABst6erungsviertel in Berlin.ÿÿ+
Î"
"258";"00:06:23:04";"00:06:26:16";"fast Èuberall -

auch im Regierungsviertel in Berlin."
"259";"00:06:26:20";"00:06:26:20";"FABst`d Aber die Regierenden( ( haben wenigS¬"
"260";"00:06:26:20";"00:06:26:20";"FABst2 Ruhe, mal zu relaxen.ÿÿ/Þè"
"261";"00:06:26:20";"00:06:30:15";"Aber die Regierenden

haben wenig Ruhe, mal zu relaxen."
"262";"00:06:32:15";"00:06:32:15";"FABstaJ Die Umfragewerte sind mies.ÿÿ</i>"
"263";"00:06:32:15";"00:06:34:16";"Die Umfragewerte sind mies."
"264";"00:06:35:01";"00:06:35:01";"FABstbD Das liegt auch daran,ÿÿX"
"265";"00:06:35:01";"00:06:36:10";"Das liegt auch daran,"
"266";"00:06:36:12";"00:06:36:12";"FABstcd dass über das geplante( ( Heizungsgø"
"267";"00:06:36:12";"00:06:36:12";"FABst2esetz gestritten wird.ÿÿ/¾ö"
"268";"00:06:36:12";"00:06:39:22";"dass Èuber das geplante

Heizungsgesetz gestritten wird."
"269";"00:06:40:01";"00:06:40:01";"FABstdH Es sind noch fünf Wochen,ÿÿp"
"270";"00:06:40:01";"00:06:41:19";"Es sind noch fÈunf Wochen,"
"271";"00:06:41:23";"00:06:41:23";"FABsted dann beginnt( ( die parlamentarh"
"272";"00:06:41:23";"00:06:41:23";"FABst*ische Sommerpause.ÿÿ7Ó"
"273";"00:06:41:23";"00:06:44:18";"dann beginnt

die parlamentarische Sommerpause."
"274";"00:06:44:22";"00:06:44:22";"FABstfd Bis dahin wollen die Grünen das( ( Geset¢Ø"
"275";"00:06:44:22";"00:06:44:22";"FABst>z unter Dach und Fach haben.ÿÿ#á<u>"
"276";"00:06:44:22";"00:06:48:16";"Bis dahin wollen die GrÈunen das

Gesetz unter Dach und Fach haben."
"277";"00:06:48:20";"00:06:48:20";"FABstg< Ob das klappt?ÿÿ!Ïª"
"278";"00:06:48:20";"00:06:49:22";"Ob das klappt?"
"279";"00:06:50:01";"00:06:50:01";"FABsthd Das wurde heute( ( noch unwah~À"
"280";"00:06:50:01";"00:06:50:01";"FABst"rscheinlicher.ÿÿ?¯"
"281";"00:06:50:01";"00:06:52:14";"Das wurde heute

noch unwahrscheinlicher."
"282";"00:06:52:16";"00:06:52:16";"FABstid Die FDP( ( scheint es nicht e"
"283";"00:06:52:16";"00:06:52:16";"FABst"ilig zu haben.ÿÿ?º¢"
"284";"00:06:52:16";"00:06:55:08";"Die FDP

scheint es nicht eilig zu haben."
"285";"00:06:56:10";"00:06:56:10";"FABstj< Heiner Heller.ÿÿ!½¨"
"286";"00:06:56:10";"00:06:57:14";"Heiner Heller."
"287";"00:06:58:21";"00:06:58:21";"FABstkd Sven Lehmann aus Sachsen-Anhalt( ( lehKÖ"
"288";"00:06:58:21";"00:06:58:21";"FABst:nt sich entspannt zurück. /("
"289";"00:06:58:21";"00:07:02:10";"Sven Lehmann aus Sachsen-Anhalt

lehnt sich entspannt zurÈuck."
"290";"00:07:02:12";"00:07:02:12";"FABstlTEr hat die Energiewende hinter sich.Âä"
"291";"00:07:02:12";"00:07:04:17";"Er hat die Energiewende hinter sich."
"292";"00:07:04:19";"00:07:04:19";"FABstmd In seinem gedämmten Haus( ( heizt bei&"
"293";"00:07:04:19";"00:07:04:19";"FABst6 Bedarf eine Wärmepumpe.ÿÿ+{ô"
"294";"00:07:04:19";"00:07:08:10";"In seinem gedÈammten Haus

heizt bei Bedarf eine WÈarmepumpe."
"295";"00:07:08:12";"00:07:08:12";"FABstnL Beim Einbau packte er mit an,ÿÿ"
"296";"00:07:08:12";"00:07:10:06";"Beim Einbau packte er mit an,"
"297";"00:07:10:08";"00:07:10:08";"FABstod öffentliche Förderung( ( schontz^"
"298";"00:07:10:08";"00:07:10:08";"FABst, seinen Geldbeutel.ÿÿ5å"
"299";"00:07:10:08";"00:07:13:00";"Èoffentliche FÈorderung

schont seinen Geldbeutel."
"300";"00:07:13:02";"00:07:13:02";"FABstpd Er ist fein raus,( ( hat aber Mitg]2"
"301";"00:07:13:02";"00:07:13:02";"FABst,efühl mit Nachbarn.ÿÿ5j"
"302";"00:07:13:02";"00:07:16:08";"Er ist fein raus,

hat aber MitgefÈuhl mit Nachbarn."
"303";"00:07:16:24";"00:07:16:24";"FABstqd Was kann sich die Bevölkerung( ( leistÜ¬"
"304";"00:07:16:24";"00:07:16:24";"FABst:en aufgrund der Inflation?/Âü"
"305";"00:07:16:24";"00:07:20:13";"Was kann sich die BevÈolkerung

leisten aufgrund der Inflation?"
"306";"00:07:20:15";"00:07:20:15";"FABstrNOder nicht - das ist wesentlich.·*"
"307";"00:07:20:15";"00:07:22:17";"Oder nicht - das ist wesentlich."
"308";"00:07:22:19";"00:07:22:19";"FABstsdUns ging es die letzten Jahre über( ( Ð"
"309";"00:07:22:19";"00:07:22:19";"FABst4 gut in Deutschland.ÿÿ-ä,"
"310";"00:07:22:19";"00:07:25:23";"Uns ging es die letzten Jahre Èuber

gut in Deutschland."
"311";"00:07:26:00";"00:07:26:00";"FABsttB Es wurde schlimmer.ÿÿè"
"312";"00:07:26:00";"00:07:27:04";"Es wurde schlimmer."
"313";"00:07:27:07";"00:07:27:07";"FABstud Und jetzt solche Sachen,( ( die"
"314";"00:07:27:07";"00:07:27:07";"FABst*viel Geld kosten: ÿÿ7Þ"
"315";"00:07:27:07";"00:07:30:04";"Und jetzt solche Sachen,

die viel Geld kosten:"
"316";"00:07:30:06";"00:07:30:06";"FABstvN Das können viele nicht stemmen.ÿÿ}ø"
"317";"00:07:30:06";"00:07:32:11";"Das kÈonnen viele nicht stemmen."
"318";"00:07:32:19";"00:07:32:19";"FABstwd Die Regierung muss gerade( ( das HlÊ"
"319";"00:07:32:19";"00:07:32:19";"FABst2eizungsgesetz stemmen.ÿÿ/ôz"
"320";"00:07:32:19";"00:07:36:09";"Die Regierung muss gerade

das Heizungsgesetz stemmen."
"321";"00:07:36:13";"00:07:36:13";"FABstxN Die Ampel-Parteien kündigten an,ÿÿL"
"322";"00:07:36:13";"00:07:38:15";"Die Ampel-Parteien kÈundigten an,"
"323";"00:07:38:16";"00:07:38:16";"FABstydsich nach dem Zank der letzten Wochen( ( J"
"324";"00:07:38:16";"00:07:38:16";"FABst8 rasch zu einigen.ÿÿ)Ñ²"
"325";"00:07:38:16";"00:07:42:10";"sich nach dem Zank der letzten Wochen

rasch zu einigen."
"326";"00:07:42:19";"00:07:42:19";"FABstzd Zu spüren ist davon ( ( am WoÌ""
"327";"00:07:42:19";"00:07:42:19";"FABst$chenende wenig.ÿÿ=<u>V"
"328";"00:07:42:19";"00:07:45:11";"Zu spÈuren ist davon

am Wochenende wenig."
"329";"00:07:45:15";"00:07:45:15";"FABst{d Die Menschen sollen erfahren,( ( worauf s@î"
"330";"00:07:45:15";"00:07:45:15";"FABst:ie sich einstellen müssen.ÿÿ'rú"
"331";"00:07:45:15";"00:07:49:09";"Die Menschen sollen erfahren,

worauf sie sich einstellen mÈussen."
"332";"00:07:49:11";"00:07:49:11";"FABst|P Betonen die Grünen und bemängeln,ÿÿÊ®"
"333";"00:07:49:11";"00:07:51:10";"Betonen die GrÈunen und bemÈangeln,"
"334";"00:07:51:12";"00:07:51:12";"FABst}d dass in der Ampel( ( zu viel w"
"335";"00:07:51:12";"00:07:51:12";"FABst(gestritten werde.ÿÿ9<u>"
"336";"00:07:51:12";"00:07:54:02";"dass in der Ampel

zu viel gestritten werde."
"337";"00:07:54:03";"00:07:54:03";"FABst~D Wir haben ein Gesetz,!Þ"
"338";"00:07:54:03";"00:07:55:09";"Wir haben ein Gesetz,"
"339";"00:07:55:11";"00:07:55:11";"FABstddas wir pragmatischer machen können,( ( ."
"340";"00:07:55:11";"00:07:55:11";"FABst> sozialer machen können.+lr"
"341";"00:07:55:11";"00:07:58:20";"das wir pragmatischer machen kÈonnen,

sozialer machen kÈonnen."
"342";"00:07:58:22";"00:07:58:22";"FABst<i>dDas tun wir in den Verhandlungen( ( ó´"
"343";"00:07:58:22";"00:07:58:22";"FABst( im Bundestag.ÿÿ9¯ð"
"344";"00:07:58:22";"00:08:01:14";"Das tun wir in den Verhandlungen

im Bundestag."
"345";"00:08:01:16";"00:08:01:16";"FABst</i>d Dann tun wir gemeinsam,( ( was wir u@"
"346";"00:08:01:16";"00:08:01:16";"FABst0ns vorgenommen haben,ÿÿ1ÞX"
"347";"00:08:01:16";"00:08:04:21";"Dann tun wir gemeinsam,

was wir uns vorgenommen haben,"
"348";"00:08:04:23";"00:08:04:23";"FABst<u>d nämlich es vor der Sommerpause( ( im Ð"
"349";"00:08:04:23";"00:08:04:23";"FABst2Bundestag beschließen.ÿÿ/l"
"350";"00:08:04:23";"00:08:08:09";"nÈamlich es vor der Sommerpause

im Bundestag beschlieûen."
"351";"00:08:08:11";"00:08:08:11";"FABst</u>dDer FDP-Generalsekretär widerspricht( ( ij"
"352";"00:08:08:11";"00:08:08:11";"FABstBm Bericht aus Berlin und sagt,ÿÿµò"
"353";"00:08:08:11";"00:08:13:05";"Der FDP-GeneralsekretÈar widerspricht

im Bericht aus Berlin und sagt,"
"354";"00:08:13:09";"00:08:13:09";"FABstN dass er sich nicht hetzen lasse.ÿÿ"
"355";"00:08:13:09";"00:08:15:15";"dass er sich nicht hetzen lasse."
"356";"00:08:17:18";"00:08:17:18";"FABstN Ich teile die Auffassung nicht,)°"
"357";"00:08:17:18";"00:08:19:20";"Ich teile die Auffassung nicht,"
"358";"00:08:19:22";"00:08:19:22";"FABstd vor der Sommerpause ( ( diese"
"359";"00:08:19:22";"00:08:19:22";"FABst&Dinge zu machen.Cñ"
"360";"00:08:19:22";"00:08:22:07";"vor der Sommerpause

diese Dinge zu machen."
"361";"00:08:22:09";"00:08:22:09";"FABstd Im Glauben, dass hinterher( ( kein±~"
"362";"00:08:22:09";"00:08:22:09";"FABst.er darüber spricht. ÿÿ3pÒ"
"363";"00:08:22:09";"00:08:25:07";"Im Glauben, dass hinterher

keiner darÈuber spricht."
"364";"00:08:25:09";"00:08:25:09";"FABstd Ein schlechtes Gesetz( ( wird eine ðî"
"365";"00:08:25:09";"00:08:25:09";"FABst4Belastung für das Land.ÿÿ-"
"366";"00:08:25:09";"00:08:28:12";"Ein schlechtes Gesetz

wird eine Belastung fÈur das Land."
"367";"00:08:28:14";"00:08:28:14";"FABstD Wird dieser RegierungÿÿDè"
"368";"00:08:28:14";"00:08:29:23";"Wird dieser Regierung"
"369";"00:08:30:00";"00:08:30:00";"FABst
d bis Ende der Wahlperiode( ( auf¼&"
"370";"00:08:30:00";"00:08:30:00";"FABst( die Füße fallen.ÿÿ9h"
"371";"00:08:30:00";"00:08:32:17";"bis Ende der Wahlperiode

auf die FÈuûe fallen."
"372";"00:08:32:19";"00:08:32:19";"FABstd Auch aus der SPD( ( kommt kein Rü<"
"373";"00:08:32:19";"00:08:32:19";"FABst6ckenwind für die Grünen.ÿÿ+Åæ"
"374";"00:08:32:19";"00:08:35:22";"Auch aus der SPD

kommt kein RÈuckenwind fÈur die GrÈunen."
"375";"00:08:35:24";"00:08:35:24";"FABstd Einzelne Sozialdemokraten( ( machen dï"
"376";"00:08:35:24";"00:08:35:24";"FABst2en Wirtschaftsministerÿÿ/Ô"
"377";"00:08:35:24";"00:08:39:06";"Einzelne Sozialdemokraten

machen den Wirtschaftsminister"
"378";"00:08:39:08";"00:08:39:08";"FABstdfür die Umfragewerte der Regierung ( ( im DE4"
"379";"00:08:39:08";"00:08:39:08";"FABstDeutschlandtrend verantwortlich.ÿÿÂ"
"380";"00:08:39:08";"00:08:43:23";"fÈur die Umfragewerte der Regierung

im Deutschlandtrend verantwortlich."
"381";"00:08:44:02";"00:08:44:02";"FABstdHabeck ist sich bewusst darüber,( ( C¼"
"382";"00:08:44:02";"00:08:44:02";"FABst, dass das Gesetz,=¬ö"
"383";"00:08:44:02";"00:08:47:09";"Habeck ist sich bewusst darÈuber,

dass das Gesetz,"
"384";"00:08:47:10";"00:08:47:10";"FABstd wie er es sich vorgestellt hat,( ( Ö"
"385";"00:08:47:10";"00:08:47:10";"FABst0nicht umsetzbar ist.9³f"
"386";"00:08:47:10";"00:08:50:12";"wie er es sich vorgestellt hat,

nicht umsetzbar ist."
"387";"00:08:50:14";"00:08:50:14";"FABstd Und für viele Bürgerinnen und( ( Bürge\"
"388";"00:08:50:14";"00:08:50:14";"FABst:r, das sagte ich deutlich,ÿÿ'ü¬"
"389";"00:08:50:14";"00:08:54:23";"Und fÈur viele BÈurgerinnen und

BÈurger, das sagte ich deutlich,"
"390";"00:08:56:12";"00:08:56:12";"FABstTWut und Empörung hervorgerufen hat.ÿÿz"
"391";"00:08:56:12";"00:08:59:05";"Wut und EmpÈorung hervorgerufen hat."
"392";"00:09:00:18";"00:09:00:18";"FABstd Für die Opposition ist der Streit( ("
"393";"00:09:00:18";"00:09:00:18";"FABst6ein drastisches Beispielÿÿ+Èz"
"394";"00:09:00:18";"00:09:04:14";"FÈur die Opposition ist der Streit

ein drastisches Beispiel"
"395";"00:09:04:16";"00:09:04:16";"FABstd für das Versagen( ( von Regier|°"
"396";"00:09:04:16";"00:09:04:16";"FABst&ung und Kanzler.ÿÿ;*"
"397";"00:09:04:16";"00:09:07:07";"fÈur das Versagen

von Regierung und Kanzler."
"398";"00:09:07:09";"00:09:07:09";"FABstd Der Generalsekretär der CDU( ( $6"
"399";"00:09:07:09";"00:09:07:09";"FABst*sieht mehr Gründeÿÿ7,¨"
"400";"00:09:07:09";"00:09:10:03";"Der GeneralsekretÈar der CDU

sieht mehr GrÈunde"
"401";"00:09:10:05";"00:09:10:05";"FABstd für politische( ( RadikalisierunW"
"402";"00:09:10:05";"00:09:10:05";"FABst*g in den Umfragen.ÿÿ7ÐÌ"
"403";"00:09:10:05";"00:09:13:06";"fÈur politische

Radikalisierung in den Umfragen."
"404";"00:09:13:08";"00:09:13:08";"FABstd Wir haben keine Antworten ( ( auf d¹d"
"405";"00:09:13:08";"00:09:13:08";"FABst0ie Krankenhausreform,9©"
"406";"00:09:13:08";"00:09:16:13";"Wir haben keine Antworten

auf die Krankenhausreform,"
"407";"00:09:16:15";"00:09:16:15";"FABstd die der Gesundheitsminister( ( î<"
"408";"00:09:16:15";"00:09:16:15";"FABst(umsetzen möchte.Ad"
"409";"00:09:16:15";"00:09:19:11";"die der Gesundheitsminister

umsetzen mÈochte."
"410";"00:09:19:15";"00:09:19:15";"FABstd Die Flüchtlingskrise( ( beschäftþÞ"
"411";"00:09:19:15";"00:09:19:15";"FABst,igt viele Menschen.ÿÿ5æ"
"412";"00:09:19:15";"00:09:22:12";"Die FlÈuchtlingskrise

beschÈaftigt viele Menschen."
"413";"00:09:22:16";"00:09:22:16";"FABstd Das Heizungsgesetz( ( führt Veru\"
"414";"00:09:22:16";"00:09:22:16";"FABst*nsicherung herbei.ÿÿ7ûæ"
"415";"00:09:22:16";"00:09:25:12";"Das Heizungsgesetz

fÈuhrt Verunsicherung herbei."
"416";"00:09:25:14";"00:09:25:14";"FABstdDas führt dazu, dass die Menschen( ( zu d:"
"417";"00:09:25:14";"00:09:25:14";"FABst@en politischen Rändern gehen.ÿÿ!Yn"
"418";"00:09:25:14";"00:09:29:11";"Das fÈuhrt dazu, dass die Menschen

zu den politischen RÈandern gehen."
"419";"00:09:29:13";"00:09:29:13";"FABstd Die Union profitiert nicht( ( von der÷Þ"
"420";"00:09:29:13";"00:09:29:13";"FABst6 Schwäche der Regierung.ÿÿ+zô"
"421";"00:09:29:13";"00:09:33:04";"Die Union profitiert nicht

von der SchwÈache der Regierung."
"422";"00:09:33:08";"00:09:33:08";"FABstd Sie verharrt in den Umfragen( ( auf g´"
"423";"00:09:33:08";"00:09:33:08";"FABst4leichbleibendem Niveau.ÿÿ-¶ò"
"424";"00:09:33:08";"00:09:36:16";"Sie verharrt in den Umfragen

auf gleichbleibendem Niveau."
"425";"00:09:36:18";"00:09:36:18";"FABstd Manche Christdemokraten( ( frag§P"
"426";"00:09:36:18";"00:09:36:18";"FABst,en besorgt, warum. ÿÿ5Ûh"
"427";"00:09:36:18";"00:09:39:21";"Manche Christdemokraten

fragen besorgt, warum."
"428";"00:09:41:15";"00:09:41:15";"FABstd Deutschland fehlen Fachkräfte -( ( b3ø"
"429";"00:09:41:15";"00:09:41:15";"FABst4esonders in der Pflege.ÿÿ-¤p"
"430";"00:09:41:15";"00:09:45:13";"Deutschland fehlen FachkrÈafte -

besonders in der Pflege."
"431";"00:09:46:24";"00:09:46:24";"FABstd Bis 2030 werden in Deutschland( ( 0,5 MÂÞ"
"432";"00:09:46:24";"00:09:46:24";"FABst8io. Pflegekräfte fehlen. ÿÿ)aì"
"433";"00:09:46:24";"00:09:51:07";"Bis 2030 werden in Deutschland

0,5 Mio. PflegekrÈafte fehlen."
"434";"00:09:52:14";"00:09:52:14";"FABst dErsatz soll aus dem Ausland kommen ( ( unß"
"435";"00:09:52:14";"00:09:52:14";"FABstHd helfen, die Lücke zu schließen.ÿÿ<i>"
"436";"00:09:52:14";"00:09:57:07";"Ersatz soll aus dem Ausland kommen

und helfen, die LÈucke zu schlieûen."
"437";"00:09:57:11";"00:09:57:11";"FABst¡d Die Bilanz dieser Anwerbeaktion( ( ¾Ê"
"438";"00:09:57:11";"00:09:57:11";"FABst, ist ernüchternd.ÿÿ5S¢"
"439";"00:09:57:11";"00:10:00:23";"Die Bilanz dieser Anwerbeaktion

ist ernÈuchternd."
"440";"00:10:01:24";"00:10:01:24";"FABst¢d Nur 656 ausländische Pflegekräfte( ( sin"
"441";"00:10:01:24";"00:10:01:24";"FABstHd 2022 nach Deutschland gekommen.ÿÿ¢À"
"442";"00:10:01:24";"00:10:07:02";"Nur 656 auslÈandische PflegekrÈafte

sind 2022 nach Deutschland gekommen."
"443";"00:10:08:15";"00:10:08:15";"FABst£d Wenn sie hier angekommen sind,( ( s¢6"
"444";"00:10:08:15";"00:10:08:15";"FABst0tehen sie vor Hürden.ÿÿ1-Ú"
"445";"00:10:08:15";"00:10:12:07";"Wenn sie hier angekommen sind,

stehen sie vor HÈurden."
"446";"00:10:12:15";"00:10:12:15";"FABst¤dMorgen reisen Arbeitsminister Heil( ( èº"
"447";"00:10:12:15";"00:10:12:15";"FABst>und Außenministerin Baerbockÿÿ#Jl"
"448";"00:10:12:15";"00:10:16:15";"Morgen reisen Arbeitsminister Heil

und Auûenministerin Baerbock"
"449";"00:10:16:16";"00:10:16:16";"FABst¥d nach Brasilien,( ( um dort FachpeÓ"
"450";"00:10:16:16";"00:10:16:16";"FABst*rsonal anzuwerben.ÿÿ7ú¼"
"451";"00:10:16:16";"00:10:19:24";"nach Brasilien,

um dort Fachpersonal anzuwerben."
"452";"00:10:20:10";"00:10:20:10";"FABst¦H Xenia Böttcher berichtet.ÿÿ·ì"
"453";"00:10:20:10";"00:10:22:04";"Xenia BÈottcher berichtet."
"454";"00:10:24:07";"00:10:24:07";"FABst§d Das ist die Postkartenansicht( ( vom Á"
"455";"00:10:24:07";"00:10:24:07";"FABst8Leben in Rio de Janeiro. 1¹N"
"456";"00:10:24:07";"00:10:28:13";"Das ist die Postkartenansicht

vom Leben in Rio de Janeiro."
"457";"00:10:29:20";"00:10:29:20";"FABst¨d Der Alltag, sagt Werner Lourinho,( ( è"
"458";"00:10:29:20";"00:10:29:20";"FABst4ist weniger idyllisch:5¦à"
"459";"00:10:29:20";"00:10:33:06";"Der Alltag, sagt Werner Lourinho,

ist weniger idyllisch:"
"460";"00:10:33:08";"00:10:33:08";"FABst©d Täglich zwei Stunden Fahrt( ( |"
"461";"00:10:33:08";"00:10:33:08";"FABst zur Arbeit.ÿÿAÖL"
"462";"00:10:33:08";"00:10:35:17";"TÈaglich zwei Stunden Fahrt

zur Arbeit."
"463";"00:10:35:19";"00:10:35:19";"FABstªdWeil er als studierter Krankenpfleger( ( ú"
"464";"00:10:35:19";"00:10:35:19";"FABstFnur 500 Euro im Monat verdient,ÿÿ^"
"465";"00:10:35:19";"00:10:39:18";"Weil er als studierter Krankenpfleger

nur 500 Euro im Monat verdient,"
"466";"00:10:39:20";"00:10:39:20";"FABst«J arbeitet er Doppelschichten:ÿÿE¾"
"467";"00:10:39:20";"00:10:41:15";"arbeitet er Doppelschichten:"
"468";"00:10:41:19";"00:10:41:19";"FABst¬F Es reicht zum Überleben.ÿÿª^"
"469";"00:10:41:19";"00:10:43:11";"Es reicht zum ÈUberleben."
"470";"00:10:43:18";"00:10:43:18";"FABst­N Ich arbeite oft sehr erschöpft.­D"
"471";"00:10:43:18";"00:10:46:07";"Ich arbeite oft sehr erschÈopft."
"472";"00:10:48:07";"00:10:48:07";"FABst®d Manchmal schlafe ich nicht,( ( muss daí<"
"473";"00:10:48:07";"00:10:48:07";"FABst:nn in den knallvollen Bus./n"
"474";"00:10:48:07";"00:10:52:10";"Manchmal schlafe ich nicht,

muss dann in den knallvollen Bus."
"475";"00:10:52:14";"00:10:52:14";"FABst¯L Ich bin oft müde und hungrig.ÿÿÇ`"
"476";"00:10:52:14";"00:10:54:17";"Ich bin oft mÈude und hungrig."
"477";"00:10:57:09";"00:10:57:09";"FABst°d Jetzt sei er hellwach,( ( angetriebãv"
"478";"00:10:57:09";"00:10:57:09";"FABst2en von einer Hoffnung.ÿÿ/Â"
"479";"00:10:57:09";"00:11:01:04";"Jetzt sei er hellwach,

angetrieben von einer Hoffnung."
"480";"00:11:01:11";"00:11:01:11";"FABst±d Schon in wenigen Monaten will er( ( in S®î"
"481";"00:11:01:11";"00:11:01:11";"FABst:achsen leben und arbeiten,ÿÿ'ó<"
"482";"00:11:01:11";"00:11:05:03";"Schon in wenigen Monaten will er

in Sachsen leben und arbeiten,"
"483";"00:11:05:05";"00:11:05:05";"FABst²: in Chemnitz.ÿÿ#M"
"484";"00:11:05:05";"00:11:06:05";"in Chemnitz."
"485";"00:11:06:09";"00:11:06:09";"FABst³d Wenn er die Sprachprüfung( ( >"
"486";"00:11:06:09";"00:11:06:09";"FABst&im Juli schafft.ÿÿ;T"
"487";"00:11:06:09";"00:11:09:03";"Wenn er die SprachprÈufung

im Juli schafft."
"488";"00:11:09:07";"00:11:09:07";"FABst´L Heute geht es um Landeskunde:ÿÿB"
"489";"00:11:09:07";"00:11:11:06";"Heute geht es um Landeskunde:"
"490";"00:11:12:23";"00:11:12:23";"FABstµN Erholung und Freizeitaktivität.ÿÿ"
"491";"00:11:12:23";"00:11:15:04";"Erholung und FreizeitaktivitÈat."
"492";"00:11:17:14";"00:11:17:14";"FABst¶N Erholung und Freizeitaktivität.ÿÿ"
"493";"00:11:17:14";"00:11:19:15";"Erholung und FreizeitaktivitÈat."
"494";"00:11:20:21";"00:11:20:21";"FABst·B Leicht ist es nicht.ÿÿ~"
"495";"00:11:20:21";"00:11:22:06";"Leicht ist es nicht."
"496";"00:11:22:10";"00:11:22:10";"FABst¸d Werner wurde, wie alle hier, von( ( einer ¬"
"497";"00:11:22:10";"00:11:22:10";"FABst>deutschen Klinik ausgewählt.ÿÿ#¬"
"498";"00:11:22:10";"00:11:26:08";"Werner wurde, wie alle hier, von

einer deutschen Klinik ausgewÈahlt."
"499";"00:11:26:10";"00:11:26:10";"FABst¹d Die zahlt ihm den Lebensunterhalt( ( in B±z"
"500";"00:11:26:10";"00:11:26:10";"FABst@rasilien und den Sprachkurs. ÿÿ!ä"
"501";"00:11:26:10";"00:11:30:06";"Die zahlt ihm den Lebensunterhalt

in Brasilien und den Sprachkurs."
"502";"00:11:30:10";"00:11:30:10";"FABstºP Die Anerkennung soll rasch gehen.ÿÿ&"
"503";"00:11:30:10";"00:11:33:02";"Die Anerkennung soll rasch gehen."
"504";"00:11:33:04";"00:11:33:04";"FABst»d Deutschland braucht Fachkräfte,( ( um denUø"
"505";"00:11:33:04";"00:11:33:04";"FABst@ Pflegekollaps zu verhindern:ÿÿ!ÑF"
"506";"00:11:33:04";"00:11:37:15";"Deutschland braucht FachkrÈafte,

um den Pflegekollaps zu verhindern:"
"507";"00:11:38:07";"00:11:38:07";"FABst¼D Ja, ich bin aufgeregt.ÿÿ]*"
"508";"00:11:38:07";"00:11:39:23";"Ja, ich bin aufgeregt."
"509";"00:11:41:14";"00:11:41:14";"FABst½N Die brasilianische Gewerkschaftÿÿf´"
"510";"00:11:41:14";"00:11:43:12";"Die brasilianische Gewerkschaft"
"511";"00:11:43:14";"00:11:43:14";"FABst¾d blickt kritisch( ( auf das Anwerì"
"512";"00:11:43:14";"00:11:43:14";"FABst6ben der Bundesregierung.ÿÿ+ä"
"513";"00:11:43:14";"00:11:46:18";"blickt kritisch

auf das Anwerben der Bundesregierung."
"514";"00:11:46:20";"00:11:46:20";"FABst¿dWürden beide Länder ihre Pflegekräfte( ( eà"
"515";"00:11:46:20";"00:11:46:20";"FABst: ordentlich bezahlen,ÿÿ'ç"
"516";"00:11:46:20";"00:11:50:05";"WÈurden beide LÈander ihre PflegekrÈafte

ordentlich bezahlen,"
"517";"00:11:50:07";"00:11:50:07";"FABstÀP hätte Deutschland weniger Bedarf.ÿÿ³È"
"518";"00:11:50:07";"00:11:52:06";"hÈatte Deutschland weniger Bedarf."
"519";"00:11:52:08";"00:11:52:08";"FABstÁd Und Brasilianer( ( müssten ihr Lp"
"520";"00:11:52:08";"00:11:52:08";"FABst.and nicht verlassen.ÿÿ3ªÜ"
"521";"00:11:52:08";"00:11:55:18";"Und Brasilianer

mÈussten ihr Land nicht verlassen."
"522";"00:11:56:00";"00:11:56:00";"FABstÂd Erhielten sie hier ( ( eineÛÊ"
"523";"00:11:56:00";"00:11:56:00";"FABst$n würdigen LohnEJ¬"
"524";"00:11:56:00";"00:11:58:11";"Erhielten sie hier

einen wÈurdigen Lohn"
"525";"00:11:58:13";"00:11:58:13";"FABstÃPund wären nicht total überlastet:R"
"526";"00:11:58:13";"00:12:00:17";"und wÈaren nicht total Èuberlastet:"
"527";"00:12:00:19";"00:12:00:19";"FABstÄTViele blieben lieber in der Heimat,ÿÿ"
"528";"00:12:00:19";"00:12:03:01";"Viele blieben lieber in der Heimat,"
"529";"00:12:03:03";"00:12:03:03";"FABstÅd auch wenn sie weniger verdienen( ( ©"
"530";"00:12:03:03";"00:12:03:03";"FABst0als in Deutschland.ÿÿ1ä@"
"531";"00:12:03:03";"00:12:06:15";"auch wenn sie weniger verdienen

als in Deutschland."
"532";"00:12:09:13";"00:12:09:13";"FABstÆL Werner geht wegen des Geldes.ÿÿgî"
"533";"00:12:09:13";"00:12:11:14";"Werner geht wegen des Geldes."
"534";"00:12:11:18";"00:12:11:18";"FABstÇF 360 weitere Pflegekräfteÿÿ¬\"
"535";"00:12:11:18";"00:12:13:15";"360 weitere PflegekrÈafte"
"536";"00:12:13:17";"00:12:13:17";"FABstÈd bereiten sich auf die Arbeit( ( iz"
"537";"00:12:13:17";"00:12:13:17";"FABst*n Deutschland vor.ÿÿ7®"
"538";"00:12:13:17";"00:12:17:02";"bereiten sich auf die Arbeit

in Deutschland vor."
"539";"00:12:17:13";"00:12:17:13";"FABstÉd Ein Freund arbeitet in Schwerin( ( ¹¶"
"540";"00:12:17:13";"00:12:17:13";"FABst0und was er verdient,ÿÿ1õØ"
"541";"00:12:17:13";"00:12:20:18";"Ein Freund arbeitet in Schwerin

und was er verdient,"
"542";"00:12:20:20";"00:12:20:20";"FABstÊD klingt unfassbar gut.ÿÿdX"
"543";"00:12:20:20";"00:12:22:08";"klingt unfassbar gut."
"544";"00:12:24:03";"00:12:24:03";"FABstËd Anfangs lag sein Gehalt bei( ( 1.200 Eu "
"545";"00:12:24:03";"00:12:24:03";"FABst6ro, er konnte einkaufen,ÿÿ+¿"
"546";"00:12:24:03";"00:12:28:01";"Anfangs lag sein Gehalt bei

1.200 Euro, er konnte einkaufen,"
"547";"00:12:28:04";"00:12:28:04";"FABstÌH reisen, ordentlich Essen.ÿÿ5à"
"548";"00:12:28:04";"00:12:30:01";"reisen, ordentlich Essen."
"549";"00:12:30:05";"00:12:30:05";"FABstÍRJetzt bekommt er mehr - unfassbar.ÿÿ"
"550";"00:12:30:05";"00:12:32:18";"Jetzt bekommt er mehr - unfassbar."
"551";"00:12:34:18";"00:12:34:18";"FABstÎD Aber Probleme gibt es.ÿÿl¼"
"552";"00:12:34:18";"00:12:36:11";"Aber Probleme gibt es."
"553";"00:12:39:09";"00:12:39:09";"FABstÏdDie Sprachbarriere ist da und sorgt( ( a»¼"
"554";"00:12:39:09";"00:12:39:09";"FABstFuf beiden Seiten für Unwohlsein.#_h"
"555";"00:12:39:09";"00:12:43:13";"Die Sprachbarriere ist da und sorgt

auf beiden Seiten fÈur Unwohlsein."
"556";"00:12:43:15";"00:12:43:15";"FABstÐdIch konnte nicht alles verstehen( ( odeº"
"557";"00:12:43:15";"00:12:43:15";"FABst6r mich genau ausdrücken,3zJ"
"558";"00:12:43:15";"00:12:47:01";"Ich konnte nicht alles verstehen

oder mich genau ausdrÈucken,"
"559";"00:12:47:03";"00:12:47:03";"FABstÑd das beeinflusst dein Verhältnis( ( Y"
"560";"00:12:47:03";"00:12:47:03";"FABst, zu den Kollegen.ÿÿ5·@"
"561";"00:12:47:03";"00:12:50:10";"das beeinflusst dein VerhÈaltnis

zu den Kollegen."
"562";"00:12:51:23";"00:12:51:23";"FABstÒd Werner konzentriert sich( ( auÎ"
"563";"00:12:51:23";"00:12:51:23";"FABst$f das Positive.ÿÿ=á:"
"564";"00:12:51:23";"00:12:54:20";"Werner konzentriert sich

auf das Positive."
"565";"00:12:54:24";"00:12:54:24";"FABstÓd Mit 30 Jahren( ( lebt er bei ë"
"566";"00:12:54:24";"00:12:54:24";"FABst"seiner Mutter,ÿÿ?Õ4"
"567";"00:12:54:24";"00:12:57:14";"Mit 30 Jahren

lebt er bei seiner Mutter,"
"568";"00:12:57:16";"00:12:57:16";"FABstÔd vielleicht( ( kann er sie balçÄ"
"569";"00:12:57:16";"00:12:57:16";"FABst$d unterstützen.ÿÿ=Þ"
"570";"00:12:57:16";"00:13:00:04";"vielleicht

kann er sie bald unterstÈutzen."
"571";"00:13:00:08";"00:13:00:08";"FABstÕdSeine Mutter hat gemischte Gefühle,( ( siD$"
"572";"00:13:00:08";"00:13:00:08";"FABst>e wird ihren Sohn vermissen.ÿÿ#"
"573";"00:13:00:08";"00:13:04:19";"Seine Mutter hat gemischte GefÈuhle,

sie wird ihren Sohn vermissen."
"574";"00:13:07:00";"00:13:07:00";"FABstÖB Weitere Nachrichten.ÿÿtº"
"575";"00:13:07:00";"00:13:08:11";"Weitere Nachrichten."
"576";"00:13:09:12";"00:13:09:12";"FABst×dDer chinesische Verteidigungsminister( ( ²B"
"577";"00:13:09:12";"00:13:09:12";"FABstHLi kritisiert die Politik der USAÿÿ½"
"578";"00:13:09:12";"00:13:14:01";"Der chinesische Verteidigungsminister

Li kritisiert die Politik der USA"
"579";"00:13:14:05";"00:13:14:05";"FABstØL im asiatisch-pazifischen Raum.ÿÿM2"
"580";"00:13:14:05";"00:13:16:08";"im asiatisch-pazifischen Raum."
"581";"00:13:17:12";"00:13:17:12";"FABstÙd Bei der Shangri-La-( ( Sicherheitsk¸â"
"582";"00:13:17:12";"00:13:17:12";"FABst.onferenz in Singapurÿÿ3Óv"
"583";"00:13:17:12";"00:13:20:16";"Bei der Shangri-La-

Sicherheitskonferenz in Singapur"
"584";"00:13:20:18";"00:13:20:18";"FABstÚdsagte er, "NATO-ähnliche" Allianzen( ( stüÔ"
"585";"00:13:20:18";"00:13:20:18";"FABstBrzten die Region in Konflikte.ÿÿíZ"
"586";"00:13:20:18";"00:13:25:07";"sagte er, "NATO-Èahnliche" Allianzen

stÈurzten die Region in Konflikte."
"587";"00:13:25:11";"00:13:25:11";"FABstÛdZwischen Taiwan und dem chinesischen( ( F
,"
"588";"00:13:25:11";"00:13:25:11";"FABstDestland gab es eine gefährlicheÿÿU"
"589";"00:13:25:11";"00:13:29:14";"Zwischen Taiwan und dem chinesischen

Festland gab es eine gefÈahrliche"
"590";"00:13:29:18";"00:13:29:18";"FABstÜdAnnäherung zwischen Kriegsschiffen( ( Jü"
"591";"00:13:29:18";"00:13:29:18";"FABst4aus China und den USA.ÿÿ-¬r"
"592";"00:13:29:18";"00:13:33:11";"AnnÈaherung zwischen Kriegsschiffen

aus China und den USA."
"593";"00:13:33:21";"00:13:33:21";"FABstÝdDer deutsche Verteidigungsminister( ( Àê"
"594";"00:13:33:21";"00:13:33:21";"FABst4Pistorius kündigte an,ÿÿ-^"
"595";"00:13:33:21";"00:13:37:05";"Der deutsche Verteidigungsminister

Pistorius kÈundigte an,"
"596";"00:13:37:07";"00:13:37:07";"FABstÞd 2024 zwei deutsche Schiffe( ( in den I¤"
"597";"00:13:37:07";"00:13:37:07";"FABst6ndopazifik zu entsenden.ÿÿ+º~"
"598";"00:13:37:07";"00:13:41:09";"2024 zwei deutsche Schiffe

in den Indopazifik zu entsenden."
"599";"00:13:42:23";"00:13:42:23";"FABstßd Russische Truppen( ( attackieç$"
"600";"00:13:42:23";"00:13:42:23";"FABst(rten einen Vorortÿÿ9ºh"
"601";"00:13:42:23";"00:13:45:20";"Russische Truppen

attackierten einen Vorort"
"602";"00:13:45:24";"00:13:45:24";"FABstàd der ukrainischen Stadt Dnipro( ( Ì"
"603";"00:13:45:24";"00:13:45:24";"FABst& mit Raketen.ÿÿ;Ì"
"604";"00:13:45:24";"00:13:48:20";"der ukrainischen Stadt Dnipro

mit Raketen."
"605";"00:13:49:01";"00:13:49:01";"FABstád Laut Behörden( ( kam ein Mädcheø<i>"
"606";"00:13:49:01";"00:13:49:01";"FABst&n (2) ums Leben.ÿÿ;V"
"607";"00:13:49:01";"00:13:51:23";"Laut BehÈorden

kam ein MÈadchen (2) ums Leben."
"608";"00:13:52:02";"00:13:52:02";"FABstâd 22 Menschen wurden verletzt,( ( unt®"
"609";"00:13:52:02";"00:13:52:02";"FABst0er ihnen fünf Kinder.ÿÿ1<è"
"610";"00:13:52:02";"00:13:55:05";"22 Menschen wurden verletzt,

unter ihnen fÈunf Kinder."
"611";"00:13:55:07";"00:13:55:07";"FABstãd Bei dem Angriff( ( wurden mehrereÚÚ"
"612";"00:13:55:07";"00:13:55:07";"FABst0 Wohnhäuser zerstört.9æÆ"
"613";"00:13:55:07";"00:13:58:14";"Bei dem Angriff

wurden mehrere WohnhÈauser zerstÈort."
"614";"00:13:58:16";"00:13:58:16";"FABstäd Rettungskräfte versuchten,( ( Opfer auN"
"615";"00:13:58:16";"00:13:58:16";"FABst8s den Trümmern zu retten.1s"
"616";"00:13:58:16";"00:14:02:01";"RettungskrÈafte versuchten,

Opfer aus den TrÈummern zu retten."
"617";"00:14:02:03";"00:14:02:03";"FABståd Der ukrainische Präsident Selenskyj( ( bez?<"
"618";"00:14:02:03";"00:14:02:03";"FABstJeichnete Russland als Terrorstaat.ÿÿ¢"
"619";"00:14:02:03";"00:14:06:08";"Der ukrainische PrÈasident Selenskyj

bezeichnete Russland als Terrorstaat."
"620";"00:14:08:15";"00:14:08:15";"FABstædBei einem Brand in einer Flüchtlings-( ( '¤"
"621";"00:14:08:15";"00:14:08:15";"FABstHUnterkunft in Apolda in Thüringenÿÿh>"
"622";"00:14:08:15";"00:14:12:24";"Bei einem Brand in einer FlÈuchtlings-

Unterkunft in Apolda in ThÈuringen"
"623";"00:14:13:01";"00:14:13:01";"FABstç@ starb ein Mensch.ÿÿ{"
"624";"00:14:13:01";"00:14:14:06";"starb ein Mensch."
"625";"00:14:14:19";"00:14:14:19";"FABstèJ Eine Obduktion soll klären,ÿÿ²<"
"626";"00:14:14:19";"00:14:16:12";"Eine Obduktion soll klÈaren,"
"627";"00:14:16:14";"00:14:16:14";"FABstéd ob es sich um einen vermissten( ( Jungen ¢4"
"628";"00:14:16:14";"00:14:16:14";"FABst>(9) aus der Ukraine handelt.ÿÿ#ÃÒ"
"629";"00:14:16:14";"00:14:20:18";"ob es sich um einen vermissten

Jungen (9) aus der Ukraine handelt."
"630";"00:14:20:20";"00:14:20:20";"FABstêVElf weitere Menschen wurden verletzt.ÿÿz"
"631";"00:14:20:20";"00:14:22:24";"Elf weitere Menschen wurden verletzt."
"632";"00:14:23:14";"00:14:23:14";"FABstëd Das Feuer( ( brach gegen 5 Uh÷"
"633";"00:14:23:14";"00:14:23:14";"FABst"r morgens aus.ÿÿ?¤"
"634";"00:14:23:14";"00:14:26:03";"Das Feuer

brach gegen 5 Uhr morgens aus."
"635";"00:14:26:07";"00:14:26:07";"FABstìP Die Brandursache ist noch unklar.ÿÿYª"
"636";"00:14:26:07";"00:14:28:16";"Die Brandursache ist noch unklar."
"637";"00:14:28:20";"00:14:28:20";"FABstíd Etwa 300 Menschen( ( waren doÆ"
"638";"00:14:28:20";"00:14:28:20";"FABst(rt untergebracht.ÿÿ9<i>"
"639";"00:14:28:20";"00:14:31:09";"Etwa 300 Menschen

waren dort untergebracht."
"640";"00:14:33:06";"00:14:33:06";"FABstîd Das Treffen der EU-Innenminister( ( zur¥"
"641";"00:14:33:06";"00:14:33:06";"FABst6 Asylpolitik steht bevorÿÿ+Ä"
"642";"00:14:33:06";"00:14:36:20";"Das Treffen der EU-Innenminister

zur Asylpolitik steht bevor"
"643";"00:14:36:22";"00:14:36:22";"FABstïd und entfachte in Deutschland( ( dù"
"644";"00:14:36:22";"00:14:36:22";"FABst*ie Diskussion neu.ÿÿ7 "
"645";"00:14:36:22";"00:14:39:16";"und entfachte in Deutschland

die Diskussion neu."
"646";"00:14:40:02";"00:14:40:02";"FABstð@ Die EU-Kommissionÿÿì"
"647";"00:14:40:02";"00:14:41:07";"Die EU-Kommission"
"648";"00:14:41:16";"00:14:41:16";"FABstñdschlug Vorprüfungen von Asylanträgen( ( ¾V"
"649";"00:14:41:16";"00:14:41:16";"FABst>an den EU-Außengrenzen vor.ÿÿ#L"
"650";"00:14:41:16";"00:14:45:11";"schlug VorprÈufungen von AsylantrÈagen

an den EU-Auûengrenzen vor."
"651";"00:14:46:10";"00:14:46:10";"FABstòd Regierungspolitiker von SPD( ( und GrünwÜ"
"652";"00:14:46:10";"00:14:46:10";"FABst6en wollen das mittragen,ÿÿ+é¬"
"653";"00:14:46:10";"00:14:50:14";"Regierungspolitiker von SPD

und GrÈunen wollen das mittragen,"
"654";"00:14:50:18";"00:14:50:18";"FABstód verlangen aber Ausnahmen für Kinder( ( undP`"
"655";"00:14:50:18";"00:14:50:18";"FABstJ Jugendliche sowie deren Familien.ÿÿðZ"
"656";"00:14:50:18";"00:14:55:07";"verlangen aber Ausnahmen fÈur Kinder

und Jugendliche sowie deren Familien."
"657";"00:14:55:20";"00:14:55:20";"FABstôH FDP und CDU lehnen das ab.ÿÿL®"
"658";"00:14:55:20";"00:14:57:16";"FDP und CDU lehnen das ab."
"659";"00:14:59:20";"00:14:59:20";"FABstõd Das Zugunglück in Indien,( ( bei dem üb®"
"660";"00:14:59:20";"00:14:59:20";"FABst6er 275 Menschen starben,ÿÿ+Ô"
"661";"00:14:59:20";"00:15:03:18";"Das ZugunglÈuck in Indien,

bei dem Èuber 275 Menschen starben,"
"662";"00:15:03:20";"00:15:03:20";"FABstöd wurde durch einen Signalfehler( ( ¿8"
"663";"00:15:03:20";"00:15:03:20";"FABst$ verursacht.ÿÿ=ÑÞ"
"664";"00:15:03:20";"00:15:06:16";"wurde durch einen Signalfehler

verursacht."
"665";"00:15:08:11";"00:15:08:11";"FABst÷L Der zuständige Minister sagte,ÿÿÊ""
"666";"00:15:08:11";"00:15:10:12";"Der zustÈandige Minister sagte,"
"667";"00:15:10:16";"00:15:10:16";"FABstød einer der Passagierzüge sei auf( ( ein falÄ"
"668";"00:15:10:16";"00:15:10:16";"FABst@lsches Gleis geleitet worden.ÿÿ!Öb"
"669";"00:15:10:16";"00:15:14:18";"einer der PassagierzÈuge sei auf

ein falsches Gleis geleitet worden."
"670";"00:15:14:22";"00:15:14:22";"FABstùd An der Unfallstelle( ( im Buºb"
"671";"00:15:14:22";"00:15:14:22";"FABst&ndesstaat Odishaÿÿ;Ò"
"672";"00:15:14:22";"00:15:17:12";"An der Unfallstelle

im Bundesstaat Odisha"
"673";"00:15:17:16";"00:15:17:16";"FABstúN sind Hunderte Helfer im Einsatz.ÿÿ."
"674";"00:15:17:16";"00:15:19:23";"sind Hunderte Helfer im Einsatz."
"675";"00:15:20:02";"00:15:20:02";"FABstûd Die Aufräumarbeiten sollen( ( bis Mittwfæ"
"676";"00:15:20:02";"00:15:20:02";"FABst8och abgeschlossen werden.ÿÿ)ÈP"
"677";"00:15:20:02";"00:15:23:22";"Die AufrÈaumarbeiten sollen

bis Mittwoch abgeschlossen werden."
"678";"00:15:25:18";"00:15:25:18";"FABstüPüDie Ironman-EM in Hamburg heute.ÿÿ"
"679";"00:15:25:18";"00:15:28:10";"ÈuDie Ironman-EM in Hamburg heute."
"680";"00:15:29:06";"00:15:29:06";"FABstýd Es hätte ein tolles Event( ( werden ®"
"681";"00:15:29:06";"00:15:29:06";"FABst@können für Sportler und Fans.ÿÿ!¨º"
"682";"00:15:29:06";"00:15:33:03";"Es hÈatte ein tolles Event

werden kÈonnen fÈur Sportler und Fans."
"683";"00:15:33:05";"00:15:33:05";"FABstþd Dann kam es auf der Radstrecke( ( zu eÜL"
"684";"00:15:33:05";"00:15:33:05";"FABst6inem tragischen Unglück.ÿÿ+Ú"
"685";"00:15:33:05";"00:15:37:06";"Dann kam es auf der Radstrecke

zu einem tragischen UnglÈuck."
"686";"00:15:37:10";"00:15:37:10";"FABstÿd Ein Motorradfahrer starb bei( ( der K¼B"
"687";"00:15:37:10";"00:15:37:10";"FABstDollision mit einem Triathleten.ÿÿù"
"688";"00:15:37:10";"00:15:41:17";"Ein Motorradfahrer starb bei

der Kollision mit einem Triathleten."
"689";"00:15:41:21";"00:15:41:21";"FABstdTrotzdem lief das Rennen weiter,( ( das 3,"
"690";"00:15:41:21";"00:15:41:21";"FABst:sorgte für Unverständnis. ÿÿ'É"
"691";"00:15:41:21";"00:15:45:20";"Trotzdem lief das Rennen weiter,

das sorgte fÈur UnverstÈandnis."
"692";"00:15:45:24";"00:15:45:24";"FABstd Schon im Vorfeld( ( gab es Krit\N"
"693";"00:15:45:24";"00:15:45:24";"FABst8ik am Sicherheitskonzept.ÿÿ)è("
"694";"00:15:45:24";"00:15:49:17";"Schon im Vorfeld

gab es Kritik am Sicherheitskonzept."
"695";"00:15:50:00";"00:15:50:00";"FABst> Sebastian Rieth.ÿÿÙR"
"696";"00:15:50:00";"00:15:51:08";"Sebastian Rieth."
"697";"00:15:52:12";"00:15:52:12";"FABstd Als Jan Frodeno( ( am Mittag das -4"
"698";"00:15:52:12";"00:15:52:12";"FABst*Ziel erreicht hat,?X"
"699";"00:15:52:12";"00:15:55:16";"Als Jan Frodeno

am Mittag das Ziel erreicht hat,"
"700";"00:15:55:20";"00:15:55:20";"FABstd sind seine Gedanken ( ( nicht"
"701";"00:15:55:20";"00:15:55:20";"FABst&mehr beim Sport.Cè"
"702";"00:15:55:20";"00:15:58:08";"sind seine Gedanken

nicht mehr beim Sport."
"703";"00:15:58:12";"00:15:58:12";"FABstVDer erfolgreichste deutsche Triathletÿÿ"
"704";"00:15:58:12";"00:16:00:17";"Der erfolgreichste deutsche Triathlet"
"705";"00:16:00:19";"00:16:00:19";"FABstd erlebte den tragischen Unfall( ( X"
"706";"00:16:00:19";"00:16:00:19";"FABst.auf der Strecke mit.ÿÿ3Ò"
"707";"00:16:00:19";"00:16:04:01";"erlebte den tragischen Unfall

auf der Strecke mit."
"708";"00:16:04:05";"00:16:04:05";"FABstD Das war so chaotisch.ÿÿý""
"709";"00:16:04:05";"00:16:05:16";"Das war so chaotisch."
"710";"00:16:07:18";"00:16:07:18";"FABst> Es war so krass.ÿÿö<i>"
"711";"00:16:07:18";"00:16:09:02";"Es war so krass."
"712";"00:16:09:22";"00:16:09:22";"FABstd Ich hab gerade gehört, dass( ( der Mot°þ"
"713";"00:16:09:22";"00:16:09:22";"FABst<orradfahrer verstorben ist.ÿÿ%Æ"
"714";"00:16:09:22";"00:16:14:07";"Ich hab gerade gehÈort, dass

der Motorradfahrer verstorben ist."
"715";"00:16:15:01";"00:16:15:01";"FABstN Mehr muss man dazu nicht sagen.ÿÿÆÞ"
"716";"00:16:15:01";"00:16:17:06";"Mehr muss man dazu nicht sagen."
"717";"00:16:17:10";"00:16:17:10";"FABstH Ich war direkt neben dranÿÿé("
"718";"00:16:17:10";"00:16:19:05";"Ich war direkt neben dran"
"719";"00:16:19:14";"00:16:19:14";"FABstd und hab das Fahrrad( ( in tausendI®"
"720";"00:16:19:14";"00:16:19:14";"FABst8 Teile zerspringen sehen.ÿÿ)¡º"
"721";"00:16:19:14";"00:16:23:08";"und hab das Fahrrad

in tausend Teile zerspringen sehen."
"722";"00:16:23:22";"00:16:23:22";"FABstd Die Triathleten befinden sich( ( auf de|°"
"723";"00:16:23:22";"00:16:23:22";"FABstDr Radstrecke im Süden Hamburgs,ÿÿ1n"
"724";"00:16:23:22";"00:16:28:02";"Die Triathleten befinden sich

auf der Radstrecke im SÈuden Hamburgs,"
"725";"00:16:28:06";"00:16:28:06";"FABstL als sich der Unglück ereignet.ÿÿBÖ"
"726";"00:16:28:06";"00:16:30:01";"als sich der UnglÈuck ereignet."
"727";"00:16:30:03";"00:16:30:03";"FABstd Ein Kameramotorrad ( ( begle?t"
"728";"00:16:30:03";"00:16:30:03";"FABst&itet die Profis.ÿÿ;D"
"729";"00:16:30:03";"00:16:32:09";"Ein Kameramotorrad

begleitet die Profis."
"730";"00:16:32:11";"00:16:32:11";"FABstd Es fährt auf der falschen Seite( ( «,"
"731";"00:16:32:11";"00:16:32:11";"FABst( der Fahrbahnÿÿ9·"
"732";"00:16:32:11";"00:16:34:24";"Es fÈahrt auf der falschen Seite

der Fahrbahn"
"733";"00:16:35:02";"00:16:35:02";"FABstd und kollidiert( ( mit einem Ar"
"734";"00:16:35:02";"00:16:35:02";"FABst$mateursportler.ÿÿ=Ñr"
"735";"00:16:35:02";"00:16:37:10";"und kollidiert

mit einem Amateursportler."
"736";"00:16:37:12";"00:16:37:12";"FABstd Der Motorradfahrer( ( erliegt se32"
"737";"00:16:37:12";"00:16:37:12";"FABst*inen Verletzungen,ÿÿ7Á"
"738";"00:16:37:12";"00:16:40:04";"Der Motorradfahrer

erliegt seinen Verletzungen,"
"739";"00:16:40:06";"00:16:40:06";"FABstd sein Fotograf und der Sportler( ( )"
"740";"00:16:40:06";"00:16:40:06";"FABst.sind im Krankenhaus.ÿÿ3"
"741";"00:16:40:06";"00:16:43:07";"sein Fotograf und der Sportler

sind im Krankenhaus."
"742";"00:16:43:12";"00:16:43:12";"FABstd Im Rennen kam es immer wieder( ( zu gu"
"743";"00:16:43:12";"00:16:43:12";"FABst8efährlichen Situationen. ÿÿ)gB"
"744";"00:16:43:12";"00:16:46:23";"Im Rennen kam es immer wieder

zu gefÈahrlichen Situationen."
"745";"00:16:47:00";"00:16:47:00";"FABstd Die Strecke zu eng,( ( die Anzahl de"
"746";"00:16:47:00";"00:16:47:00";"FABst0r Motorräder zu hoch,ÿÿ1?¾"
"747";"00:16:47:00";"00:16:50:10";"Die Strecke zu eng,

die Anzahl der MotorrÈader zu hoch,"
"748";"00:16:50:14";"00:16:50:14";"FABstd so die Kritik u.a. vom dreifachen( ( Iron5ä"
"749";"00:16:50:14";"00:16:50:14";"FABst@man-Weltmeister Jan Frodeno. ÿÿ!$"
"750";"00:16:50:14";"00:16:54:12";"so die Kritik u.a. vom dreifachen

Ironman-Weltmeister Jan Frodeno."
"751";"00:16:57:14";"00:16:57:14";"FABstJ Das war eine völlige Farce.ÿÿ*"
"752";"00:16:57:14";"00:16:59:11";"Das war eine vÈollige Farce."
"753";"00:16:59:15";"00:16:59:15";"FABstRDann noch mit dem Gegenverkehr ...ÿÿ Ø"
"754";"00:16:59:15";"00:17:01:20";"Dann noch mit dem Gegenverkehr ..."
"755";"00:17:03:04";"00:17:03:04";"FABstd Ich hab's nicht gesehen,( ( weil F&"
"756";"00:17:03:04";"00:17:03:04";"FABst,ich den Kopf unten.ÿÿ5¡"
"757";"00:17:03:04";"00:17:06:07";"Ich hab's nicht gesehen,

weil ich den Kopf unten."
"758";"00:17:06:11";"00:17:06:11";"FABstd Es war so eng,( ( da dürfen kein"
"759";"00:17:06:11";"00:17:06:11";"FABst*e Motorräder sein.ÿÿ7¬"
"760";"00:17:06:11";"00:17:09:15";"Es war so eng,

da dÈurfen keine MotorrÈader sein."
"761";"00:17:12:04";"00:17:12:04";"FABstdDer Veranstalter hat sich noch nicht( ( zu hÌ"
"762";"00:17:12:04";"00:17:12:04";"FABstJden Sicherheitsvorwürfen geäußert.ÿÿdl"
"763";"00:17:12:04";"00:17:16:17";"Der Veranstalter hat sich noch nicht

zu den SicherheitsvorwÈurfen geÈauûert."
"764";"00:17:16:21";"00:17:16:21";"FABstd Er setzte das Rennen( ( trotz des t?Ô"
"765";"00:17:16:21";"00:17:16:21";"FABst2ödlichen Unfalls fort.ÿÿ/x"
"766";"00:17:16:21";"00:17:20:09";"Er setzte das Rennen

trotz des tÈodlichen Unfalls fort."
"767";"00:17:20:13";"00:17:20:13";"FABstd Eine Entscheidung, die von Fans( ( und IN"
"768";"00:17:20:13";"00:17:20:13";"FABst<Sportlern kritisiert wird. ÿÿ%¹Ò"
"769";"00:17:20:13";"00:17:24:14";"Eine Entscheidung, die von Fans

und Sportlern kritisiert wird."
"770";"00:17:27:06";"00:17:27:06";"FABstPDie Profis wurden vom Veranstalterÿÿ"
"771";"00:17:27:06";"00:17:29:14";"Die Profis wurden vom Veranstalter"
"772";"00:17:29:16";"00:17:29:16";"FABstd während des Rennens( ( nicht über dG "
"773";"00:17:29:16";"00:17:29:16";"FABst4ie Umstände informiert.ÿÿ-y²"
"774";"00:17:29:16";"00:17:32:20";"wÈahrend des Rennens

nicht Èuber die UmstÈande informiert."
"775";"00:17:32:22";"00:17:32:22";"FABst d Sie hatten keine Chance, den( ( Wettkampc°"
"776";"00:17:32:22";"00:17:32:22";"FABst<f von sich aus abzubrechen.ÿÿ%Ä>"
"777";"00:17:32:22";"00:17:36:19";"Sie hatten keine Chance, den

Wettkampf von sich aus abzubrechen."
"778";"00:17:36:21";"00:17:36:21";"FABst!d Erst kurz vor dem Zieleinlauf( ( {Ö"
"779";"00:17:36:21";"00:17:36:21";"FABst.erfuhren sie davon.ÿÿ3Í"
"780";"00:17:36:21";"00:17:40:02";"Erst kurz vor dem Zieleinlauf

erfuhren sie davon."
"781";"00:17:40:04";"00:17:40:04";"FABst"d Den EM-Titel holte sich( ( der Fran=z"
"782";"00:17:40:04";"00:17:40:04";"FABst.zose Dennis Chevrot.ÿÿ3·î"
"783";"00:17:40:04";"00:17:43:06";"Den EM-Titel holte sich

der Franzose Dennis Chevrot."
"784";"00:17:43:08";"00:17:43:08";"FABst#d Jan Frodeno kam bei einem seiner( ( letzI¨"
"785";"00:17:43:08";"00:17:43:08";"FABst:ten großen Karriere-Rennenÿÿ'z"
"786";"00:17:43:08";"00:17:46:24";"Jan Frodeno kam bei einem seiner

letzten groûen Karriere-Rennen"
"787";"00:17:47:01";"00:17:47:01";"FABst$F auf Platz vier ins Ziel.ÿÿøJ"
"788";"00:17:47:01";"00:17:48:12";"auf Platz vier ins Ziel."
"789";"00:17:48:14";"00:17:48:14";"FABst%d Der Sport spielte da schon längst( ( <u>"
"790";"00:17:48:14";"00:17:48:14";"FABst8nur noch eine Nebenrolle.ÿÿ)¬È"
"791";"00:17:48:14";"00:17:51:23";"Der Sport spielte da schon lÈangst

nur noch eine Nebenrolle."
"792";"00:17:53:08";"00:17:53:08";"FABst&J Wir kommen noch zum Wetter.ÿÿ¼"
"793";"00:17:53:08";"00:17:55:02";"Wir kommen noch zum Wetter."
"794";"00:17:55:06";"00:17:55:06";"FABst'd Karsten, gibt's noch eine Woche( ( u6"
"795";"00:17:55:06";"00:17:55:06";"FABst0voller Sonnenschein?ÿÿ1Ûj"
"796";"00:17:55:06";"00:17:58:12";"Karsten, gibt's noch eine Woche

voller Sonnenschein?"
"797";"00:18:00:06";"00:18:00:06";"FABst(F Nein, nicht wie bisher.`á2"
"798";"00:18:00:06";"00:18:02:09";"Nein, nicht wie bisher."
"799";"00:18:04:02";"00:18:04:02";"FABst)PAb Dienstag haben wir mehr Wolken.`Æ²"
"800";"00:18:04:02";"00:18:07:00";"Ab Dienstag haben wir mehr Wolken."
"801";"00:18:10:18";"00:18:10:18";"FABst*d Wir schauen in den Süden Europas( ( ðf"
"802";"00:18:10:18";"00:18:10:18";"FABst* zum Mittelmeer.`7øl"
"803";"00:18:10:18";"00:18:14:03";"Wir schauen in den SÈuden Europas

zum Mittelmeer."
"804";"00:18:14:07";"00:18:14:07";"FABst+D Deutschland ist oben.ÿÿ«ê"
"805";"00:18:14:07";"00:18:16:05";"Deutschland ist oben."
"806";"00:18:20:21";"00:18:20:21";"FABst,d Diese Wolken hier,( ( das ist Rb"
"807";"00:18:20:21";"00:18:20:21";"FABst(ein kleines Tief.ÿÿ9ý"
"808";"00:18:20:21";"00:18:24:12";"Diese Wolken hier,

das ist ein kleines Tief."
"809";"00:18:25:08";"00:18:25:08";"FABst-H Das Tief zog nach Norden.ÿÿ¸"
"810";"00:18:25:08";"00:18:27:18";"Das Tief zog nach Norden."
"811";"00:18:32:04";"00:18:32:04";"FABst.dDas ist eine Luft, die mit Schauern( ( un6ê"
"812";"00:18:32:04";"00:18:32:04";"FABst@d Gewittern angereichert ist.ÿÿ!Ö\"
"813";"00:18:32:04";"00:18:36:07";"Das ist eine Luft, die mit Schauern

und Gewittern angereichert ist."
"814";"00:18:37:24";"00:18:37:24";"FABst/VAm Dienstag kommt diese Luft hier an.ÿÿ</u>¾"
"815";"00:18:37:24";"00:18:40:13";"Am Dienstag kommt diese Luft hier an."
"816";"00:18:42:15";"00:18:42:15";"FABst0d Das Tief bewegt sich ( ( Richi"
"817";"00:18:42:15";"00:18:42:15";"FABst(tung Westen fort.ÿÿ9ën"
"818";"00:18:42:15";"00:18:45:09";"Das Tief bewegt sich

Richtung Westen fort."
"819";"00:18:45:13";"00:18:45:13";"FABst1D Wir bekommen Schauer.ÿÿ"
"820";"00:18:45:13";"00:18:47:12";"Wir bekommen Schauer."
"821";"00:18:48:20";"00:18:48:20";"FABst2d Der Staat morgen( ( ist meisDb"
"822";"00:18:48:20";"00:18:48:20";"FABst$tens wolkenlos.ÿÿ="
"823";"00:18:48:20";"00:18:52:03";"Der Staat morgen

ist meistens wolkenlos."
"824";"00:18:53:10";"00:18:53:10";"FABst3d Außer in Bayern,( ( da gibt es scêÐ"
"825";"00:18:53:10";"00:18:53:10";"FABst4hon Regen und Gewitter.ÿÿ-x"
"826";"00:18:53:10";"00:18:57:17";"Auûer in Bayern,

da gibt es schon Regen und Gewitter."
"827";"00:19:01:05";"00:19:01:05";"FABst4F Sonst bleibt es sonnig.ÿÿÊT"
"828";"00:19:01:05";"00:19:03:08";"Sonst bleibt es sonnig."
"829";"00:19:03:13";"00:19:03:13";"FABst5> Es wird wärmer.ÿÿ{:"
"830";"00:19:03:13";"00:19:05:02";"Es wird wÈarmer."
"831";"00:19:21:03";"00:19:21:03";"FABst6d Am Dienstag( ( ziehen die Wolke,à"
"832";"00:19:21:03";"00:19:21:03";"FABst&n weiter zu uns.ÿÿ;ïØ"
"833";"00:19:21:03";"00:19:24:17";"Am Dienstag

ziehen die Wolken weiter zu uns."
"834";"00:19:26:04";"00:19:26:04";"FABst7d Am Mittwoch erreichen sie( ( `"
"835";"00:19:26:04";"00:19:26:04";"FABst&auch den Westen.ÿÿ;L"
"836";"00:19:26:04";"00:19:29:04";"Am Mittwoch erreichen sie

auch den Westen."
"837";"00:19:30:14";"00:19:30:14";"FABst8F Drumherum ist es sonnig.ÿÿ<i>:"
"838";"00:19:30:14";"00:19:32:18";"Drumherum ist es sonnig."
"839";"00:19:35:04";"00:19:35:04";"FABst94 Danke.ÿÿ)"
"840";"00:19:35:04";"00:19:36:10";"Danke."
"841";"00:19:38:11";"00:19:38:11";"FABst:H Das waren die tagesthemen.ÿÿ</i>"
"842";"00:19:38:11";"00:19:40:03";"Das waren die tagesthemen."
"843";"00:19:40:05";"00:19:40:05";"FABst;J Hier geht es weiter mit ttt.ÿÿ¬"
"844";"00:19:40:05";"00:19:42:05";"Hier geht es weiter mit ttt."
"845";"00:19:44:00";"00:19:44:00";"FABst<dWir sind morgen wieder für Sie da,( ( e¢"
"846";"00:19:44:00";"00:19:44:00";"FABst@inen schönen Abend - tschüss.ÿÿ!Ôâ"
"847";"00:19:44:00";"00:19:47:24";"Wir sind morgen wieder fÈur Sie da,

einen schÈonen Abend - tschÈuss."
"848";"00:19:48:03";"00:19:48:03";"FABst=6 Tschüss.ÿÿ'"
"849";"00:19:48:03";"00:19:49:05";"TschÈuss."
"850";"00:19:49:07";"00:19:49:07";"FABst>LCopyright Untertitel: NDR 2023ÿÿ¢º"
"851";"00:19:49:07";"00:19:51:08";"Copyright Untertitel: NDR 2023"
